company_number,company_name,year,value,source_url
00102498,BP PLC,2005,15326542620.0,https://www.sec.gov/Archives/edgar/data/313807/000115697306000772/u50124e20vf.htm
00102498,BP PLC,2006,15326542620.0,https://www.sec.gov/Archives/edgar/data/313807/000115697307000346/b848881-20f.htm
00102498,BP PLC,2007,15326542620.0,https://www.sec.gov/Archives/edgar/data/313807/000115697308000263/u54999_20f.htm
00102498,BP PLC,2008,15326542620.0,https://www.sec.gov/Archives/edgar/data/313807/000115697309000125/u06412e20vf.htm
00102498,BP PLC,2009,15326542620.0,https://www.sec.gov/Archives/edgar/data/313807/000095012310021364/u08439e20vf.htm
00102498,BP PLC,2010,15326542620.0,https://www.sec.gov/Archives/edgar/data/313807/000095012311021108/u10175e20vf.htm
04190816,BT GROUP PLC,2016,9940000000.0,
15998687,Barratt Developments,2016,990000000.0,
02280426,Direct Line Insurance Group,2016,1360000000.0,
02122142,Hargreaves Lansdown,2016,470000000.0,
00358949,Morrison Supermarkets,2016,2335535537.0,
00077536,RELX PLC,2016,1080477894.0,
14240638,Royal Mail,2016,1000000000.0,
04191106,GKN,2016,1726103630.0,
03685527,Intu Properties,2016,1355040243.0,
08338604,Mediclinic International,2016,590000000.0,
05134647,Micro Focus International,2016,228706210.0,
00102498,BP PLC,2011,15326542620.0,https://www.sec.gov/Archives/edgar/data/313807/000119312512098223/d267991d20f.htm
00102498,BP PLC,2012,15326542620.0,https://www.sec.gov/Archives/edgar/data/313807/000119312513093347/d441093d20f.htm
SC095000,LLOYDS BANKING GROUP PLC,2004,58838688466.0,https://www.sec.gov/Archives/edgar/data/1160106/000095011705002637/a40046.htm
SC095000,LLOYDS BANKING GROUP PLC,2005,58838688466.0,https://www.sec.gov/Archives/edgar/data/1160106/000095011706002542/a42097.htm
SC095000,LLOYDS BANKING GROUP PLC,2006,58838688466.0,https://www.sec.gov/Archives/edgar/data/1160106/000093041307005063/c48777_20f.htm
SC095000,LLOYDS BANKING GROUP PLC,2007,58838688466.0,https://www.sec.gov/Archives/edgar/data/1160106/000093041308003638/c53788_form-20f.htm
SC095000,LLOYDS BANKING GROUP PLC,2008,58838688466.0,https://www.sec.gov/Archives/edgar/data/1160106/000093041309002523/c57184_20f.htm
SC095000,LLOYDS BANKING GROUP PLC,2009,58838688466.0,https://www.sec.gov/Archives/edgar/data/1160106/000093041310002874/c61230_20f.htm
SC095000,LLOYDS BANKING GROUP PLC,2010,58838688466.0,https://www.sec.gov/Archives/edgar/data/1160106/000093041311003945/c65657_20-f.htm
SC095000,LLOYDS BANKING GROUP PLC,2011,58838688466.0,https://www.sec.gov/Archives/edgar/data/1160106/000093041312001599/c68854_20f.htm
SC095000,LLOYDS BANKING GROUP PLC,2012,58838688466.0,https://www.sec.gov/Archives/edgar/data/1160106/000093041313001836/c72340_20-f.htm
SC095000,LLOYDS BANKING GROUP PLC,2013,58838688466.0,https://www.sec.gov/Archives/edgar/data/1160106/000093041314001093/c76674_20f.htm
SC095000,LLOYDS BANKING GROUP PLC,2014,58838688466.0,https://www.sec.gov/Archives/edgar/data/1160106/000093041315001178/c79666_20f.htm
SC095000,LLOYDS BANKING GROUP PLC,2015,58838688466.0,https://www.sec.gov/Archives/edgar/data/1160106/000093041316005889/c84109_20f.htm
SC095000,LLOYDS BANKING GROUP PLC,2016,58838688466.0,https://www.sec.gov/Archives/edgar/data/1160106/000093041317000981/c87021_20f.htm
SC045551,Royal Bank of Scotland Group,2014,8006203369.0,https://www.sec.gov/Archives/edgar/data/844150/000095010315002570/dp54511_20f.htm
01397169,PRUDENTIAL PLC,2011,2538948421.0,https://www.sec.gov/Archives/edgar/data/1116578/000104746912003665/a2208286z20-f.htm
01397169,PRUDENTIAL PLC,2012,2538948421.0,https://www.sec.gov/Archives/edgar/data/1116578/000104746913004438/a2214090z20-f.htm
01397169,PRUDENTIAL PLC,2013,2538948421.0,https://www.sec.gov/Archives/edgar/data/1116578/000119312514134829/d694650d20f.htm
01397169,PRUDENTIAL PLC,2014,2538948421.0,https://www.sec.gov/Archives/edgar/data/1116578/000119312515112848/d876347d20f.htm
01397169,PRUDENTIAL PLC,2015,2538948421.0,https://www.sec.gov/Archives/edgar/data/1116578/000119312516532984/d10850d20f.htm
01833679,VODAFONE GROUP PLC,2007,23827369509.0,https://www.sec.gov/Archives/edgar/data/839923/000115697307000970/u52625-20f.htm
01833679,VODAFONE GROUP PLC,2008,23827369509.0,https://www.sec.gov/Archives/edgar/data/839923/000095012308006703/u55627e20vf.htm
01833679,VODAFONE GROUP PLC,2009,23827369509.0,https://www.sec.gov/Archives/edgar/data/839923/000095012309010070/u06917e20vf.htm
01833679,VODAFONE GROUP PLC,2010,23827369509.0,https://www.sec.gov/Archives/edgar/data/839923/000095012310055041/u08762e20vf.htm
01833679,VODAFONE GROUP PLC,2011,23827369509.0,https://www.sec.gov/Archives/edgar/data/839923/000095012311059893/u11248e20vf.htm
01833679,VODAFONE GROUP PLC,2012,23827369509.0,https://www.sec.gov/Archives/edgar/data/839923/000119312512256443/d358555d20f.htm
01833679,VODAFONE GROUP PLC,2013,23827369509.0,https://www.sec.gov/Archives/edgar/data/839923/000119312513251392/d528606d20f.htm
01833679,VODAFONE GROUP PLC,2014,23827369509.0,https://www.sec.gov/Archives/edgar/data/839923/000119312514231067/d729015d20f.htm
01833679,VODAFONE GROUP PLC,2016,23827369509.0,https://www.sec.gov/Archives/edgar/data/839923/000110465916126489/a16-10573_120f.htm
01833679,VODAFONE GROUP PLC,2017,23827369509.0,https://www.sec.gov/Archives/edgar/data/839923/000110465917038355/a17-12473_120f.htm
03407696,BRITISH AMERICAN TOBACCO PLC,2007,2175091544.0,https://www.bat.com/content/dam/batcom/global/main-nav/investors-and-reporting/reporting/combined-annual-and-esg-report/previous-annual-reporting/Annual-Report-2007-799-mb.pdf
03407696,BRITISH AMERICAN TOBACCO PLC,2008,2175091544.0,https://www.bat.com/content/dam/batcom/global/main-nav/investors-and-reporting/reporting/combined-annual-and-esg-report/previous-annual-reporting/Annual-Report-2008-624-mb.pdf
03407696,BRITISH AMERICAN TOBACCO PLC,2009,2175091544.0,https://www.bat.com/content/dam/batcom/global/main-nav/investors-and-reporting/reporting/combined-annual-and-esg-report/previous-annual-reporting/Annual-Report-2009-775-mb.pdf
03407696,BRITISH AMERICAN TOBACCO PLC,2011,2175091544.0,https://www.bat.com/content/dam/batcom/global/main-nav/investors-and-reporting/reporting/combined-annual-and-esg-report/previous-annual-reporting/Annual-Report-2011-660-mb.pdf
03407696,BRITISH AMERICAN TOBACCO PLC,2012,2175091544.0,https://www.bat.com/content/dam/batcom/global/main-nav/investors-and-reporting/reporting/combined-annual-and-esg-report/previous-annual-reporting/Annual-Report-2012-43-mb.pdf
03407696,BRITISH AMERICAN TOBACCO PLC,2013,2175091544.0,https://www.bat.com/content/dam/batcom/global/main-nav/investors-and-reporting/reporting/combined-annual-and-esg-report/previous-annual-reporting/Annual-Report-2013-102-mb.pdf
03407696,BRITISH AMERICAN TOBACCO PLC,2014,2175091544.0,https://www.bat.com/content/dam/batcom/global/main-nav/investors-and-reporting/reporting/combined-annual-and-esg-report/previous-annual-reporting/Annual-Report-2014-92-mb.pdf
03407696,BRITISH AMERICAN TOBACCO PLC,2015,2175091544.0,https://www.bat.com/content/dam/batcom/global/main-nav/investors-and-reporting/reporting/combined-annual-and-esg-report/previous-annual-reporting/Annual-Report-2015-95-mb.pdf
03407696,BRITISH AMERICAN TOBACCO PLC,2016,2175091544.0,https://www.bat.com/content/dam/batcom/global/main-nav/investors-and-reporting/reporting/combined-annual-and-esg-report/previous-annual-reporting/Annual-Report-2016-92-mb.pdf
03407696,BRITISH AMERICAN TOBACCO PLC,2017,2175091544.0,https://www.sec.gov/Archives/edgar/data/1303523/000119312518083410/d492188d20f.htm
SC045551,NATWEST GROUP PLC,2020,7959416274.0,
02723534,ASTRAZENECA PLC,2013,1550270564.0,https://www.sec.gov/Archives/edgar/data/901832/000095010314001994/dp44853_20f.htm
02723534,ASTRAZENECA PLC,2014,1550270564.0,https://www.sec.gov/Archives/edgar/data/901832/000095010315001933/dp54209_20f.htm
02723534,ASTRAZENECA PLC,2015,1550270564.0,https://www.sec.gov/Archives/edgar/data/901832/000095010316011733/dp64063_20f.htm
02723534,ASTRAZENECA PLC,2016,1550270564.0,https://www.sec.gov/Archives/edgar/data/901832/000095010317002275/dp73779_20f.htm
02723534,ASTRAZENECA PLC,2017,1550270564.0,https://www.sec.gov/Archives/edgar/data/901832/000110465918015257/a18-6003_120f.htm
04083914,COMPASS GROUP PLC,2014,1697131467.0,https://www.compass-group.com/content/dam/compass-group/corporate/Investors/Annual-reports/Compass_AR_2014.pdf.downloadasset.pdf
00324357,SMITH & NEPHEW PLC,2001,847807321.0,https://www.sec.gov/Archives/edgar/data/845982/000090514802001101/efc2-0465_form20f.txt
00324357,SMITH & NEPHEW PLC,2002,847807321.0,https://www.sec.gov/Archives/edgar/data/845982/000095013103002299/d20f.htm
00324357,SMITH & NEPHEW PLC,2009,847807321.0,https://www.sec.gov/Archives/edgar/data/845982/000119312510068337/d20f.htm
00324357,SMITH & NEPHEW PLC,2010,847807321.0,https://www.sec.gov/Archives/edgar/data/845982/000119312511055004/d20f.htm
00033774,Johnson Matthey,2014,167544129.0,https://matthey.com/documents/161599/164195/AR-2014.pdf/7f2d7bd5-7853-45b5-002b-4dd44c08d4da
00033774,Johnson Matthey,2015,167544129.0,https://matthey.com/documents/161599/164195/AR-2015.pdf/d5c09c2e-6a51-35ee-bc2e-b3913ee527e2
00033774,Johnson Matthey,2017,167544129.0,https://matthey.com/documents/161599/164195/AR-2017.pdf/9b559ab7-4a58-a80d-48ed-f2e9a6633535
00033774,Johnson Matthey,2018,167885349.0,https://matthey.com/documents/161599/164198/2-Governance.pdf/ff839197-6270-eefd-8eea-f91931c81179
SC045551,Royal Bank of Scotland Group,2002,8006203369.0,https://www.sec.gov/Archives/edgar/data/844150/000095010303000746/mar1003_20f.htm
SC045551,Royal Bank of Scotland Group,2003,8006203369.0,https://www.sec.gov/Archives/edgar/data/844150/000095010304000576/mar2504_20f.htm
SC045551,Royal Bank of Scotland Group,2005,8006203369.0,https://www.sec.gov/Archives/edgar/data/844150/000095010306001165/dp02253_20f.htm
SC045551,Royal Bank of Scotland Group,2006,8006203369.0,https://www.sec.gov/Archives/edgar/data/844150/000095010307001017/dp05048_20f.htm
SC045551,Royal Bank of Scotland Group,2007,8006203369.0,https://www.sec.gov/Archives/edgar/data/844150/000095010308001301/dp09147_20f.htm
SC045551,Royal Bank of Scotland Group,2008,8006203369.0,https://www.sec.gov/Archives/edgar/data/844150/000095010309000966/dp12795_20f.htm
SC045551,Royal Bank of Scotland Group,2009,8006203369.0,https://www.sec.gov/Archives/edgar/data/844150/000095010310001203/dp16844_20f.htm
SC045551,Royal Bank of Scotland Group,2010,8006203369.0,https://www.sec.gov/Archives/edgar/data/844150/000095010311001238/dp21779_20f.htm
SC045551,Royal Bank of Scotland Group,2015,8006203369.0,https://www.sec.gov/Archives/edgar/data/844150/000095010316012074/dp64322_20f.htm
SC045551,Royal Bank of Scotland Group,2017,8006203369.0,https://www.sec.gov/Archives/edgar/data/844150/000110465918021202/a18-3556_120f.htm
00719885,RIO TINTO PLC,2010,1254003529.0,https://www.sec.gov/Archives/edgar/data/863064/000095012311025507/u10506e20vf.htm
00719885,RIO TINTO PLC,2011,1254003529.0,https://www.sec.gov/Archives/edgar/data/863064/000119312512118415/d281415d20f.htm
00719885,RIO TINTO PLC,2013,1254003529.0,https://www.sec.gov/Archives/edgar/data/863064/000119312514098467/d686920d20f.htm
00041424,UNILEVER PLC,2017,2451887221.0,https://www.sec.gov/Archives/edgar/data/217410/000119312518062395/d458042d20f.htm
03888792,GlaxoSmithKline,2007,4016529083.0,https://www.sec.gov/Archives/edgar/data/1131399/000115697308000248/u54927_20f.htm
03888792,GlaxoSmithKline,2012,4016529083.0,https://www.sec.gov/Archives/edgar/data/1131399/000119312513098802/d470564d20f.htm
03888792,GlaxoSmithKline,2014,4016529083.0,https://www.sec.gov/Archives/edgar/data/1131399/000119312515070125/d856918d20f.htm
03888792,GlaxoSmithKline,2015,4016529083.0,https://www.sec.gov/Archives/edgar/data/1131399/000119312516510261/d32974d20f.htm
03888792,GlaxoSmithKline,2016,4016529083.0,https://www.sec.gov/Archives/edgar/data/1131399/000119312517087259/d317042d20f.htm
03888792,GlaxoSmithKline,2017,4016529083.0,https://www.sec.gov/Archives/edgar/data/1131399/000119312518086062/d516109d20f.htm
00041424,UNILEVER PLC,2016,2451887221.0,https://www.sec.gov/Archives/edgar/data/217410/000119312517060492/d305877d20f.htm
03888792,GlaxoSmithKline,2013,4016529083.0,https://www.sec.gov/Archives/edgar/data/1131399/000119312514077405/d682829d20f.htm
01397169,PRUDENTIAL PLC,2008,2538948421.0,https://www.sec.gov/Archives/edgar/data/1116578/000104746909005772/a2192548z20-f.htm
01397169,PRUDENTIAL PLC,2009,2538948421.0,https://www.sec.gov/Archives/edgar/data/1116578/000104746910006058/a2199119z20-f.htm
01397169,PRUDENTIAL PLC,2010,2538948421.0,https://www.sec.gov/Archives/edgar/data/1116578/000104746911004929/a2203785z20-f.htm
00617987,HSBC HLDGS PLC,2008,17165933937.0,https://www.sec.gov/Archives/edgar/data/1089113/000115697309000141/u06425-20f.htm
00324357,Scottish & Newcastle Plc,2003,847807321.0,https://www.sec.gov/Archives/edgar/data/845982/000119312504050047/d20f.htm
00324357,Scottish & Newcastle Plc,2004,847807321.0,https://www.sec.gov/Archives/edgar/data/845982/000119312505052156/d20f.htm
00324357,Scottish & Newcastle Plc,2005,847807321.0,https://www.sec.gov/Archives/edgar/data/845982/000119312506050236/d20f.htm
00324357,SMITH & NEPHEW PLC,2006,847807321.0,https://www.sec.gov/Archives/edgar/data/845982/000119312507066772/d20f.htm
00324357,SMITH & NEPHEW PLC,2008,847807321.0,https://www.sec.gov/Archives/edgar/data/845982/000119312509065333/d20f.htm
00324357,SMITH & NEPHEW PLC,2011,847807321.0,https://www.sec.gov/Archives/edgar/data/845982/000119312512091365/d262189d20f.htm
00324357,SMITH & NEPHEW PLC,2012,847807321.0,https://www.sec.gov/Archives/edgar/data/845982/000119312513082636/d472599d20f.htm
00324357,SMITH & NEPHEW PLC,2013,847807321.0,https://www.sec.gov/Archives/edgar/data/845982/000119312514085518/d679377d20f.htm
00324357,SMITH & NEPHEW PLC,2014,847807321.0,https://www.sec.gov/Archives/edgar/data/845982/000119312515077206/d827641d20f.htm
00324357,SMITH & NEPHEW PLC,2015,847807321.0,https://www.sec.gov/Archives/edgar/data/845982/000119312516492258/d52214d20f.htm
00324357,SMITH & NEPHEW PLC,2016,847807321.0,https://www.sec.gov/Archives/edgar/data/845982/000119312517070682/d324972d20f.htm
00324357,SMITH & NEPHEW PLC,2017,847807321.0,https://www.sec.gov/Archives/edgar/data/845982/000155837018001490/snn-20171231x20f.htm
01397169,PRUDENTIAL PLC,2016,2538948421.0,https://www.prudentialplc.com/~/media/Files/P/Prudential-V3/reports/2016/prudential-plc-annual-report-2016.pdf
00041424,UNILEVER PLC,2006,2451887221.0,
01397169,PRUDENTIAL PLC,2017,2538948421.0,https://www.sec.gov/Archives/edgar/data/1116578/000104746918002120/a2234841z20-f.htm
04031152,NATIONAL GRID PLC,2014,4961538207.0,https://www.sec.gov/Archives/edgar/data/1004315/000130901414000240/exhibit2.htm
04031152,NATIONAL GRID PLC,2015,4961538207.0,https://www.sec.gov/Archives/edgar/data/1004315/000119312515214291/d929823d20f.htm;https://www.nationalgrid.com/document/140036/download
01397169,PRUDENTIAL PLC,2007,2538948421.0,https://www.sec.gov/Archives/edgar/data/1116578/000104746908006658/a2185251z20-f.htm;https://www1.hkexnews.hk/listedco/listconews/sehk/2010/0518/02378_807239/E139.pdf
SC095000,LLOYDS BANKING GROUP PLC,2002,58838688466.0,https://www.sec.gov/Archives/edgar/data/1160106/000119163803000884/lloy2003061320f.txt;https://find-and-update.company-information.service.gov.uk/company/SC095000
SC045551,Royal Bank of Scotland Group,2001,8006203369.0,https://www.rbs.co.uk/content/dam/cwf/rbs/group-information/investor-relations/financial-results/2001/20f2001.pdf
SC045551,Royal Bank of Scotland Group,2004,8006203369.0,https://www.sec.gov/Archives/edgar/data/844150/000095010305000516/mar1405_20f.htm;https://investors.natwestgroup.com/~/media/Files/R/RBS-IR-V2/corporate-actions/rights-issue-june-2008/prospectusfinal.pdf
01397169,PRUDENTIAL PLC,2002,2538948421.0,https://www.sec.gov/Archives/edgar/data/1116578/000104746903022104/a2109333z20-f.htm;https://www.prudentialplc.com/en/investors/results-and-reports/all-reports/historical-reports/
02339826,RSA Insurance Group,2013,3681798995.0,https://static.rsagroup.com/rsa/investors/company-performance/annual-reports/rsa-annual-report-2013-final.pdf
02339826,RSA Insurance Group,2014,1015486873.0,https://static.rsagroup.com/rsa/investors/company-performance/annual-reports/rsa-annual-report-and-accounts-2014.pdf
02339826,RSA Insurance Group,2015,1017059842.0,https://static.rsagroup.com/rsa/investors/company-performance/annual-reports/rsa-insurance-group-plc-annual-report-2015c.pdf
03690065,BG Group,2009,3595000000.0,https://www.yumpu.com/en/document/view/12210693/annual-report-and-accounts-2009-bg-group
03690065,BG Group,2010,3606000000.0,https://www.rns-pdf.londonstockexchange.com/rns/9005D_-2011-3-30.pdf
03690065,BG Group,2012,3614135535.0,https://www.shell.com/investors/information-for-shareholders/bg-documents/recommended-cash-and-share-offer-for-bg-group-plc-by-royal-dutch-shell-plc/_jcr_content/root/main/section/simple_90034901/text_970341755.multi.stream/1664200505774/e75d310f5bb616c737f4f34ef3a66f1c65eba624/bg-group-plcs-annual-report-and-audited-accounts-for-the-year-ended-31-december-2012-updt.pdf
03690065,BG Group,2013,3618513746.0,https://www.marketscreener.com/quote/stock/BG-GROUP-4001264/news/BG-Group-plc-Total-Voting-Rights-17742288/
03690065,BG Group,2014,3621000000.0,https://www.shell.com/investors/information-for-shareholders/bg-documents/_jcr_content/root/main/section/link_list_copy/links/item1.stream/1663748571300/7fda6f06a204426235d99edd3a17ce87df3f5815/bg-group-2015-annual-report.pdf
00023307,DIAGEO PLC,1997,2223402464.0,
02339826,RSA Insurance Group,2016,1019140938.0,
02247735,Sky,2016,1719000000.0,
11606773,Standard Life,2016,1970430108.0,
00029846,Wolseley,2016,253019637.0,
04369054,LAND SECURITIES GROUP PLC,2009,744990874.0,
04369054,LAND SECURITIES GROUP PLC,2010,744990874.0,
04369054,LAND SECURITIES GROUP PLC,2011,744990874.0,
04369054,LAND SECURITIES GROUP PLC,2012,744990874.0,
04369054,LAND SECURITIES GROUP PLC,2013,744990874.0,
05393279,RENTOKIL INITIAL PLC,2018,2516239885.0,
05393279,RENTOKIL INITIAL PLC,2019,2516239885.0,
05393279,RENTOKIL INITIAL PLC,2020,2516239885.0,
05393279,RENTOKIL INITIAL PLC,2021,2513139968.0,
06270876,Reckitt & Colman Plc,1995,673444038.0,
06270876,Reckitt & Colman Plc,1994,673444038.0,
06270876,Reckitt & Colman Plc,1993,673444038.0,
06270876,Reckitt & Colman Plc,1992,673444038.0,
03909886,SCHRODERS PLC,2010,1550574398.0,
03909886,SCHRODERS PLC,2011,1550574398.0,
03909886,SCHRODERS PLC,2012,1550574398.0,
02081330,Capita Group,2001,113748942.0,
00596337,SPIRAX GROUP PLC,2024,73703800.0,
04256886,Marks and Spencer Group,2005,2016516805.0,
04256886,Marks and Spencer Group,2006,2016516805.0,
04256886,Marks and Spencer Group,2007,2016516805.0,
04256886,Marks and Spencer Group,2008,2016516805.0,
04256886,Marks and Spencer Group,2009,2016516805.0,
04120344,WHITBREAD PLC,2009,169779094.0,
04120344,WHITBREAD PLC,2010,169779094.0,
04120344,WHITBREAD PLC,2011,169779094.0,
04120344,WHITBREAD PLC,2012,169779094.0,
04120344,WHITBREAD PLC,2013,169779094.0,
04120344,WHITBREAD PLC,2014,169779094.0,
04120344,WHITBREAD PLC,2015,169779094.0,
04120344,WHITBREAD PLC,2016,169779094.0,
04120344,WHITBREAD PLC,2017,169779094.0,
SC045551,NATWEST GROUP PLC,2021,8067040256.0,
SC045551,NATWEST GROUP PLC,2022,8067040256.0,
SC045551,NATWEST GROUP PLC,2023,8067040256.0,
00029423,Whitbread,2007,169779094.0,
00029423,Whitbread,2008,169779094.0,
00041424,UNILEVER PLC,2007,2451887221.0,https://www.sec.gov/Archives/edgar/data/217410/000115697308000355/u55078_20f.htm
00445790,TESCO PLC,2011,6422021450.0,
00445790,TESCO PLC,2012,6422021450.0,
00445790,TESCO PLC,2013,6422021450.0,
00445790,TESCO PLC,2014,6422021450.0,
00445790,TESCO PLC,2018,6256138041.0,
00445790,TESCO PLC,2019,6256138041.0,
00445790,TESCO PLC,2020,6256138041.0,
00445790,TESCO PLC,2021,6691339776.0,
00445790,TESCO PLC,2022,6691339776.0,
00445790,TESCO PLC,2023,6691339776.0,
00445790,TESCO PLC,2024,6691339776.0,
00012901,F&C INVESTMENT TRUST PLC,2022,482017984.0,
00012901,F&C INVESTMENT TRUST PLC,2023,482017984.0,
00012901,F&C INVESTMENT TRUST PLC,2024,482017984.0,
05562053,Drax Group,2006,341899428.0,
05562053,Drax Group,2008,341899428.0,
02081330,Capita Group,2007,113748942.0,
00041424,UNILEVER PLC,1988,2451887221.0,
00041424,UNILEVER PLC,1989,2451887221.0,
00041424,UNILEVER PLC,1990,2451887221.0,
00041424,UNILEVER PLC,1991,2451887221.0,
00041424,UNILEVER PLC,1992,2451887221.0,
00041424,UNILEVER PLC,1993,2451887221.0,
00041424,UNILEVER PLC,1994,2451887221.0,
00041424,UNILEVER PLC,1995,2451887221.0,
00041424,UNILEVER PLC,1996,2451887221.0,
00041424,UNILEVER PLC,1997,2451887221.0,
00041424,UNILEVER PLC,1998,2451887221.0,
00041424,UNILEVER PLC,1999,2451887221.0,
00041424,UNILEVER PLC,2000,2451887221.0,
00041424,UNILEVER PLC,2001,2451887221.0,
00041424,UNILEVER PLC,2002,2451887221.0,
00041424,UNILEVER PLC,2003,2451887221.0,
00041424,UNILEVER PLC,2004,2451887221.0,
00041424,UNILEVER PLC,2005,2451887221.0,
00041424,UNILEVER PLC,2018,2153438602.0,
00035161,NEXT PLC,2018,114152051.0,
00035161,NEXT PLC,2019,114152051.0,
00035161,NEXT PLC,2020,114152051.0,
00035161,NEXT PLC,2021,116697000.0,
00035161,NEXT PLC,2022,116697000.0,
00035161,NEXT PLC,2023,116697000.0,
00035161,NEXT PLC,2024,116697000.0,
03407696,BRITISH AMERICAN TOBACCO PLC,2002,2175091544.0,
03407696,BRITISH AMERICAN TOBACCO PLC,2003,2175091544.0,
03407696,BRITISH AMERICAN TOBACCO PLC,2004,2175091544.0,
03407696,BRITISH AMERICAN TOBACCO PLC,2005,2175091544.0,
03407696,BRITISH AMERICAN TOBACCO PLC,2006,2175091544.0,
03407696,BRITISH AMERICAN TOBACCO PLC,2010,2175091544.0,
02081330,Capita Group,2012,113748942.0,
04190816,BT GROUP PLC,2021,9784680448.0,
04190816,BT GROUP PLC,2022,9784680448.0,
04190816,BT GROUP PLC,2023,9784680448.0,
04190816,BT GROUP PLC,2024,9784680448.0,
14072248,Carnival,2017,145607591.0,
14072248,Carnival,2016,145607591.0,
14072248,Carnival,2015,145607591.0,
14072248,Carnival,2014,145607591.0,
14072248,Carnival,2013,145607591.0,
14072248,Carnival,2012,145607591.0,
14072248,Carnival,2011,145607591.0,
14072248,Carnival,2010,145607591.0,
14072248,Carnival,2009,145607591.0,
14072248,Carnival,2008,145607591.0,
14072248,Carnival,2007,145607591.0,
14072248,Carnival,2006,145607591.0,
14072248,Carnival,2005,145607591.0,
14072248,Carnival,2004,145607591.0,
14072248,Carnival,2003,145607591.0,
04083914,COMPASS GROUP PLC,2015,1697131467.0,
04083914,COMPASS GROUP PLC,2016,1697131467.0,
04083914,COMPASS GROUP PLC,2017,1697131467.0,
04083914,COMPASS GROUP PLC,2018,1700312938.0,
04083914,COMPASS GROUP PLC,2019,1700312938.0,
04083914,COMPASS GROUP PLC,2020,1700312938.0,
04083914,COMPASS GROUP PLC,2021,1697129984.0,
04083914,COMPASS GROUP PLC,2022,1697129984.0,
04083914,COMPASS GROUP PLC,2023,1697129984.0,
04083914,COMPASS GROUP PLC,2024,1697129984.0,
04083914,COMPASS GROUP PLC,2005,1697131467.0,
04083914,COMPASS GROUP PLC,2006,1697131467.0,
04083914,COMPASS GROUP PLC,2007,1697131467.0,
FC037925,ENTAIN PLC,2022,639537984.0,
FC037925,ENTAIN PLC,2023,639537984.0,
FC037925,ENTAIN PLC,2024,639537984.0,
03407696,BRITISH AMERICAN TOBACCO PLC,1999,2175091544.0,
03407696,BRITISH AMERICAN TOBACCO PLC,2000,2175091544.0,
03888792,GlaxoSmithKline,2018,4006640349.0,
03888792,GlaxoSmithKline,2019,4006640349.0,
03888792,GlaxoSmithKline,2020,4006640349.0,
03888792,GlaxoSmithKline,2021,4052630016.0,
00102498,The British Petroleum Company PLC,1989,15326542620.0,
03888792,GlaxoSmithKline,2001,4016529083.0,
03888792,GlaxoSmithKline,2002,4016529083.0,
03888792,GlaxoSmithKline,2003,4016529083.0,
03888792,GlaxoSmithKline,2004,4016529083.0,
03888792,GlaxoSmithKline,2005,4016529083.0,
03888792,GlaxoSmithKline,2006,4016529083.0,
14840880,Intermediate Capital Grup,2021,290636992.0,
14840880,Intermediate Capital Grup,2020,280931959.0,
14840880,INTERMEDIATE CAPITAL GROUP PLC,2024,290636992.0,
14840880,INTERMEDIATE CAPITAL GROUP PLC,2023,290636992.0,
04369054,LAND SECURITIES GROUP PLC,2018,745044653.0,
04369054,LAND SECURITIES GROUP PLC,2019,745044653.0,
04369054,LAND SECURITIES GROUP PLC,2020,745044653.0,
04369054,LAND SECURITIES GROUP PLC,2021,744942976.0,
04369054,LAND SECURITIES GROUP PLC,2022,744942976.0,
04369054,LAND SECURITIES GROUP PLC,2023,744942976.0,
04369054,LAND SECURITIES GROUP PLC,2024,744942976.0,
00102498,The British Petroleum Company PLC,1991,15326542620.0,
SC095000,LLOYDS BANKING GROUP PLC,2024,60021698560.0,
00551412,Land Securities,1988,744990874.0,
00551412,Land Securities,1989,744990874.0,
00551412,Land Securities,1990,744990874.0,
00551412,Land Securities,1991,744990874.0,
00551412,Land Securities,1992,744990874.0,
00551412,Land Securities,1993,744990874.0,
00551412,Land Securities,1994,744990874.0,
00551412,Land Securities,1995,744990874.0,
00551412,Land Securities,1996,744990874.0,
00551412,Land Securities,1997,744990874.0,
00551412,Land Securities,1998,744990874.0,
00551412,Land Securities,1999,744990874.0,
00233112,B.A.T. Industries Plc,1995,2175091544.0,
00233112,B.A.T. Industries Plc,1996,2175091544.0,
00233112,B.A.T. Industries Plc,1997,2175091544.0,
SC095000,LLOYDS BANKING GROUP PLC,2019,58186488702.0,
SC095000,LLOYDS BANKING GROUP PLC,2018,58186488702.0,
SC095000,LLOYDS BANKING GROUP PLC,2017,58838688466.0,
SC095000,LLOYDS BANKING GROUP PLC,2003,58838688466.0,
SC095000,LLOYDS BANKING GROUP PLC,2001,58838688466.0,
SC095000,LLOYDS BANKING GROUP PLC,2000,58838688466.0,
SC095000,LLOYDS BANKING GROUP PLC,1999,58838688466.0,
04031152,NATIONAL GRID PLC,2023,4897120256.0,
04031152,NATIONAL GRID PLC,2022,4897120256.0,
04031152,NATIONAL GRID PLC,2021,4897120256.0,
04031152,NATIONAL GRID PLC,2020,4975710614.0,
03407696,BRITISH AMERICAN TOBACCO PLC,2018,2159777821.0,
04031152,NATIONAL GRID PLC,2019,4975710614.0,
04031152,NATIONAL GRID PLC,2018,4975710614.0,
04031152,NATIONAL GRID PLC,2017,4961538207.0,
04031152,NATIONAL GRID PLC,2016,4961538207.0,
04031152,NATIONAL GRID PLC,2013,4961538207.0,
04031152,NATIONAL GRID PLC,2012,4961538207.0,
04031152,NATIONAL GRID PLC,2011,4961538207.0,
04031152,NATIONAL GRID PLC,2010,4961538207.0,
04031152,NATIONAL GRID PLC,2009,4961538207.0,
04031152,NATIONAL GRID PLC,2008,4961538207.0,
04031152,NATIONAL GRID PLC,2007,4961538207.0,
04031152,NATIONAL GRID PLC,2006,4961538207.0,
04031152,NATIONAL GRID PLC,2005,4961538207.0,
04031152,NATIONAL GRID PLC,2004,4961538207.0,
03407696,BRITISH AMERICAN TOBACCO PLC,2024,2193959936.0,
04083914,COMPASS GROUP PLC,2011,1697131467.0,
03140769,The Rank Group,1996,468429541.0,
04083914,COMPASS GROUP PLC,2012,1697131467.0,
04083914,COMPASS GROUP PLC,2013,1697131467.0,
04369054,LAND SECURITIES GROUP PLC,2002,744990874.0,
04369054,LAND SECURITIES GROUP PLC,2003,744990874.0,
SC045551,Royal Bank of Scotland Group,1997,8006203369.0,
SC045551,Royal Bank of Scotland Group,1998,8006203369.0,
SC045551,Royal Bank of Scotland Group,1999,8006203369.0,
SC045551,Royal Bank of Scotland Group,2000,8006203369.0,
03528619,North West Water,1995,681888418.0,
03528619,North West Water,1994,681888418.0,
03528619,North West Water,1993,681888418.0,
03528619,North West Water,1992,681888418.0,
03528619,North West Water,1991,681888418.0,
03528619,North West Water,1990,681888418.0,
00035161,NEXT PLC,2001,116197963.0,
00035161,NEXT PLC,2002,116197963.0,
00035161,NEXT PLC,2003,116197963.0,
00035161,NEXT PLC,2004,116197963.0,
00035161,NEXT PLC,2005,116197963.0,
00035161,NEXT PLC,2006,116197963.0,
00035161,NEXT PLC,2007,116197963.0,
00035161,NEXT PLC,2008,116197963.0,
04369054,LAND SECURITIES GROUP PLC,2014,744990874.0,
03140769,The Rank Group,1997,468429541.0,
04369054,LAND SECURITIES GROUP PLC,2015,744990874.0,
04369054,LAND SECURITIES GROUP PLC,2016,744990874.0,
04369054,LAND SECURITIES GROUP PLC,2017,744990874.0,
04256886,Marks and Spencer Group,2002,2016516805.0,
06270876,RECKITT BENCKISER GROUP PLC,2024,681865984.0,
06270876,RECKITT BENCKISER GROUP PLC,2023,681865984.0,
06270876,RECKITT BENCKISER GROUP PLC,2022,681865984.0,
06270876,RECKITT BENCKISER GROUP PLC,2021,681865984.0,
06270876,RECKITT BENCKISER GROUP PLC,2020,635048837.0,
06270876,RECKITT BENCKISER GROUP PLC,2019,635048837.0,
06270876,RECKITT BENCKISER GROUP PLC,2018,635048837.0,
06270876,RECKITT BENCKISER GROUP PLC,2017,673444038.0,
06270876,RECKITT BENCKISER GROUP PLC,2015,673444038.0,
06270876,RECKITT BENCKISER GROUP PLC,2014,673444038.0,
06270876,RECKITT BENCKISER GROUP PLC,2013,673444038.0,
06270876,RECKITT BENCKISER GROUP PLC,2012,673444038.0,
06270876,RECKITT BENCKISER GROUP PLC,2011,673444038.0,
06270876,RECKITT BENCKISER GROUP PLC,2010,673444038.0,
06270876,RECKITT BENCKISER GROUP PLC,2009,673444038.0,
06270876,RECKITT BENCKISER GROUP PLC,2008,673444038.0,
06270876,RECKITT BENCKISER GROUP PLC,2007,673444038.0,
06270876,RECKITT BENCKISER GROUP PLC,2006,673444038.0,
06270876,RECKITT BENCKISER GROUP PLC,2005,673444038.0,
06270876,RECKITT BENCKISER GROUP PLC,2004,673444038.0,
06270876,RECKITT BENCKISER GROUP PLC,2003,673444038.0,
06270876,RECKITT BENCKISER GROUP PLC,2002,673444038.0,
06270876,RECKITT BENCKISER GROUP PLC,2001,673444038.0,
06270876,RECKITT BENCKISER GROUP PLC,2000,673444038.0,
06270876,RECKITT BENCKISER GROUP PLC,1999,673444038.0,
06270876,Reckitt & Colman Plc,1998,673444038.0,
06270876,Reckitt & Colman Plc,1997,673444038.0,
06270876,Reckitt & Colman Plc,1996,673444038.0,
04256886,Marks and Spencer Group,2003,2016516805.0,
00102498,The British Petroleum Company PLC,1997,15326542620.0,
06270876,Reckitt & Colman Plc,1991,673444038.0,
06270876,Reckitt & Colman Plc,1990,673444038.0,
06270876,Reckitt & Colman Plc,1989,673444038.0,
06270876,Reckitt & Colman Plc,1988,673444038.0,
05393279,RENTOKIL INITIAL PLC,2022,2513139968.0,
05393279,RENTOKIL INITIAL PLC,2023,2513139968.0,
00218107,Rentokil,1991,2514639885.0,
00218107,Rentokil,1992,2514639885.0,
00218107,Rentokil,1993,2514639885.0,
00218107,Rentokil,1994,2514639885.0,
00218107,Rentokil,1995,2514639885.0,
00218107,Rentokil,1996,2514639885.0,
00218107,Rentokil,1997,2514639885.0,
00218107,Rentokil,1998,2514639885.0,
03909886,SCHRODERS PLC,2022,1550569984.0,
03909886,SCHRODERS PLC,2023,1550569984.0,
03909886,SCHRODERS PLC,2024,1550569984.0,
03909886,Schroders,2005,1550574398.0,
03909886,Schroders,2004,1550574398.0,
03909886,Schroders,2003,1550574398.0,
03909886,Schroders,2002,1550574398.0,
03909886,Schroders,1993,1550574398.0,
04256886,Marks and Spencer Group,2004,2016516805.0,
03909886,SCHRODERS PLC,2013,1550574398.0,
03909886,SCHRODERS PLC,2014,1550574398.0,
13246881,Segro,2009,1352695326.0,
13246881,SEGRO PLC,2024,1353379968.0,
13246881,SEGRO PLC,2023,1353379968.0,
13246881,SEGRO PLC,2022,1353379968.0,
13246881,SEGRO PLC,2021,1353379968.0,
13246881,SEGRO PLC,2020,1352812069.0,
13246881,SEGRO PLC,2019,1352812069.0,
13246881,SEGRO PLC,2018,1352812069.0,
13246881,SEGRO PLC,2017,1352695326.0,
03909886,SCHRODERS PLC,2015,1550574398.0,
03909886,SCHRODERS PLC,2016,1550574398.0,
15436803,Spirax-Sarco Engineering,2023,73703800.0,
15436803,Spirax-Sarco Engineering,2022,73703800.0,
15436803,Spirax-Sarco Engineering,2021,73703800.0,
04256886,Marks and Spencer Group,2010,2016516805.0,
15436803,Spirax-Sarco Engineering,2020,73795881.0,
15436803,Spirax-Sarco Engineering,2019,73795881.0,
15436803,Spirax-Sarco Engineering,2018,73795881.0,
11775757,Sports Direct International,2015,432929122.0,
11775757,Sports Direct International,2014,432929122.0,
11775757,Sports Direct International,2013,432929122.0,
05393279,RENTOKIL INITIAL PLC,2017,2514639885.0,
00214436,Marks and Spencer,1989,2016516805.0,
00214436,Marks and Spencer,1990,2016516805.0,
00214436,Marks and Spencer,1991,2016516805.0,
00214436,Marks and Spencer,1992,2016516805.0,
00214436,Marks and Spencer,1993,2016516805.0,
00214436,Marks and Spencer,1994,2016516805.0,
00214436,Marks and Spencer,1995,2016516805.0,
04120344,WHITBREAD PLC,2019,167141535.0,
04120344,WHITBREAD PLC,2020,167141535.0,
04120344,WHITBREAD PLC,2021,175812000.0,
04120344,WHITBREAD PLC,2022,175812000.0,
04120344,WHITBREAD PLC,2023,175812000.0,
04120344,WHITBREAD PLC,2024,175812000.0,
00214436,Marks and Spencer,1996,2016516805.0,
00214436,Marks and Spencer,1997,2016516805.0,
00214436,Marks and Spencer,1998,2016516805.0,
00214436,Marks and Spencer,1999,2016516805.0,
00214436,Marks and Spencer,2000,2016516805.0,
00214436,Marks and Spencer,2001,2016516805.0,
SC045551,NATWEST GROUP PLC,2024,8067040256.0,
16133984,Abrdn,2021,1786780032.0,
16133984,Standard Life Aberdeen,2020,1789146261.0,
16133984,Standard Life Aberdeen,2019,1789146261.0,
16133984,Standard Life Aberdeen,2018,1789146261.0,
16133984,Standard Life Aberdeen,2017,1788222779.0,
02081330,Capita Group,2005,113748942.0,
00604574,BARRATT REDROW PLC,2024,1431410048.0,
00218107,Rentokil,1999,2514639885.0,
00218107,Rentokil,2000,2514639885.0,
00218107,Rentokil,2001,2514639885.0,
00218107,Rentokil,2002,2514639885.0,
15998687,Barratt Developments,2023,1431410048.0,
15998687,Barratt Developments,2022,1431410048.0,
15998687,Barratt Developments,2021,1431410048.0,
00218107,Rentokil,2003,2514639885.0,
00218107,Rentokil,2004,2514639885.0,
00218107,Rentokil,2005,2514639885.0,
00029423,Whitbread,1988,169779094.0,
00029423,Whitbread,1989,169779094.0,
00029423,Whitbread,1990,169779094.0,
00029423,Whitbread,1991,169779094.0,
00029423,Whitbread,1992,169779094.0,
00029423,Whitbread,1993,169779094.0,
00029423,Whitbread,1994,169779094.0,
00029423,Whitbread,1995,169779094.0,
00029423,Whitbread,1996,169779094.0,
00029423,Whitbread,1997,169779094.0,
00929027,National Westminster Bank,1988,8006203369.0,
00929027,National Westminster Bank,1989,8006203369.0,
00929027,National Westminster Bank,1990,8006203369.0,
00929027,National Westminster Bank,1991,8006203369.0,
00929027,National Westminster Bank,1994,8006203369.0,
00929027,National Westminster Bank,1996,8006203369.0,
00929027,National Westminster Bank,1997,8006203369.0,
00929027,National Westminster Bank,1998,8006203369.0,
00929027,National Westminster Bank,1999,8006203369.0,
SC045551,Royal Bank of Scotland Group,1988,8006203369.0,
SC045551,Royal Bank of Scotland Group,1989,8006203369.0,
SC045551,Royal Bank of Scotland Group,1990,8006203369.0,
SC045551,Royal Bank of Scotland Group,1991,8006203369.0,
SC045551,Royal Bank of Scotland Group,1992,8006203369.0,
SC045551,Royal Bank of Scotland Group,1993,8006203369.0,
SC045551,Royal Bank of Scotland Group,1994,8006203369.0,
SC045551,Royal Bank of Scotland Group,1995,8006203369.0,
SC045551,Royal Bank of Scotland Group,1996,8006203369.0,
SC045551,Royal Bank of Scotland Group,2011,8006203369.0,
SC045551,Royal Bank of Scotland Group,2012,8006203369.0,
SC045551,Royal Bank of Scotland Group,2013,8006203369.0,
SC045551,Royal Bank of Scotland Group,2016,8006203369.0,
SC045551,Royal Bank of Scotland Group,2018,7959416274.0,
SC045551,Royal Bank of Scotland Group,2019,7959416274.0,
00102498,The British Petroleum Company PLC,1995,15326542620.0,
00102498,The British Petroleum Company PLC,1996,15326542620.0,
00076535,Tate & Lyle,1991,441684581.0,
00076535,Tate & Lyle,1995,441684581.0,
00076535,Tate & Lyle,1996,441684581.0,
00076535,Tate & Lyle,2004,441684581.0,
00076535,Tate & Lyle,2005,441684581.0,
00076535,Tate & Lyle,2006,441684581.0,
00076535,Tate & Lyle,2008,441684581.0,
00076535,Tate & Lyle,2011,441684581.0,
00076535,Tate & Lyle,2012,441684581.0,
00076535,Tate & Lyle,2013,441684581.0,
00035161,Next,1988,116197963.0,
00035161,Next,1996,116197963.0,
00035161,Next,1997,116197963.0,
00035161,NEXT PLC,2009,116197963.0,
00035161,NEXT PLC,2010,116197963.0,
00035161,NEXT PLC,2011,116197963.0,
00035161,NEXT PLC,2012,116197963.0,
00035161,NEXT PLC,2013,116197963.0,
00035161,NEXT PLC,2014,116197963.0,
00035161,NEXT PLC,2015,116197963.0,
00035161,NEXT PLC,2016,116197963.0,
02081330,Capita Group,2014,113748942.0,
05172586,Berkeley Group Holdings,2015,95670848.0,
02081330,Capita Group,2016,113748942.0,
05172586,BERKELEY GROUP HOLDINGS (THE) PLC,2017,95670848.0,
05172586,BERKELEY GROUP HOLDINGS (THE) PLC,2018,92206631.0,
05172586,BERKELEY GROUP HOLDINGS (THE) PLC,2019,92206631.0,
05172586,BERKELEY GROUP HOLDINGS (THE) PLC,2021,99295296.0,
05172586,BERKELEY GROUP HOLDINGS (THE) PLC,2022,99295296.0,
03199160,UNITE GROUP PLC,2022,488588992.0,
05172586,BERKELEY GROUP HOLDINGS (THE) PLC,2023,99295296.0,
03199160,UNITE GROUP PLC,2023,488588992.0,
05172586,BERKELEY GROUP HOLDINGS (THE) PLC,2024,99295296.0,
05393279,Rentokil Initial,2007,2514639885.0,
00053723,PEARSON PLC,1996,636393445.0,
00053723,PEARSON PLC,1997,636393445.0,
00053723,PEARSON PLC,1998,636393445.0,
04267576,INTERTEK GROUP PLC,2017,153996854.0,
04267576,INTERTEK GROUP PLC,2018,153496203.0,
04267576,INTERTEK GROUP PLC,2019,153496203.0,
04267576,INTERTEK GROUP PLC,2020,153496203.0,
04267576,INTERTEK GROUP PLC,2021,159711008.0,
04267576,INTERTEK GROUP PLC,2022,159711008.0,
04267576,INTERTEK GROUP PLC,2023,159711008.0,
04267576,INTERTEK GROUP PLC,2024,159711008.0,
10361298,CONVATEC GROUP PLC,2022,2044339968.0,
10361298,CONVATEC GROUP PLC,2023,2044339968.0,
10361298,CONVATEC GROUP PLC,2024,2044339968.0,
00206132,CRODA INTERNATIONAL PLC,2016,139590808.0,
00206132,CRODA INTERNATIONAL PLC,2017,139590808.0,
00206132,CRODA INTERNATIONAL PLC,2018,139354139.0,
00206132,CRODA INTERNATIONAL PLC,2019,139354139.0,
00206132,CRODA INTERNATIONAL PLC,2020,139354139.0,
00206132,CRODA INTERNATIONAL PLC,2021,139591008.0,
00206132,CRODA INTERNATIONAL PLC,2022,139591008.0,
00206132,CRODA INTERNATIONAL PLC,2023,139591008.0,
00206132,CRODA INTERNATIONAL PLC,2024,139591008.0,
00511276,IMPERIAL BRANDS PLC,2016,801555480.0,
00511276,IMPERIAL BRANDS PLC,2017,801555480.0,
00511276,IMPERIAL BRANDS PLC,2018,767242594.0,
00511276,IMPERIAL BRANDS PLC,2019,767242594.0,
00511276,IMPERIAL BRANDS PLC,2020,767242594.0,
00511276,IMPERIAL BRANDS PLC,2021,823593984.0,
00511276,IMPERIAL BRANDS PLC,2022,823593984.0,
00511276,IMPERIAL BRANDS PLC,2023,823593984.0,
00511276,IMPERIAL BRANDS PLC,2024,823593984.0,
00324357,SMITH & NEPHEW PLC,2018,845036247.0,
00324357,SMITH & NEPHEW PLC,2019,845036247.0,
00324357,SMITH & NEPHEW PLC,2020,845036247.0,
00324357,SMITH & NEPHEW PLC,2021,875027968.0,
00324357,SMITH & NEPHEW PLC,2022,875027968.0,
00324357,SMITH & NEPHEW PLC,2023,875027968.0,
00324357,SMITH & NEPHEW PLC,2024,875027968.0,
SC117119,Scottish & Southern Energy,1998,1200155266.0,
SC117119,Scottish & Southern Energy,1999,1200155266.0,
SC117119,Scottish & Southern Energy,2000,1200155266.0,
SC117119,Scottish & Southern Energy,2001,1200155266.0,
SC117119,Scottish & Southern Energy,2002,1200155266.0,
SC117119,Scottish & Southern Energy,2003,1200155266.0,
SC117119,Scottish & Southern Energy,2004,1200155266.0,
SC117119,Scottish & Southern Energy,2005,1200155266.0,
SC117119,Scottish & Southern Energy,2006,1200155266.0,
SC117119,Scottish & Southern Energy,2007,1200155266.0,
SC117119,Scottish & Southern Energy,2008,1200155266.0,
SC117119,Scottish & Southern Energy,2009,1200155266.0,
SC117119,Scottish Hydro-Electric,1992,1200155266.0,
SC117119,Scottish Hydro-Electric,1993,1200155266.0,
09763575,BEAZLEY PLC,2022,622188032.0,
09763575,BEAZLEY PLC,2023,622188032.0,
09763575,BEAZLEY PLC,2024,622188032.0,
05369106,London Stock Exchange Group,2007,512644492.0,
05369106,London Stock Exchange Group,2008,512644492.0,
05369106,London Stock Exchange Group,2009,512644492.0,
03369634,Dechra Pharmaceuticals,2021,108119864.0,
00023307,DIAGEO PLC,2002,2223402464.0,https://www.sec.gov/Archives/edgar/data/835403/000115697302000747/u45482e20vf.htm
03369634,Dechra Pharmaceuticals,2023,113476509.0,
03959649,Easyjet,2013,750789040.0,
03959649,Easyjet,2014,750789040.0,
03959649,Easyjet,2015,750789040.0,
03959649,Easyjet,2016,750789040.0,
05134420,INTERCONTINENTAL HOTELS GROUP PLC,2009,150387227.0,
05134420,INTERCONTINENTAL HOTELS GROUP PLC,2010,150387227.0,
05134420,INTERCONTINENTAL HOTELS GROUP PLC,2011,150387227.0,
05134420,INTERCONTINENTAL HOTELS GROUP PLC,2012,150387227.0,
05134420,INTERCONTINENTAL HOTELS GROUP PLC,2013,150387227.0,
05134420,INTERCONTINENTAL HOTELS GROUP PLC,2014,150387227.0,
05134420,INTERCONTINENTAL HOTELS GROUP PLC,2015,150387227.0,
05134420,INTERCONTINENTAL HOTELS GROUP PLC,2016,150387227.0,
05134420,INTERCONTINENTAL HOTELS GROUP PLC,2017,150387227.0,
05134420,INTERCONTINENTAL HOTELS GROUP PLC,2018,148124598.0,
05134420,INTERCONTINENTAL HOTELS GROUP PLC,2019,148124598.0,
05134420,INTERCONTINENTAL HOTELS GROUP PLC,2020,148124598.0,
05134420,INTERCONTINENTAL HOTELS GROUP PLC,2021,154919008.0,
05134420,INTERCONTINENTAL HOTELS GROUP PLC,2022,154919008.0,
05134420,INTERCONTINENTAL HOTELS GROUP PLC,2023,154919008.0,
05134420,INTERCONTINENTAL HOTELS GROUP PLC,2024,154919008.0,
00023307,DIAGEO PLC,1998,2223402464.0,
00023307,DIAGEO PLC,1999,2223402464.0,
00023307,DIAGEO PLC,2000,2223402464.0,
00023307,DIAGEO PLC,2001,2223402464.0,
00023307,DIAGEO PLC,2003,2223402464.0,
00023307,DIAGEO PLC,2004,2223402464.0,
00023307,DIAGEO PLC,2005,2223402464.0,
00023307,DIAGEO PLC,2006,2223402464.0,
00023307,DIAGEO PLC,2018,2223599988.0,
00023307,DIAGEO PLC,2019,2223599988.0,
00023307,DIAGEO PLC,2020,2223599988.0,
00023307,DIAGEO PLC,2021,2222269952.0,
00023307,DIAGEO PLC,2022,2222269952.0,
00023307,DIAGEO PLC,2023,2222269952.0,
00023307,DIAGEO PLC,2024,2222269952.0,
05525338,PERSIMMON PLC,2024,320001984.0,
01142830,3i Group,2002,986519402.0,
01142830,3i Group,2003,986519402.0,
01142830,3i Group,2004,986519402.0,
01142830,3i Group,2005,986519402.0,
03407696,BRITISH AMERICAN TOBACCO PLC,2001,2175091544.0,
00041424,UNILEVER PLC,2010,2451887221.0,https://www.sec.gov/Archives/edgar/data/110390/000095012311021973/u10661e6vk.htm
00041424,UNILEVER PLC,2011,2451887221.0,https://www.sec.gov/Archives/edgar/data/110390/000119312512093755/d249734d6k.htm
00041424,UNILEVER PLC,2012,2451887221.0,https://www.sec.gov/Archives/edgar/data/217410/000119312513097537/d442232d6k.htm
00041424,UNILEVER PLC,2013,2451887221.0,https://www.sec.gov/Archives/edgar/data/217410/000119312514087867/d635344d6k.htm
00041424,UNILEVER PLC,2014,2451887221.0,https://www.sec.gov/Archives/edgar/data/110390/000119312515080009/d804693d6k.htm
00041424,UNILEVER PLC,2015,2451887221.0,https://www.sec.gov/Archives/edgar/data/110390/000119312516472867/d91621d6k.htm
03196209,BHP Group Plc,2018,5080690184.0,
03196209,BHP Group Plc,2019,5080690184.0,
03196209,BHP Group Plc,2020,5080690184.0,
03196209,BHP Group Plc,2021,5074729984.0,
11462215,AIRTEL AFRICA PLC,2022,3658129920.0,
11462215,AIRTEL AFRICA PLC,2023,3658129920.0,
11462215,AIRTEL AFRICA PLC,2024,3658129920.0,
00296805,TAYLOR WIMPEY PLC,2014,3537822595.0,
00296805,TAYLOR WIMPEY PLC,2015,3537822595.0,
00296805,TAYLOR WIMPEY PLC,2016,3537822595.0,
00296805,TAYLOR WIMPEY PLC,2017,3537822595.0,
00296805,TAYLOR WIMPEY PLC,2018,3473483067.0,
00296805,TAYLOR WIMPEY PLC,2019,3473483067.0,
00296805,TAYLOR WIMPEY PLC,2020,3473483067.0,
00296805,TAYLOR WIMPEY PLC,2021,3541329920.0,
00296805,TAYLOR WIMPEY PLC,2022,3541329920.0,
00296805,TAYLOR WIMPEY PLC,2023,3541329920.0,
00296805,TAYLOR WIMPEY PLC,2024,3541329920.0,
01142830,3i Group,2006,986519402.0,
FC029884,INTL CONSOLIDATED AIRLINES GROUP SA,2023,4754079744.0,
FC029884,INTL CONSOLIDATED AIRLINES GROUP SA,2024,4754079744.0,
00048839,BARCLAYS PLC,1988,13896755413.0,
00048839,BARCLAYS PLC,1989,13896755413.0,
00048839,BARCLAYS PLC,1990,13896755413.0,
00048839,BARCLAYS PLC,1991,13896755413.0,
00048839,BARCLAYS PLC,1992,13896755413.0,
00048839,BARCLAYS PLC,1993,13896755413.0,
00048839,BARCLAYS PLC,1994,13896755413.0,
00048839,BARCLAYS PLC,1995,13896755413.0,
00048839,BARCLAYS PLC,1996,13896755413.0,
00966425,STANDARD CHARTERED PLC,2016,2275058618.0,https://www.sc.com/en/uploads/sites/66/content/docs/annual-report-2016.pdf;https://find-and-update.company-information.service.gov.uk/company/00966425/filing-history/MzE3Mzk2Nzk2MWFkaXF6a2N4/document?format=pdf&download=0
00048839,BARCLAYS PLC,2017,13896755413.0,https://www.sec.gov/Archives/edgar/data/312069/000119312518053884/d529811d20f.htm
02081330,Capita Group,2006,113748942.0,
00029423,Whitbread,2006,169779094.0,
03564138,ANGLO AMERICAN PLC,2020,1071487947.0,
03564138,ANGLO AMERICAN PLC,2021,1212329984.0,
03564138,ANGLO AMERICAN PLC,2022,1212329984.0,
03564138,ANGLO AMERICAN PLC,2023,1212329984.0,
03564138,ANGLO AMERICAN PLC,2024,1212329984.0,
02150950,Hays,1996,1595883653.0,
02150950,Hays,1997,1595883653.0,
02150950,Hays,1998,1595883653.0,
02150950,Hays,1999,1595883653.0,
02150950,Hays,2000,1595883653.0,
02150950,Hays,2001,1595883653.0,
02150950,Hays,2002,1595883653.0,
02150950,Hays,2003,1595883653.0,
02150950,Hays,2004,1595883653.0,
00966425,STANDARD CHARTERED PLC,2003,2275058618.0,
00966425,STANDARD CHARTERED PLC,2004,2275058618.0,
00966425,STANDARD CHARTERED PLC,2005,2275058618.0,
00966425,STANDARD CHARTERED PLC,2006,2275058618.0,
00966425,STANDARD CHARTERED PLC,2007,2275058618.0,
00966425,STANDARD CHARTERED PLC,2008,2275058618.0,
00966425,STANDARD CHARTERED PLC,2009,2275058618.0,
00966425,STANDARD CHARTERED PLC,2010,2275058618.0,
00966425,STANDARD CHARTERED PLC,2011,2275058618.0,
00966425,STANDARD CHARTERED PLC,2012,2275058618.0,
00966425,STANDARD CHARTERED PLC,2013,2275058618.0,
00966425,STANDARD CHARTERED PLC,2014,2275058618.0,
00966425,STANDARD CHARTERED PLC,2015,2275058618.0,
00966425,STANDARD CHARTERED PLC,2017,2275058618.0,
00966425,STANDARD CHARTERED PLC,2018,2174570640.0,
00966425,STANDARD CHARTERED PLC,2019,2174570640.0,
00966425,STANDARD CHARTERED PLC,2020,2174570640.0,
00966425,STANDARD CHARTERED PLC,2021,2357400064.0,
00966425,STANDARD CHARTERED PLC,2022,2357400064.0,
00966425,STANDARD CHARTERED PLC,2023,2357400064.0,
00966425,STANDARD CHARTERED PLC,2024,2357400064.0,
08860726,INFORMA PLC,2016,1281064285.0,
08860726,INFORMA PLC,2017,1281064285.0,
08860726,INFORMA PLC,2018,1254785752.0,
08860726,INFORMA PLC,2019,1254785752.0,
08860726,INFORMA PLC,2021,1308860032.0,
08860726,INFORMA PLC,2022,1308860032.0,
08860726,INFORMA PLC,2023,1308860032.0,
08860726,INFORMA PLC,2024,1308860032.0,
00077536,Reed International Plc,1988,1818823370.0,
03458224,Burberry Group,2010,360982938.0,
03458224,Burberry Group,2011,360982938.0,
03458224,Burberry Group,2012,360982938.0,
00077536,Reed Elsevier Plc,2005,1818823370.0,
00077536,Reed Elsevier Plc,2006,1818823370.0,
02122142,Hargreaves Lansdown,2024,474015001.0,
01142830,3i Group,1994,986519402.0,
01142830,3i Group,1995,986519402.0,
01142830,3i Group,1996,986519402.0,
01142830,3i Group,1997,986519402.0,
01142830,3i Group,1998,986519402.0,
01142830,3i Group,1999,986519402.0,
02081330,Capita Group,2011,113748942.0,
00035161,NEXT PLC,2017,116197963.0,
04967001,ITV,2007,3927233907.0,
04967001,ITV,2011,3927233907.0,
04967001,ITV,2012,3927233907.0,
04967001,ITV,2013,3927233907.0,
04967001,ITV,2014,3927233907.0,
04967001,ITV,2015,3927233907.0,
04967001,ITV,2016,3927233907.0,
04967001,ITV,2017,3927233907.0,
04967001,ITV,2018,3739962358.0,
04967001,ITV,2019,3739962358.0,
04967001,ITV,2021,3713870080.0,
00714275,IMI,2010,246216259.0,
00714275,IMI,2011,246216259.0,
00714275,IMI,2012,246216259.0,
00714275,IMI,2013,246216259.0,
07784342,Evraz,2011,1458690048.0,
07784342,Evraz,2012,1458690048.0,
07784342,Evraz,2021,1458690048.0,
01679046,Thomson Reuters,2008,134974661.0,
00358948,BUNZL PLC,2011,322409010.0,
00358948,BUNZL PLC,2012,322409010.0,
00358948,BUNZL PLC,2013,322409010.0,
00358948,BUNZL PLC,2014,322409010.0,
00358948,BUNZL PLC,2015,322409010.0,
00358948,BUNZL PLC,2016,322409010.0,
00358948,BUNZL PLC,2017,322409010.0,
00358948,BUNZL PLC,2018,321072967.0,
14072248,Carnival,2019,146139365.0,
00358948,BUNZL PLC,2019,321072967.0,
00358948,BUNZL PLC,2020,321072967.0,
00358948,BUNZL PLC,2021,325668992.0,
00358948,BUNZL PLC,2022,325668992.0,
00358948,BUNZL PLC,2023,325668992.0,
00358948,BUNZL PLC,2024,325668992.0,
13280545,Endeavour Mining,2022,241070000.0,
13280545,Endeavour Mining,2023,241070000.0,
01470151,BAE SYSTEMS PLC,1999,2920008658.0,
01470151,BAE SYSTEMS PLC,2000,2920008658.0,
01470151,BAE SYSTEMS PLC,2001,2920008658.0,
01470151,BAE SYSTEMS PLC,2002,2920008658.0,
01470151,BAE SYSTEMS PLC,2003,2920008658.0,
01470151,BAE SYSTEMS PLC,2004,2920008658.0,
01470151,BAE SYSTEMS PLC,2005,2920008658.0,
01470151,BAE SYSTEMS PLC,2006,2920008658.0,
01470151,BAE SYSTEMS PLC,2007,2920008658.0,
01470151,BAE SYSTEMS PLC,2009,2920008658.0,
01470151,BAE SYSTEMS PLC,2010,2920008658.0,
01470151,BAE SYSTEMS PLC,2011,2920008658.0,
01470151,BAE SYSTEMS PLC,2012,2920008658.0,
01470151,BAE SYSTEMS PLC,2013,2920008658.0,
01470151,BAE SYSTEMS PLC,2014,2920008658.0,
01470151,BAE SYSTEMS PLC,2015,2920008658.0,
01470151,BAE SYSTEMS PLC,2016,2920008658.0,
01470151,BAE SYSTEMS PLC,2017,2920008658.0,
01470151,BAE SYSTEMS PLC,2018,2932790586.0,
01470151,BAE SYSTEMS PLC,2019,2932790586.0,
01470151,BAE SYSTEMS PLC,2020,2932790586.0,
01470151,BAE SYSTEMS PLC,2021,2929730048.0,
01470151,BAE SYSTEMS PLC,2022,2929730048.0,
01470151,BAE SYSTEMS PLC,2023,2929730048.0,
01470151,BAE SYSTEMS PLC,2024,2929730048.0,
01003142,ROLLS ROYCE HOLDINGS PLC,1988,8296258230.0,
01003142,ROLLS ROYCE HOLDINGS PLC,1989,8296258230.0,
01003142,ROLLS ROYCE HOLDINGS PLC,1990,8296258230.0,
01003142,ROLLS ROYCE HOLDINGS PLC,1991,8296258230.0,
01003142,ROLLS ROYCE HOLDINGS PLC,1993,8296258230.0,
01003142,ROLLS ROYCE HOLDINGS PLC,1994,8296258230.0,
14072248,Carnival,2018,146139365.0,
00102498,BP PLC,2003,15326542620.0,https://www.sec.gov/Archives/edgar/data/313807/000119312504110485/d20f.htm
00102498,BP PLC,2004,15326542620.0,https://www.sec.gov/Archives/edgar/data/313807/000104746905018487/a2159853z20-f.htm
01003142,ROLLS ROYCE HOLDINGS PLC,1995,8296258230.0,
01003142,ROLLS ROYCE HOLDINGS PLC,1996,8296258230.0,
01003142,ROLLS ROYCE HOLDINGS PLC,1997,8296258230.0,
01003142,ROLLS ROYCE HOLDINGS PLC,1998,8296258230.0,
01003142,ROLLS ROYCE HOLDINGS PLC,1999,8296258230.0,
01003142,ROLLS ROYCE HOLDINGS PLC,2000,8296258230.0,
01003142,ROLLS ROYCE HOLDINGS PLC,2001,8296258230.0,
01003142,ROLLS ROYCE HOLDINGS PLC,2002,8296258230.0,
00102498,BP PLC,1998,15326542620.0,
00102498,BP PLC,1999,15326542620.0,
00102498,BP PLC,2000,15326542620.0,
00102498,BP PLC,2001,15326542620.0,
00102498,BP PLC,2002,15326542620.0,
02468686,AVIVA PLC,2010,3039060486.0,
02468686,AVIVA PLC,2011,3039060486.0,
02468686,AVIVA PLC,2012,3039060486.0,
02468686,AVIVA PLC,2013,3039060486.0,
02468686,AVIVA PLC,2014,3039060486.0,
02468686,AVIVA PLC,2015,3039060486.0,
02468686,AVIVA PLC,2016,3039060486.0,
02468686,AVIVA PLC,2017,3039060486.0,
02468686,AVIVA PLC,2018,2991563232.0,
02468686,AVIVA PLC,2019,2991563232.0,
02468686,AVIVA PLC,2020,2991563232.0,
02468686,AVIVA PLC,2021,2659970048.0,
02468686,AVIVA PLC,2022,2659970048.0,
02468686,AVIVA PLC,2023,2659970048.0,
02468686,AVIVA PLC,2024,2659970048.0,
04083914,COMPASS GROUP PLC,2001,1697131467.0,
00647788,RS Group,2022,473705984.0,
00647788,RS Group,2023,473705984.0,
01664812,Kingfisher,1989,1712220250.0,
01664812,Kingfisher,1990,1712220250.0,
01664812,Kingfisher,1991,1712220250.0,
01664812,Kingfisher,1992,1712220250.0,
01664812,Kingfisher,1993,1712220250.0,
01664812,Kingfisher,1994,1712220250.0,
01664812,Kingfisher,1995,1712220250.0,
01664812,Kingfisher,1996,1712220250.0,
01664812,Kingfisher,1997,1712220250.0,
01664812,Kingfisher,1998,1712220250.0,
01664812,Kingfisher,1999,1712220250.0,
01664812,Kingfisher,2000,1712220250.0,
01664812,Kingfisher,2001,1712220250.0,
01664812,Kingfisher,2002,1712220250.0,
01664812,Kingfisher,2003,1712220250.0,
01664812,Kingfisher,2004,1712220250.0,
01664812,Kingfisher,2005,1712220250.0,
01664812,Kingfisher,2006,1712220250.0,
01664812,Kingfisher,2007,1712220250.0,
01664812,Kingfisher,2008,1712220250.0,
01664812,Kingfisher,2009,1712220250.0,
01664812,Kingfisher,2010,1712220250.0,
01664812,Kingfisher,2011,1712220250.0,
01664812,Kingfisher,2012,1712220250.0,
01664812,Kingfisher,2013,1712220250.0,
01664812,Kingfisher,2014,1712220250.0,
01664812,Kingfisher,2015,1712220250.0,
01664812,Kingfisher,2016,1712220250.0,
01664812,Kingfisher,2017,1712220250.0,
01664812,Kingfisher,2018,1655263954.0,
01664812,Kingfisher,2019,1655263954.0,
02231246,THE SAGE GROUP PLC,1999,953534977.0,
02231246,THE SAGE GROUP PLC,2009,953534977.0,
02231246,THE SAGE GROUP PLC,2010,953534977.0,
02231246,THE SAGE GROUP PLC,2011,953534977.0,
02231246,THE SAGE GROUP PLC,2012,953534977.0,
02231246,THE SAGE GROUP PLC,2013,953534977.0,
02231246,THE SAGE GROUP PLC,2014,953534977.0,
02231246,THE SAGE GROUP PLC,2015,953534977.0,
02231246,THE SAGE GROUP PLC,2016,953534977.0,
02231246,THE SAGE GROUP PLC,2017,953534977.0,
02231246,THE SAGE GROUP PLC,2018,900968874.0,
02231246,THE SAGE GROUP PLC,2019,900968874.0,
02231246,THE SAGE GROUP PLC,2020,900968874.0,
02231246,THE SAGE GROUP PLC,2021,973995008.0,
02231246,THE SAGE GROUP PLC,2022,973995008.0,
02231246,THE SAGE GROUP PLC,2023,973995008.0,
02231246,THE SAGE GROUP PLC,2024,973995008.0,
06426485,RIGHTMOVE PLC,2018,742712509.0,
06426485,RIGHTMOVE PLC,2019,742712509.0,
06426485,RIGHTMOVE PLC,2020,742712509.0,
06426485,RIGHTMOVE PLC,2021,776217984.0,
06426485,RIGHTMOVE PLC,2022,776217984.0,
06426485,RIGHTMOVE PLC,2023,776217984.0,
06426485,RIGHTMOVE PLC,2024,776217984.0,
SC246627,Ferguson,2017,200686480.0,
SC246627,Ferguson,2018,193937826.0,
SC246627,Ferguson,2019,193937826.0,
SC246627,Ferguson,2020,193937826.0,
SC246627,Ferguson,2021,200686000.0,
00621920,British Land Co,1997,999783403.0,
00621920,British Land Co,2001,999783403.0,
00621920,British Land Co,2002,999783403.0,
00621920,British Land Co,2003,999783403.0,
00621920,British Land Co,2004,999783403.0,
00621920,British Land Co,2005,999783403.0,
00621920,British Land Co,2006,999783403.0,
00621920,British Land Co,2007,999783403.0,
00621920,British Land Co,2008,999783403.0,
00621920,British Land Co,2009,999783403.0,
00621920,British Land Co,2011,999783403.0,
00621920,British Land Co,2012,999783403.0,
00621920,British Land Co,2013,999783403.0,
00621920,British Land Co,2014,999783403.0,
00621920,British Land Co,2015,999783403.0,
00621920,British Land Co,2016,999783403.0,
00621920,British Land Co,2017,999783403.0,
00621920,British Land Co,2018,1024410832.0,
00621920,British Land Co,2019,1024410832.0,
00621920,British Land Co,2020,1024410832.0,
00621920,British Land Co,2021,999153984.0,
00621920,British Land Co,2022,999153984.0,
00621920,British Land Co,2024,999153984.0,
00324357,Smith & Nephew,1989,847807321.0,
00324357,Smith & Nephew,1990,847807321.0,
00324357,Smith & Nephew,1991,847807321.0,
00324357,Smith & Nephew,1992,847807321.0,
00324357,Smith & Nephew,1993,847807321.0,
00324357,Smith & Nephew,1994,847807321.0,
00324357,Smith & Nephew,1995,847807321.0,
00324357,Smith & Nephew,1996,847807321.0,
06344120,FRESNILLO PLC,2020,736893589.0,
06344120,FRESNILLO PLC,2021,736894016.0,
06344120,FRESNILLO PLC,2022,736894016.0,
06344120,FRESNILLO PLC,2023,736894016.0,
06344120,FRESNILLO PLC,2024,736894016.0,
01833679,VODAFONE GROUP PLC,1991,23827369509.0,
01833679,VODAFONE GROUP PLC,2002,23827369509.0,https://www.sec.gov/Archives/edgar/data/839923/000102123102000133/vodafone.htm
01833679,VODAFONE GROUP PLC,2005,23827369509.0,https://www.sec.gov/Archives/edgar/data/839923/000102123105000453/b79353x-20f.htm
01833679,VODAFONE GROUP PLC,2006,23827369509.0,https://www.sec.gov/Archives/edgar/data/839923/000102123106000376/b831138-20f.htm
01833679,VODAFONE GROUP PLC,2015,23827369509.0,https://www.sec.gov/Archives/edgar/data/839923/000110465915043811/a15-12993_120f.htm
01833679,VODAFONE GROUP PLC,1992,23827369509.0,
01833679,VODAFONE GROUP PLC,1993,23827369509.0,
01833679,VODAFONE GROUP PLC,1994,23827369509.0,
01833679,VODAFONE GROUP PLC,1995,23827369509.0,
01833679,VODAFONE GROUP PLC,1996,23827369509.0,
01833679,VODAFONE GROUP PLC,1997,23827369509.0,
01833679,VODAFONE GROUP PLC,1998,23827369509.0,
01833679,VODAFONE GROUP PLC,1999,23827369509.0,
01833679,VODAFONE GROUP PLC,2000,23827369509.0,
01833679,VODAFONE GROUP PLC,2001,23827369509.0,
01833679,VODAFONE GROUP PLC,2003,23827369509.0,
01833679,VODAFONE GROUP PLC,2004,23827369509.0,
02081330,Capita Group,2000,113748942.0,
01833679,VODAFONE GROUP PLC,2018,23026741282.0,
01833679,VODAFONE GROUP PLC,2019,23026741282.0,
01833679,VODAFONE GROUP PLC,2020,23026741282.0,
01833679,VODAFONE GROUP PLC,2021,24932900864.0,
01833679,VODAFONE GROUP PLC,2022,24932900864.0,
01833679,VODAFONE GROUP PLC,2023,24932900864.0,
01833679,VODAFONE GROUP PLC,2024,24932900864.0,
05525338,Persimmon,2005,320287069.0,
05525338,Persimmon,2006,320287069.0,
05525338,Persimmon,2007,320287069.0,
05525338,Persimmon,2013,320287069.0,
05525338,Persimmon,2014,320287069.0,
05525338,Persimmon,2015,320287069.0,
05525338,Persimmon,2016,320287069.0,
05525338,Persimmon,2017,320287069.0,
05525338,Persimmon,2018,321024643.0,
05525338,Persimmon,2019,321024643.0,
05525338,Persimmon,2020,321024643.0,
05525338,Persimmon,2021,320001984.0,
05525338,Persimmon,2022,320001984.0,
01417162,LEGAL & GENERAL GROUP PLC,1988,5629937843.0,
01417162,LEGAL & GENERAL GROUP PLC,1989,5629937843.0,
01417162,LEGAL & GENERAL GROUP PLC,1990,5629937843.0,
01417162,LEGAL & GENERAL GROUP PLC,1991,5629937843.0,
01417162,LEGAL & GENERAL GROUP PLC,1992,5629937843.0,
01417162,LEGAL & GENERAL GROUP PLC,1993,5629937843.0,
01417162,LEGAL & GENERAL GROUP PLC,1994,5629937843.0,
01417162,LEGAL & GENERAL GROUP PLC,1995,5629937843.0,
01417162,LEGAL & GENERAL GROUP PLC,1996,5629937843.0,
01417162,LEGAL & GENERAL GROUP PLC,1997,5629937843.0,
01417162,LEGAL & GENERAL GROUP PLC,2002,5629937843.0,
01417162,LEGAL & GENERAL GROUP PLC,2003,5629937843.0,
01417162,LEGAL & GENERAL GROUP PLC,2004,5629937843.0,
01417162,LEGAL & GENERAL GROUP PLC,2005,5629937843.0,
01417162,LEGAL & GENERAL GROUP PLC,2006,5629937843.0,
01417162,LEGAL & GENERAL GROUP PLC,2007,5629937843.0,
01417162,LEGAL & GENERAL GROUP PLC,2008,5629937843.0,
01417162,LEGAL & GENERAL GROUP PLC,2009,5629937843.0,
01417162,LEGAL & GENERAL GROUP PLC,2010,5629937843.0,
01417162,LEGAL & GENERAL GROUP PLC,2011,5629937843.0,
01417162,LEGAL & GENERAL GROUP PLC,2012,5629937843.0,
01417162,LEGAL & GENERAL GROUP PLC,2013,5629937843.0,
01417162,LEGAL & GENERAL GROUP PLC,2014,5629937843.0,
01417162,LEGAL & GENERAL GROUP PLC,2015,5629937843.0,
01417162,LEGAL & GENERAL GROUP PLC,2016,5629937843.0,
01417162,LEGAL & GENERAL GROUP PLC,2017,5629937843.0,
01417162,LEGAL & GENERAL GROUP PLC,2018,5478788188.0,
01417162,LEGAL & GENERAL GROUP PLC,2019,5478788188.0,
01417162,LEGAL & GENERAL GROUP PLC,2020,5478788188.0,
01417162,LEGAL & GENERAL GROUP PLC,2021,5805150208.0,
01417162,LEGAL & GENERAL GROUP PLC,2022,5805150208.0,
01417162,LEGAL & GENERAL GROUP PLC,2023,5805150208.0,
01417162,LEGAL & GENERAL GROUP PLC,2024,5805150208.0,
00324357,Scottish & Newcastle Breweries PLC,1988,847807321.0,
SC001731,ALLIANCE WITAN PLC,2024,397907008.0,
00185647,SAINSBURY(J) PLC,1988,2246723301.0,
00185647,SAINSBURY(J) PLC,1989,2246723301.0,
00185647,SAINSBURY(J) PLC,1990,2246723301.0,
00185647,SAINSBURY(J) PLC,1991,2246723301.0,
00185647,SAINSBURY(J) PLC,1992,2246723301.0,
00185647,SAINSBURY(J) PLC,1993,2246723301.0,
00185647,SAINSBURY(J) PLC,1994,2246723301.0,
00185647,SAINSBURY(J) PLC,1995,2246723301.0,
00185647,SAINSBURY(J) PLC,1996,2246723301.0,
00185647,SAINSBURY(J) PLC,1997,2246723301.0,
00185647,SAINSBURY(J) PLC,1998,2246723301.0,
00185647,SAINSBURY(J) PLC,1999,2246723301.0,
00185647,SAINSBURY(J) PLC,2008,2246723301.0,
00185647,SAINSBURY(J) PLC,2009,2246723301.0,
00185647,SAINSBURY(J) PLC,2010,2246723301.0,
00185647,SAINSBURY(J) PLC,2011,2246723301.0,
00185647,SAINSBURY(J) PLC,2012,2246723301.0,
00185647,SAINSBURY(J) PLC,2013,2246723301.0,
00185647,SAINSBURY(J) PLC,2014,2246723301.0,
00185647,SAINSBURY(J) PLC,2015,2246723301.0,
00185647,SAINSBURY(J) PLC,2016,2246723301.0,
00185647,SAINSBURY(J) PLC,2017,2246723301.0,
00185647,SAINSBURY(J) PLC,2018,2195559856.0,
00185647,SAINSBURY(J) PLC,2019,2195559856.0,
00185647,SAINSBURY(J) PLC,2020,2195559856.0,
00185647,SAINSBURY(J) PLC,2021,2313760000.0,
00185647,SAINSBURY(J) PLC,2022,2313760000.0,
00185647,SAINSBURY(J) PLC,2023,2313760000.0,
00185647,SAINSBURY(J) PLC,2024,2313760000.0,
13691224,HALEON PLC,2023,9024069632.0,
13691224,HALEON PLC,2024,9024069632.0,
03938288,Bradford & Bingley,2002,487477089.0,
03938288,Bradford & Bingley,2003,487477089.0,
03938288,Bradford & Bingley,2006,487477089.0,
06035106,Frasers Group,2022,432928992.0,
06035106,Frasers Group,2023,432928992.0,
00966425,Standard Chartered PLC,1989,2275058618.0,
00966425,Standard Chartered PLC,1990,2275058618.0,
00719885,RIO TINTO PLC,1988,1254003529.0,
00719885,RIO TINTO PLC,1989,1254003529.0,
00719885,RIO TINTO PLC,1990,1254003529.0,
00719885,RIO TINTO PLC,1991,1254003529.0,
00719885,RIO TINTO PLC,1992,1254003529.0,
00719885,RIO TINTO PLC,1993,1254003529.0,
00719885,RIO TINTO PLC,1994,1254003529.0,
00719885,RIO TINTO PLC,1995,1254003529.0,
00719885,RIO TINTO PLC,2005,1254003529.0,https://www.sec.gov/Archives/edgar/data/863064/000102123106000393/b832238-20f.htm
00719885,RIO TINTO PLC,2015,1254003529.0,https://www.sec.gov/Archives/edgar/data/863064/000119312516490690/d35375d20f.htm
00719885,RIO TINTO PLC,2003,1254003529.0,https://www.sec.gov/Archives/edgar/data/863064/000102123104000209/b743424-20f.htm
00719885,RIO TINTO PLC,2007,1254003529.0,https://www.sec.gov/Archives/edgar/data/863064/000115697308000384/u54907-20f.htm
00719885,RIO TINTO PLC,2008,1254003529.0,https://www.sec.gov/Archives/edgar/data/863064/000115697309000194/u06218e20vf.htm
00719885,RIO TINTO PLC,1996,1254003529.0,
00719885,RIO TINTO PLC,1997,1254003529.0,
00719885,RIO TINTO PLC,1998,1254003529.0,
00719885,RIO TINTO PLC,1999,1254003529.0,
00719885,RIO TINTO PLC,2000,1254003529.0,
00719885,RIO TINTO PLC,2001,1254003529.0,
00719885,RIO TINTO PLC,2002,1254003529.0,
00719885,RIO TINTO PLC,2004,1254003529.0,
00719885,RIO TINTO PLC,2006,1254003529.0,
00719885,RIO TINTO PLC,2009,1254003529.0,
00719885,RIO TINTO PLC,2012,1254003529.0,
00719885,RIO TINTO PLC,2014,1254003529.0,
00719885,RIO TINTO PLC,2016,1254003529.0,
00719885,RIO TINTO PLC,2017,1254003529.0,
00719885,RIO TINTO PLC,2018,1254501913.0,
00719885,RIO TINTO PLC,2019,1254501913.0,
00719885,RIO TINTO PLC,2020,1254501913.0,
00719885,RIO TINTO PLC,2021,1253740032.0,
00719885,RIO TINTO PLC,2022,1253740032.0,
00719885,RIO TINTO PLC,2023,1253740032.0,
00719885,RIO TINTO PLC,2024,1253740032.0,
01627889,ANTOFAGASTA PLC,2004,985856695.0,
01627889,ANTOFAGASTA PLC,2005,985856695.0,
01627889,ANTOFAGASTA PLC,2006,985856695.0,
01627889,ANTOFAGASTA PLC,2007,985856695.0,
01627889,ANTOFAGASTA PLC,2008,985856695.0,
01627889,ANTOFAGASTA PLC,2009,985856695.0,
01627889,ANTOFAGASTA PLC,2010,985856695.0,
01627889,ANTOFAGASTA PLC,2011,985856695.0,
01627889,ANTOFAGASTA PLC,2012,985856695.0,
01627889,ANTOFAGASTA PLC,2013,985856695.0,
01627889,ANTOFAGASTA PLC,2014,985856695.0,
01627889,ANTOFAGASTA PLC,2015,985856695.0,
01627889,ANTOFAGASTA PLC,2016,985856695.0,
01627889,ANTOFAGASTA PLC,2017,985856695.0,
01627889,ANTOFAGASTA PLC,2018,985856695.0,
01627889,ANTOFAGASTA PLC,2019,985856695.0,
00077536,RELX PLC,2019,1753291428.0,
02366619,SEVERN TRENT PLC,2016,301077332.0,https://www.severntrent.com/content/dam/stw-plc/investors/reports-and-presentations/annual-reports/2016/severn-trent-annual-report-2016.pdf
00077536,RELX PLC,2020,1753291428.0,
02366619,SEVERN TRENT PLC,2001,301077332.0,
02366619,SEVERN TRENT PLC,2002,301077332.0,
02366619,SEVERN TRENT PLC,2003,301077332.0,
02366619,SEVERN TRENT PLC,2004,301077332.0,
02366619,SEVERN TRENT PLC,2005,301077332.0,
02366619,SEVERN TRENT PLC,2006,301077332.0,
02366619,SEVERN TRENT PLC,2007,301077332.0,
02366619,SEVERN TRENT PLC,2008,301077332.0,
02366619,SEVERN TRENT PLC,2009,301077332.0,
02366619,SEVERN TRENT PLC,2010,301077332.0,
02366619,SEVERN TRENT PLC,2011,301077332.0,
02366619,SEVERN TRENT PLC,2012,301077332.0,
02366619,SEVERN TRENT PLC,2013,301077332.0,
02366619,SEVERN TRENT PLC,2014,301077332.0,
02366619,SEVERN TRENT PLC,2015,301077332.0,
02366619,SEVERN TRENT PLC,2017,301077332.0,
02366619,SEVERN TRENT PLC,2018,301750578.0,
02366619,SEVERN TRENT PLC,2019,301750578.0,
02366619,SEVERN TRENT PLC,2020,301750578.0,
02366619,SEVERN TRENT PLC,2021,300212992.0,
02366619,SEVERN TRENT PLC,2022,300212992.0,
02366619,SEVERN TRENT PLC,2023,300212992.0,
02366619,SEVERN TRENT PLC,2024,300212992.0,
00033774,Johnson Matthey,2002,167544129.0,
00033774,Johnson Matthey,2003,167544129.0,
00033774,Johnson Matthey,2004,167544129.0,
00033774,Johnson Matthey,2007,167544129.0,https://matthey.com/documents/161599/164195/AR-2007.pdf
00033774,Johnson Matthey,2008,167544129.0,https://matthey.com/documents/161599/164195/AR-2008.pdf
00033774,Johnson Matthey,2010,167544129.0,https://matthey.com/documents/161599/164195/AR-2010.pdf
00033774,Johnson Matthey,2011,167544129.0,https://matthey.com/documents/161599/164195/AR-2011.pdf
00033774,Johnson Matthey,2005,167544129.0,
00033774,Johnson Matthey,2006,167544129.0,
00033774,Johnson Matthey,2009,167544129.0,
06344120,Fresnillo,2015,736893589.0,
00033774,Johnson Matthey,2012,167544129.0,
00033774,Johnson Matthey,2013,167544129.0,
00033774,Johnson Matthey,2016,167544129.0,
00033774,Johnson Matthey,2019,167885349.0,
00033774,Johnson Matthey,2020,167885349.0,
01664812,KINGFISHER PLC,2020,1655263954.0,
01664812,KINGFISHER PLC,2021,1771660032.0,
01664812,KINGFISHER PLC,2022,1771660032.0,
01664812,KINGFISHER PLC,2023,1771660032.0,
01664812,KINGFISHER PLC,2024,1771660032.0,
02837811,HISCOX LD,2024,337878016.0,
00360632,Hammerson Property,2005,529315673.0,
00360632,Hammerson Property,2006,529315673.0,
00360632,Hammerson Property,2007,529315673.0,
00360632,Hammerson Property,2008,529315673.0,
00360632,Hammerson Property,2009,529315673.0,
00360632,Hammerson Property,2010,529315673.0,
00360632,Hammerson Property,2011,529315673.0,
00360632,Hammerson Property,2012,529315673.0,
00360632,Hammerson Property,2013,529315673.0,
00360632,Hammerson Property,2014,529315673.0,
00360632,Hammerson Property,2015,529315673.0,
00360632,Hammerson Property,2016,529315673.0,
00360632,Hammerson Property,2017,529315673.0,
06209386,MONDI PLC,2013,440536840.0,
06209386,MONDI PLC,2014,440536840.0,
06209386,MONDI PLC,2015,440536840.0,
06209386,MONDI PLC,2016,440536840.0,
06209386,MONDI PLC,2017,440536840.0,
06209386,MONDI PLC,2018,440797845.0,
06209386,MONDI PLC,2019,440797845.0,
06209386,MONDI PLC,2020,440797845.0,
06209386,MONDI PLC,2021,440536992.0,
06209386,MONDI PLC,2022,440536992.0,
06209386,MONDI PLC,2023,440536992.0,
06209386,MONDI PLC,2024,440536992.0,
06344120,Fresnillo,2009,736893589.0,
06344120,Fresnillo,2010,736893589.0,
06344120,Fresnillo,2011,736893589.0,
06344120,Fresnillo,2012,736893589.0,
06344120,Fresnillo,2013,736893589.0,
06344120,Fresnillo,2014,736893589.0,
00824821,Travis Perkins,2014,211317151.0,
00824821,Travis Perkins,2015,211317151.0,
00012901,Foreign & Col Inv Trust,1995,474853696.0,
00012901,Foreign & Col Inv Trust,2003,474853696.0,
00617987,HSBC HLDGS PLC,2006,17165933937.0,https://www.sec.gov/Archives/edgar/data/1089113/000115697307000367/u52004-20f.htm
00617987,HSBC HLDGS PLC,2007,17165933937.0,https://www.sec.gov/Archives/edgar/data/1089113/000115697308000289/u55055-20f.htm
00324357,Scottish & Newcastle Plc,1997,847807321.0,
00324357,Scottish & Newcastle Plc,1998,847807321.0,
00324357,Scottish & Newcastle Plc,1999,847807321.0,
00324357,Scottish & Newcastle Plc,2007,847807321.0,
00617987,HSBC HLDGS PLC,1992,17165933937.0,
00617987,HSBC HLDGS PLC,1993,17165933937.0,
00617987,HSBC HLDGS PLC,1994,17165933937.0,
00617987,HSBC HLDGS PLC,1995,17165933937.0,
00617987,HSBC HLDGS PLC,1996,17165933937.0,
00617987,HSBC HLDGS PLC,1997,17165933937.0,
00617987,HSBC HLDGS PLC,1998,17165933937.0,
00617987,HSBC HLDGS PLC,1999,17165933937.0,
00617987,HSBC HLDGS PLC,2000,17165933937.0,
00617987,HSBC HLDGS PLC,2001,17165933937.0,
00617987,HSBC HLDGS PLC,2002,17165933937.0,
00617987,HSBC HLDGS PLC,2003,17165933937.0,
00617987,HSBC HLDGS PLC,2004,17165933937.0,
00617987,HSBC HLDGS PLC,2005,17165933937.0,
00617987,HSBC HLDGS PLC,2009,17165933937.0,
00617987,HSBC HLDGS PLC,2022,17669699584.0,
00617987,HSBC HLDGS PLC,2023,17669699584.0,
00617987,HSBC HLDGS PLC,2024,17669699584.0,
SC002934,Weir Group,2010,259612052.0,
SC002934,Weir Group,2011,259612052.0,
SC002934,Weir Group,2012,259612052.0,
SC002934,Weir Group,2013,259612052.0,
SC002934,Weir Group,2014,259612052.0,
03849958,ADMIRAL GROUP PLC,2007,298902015.0,
03849958,ADMIRAL GROUP PLC,2008,298902015.0,
03849958,ADMIRAL GROUP PLC,2009,298902015.0,
03849958,ADMIRAL GROUP PLC,2010,298902015.0,
03849958,ADMIRAL GROUP PLC,2011,298902015.0,
03849958,ADMIRAL GROUP PLC,2012,298902015.0,
03849958,ADMIRAL GROUP PLC,2013,298902015.0,
03849958,ADMIRAL GROUP PLC,2014,298902015.0,
03849958,ADMIRAL GROUP PLC,2015,298902015.0,
03849958,ADMIRAL GROUP PLC,2016,298902015.0,
03849958,ADMIRAL GROUP PLC,2017,298902015.0,
03849958,ADMIRAL GROUP PLC,2018,298902015.0,
03849958,ADMIRAL GROUP PLC,2019,298902015.0,
03849958,ADMIRAL GROUP PLC,2020,298902015.0,
01807982,ASHTEAD GROUP PLC,2015,418668178.0,
01807982,ASHTEAD GROUP PLC,2016,418668178.0,
01807982,ASHTEAD GROUP PLC,2017,418668178.0,
01807982,ASHTEAD GROUP PLC,2021,431576000.0,
01807982,ASHTEAD GROUP PLC,2022,431576000.0,
01807982,ASHTEAD GROUP PLC,2023,431576000.0,
01807982,ASHTEAD GROUP PLC,2024,431576000.0,
03919249,Tullow Oil,2007,1475023041.0,
03919249,Tullow Oil,2008,1475023041.0,
03919249,Tullow Oil,2009,1475023041.0,
03919249,Tullow Oil,2010,1475023041.0,
03919249,Tullow Oil,2011,1475023041.0,
03919249,Tullow Oil,2012,1475023041.0,
03919249,Tullow Oil,2013,1475023041.0,
03919249,Tullow Oil,2014,1475023041.0,
03720393,EXPERIAN PLC,2006,913226027.0,
03720393,EXPERIAN PLC,2007,913226027.0,
03720393,EXPERIAN PLC,2008,913226027.0,
03720393,EXPERIAN PLC,2009,913226027.0,
03720393,EXPERIAN PLC,2010,913226027.0,
03720393,EXPERIAN PLC,2011,913226027.0,
03720393,EXPERIAN PLC,2012,913226027.0,
03720393,EXPERIAN PLC,2013,913226027.0,
03720393,EXPERIAN PLC,2014,913226027.0,
03720393,EXPERIAN PLC,2015,913226027.0,
03720393,EXPERIAN PLC,2016,913226027.0,
03720393,EXPERIAN PLC,2017,913226027.0,
03720393,EXPERIAN PLC,2018,888615512.0,
03720393,EXPERIAN PLC,2019,888615512.0,
03720393,EXPERIAN PLC,2020,888615512.0,
03720393,EXPERIAN PLC,2021,913584000.0,
03720393,EXPERIAN PLC,2022,913584000.0,
03720393,EXPERIAN PLC,2023,913584000.0,
03720393,EXPERIAN PLC,2024,913584000.0,
03183415,St. James Place,2014,519934426.0,
03183415,St. James Place,2015,519934426.0,
03183415,St. James Place,2016,519934426.0,
03183415,St. James Place,2017,519934426.0,
03183415,St. James Place,2018,508801524.0,
03183415,St. James Place,2019,508801524.0,
03183415,St. James Place,2020,508801524.0,
03183415,St. James Place,2021,532905984.0,
03183415,St. James Place,2022,532905984.0,
03183415,St. James Place,2023,532905984.0,
00714275,IMI PLC,2023,253331008.0,
00714275,IMI PLC,2024,253331008.0,
00077536,RELX PLC,2021,1842279936.0,
00077536,RELX PLC,2022,1842279936.0,
00077536,RELX PLC,2023,1842279936.0,
00077536,RELX PLC,2024,1842279936.0,
02128710,HOWDEN JOINERY GROUP PLC,2023,549180992.0,
02128710,HOWDEN JOINERY GROUP PLC,2024,549180992.0,
01003142,ROLLS-ROYCE HOLDINGS PLC,2003,8296258230.0,
01003142,ROLLS-ROYCE HOLDINGS PLC,2004,8296258230.0,
01003142,ROLLS-ROYCE HOLDINGS PLC,2005,8296258230.0,
01003142,ROLLS-ROYCE HOLDINGS PLC,2006,8296258230.0,
01003142,ROLLS-ROYCE HOLDINGS PLC,2007,8296258230.0,
01003142,ROLLS-ROYCE HOLDINGS PLC,2008,8296258230.0,
01003142,ROLLS-ROYCE HOLDINGS PLC,2009,8296258230.0,
01003142,ROLLS-ROYCE HOLDINGS PLC,2010,8296258230.0,
01003142,ROLLS-ROYCE HOLDINGS PLC,2011,8296258230.0,
01003142,ROLLS-ROYCE HOLDINGS PLC,2012,8296258230.0,
01003142,ROLLS-ROYCE HOLDINGS PLC,2013,8296258230.0,
01003142,ROLLS-ROYCE HOLDINGS PLC,2014,8296258230.0,
01003142,ROLLS-ROYCE HOLDINGS PLC,2015,8296258230.0,
01003142,ROLLS-ROYCE HOLDINGS PLC,2016,8296258230.0,
01003142,ROLLS-ROYCE HOLDINGS PLC,2017,8296258230.0,
01003142,ROLLS-ROYCE HOLDINGS PLC,2018,8287951336.0,
01003142,ROLLS-ROYCE HOLDINGS PLC,2019,8287951336.0,
01003142,ROLLS-ROYCE HOLDINGS PLC,2020,8287951336.0,
01003142,ROLLS-ROYCE HOLDINGS PLC,2021,8371769856.0,
01003142,ROLLS-ROYCE HOLDINGS PLC,2022,8371769856.0,
01003142,ROLLS-ROYCE HOLDINGS PLC,2023,8371769856.0,
00054485,Royal Dutch Shell A&B,2009,5725481692.0,
00054485,Royal Dutch Shell A&B,2010,5725481692.0,
00054485,Royal Dutch Shell A&B,2011,5725481692.0,
00054485,Royal Dutch Shell A&B,2012,5725481692.0,
00054485,Royal Dutch Shell A&B,2013,5725481692.0,
00054485,Royal Dutch Shell A&B,2014,5725481692.0,
00054485,Royal Dutch Shell A&B,2015,5725481692.0,
00054485,Royal Dutch Shell A&B,2016,5725481692.0,
00054485,Royal Dutch Shell A&B,2017,5725481692.0,
00054485,Royal Dutch Shell A&B,2018,5544012783.0,
00054485,Royal Dutch Shell A&B,2019,5544012783.0,
00054485,Royal Dutch Shell A&B,2020,5544012783.0,
00054485,Royal Dutch Shell A&B,2021,5956639744.0,
03183415,ST.JAMES'S PLACE PLC,2024,532905984.0,
01377658,Smith (DS),2021,1371000000.0,
01377658,Smith (DS),2023,1376000000.0,
01377658,Smith (DS),2024,1374000000.0,
00609782,Inchcape plc,1991,361950293.0,
00609782,Inchcape plc,1992,361950293.0,
00609782,Inchcape plc,1993,361950293.0,
00609782,Inchcape plc,1994,361950293.0,
02366619,Severn Trent,1990,301077332.0,
02366619,Severn Trent,1991,301077332.0,
02366619,Severn Trent,1992,301077332.0,
02366619,Severn Trent,1993,301077332.0,
02366619,Severn Trent,1995,301077332.0,
02366619,Severn Trent,1996,301077332.0,
02366619,Severn Trent,1997,301077332.0,
02366619,Severn Trent,1998,301077332.0,
03033654,Centrica,1998,4572933924.0,
03033654,Centrica,1999,4572933924.0,
03033654,Centrica,2000,4572933924.0,
03033654,Centrica,2001,4572933924.0,
03033654,Centrica,2002,4572933924.0,
03033654,Centrica,2003,4572933924.0,
03033654,Centrica,2004,4572933924.0,
03033654,Centrica,2005,4572933924.0,
03033654,Centrica,2006,4572933924.0,
03033654,Centrica,2011,4572933924.0,
03033654,Centrica,2012,4572933924.0,
03033654,Centrica,2013,4572933924.0,
03033654,Centrica,2014,4572933924.0,
03033654,Centrica,2015,4572933924.0,
03033654,Centrica,2016,4572933924.0,
03033654,Centrica,2017,4572933924.0,
03033654,Centrica,2018,4528992164.0,
03033654,Centrica,2019,4528992164.0,
00054485,Shell Transport & Trading Co,1996,5725481692.0,
00054485,Shell Transport & Trading Co,1997,5725481692.0,
00054485,Shell Transport & Trading Co,1998,5725481692.0,
00054485,Shell Transport & Trading Co,1999,5725481692.0,
00054485,Shell Transport & Trading Co,2000,5725481692.0,
00054485,Shell Transport & Trading Co,2001,5725481692.0,
00054485,Shell Transport & Trading Co,2002,5725481692.0,
00054485,Shell Transport & Trading Co,2003,5725481692.0,
00054485,Shell Transport & Trading Co,2004,5725481692.0,
00040932,HALMA PLC,2017,377701673.0,
00040932,HALMA PLC,2018,377678275.0,
00040932,HALMA PLC,2019,377678275.0,
00040932,HALMA PLC,2020,377678275.0,
00040932,HALMA PLC,2021,377188000.0,
00040932,HALMA PLC,2022,377188000.0,
00040932,HALMA PLC,2023,377188000.0,
00040932,HALMA PLC,2024,377188000.0,
10361298,ConvaTec Group,2016,1958260677.0,
00293262,Associated British Foods,1988,710544334.0,
00293262,Associated British Foods,1989,710544334.0,
00293262,Associated British Foods,1990,710544334.0,
00293262,ASSOCIATED BRITISH FOODS PLC,2013,710544334.0,https://www.abf.co.uk/content/dam/abf/corporate/Documents/investors/agm/2013_abf_nom.pdf
00293262,ASSOCIATED BRITISH FOODS PLC,2011,710544334.0,https://www.abf.co.uk/content/dam/abf/corporate/Documents/investors/agm/2011_notice_of_agm.pdf
00293262,Associated British Foods,1991,710544334.0,
00293262,Associated British Foods,1992,710544334.0,
00293262,Associated British Foods,1993,710544334.0,
00293262,Associated British Foods,1994,710544334.0,
00293262,Associated British Foods,1995,710544334.0,
00293262,Associated British Foods,1996,710544334.0,
00293262,Associated British Foods,1997,710544334.0,
00293262,Associated British Foods,1998,710544334.0,
00293262,Associated British Foods,1999,710544334.0,
02670969,GAMES WORKSHOP GROUP PLC,2024,32971600.0,
00293262,ASSOCIATED BRITISH FOODS PLC,2000,710544334.0,
00293262,ASSOCIATED BRITISH FOODS PLC,2001,710544334.0,
00293262,ASSOCIATED BRITISH FOODS PLC,2002,710544334.0,
00293262,ASSOCIATED BRITISH FOODS PLC,2003,710544334.0,
00293262,ASSOCIATED BRITISH FOODS PLC,2004,710544334.0,
00293262,ASSOCIATED BRITISH FOODS PLC,2005,710544334.0,
00293262,ASSOCIATED BRITISH FOODS PLC,2006,710544334.0,
00293262,ASSOCIATED BRITISH FOODS PLC,2007,710544334.0,
00293262,ASSOCIATED BRITISH FOODS PLC,2008,710544334.0,
00293262,ASSOCIATED BRITISH FOODS PLC,2009,710544334.0,
00293262,ASSOCIATED BRITISH FOODS PLC,2010,710544334.0,
00293262,ASSOCIATED BRITISH FOODS PLC,2012,710544334.0,
00293262,ASSOCIATED BRITISH FOODS PLC,2014,710544334.0,
00293262,ASSOCIATED BRITISH FOODS PLC,2015,710544334.0,
00293262,ASSOCIATED BRITISH FOODS PLC,2016,710544334.0,https://www.abf.co.uk/content/dam/abf/corporate/Documents/investors/agm/abf_2016_notice_of_meeting.pdf
00293262,ASSOCIATED BRITISH FOODS PLC,2017,710544334.0,
00293262,ASSOCIATED BRITISH FOODS PLC,2018,699826113.0,
00293262,ASSOCIATED BRITISH FOODS PLC,2019,699826113.0,
00293262,ASSOCIATED BRITISH FOODS PLC,2020,699826113.0,
00293262,ASSOCIATED BRITISH FOODS PLC,2021,719771008.0,
00293262,ASSOCIATED BRITISH FOODS PLC,2022,719771008.0,
00293262,ASSOCIATED BRITISH FOODS PLC,2023,719771008.0,
00293262,ASSOCIATED BRITISH FOODS PLC,2024,719771008.0,
SC117119,SSE PLC,2010,1200155266.0,
SC117119,SSE PLC,2011,1200155266.0,
SC117119,SSE PLC,2012,1200155266.0,
SC117119,SSE PLC,2013,1200155266.0,
SC117119,SSE PLC,2014,1200155266.0,
SC117119,SSE PLC,2015,1200155266.0,
SC117119,SSE PLC,2016,1200155266.0,
SC117119,SSE PLC,2017,1200155266.0,
SC117119,SSE PLC,2018,1206093793.0,
SC117119,SSE PLC,2019,1206093793.0,
SC117119,SSE PLC,2020,1206093793.0,
SC117119,SSE PLC,2021,1099299968.0,
SC117119,SSE PLC,2022,1099299968.0,
SC117119,SSE PLC,2023,1099299968.0,
SC117119,SSE PLC,2024,1099299968.0,
00137013,Smiths Group,2000,322602036.0,
00137013,Smiths Group,2001,322602036.0,
00137013,Smiths Group,2002,322602036.0,
00137013,Smiths Group,2003,322602036.0,
00137013,Smiths Group,2004,322602036.0,
00137013,Smiths Group,2005,322602036.0,
00137013,Smiths Group,2006,322602036.0,
00137013,Smiths Group,2007,322602036.0,
00137013,Smiths Group,2008,322602036.0,
00137013,Smiths Group,2011,322602036.0,
00137013,Smiths Group,2012,322602036.0,
00137013,Smiths Group,2013,322602036.0,
00137013,Smiths Group,2014,322602036.0,
00137013,Smiths Group,2015,322602036.0,
SC007058,SCOTTISH MORTGAGE INV TST PLC,2017,1095782655.0,
SC007058,SCOTTISH MORTGAGE INV TST PLC,2018,1099926806.0,
SC007058,SCOTTISH MORTGAGE INV TST PLC,2019,1099926806.0,
SC007058,SCOTTISH MORTGAGE INV TST PLC,2020,1099926806.0,
SC007058,SCOTTISH MORTGAGE INV TST PLC,2021,1194550016.0,
SC007058,SCOTTISH MORTGAGE INV TST PLC,2022,1194550016.0,
SC007058,SCOTTISH MORTGAGE INV TST PLC,2023,1194550016.0,
SC007058,SCOTTISH MORTGAGE INV TST PLC,2024,1194550016.0,
SC278251,Wood Group (John),2012,691222163.0,
03675683,Ashmore Group,2011,651923463.0,
00054485,SHELL PLC,2022,5956639744.0,
00054485,SHELL PLC,2023,5956639744.0,
00054485,SHELL PLC,2024,5956639744.0,
03899848,DIPLOMA PLC,2023,134031000.0,
03899848,DIPLOMA PLC,2024,134031000.0,
03633621,Investec,2010,638714496.0,
02048608,Serco Group,2008,991252599.0,
02048608,Serco Group,2009,991252599.0,
02048608,Serco Group,2010,991252599.0,
02048608,Serco Group,2011,991252599.0,
02048608,Serco Group,2012,991252599.0,
00137013,SMITHS GROUP PLC,2016,322602036.0,
00137013,SMITHS GROUP PLC,2017,322602036.0,
00137013,SMITHS GROUP PLC,2018,299169175.0,
00137013,SMITHS GROUP PLC,2019,299169175.0,
00137013,SMITHS GROUP PLC,2020,299169175.0,
00137013,SMITHS GROUP PLC,2021,334364000.0,
00137013,SMITHS GROUP PLC,2022,334364000.0,
00137013,SMITHS GROUP PLC,2023,334364000.0,
00137013,SMITHS GROUP PLC,2024,334364000.0,
04709270,DCC PLC,2015,96896329.0,
04709270,DCC PLC,2016,96896329.0,
04709270,DCC PLC,2018,85424135.0,
04709270,DCC PLC,2019,85424135.0,
04709270,DCC PLC,2020,85424135.0,
04709270,DCC PLC,2021,98966200.0,
04709270,DCC PLC,2022,98966200.0,
04709270,DCC PLC,2023,98966200.0,
04709270,DCC PLC,2024,98966200.0,
02366623,Thames Water,1990,3537822595.0,
00358949,Morrison Supermarkets,2019,2405000000.0,
00358949,Morrison Supermarkets,2020,2410000000.0,
07118170,Avast,2020,1026976744.0,
07118170,Avast,2021,10045271.0,
05134647,Micro Focus International,2018,423403184.0,
02122142,Hargreaves Lansdown,2018,470000000.0,
02122142,Hargreaves Lansdown,2019,470100000.0,
02122142,Hargreaves Lansdown,2020,469300000.0,
02339826,RSA Insurance Group,2018,1035000000.0,
02339826,RSA Insurance Group,2019,1035000000.0,
02339826,RSA Insurance Group,2020,1035000000.0,
00432989,Meggitt,2019,776492083.0,
00432989,Meggitt,2021,781842818.0,
07784342,Evraz,2018,1435704075.0,
07784342,Evraz,2019,1474473492.0,
07784342,Evraz,2020,1520019499.0,
02280426,Direct Line Insurance Group,2018,1359000000.0,
07712220,NMC Health,2018,208535000.0,
07712220,NMC Health,2019,208535000.0,
06947854,Just Eat,2019,683122565.0,
10691596,PHOENIX GROUP HOLDINGS PLC,2019,718700000.0,
10691596,PHOENIX GROUP HOLDINGS PLC,2020,842500000.0,
01807982,ASHTEAD GROUP PLC,2018,480000000.0,
01807982,ASHTEAD GROUP PLC,2019,450000000.0,
01807982,ASHTEAD GROUP PLC,2020,440000000.0,
01377658,Smith (DS),2018,1367858336.0,
01377658,Smith (DS),2019,1370770432.0,
01397169,PRUDENTIAL PLC,2003,2538948421.0,https://www.sec.gov/Archives/edgar/data/1116578/000104746904017763/a2135715z20-f.htm
01397169,PRUDENTIAL PLC,2004,2538948421.0,https://www.sec.gov/Archives/edgar/data/1116578/000104746905018015/a2159629z20-f.htm
01397169,PRUDENTIAL PLC,2005,2538948421.0,https://www.sec.gov/Archives/edgar/data/1116578/000104746906008960/a2171264z20-f.htm
01377658,Smith (DS),2020,1371169247.0,
02937296,Aveva Group,2019,161512228.0,
02937296,Aveva Group,2020,287252024.0,
02937296,Aveva Group,2021,302941176.0,
02937296,Aveva Group,2022,305660377.0,
SC278251,Wood Group (John),2018,660000000.0,
05393279,RENTOKIL INITIAL PLC,2024,2513139968.0,
03909886,SCHRODERS PLC,2017,1550574398.0,
03909886,SCHRODERS PLC,2018,1559320966.0,
03909886,SCHRODERS PLC,2019,1559320966.0,
04256886,MARKS & SPENCER GROUP PLC,2023,2023360000.0,
04256886,MARKS & SPENCER GROUP PLC,2024,2023360000.0,
09800044,Melrose Industries,2013,1261881814.0,
09800044,Melrose Industries,2012,1261881814.0,
03033654,Centrica,1997,4572933924.0,
04709270,DCC PLC,2017,96896329.0,
01397169,PRUDENTIAL PLC,2000,2538948421.0,
01397169,PRUDENTIAL PLC,2001,2538948421.0,
01397169,PRUDENTIAL PLC,2006,2538948421.0,
01397169,PRUDENTIAL PLC,2018,2496397740.0,
01397169,PRUDENTIAL PLC,2019,2496397740.0,
01397169,PRUDENTIAL PLC,2020,2496397740.0,
01397169,PRUDENTIAL PLC,2021,2594360064.0,
01397169,PRUDENTIAL PLC,2022,2594360064.0,
01397169,PRUDENTIAL PLC,2023,2594360064.0,
01397169,PRUDENTIAL PLC,2024,2594360064.0,
06947854,Just Eat Takeaway.com,2020,148758803.0,
08762327,Worldpay Group,2016,2000000000.0,
08700412,Merlin Entertainments,2016,1015809266.0,
03407696,BRITISH AMERICAN TOBACCO PLC,2019,2159777821.0,
03407696,BRITISH AMERICAN TOBACCO PLC,2020,2159777821.0,
03407696,BRITISH AMERICAN TOBACCO PLC,2021,2193959936.0,
03407696,BRITISH AMERICAN TOBACCO PLC,2022,2193959936.0,
03407696,BRITISH AMERICAN TOBACCO PLC,2023,2193959936.0,
04031152,NATIONAL GRID PLC,2002,4961538207.0,
04031152,NATIONAL GRID PLC,2001,4961538207.0,
04031152,NATIONAL GRID PLC,2000,4961538207.0,
04031152,NATIONAL GRID PLC,1999,4961538207.0,
04031152,NATIONAL GRID PLC,1998,4961538207.0,
04031152,NATIONAL GRID PLC,1997,4961538207.0,
00053723,PEARSON PLC,2006,636393445.0,https://www.sec.gov/Archives/edgar/data/938323/000115697307000689/u51998e20vf.htm
00053723,PEARSON PLC,2008,636393445.0,https://www.sec.gov/Archives/edgar/data/938323/000115697309000180/u06365e20vf.htm
00053723,PEARSON PLC,1999,636393445.0,
00053723,PEARSON PLC,2000,636393445.0,
00053723,PEARSON PLC,2001,636393445.0,
00053723,PEARSON PLC,2002,636393445.0,
00053723,PEARSON PLC,2003,636393445.0,
00053723,PEARSON PLC,2004,636393445.0,
00053723,PEARSON PLC,2009,636393445.0,https://www.sec.gov/Archives/edgar/data/938323/000095012310030499/u08539e20vf.htm
00053723,PEARSON PLC,2010,636393445.0,https://www.sec.gov/Archives/edgar/data/938323/000095012311029128/u10804e20vf.htm
04031152,NATIONAL GRID PLC,1996,4961538207.0,
04031152,NATIONAL GRID PLC,1995,4961538207.0,
04369054,LAND SECURITIES GROUP PLC,2007,744990874.0,
04369054,LAND SECURITIES GROUP PLC,2008,744990874.0,
03909886,SCHRODERS PLC,2020,1559320966.0,
03909886,SCHRODERS PLC,2021,1550569984.0,
03909886,SCHRODERS PLC,2007,1550574398.0,
03909886,SCHRODERS PLC,2008,1550574398.0,
03909886,SCHRODERS PLC,2009,1550574398.0,
04120344,WHITBREAD PLC,2018,167141535.0,
00445790,TESCO PLC,2010,6422021450.0,
09800044,MELROSE INDUSTRIES PLC,2018,1246269295.0,
00053723,PEARSON PLC,2005,636393445.0,
00053723,PEARSON PLC,2007,636393445.0,
00053723,PEARSON PLC,2011,636393445.0,
09800044,MELROSE INDUSTRIES PLC,2019,1246269295.0,
09800044,MELROSE INDUSTRIES PLC,2020,1246269295.0,
09800044,MELROSE INDUSTRIES PLC,2021,1275440000.0,
09800044,MELROSE INDUSTRIES PLC,2022,1275440000.0,
09800044,MELROSE INDUSTRIES PLC,2023,1275440000.0,
09800044,MELROSE INDUSTRIES PLC,2024,1275440000.0,
00445790,TESCO PLC,2015,6422021450.0,
00445790,TESCO PLC,2016,6422021450.0,
00445790,TESCO PLC,2017,6422021450.0,
00041424,UNILEVER PLC,2019,2153438602.0,
00041424,UNILEVER PLC,2020,2153438602.0,
00041424,UNILEVER PLC,2021,2456489984.0,
00041424,UNILEVER PLC,2022,2456489984.0,
00041424,UNILEVER PLC,2023,2456489984.0,
00041424,UNILEVER PLC,2024,2456489984.0,
03959649,EASYJET PLC,2024,750788992.0,
02081330,Capita Group,2009,113748942.0,
02081330,Capita Group,2010,113748942.0,
02081330,Capita Group,2013,113748942.0,
SC787001,Cairn Energy,2011,68588132.0,
SC787001,Cairn Energy,2010,68588132.0,
SC787001,Cairn Energy,2009,68588132.0,
SC787001,Cairn Energy,2008,68588132.0,
SC787001,Cairn Energy,2007,68588132.0,
SC787001,Cairn Energy,2006,68588132.0,
SC787001,Cairn Energy,2005,68588132.0,
SC787001,Cairn Energy,2004,68588132.0,
04083914,Granada Compass,2000,1697131467.0,
04083914,COMPASS GROUP PLC,2008,1697131467.0,
04083914,COMPASS GROUP PLC,2009,1697131467.0,
04083914,COMPASS GROUP PLC,2010,1697131467.0,
00102498,The British Petroleum Company PLC,1988,15326542620.0,
FC037925,GVC Holdings,2018,639907947.0,
FC037925,ENTAIN PLC,2020,639907947.0,
FC037925,ENTAIN PLC,2021,639537984.0,
03407696,BRITISH AMERICAN TOBACCO PLC,1998,2175091544.0,
SC095000,LLOYDS BANKING GROUP PLC,2023,60021698560.0,
SC095000,LLOYDS BANKING GROUP PLC,2022,60021698560.0,
SC095000,LLOYDS BANKING GROUP PLC,2021,60021698560.0,
SC095000,LLOYDS BANKING GROUP PLC,2020,58186488702.0,
SC095000,LLOYDS BANKING GROUP PLC,1998,58838688466.0,
SC095000,LLOYDS BANKING GROUP PLC,1997,58838688466.0,
00053723,PEARSON PLC,2012,636393445.0,https://www.sec.gov/Archives/edgar/data/938323/000119312513121941/d498137d20f.htm
00053723,PEARSON PLC,2013,636393445.0,https://www.sec.gov/Archives/edgar/data/938323/000119312514117876/d693538d20f.htm
00053723,PEARSON PLC,2014,636393445.0,https://www.sec.gov/Archives/edgar/data/938323/000119312515106592/d840201d20f.htm
00053723,PEARSON PLC,2015,636393445.0,https://www.sec.gov/Archives/edgar/data/938323/000119312516514379/d57943d20f.htm
00053723,PEARSON PLC,2017,636393445.0,https://www.sec.gov/Archives/edgar/data/938323/000119312518106891/d525147d20f.htm
SC095000,LLOYDS BANKING GROUP PLC,1996,58838688466.0,
SC095000,LLOYDS BANKING GROUP PLC,1995,58838688466.0,
00102498,The British Petroleum Company PLC,1993,15326542620.0,
04031152,NATIONAL GRID PLC,2024,4897120256.0,
04369054,LAND SECURITIES GROUP PLC,2004,744990874.0,
04369054,LAND SECURITIES GROUP PLC,2005,744990874.0,
04369054,LAND SECURITIES GROUP PLC,2006,744990874.0,
04031152,NATIONAL GRID PLC,2003,4961538207.0,
00102498,The British Petroleum Company PLC,1994,15326542620.0,
06270876,RECKITT BENCKISER GROUP PLC,2016,673444038.0,
03909886,Schroders,2001,1550574398.0,
03909886,Schroders,2000,1550574398.0,
00053723,PEARSON PLC,2016,636393445.0,
00053723,PEARSON PLC,2018,600415469.0,
00053723,PEARSON PLC,2019,600415469.0,
00053723,PEARSON PLC,2020,600415469.0,
00053723,PEARSON PLC,2021,663049984.0,
00053723,PEARSON PLC,2022,663049984.0,
00053723,PEARSON PLC,2023,663049984.0,
00053723,PEARSON PLC,2024,663049984.0,
02342138,Babcock International Group,2012,498523792.0,
02342138,Babcock International Group,2013,498523792.0,
02342138,Babcock International Group,2014,498523792.0,
03909886,Schroders,1999,1550574398.0,
03909886,Schroders,1998,1550574398.0,
03909886,Schroders,1997,1550574398.0,
03909886,Schroders,1996,1550574398.0,
03909886,Schroders,1995,1550574398.0,
03909886,Schroders,1994,1550574398.0,
04256886,Marks and Spencer Group,2011,2016516805.0,
04256886,Marks and Spencer Group,2012,2016516805.0,
04256886,Marks and Spencer Group,2013,2016516805.0,
04256886,Marks and Spencer Group,2014,2016516805.0,
04256886,Marks and Spencer Group,2015,2016516805.0,
00076535,Tate & Lyle,1992,441684581.0,
04256886,Marks and Spencer Group,2016,2016516805.0,
02081330,Capita Group,2002,113748942.0,
04256886,Marks and Spencer Group,2017,2016516805.0,
04256886,Marks and Spencer Group,2018,2054874278.0,
00214436,Marks and Spencer,1988,2016516805.0,
02081330,Capita Group,2004,113748942.0,
16133984,Abrdn,2022,1786780032.0,
02342138,Babcock International Group,2015,498523792.0,
02342138,Babcock International Group,2016,498523792.0,
09439967,AUTO TRADER GROUP PLC,2018,790185080.0,
09439967,AUTO TRADER GROUP PLC,2019,790185080.0,
09439967,AUTO TRADER GROUP PLC,2020,790185080.0,
09439967,AUTO TRADER GROUP PLC,2021,878910016.0,
09439967,AUTO TRADER GROUP PLC,2022,878910016.0,
09439967,AUTO TRADER GROUP PLC,2023,878910016.0,
09439967,AUTO TRADER GROUP PLC,2024,878910016.0,
04267576,INTERTEK GROUP PLC,2009,153996854.0,
03888792,GlaxoSmithKline,2008,4016529083.0,https://www.sec.gov/Archives/edgar/data/1131399/000119163809000019/gsk200901056k.htm
03888792,GlaxoSmithKline,2009,4016529083.0,https://www.sec.gov/Archives/edgar/data/1131399/000095012310019098/u08350e20vf.htm
03888792,GlaxoSmithKline,2010,4016529083.0,https://www.sec.gov/Archives/edgar/data/1131399/000095012311022182/u10626e20vf.htm
03888792,GlaxoSmithKline,2011,4016529083.0,https://www.sec.gov/Archives/edgar/data/1131399/000119312512112357/d268160d20f.htm
00029423,Whitbread,1998,169779094.0,
00029423,Whitbread,1999,169779094.0,
00029423,Whitbread,2002,169779094.0,
00029423,Whitbread,2003,169779094.0,
00029423,Whitbread,2004,169779094.0,
15998687,Barratt Developments,2020,1010000000.0,
00929027,National Westminster Bank,1992,8006203369.0,
00929027,National Westminster Bank,1993,8006203369.0,
00929027,National Westminster Bank,1995,8006203369.0,
00551412,Land Securities,2000,744990874.0,
00551412,Land Securities,2001,744990874.0,
00102498,The British Petroleum Company PLC,1990,15326542620.0,
00102498,The British Petroleum Company PLC,1992,15326542620.0,
02081330,Capita Group,2015,113748942.0,
05172586,BERKELEY GROUP HOLDINGS (THE) PLC,2020,92206631.0,
02723534,ASTRAZENECA PLC,2012,1550270564.0,https://www.sec.gov/Archives/edgar/data/901832/000095010313001915/dp36881_20f.htm
03199160,UNITE GROUP PLC,2024,488588992.0,
05369106,LONDON STOCK EXCHANGE GROUP PLC,2013,512644492.0,
05369106,LONDON STOCK EXCHANGE GROUP PLC,2014,512644492.0,
05369106,LONDON STOCK EXCHANGE GROUP PLC,2015,512644492.0,
05369106,LONDON STOCK EXCHANGE GROUP PLC,2016,512644492.0,
05369106,LONDON STOCK EXCHANGE GROUP PLC,2017,512644492.0,
05369106,LONDON STOCK EXCHANGE GROUP PLC,2018,486909949.0,
05369106,LONDON STOCK EXCHANGE GROUP PLC,2019,486909949.0,
05369106,LONDON STOCK EXCHANGE GROUP PLC,2020,486909949.0,
05369106,LONDON STOCK EXCHANGE GROUP PLC,2021,528387008.0,
05369106,LONDON STOCK EXCHANGE GROUP PLC,2022,528387008.0,
05369106,LONDON STOCK EXCHANGE GROUP PLC,2023,528387008.0,
05369106,LONDON STOCK EXCHANGE GROUP PLC,2024,528387008.0,
00053723,PEARSON PLC,1988,636393445.0,
00053723,PEARSON PLC,1989,636393445.0,
00053723,PEARSON PLC,1990,636393445.0,
00053723,PEARSON PLC,1991,636393445.0,
00053723,PEARSON PLC,1992,636393445.0,
00053723,PEARSON PLC,1993,636393445.0,
00053723,PEARSON PLC,1994,636393445.0,
00053723,PEARSON PLC,1995,636393445.0,
04267576,INTERTEK GROUP PLC,2010,153996854.0,
04267576,INTERTEK GROUP PLC,2011,153996854.0,
04267576,INTERTEK GROUP PLC,2012,153996854.0,
04267576,INTERTEK GROUP PLC,2013,153996854.0,
04267576,INTERTEK GROUP PLC,2014,153996854.0,
04267576,INTERTEK GROUP PLC,2015,153996854.0,
04267576,INTERTEK GROUP PLC,2016,153996854.0,
02723534,ASTRAZENECA PLC,2018,1550862203.0,
02723534,ASTRAZENECA PLC,2019,1550862203.0,
02723534,ASTRAZENECA PLC,2021,1550179968.0,
02723534,ASTRAZENECA PLC,2022,1550179968.0,
02723534,ASTRAZENECA PLC,2023,1550179968.0,
02723534,ASTRAZENECA PLC,2024,1550179968.0,
03959649,Easyjet,2017,750789040.0,
03959649,Easyjet,2018,747526182.0,
03959649,Easyjet,2019,747526182.0,
05134420,INTERCONTINENTAL HOTELS GROUP PLC,2003,150387227.0,
05134420,INTERCONTINENTAL HOTELS GROUP PLC,2004,150387227.0,
05134420,INTERCONTINENTAL HOTELS GROUP PLC,2005,150387227.0,
05134420,INTERCONTINENTAL HOTELS GROUP PLC,2006,150387227.0,
05134420,INTERCONTINENTAL HOTELS GROUP PLC,2007,150387227.0,
05134420,INTERCONTINENTAL HOTELS GROUP PLC,2008,150387227.0,
00137013,Smiths Industries,1995,322602036.0,
00137013,Smiths Industries,1996,322602036.0,
07098618,Ocado Group,2022,824795008.0,
07098618,Ocado Group,2023,824795008.0,
00358948,Bunzl,2002,322409010.0,
00358948,Bunzl,2003,322409010.0,
00358948,Bunzl,2004,322409010.0,
00358948,Bunzl,2008,322409010.0,
00358948,Bunzl,2009,322409010.0,
00358948,Bunzl,2010,322409010.0,
00445790,TESCO PLC,1988,6422021450.0,
00445790,TESCO PLC,1989,6422021450.0,
00445790,TESCO PLC,1990,6422021450.0,
00445790,TESCO PLC,1991,6422021450.0,
00445790,TESCO PLC,1992,6422021450.0,
00445790,TESCO PLC,1993,6422021450.0,
00445790,TESCO PLC,1994,6422021450.0,
02670617,WPP Group,2004,1078762589.0,
02670617,WPP Group,2005,1078762589.0,
02670617,WPP Group,2006,1078762589.0,
02670617,WPP Group,2007,1078762589.0,
02670617,WPP Group,2008,1078762589.0,
02670617,WPP Group,2009,1078762589.0,
02670617,WPP Group,2010,1078762589.0,
02670617,WPP Group,2011,1078762589.0,
01142830,3I GROUP PLC,2014,986519402.0,
01142830,3I GROUP PLC,2015,986519402.0,
00023307,DIAGEO PLC,2007,2223402464.0,
00023307,DIAGEO PLC,2008,2223402464.0,
00023307,DIAGEO PLC,2009,2223402464.0,
00023307,DIAGEO PLC,2010,2223402464.0,
00023307,DIAGEO PLC,2011,2223402464.0,
00023307,DIAGEO PLC,2012,2223402464.0,
00023307,DIAGEO PLC,2013,2223402464.0,
00023307,DIAGEO PLC,2014,2223402464.0,
00023307,DIAGEO PLC,2015,2223402464.0,
00023307,DIAGEO PLC,2016,2223402464.0,
00023307,DIAGEO PLC,2017,2223402464.0,
01142830,3I GROUP PLC,2016,986519402.0,
01142830,3I GROUP PLC,2017,986519402.0,
01142830,3I GROUP PLC,2018,1008141803.0,
02468686,AVIVA PLC,2009,3039060486.0,
02366623,Thames Water,1997,3537822595.0,
02366623,Thames Water,1998,3537822595.0,
02366623,Thames Water,1999,3537822595.0,
01397169,PRUDENTIAL PLC,1988,2538948421.0,
01397169,PRUDENTIAL PLC,1989,2538948421.0,
01397169,PRUDENTIAL PLC,1990,2538948421.0,
01397169,PRUDENTIAL PLC,1991,2538948421.0,
01397169,PRUDENTIAL PLC,1992,2538948421.0,
01397169,PRUDENTIAL PLC,1993,2538948421.0,
01397169,PRUDENTIAL PLC,1994,2538948421.0,
01397169,PRUDENTIAL PLC,1995,2538948421.0,
01397169,PRUDENTIAL PLC,1996,2538948421.0,
01397169,PRUDENTIAL PLC,1997,2538948421.0,
01397169,PRUDENTIAL PLC,1998,2538948421.0,
01397169,PRUDENTIAL PLC,1999,2538948421.0,
FC029884,INTL CONSOLIDATED AIRLINES GROUP SA,2011,4573851651.0,
FC029884,INTL CONSOLIDATED AIRLINES GROUP SA,2012,4573851651.0,
FC029884,INTL CONSOLIDATED AIRLINES GROUP SA,2013,4573851651.0,
FC029884,INTL CONSOLIDATED AIRLINES GROUP SA,2014,4573851651.0,
FC029884,INTL CONSOLIDATED AIRLINES GROUP SA,2015,4573851651.0,
FC029884,INTL CONSOLIDATED AIRLINES GROUP SA,2016,4573851651.0,
FC029884,INTL CONSOLIDATED AIRLINES GROUP SA,2017,4573851651.0,
FC029884,INTL CONSOLIDATED AIRLINES GROUP SA,2018,4436778958.0,
FC029884,INTL CONSOLIDATED AIRLINES GROUP SA,2019,4436778958.0,
FC029884,INTL CONSOLIDATED AIRLINES GROUP SA,2020,4436778958.0,
FC029884,INTL CONSOLIDATED AIRLINES GROUP SA,2021,4754079744.0,
FC029884,INTL CONSOLIDATED AIRLINES GROUP SA,2022,4754079744.0,
00048839,BARCLAYS PLC,1998,13896755413.0,
00048839,BARCLAYS PLC,1999,13896755413.0,
00048839,BARCLAYS PLC,2000,13896755413.0,
00048839,BARCLAYS PLC,2001,13896755413.0,
00048839,BARCLAYS PLC,2002,13896755413.0,https://www.sec.gov/Archives/edgar/data/312069/000104746903010033/a2105635z20-f.htm
00048839,BARCLAYS PLC,2003,13896755413.0,https://www.sec.gov/Archives/edgar/data/312069/000115697304000348/u47239e20vf.htm
00048839,BARCLAYS PLC,2006,13896755413.0,https://www.sec.gov/Archives/edgar/data/312069/000119312507065174/d6k.htm
00048839,BARCLAYS PLC,2008,13896755413.0,https://www.sec.gov/Archives/edgar/data/312069/000119312509061769/d20f.htm
00048839,BARCLAYS PLC,2009,13896755413.0,https://www.sec.gov/Archives/edgar/data/312069/000119312510061597/d20f.htm
00048839,BARCLAYS PLC,2010,13896755413.0,https://www.sec.gov/Archives/edgar/data/312069/000119312511072441/d20f.htm
00048839,BARCLAYS PLC,2011,13896755413.0,https://www.sec.gov/Archives/edgar/data/312069/000119312512142026/d278890d20f.htm
00048839,BARCLAYS PLC,2013,13896755413.0,https://www.sec.gov/Archives/edgar/data/312069/000119312514099379/d686589d20f.htm
00048839,BARCLAYS PLC,2015,13896755413.0,https://www.sec.gov/Archives/edgar/data/312069/000119312516487425/d109098d20f.htm
00048839,BARCLAYS PLC,2005,13896755413.0,https://www.sec.gov/Archives/edgar/data/312070/000119312506071730/d20f.htm
00048839,BARCLAYS PLC,2014,13896755413.0,https://www.sec.gov/Archives/edgar/data/312069/000119312515075307/d793693d20f.htm
00048839,BARCLAYS PLC,2016,13896755413.0,https://www.sec.gov/Archives/edgar/data/312069/000119312517053952/d342762d20f.htm
00048839,BARCLAYS PLC,2004,13896755413.0,
00048839,BARCLAYS PLC,2007,13896755413.0,
00048839,BARCLAYS PLC,2012,13896755413.0,
00048839,BARCLAYS PLC,2018,13486618629.0,
00048839,BARCLAYS PLC,2019,13486618629.0,
00048839,BARCLAYS PLC,2020,13486618629.0,
00048839,BARCLAYS PLC,2021,14282500096.0,
00048839,BARCLAYS PLC,2022,14282500096.0,
00048839,BARCLAYS PLC,2023,14282500096.0,
00048839,BARCLAYS PLC,2024,14282500096.0,
02366640,Pennon Group,2020,471732134.0,
02837811,Hiscox,2018,319811562.0,
03564138,ANGLO AMERICAN PLC,1999,1067258862.0,
03564138,ANGLO AMERICAN PLC,2000,1067258862.0,
00191285,Rexam,2010,876864000.0,https://www.annualreports.com/HostedData/AnnualReportArchive/r/LSE_REX.L_2011.pdf
00191285,Rexam,2011,877031000.0,https://www.annualreports.com/HostedData/AnnualReportArchive/r/LSE_REX.L_2011.pdf
00191285,Rexam,2013,791961000.0,https://s1.q4cdn.com/288660599/files/doc_downloads/reports_and_publications/Rexam-2014-Annual-Report.pdf
03564138,ANGLO AMERICAN PLC,2001,1067258862.0,
03564138,ANGLO AMERICAN PLC,2002,1067258862.0,
02081330,Capita Group,2008,113748942.0,
03564138,ANGLO AMERICAN PLC,2003,1067258862.0,
03564138,ANGLO AMERICAN PLC,2004,1067258862.0,
03564138,ANGLO AMERICAN PLC,2005,1067258862.0,
03564138,ANGLO AMERICAN PLC,2006,1067258862.0,
03564138,ANGLO AMERICAN PLC,2007,1067258862.0,
03690065,BG Group,2008,3582000000.0,https://www.annualreports.co.uk/HostedData/AnnualReportArchive/b/LSE_BG_2008.pdf
03564138,ANGLO AMERICAN PLC,2008,1067258862.0,
03564138,ANGLO AMERICAN PLC,2009,1067258862.0,
03564138,ANGLO AMERICAN PLC,2010,1067258862.0,
03564138,ANGLO AMERICAN PLC,2011,1067258862.0,
03564138,ANGLO AMERICAN PLC,2012,1067258862.0,
03564138,ANGLO AMERICAN PLC,2013,1067258862.0,
03564138,ANGLO AMERICAN PLC,2014,1067258862.0,
03564138,ANGLO AMERICAN PLC,2015,1067258862.0,
03564138,ANGLO AMERICAN PLC,2016,1067258862.0,
03564138,ANGLO AMERICAN PLC,2017,1067258862.0,
03564138,ANGLO AMERICAN PLC,2018,1071487947.0,
03564138,ANGLO AMERICAN PLC,2019,1071487947.0,
00041424,UNILEVER PLC,2008,2451887221.0,https://www.sec.gov/Archives/edgar/data/217410/000095012309004220/u06012e20vf.htm
00041424,UNILEVER PLC,2009,2451887221.0,https://www.sec.gov/Archives/edgar/data/217410/000095012310021284/u07927e6vk.htm
00966425,STANDARD CHARTERED PLC,1992,2275058618.0,
00966425,STANDARD CHARTERED PLC,1993,2275058618.0,
00966425,STANDARD CHARTERED PLC,1994,2275058618.0,
00966425,STANDARD CHARTERED PLC,1995,2275058618.0,
00966425,STANDARD CHARTERED PLC,1996,2275058618.0,
00966425,STANDARD CHARTERED PLC,1997,2275058618.0,
00966425,STANDARD CHARTERED PLC,1998,2275058618.0,
00966425,STANDARD CHARTERED PLC,1999,2275058618.0,
00966425,STANDARD CHARTERED PLC,2000,2275058618.0,
00966425,STANDARD CHARTERED PLC,2001,2275058618.0,
00966425,STANDARD CHARTERED PLC,2002,2275058618.0,
08860726,INFORMA PLC,2020,1254785752.0,
00077536,Reed International Plc,1989,1818823370.0,
00077536,Reed International Plc,1990,1818823370.0,
00077536,Reed International Plc,1991,1818823370.0,
00077536,Reed International Plc,1992,1818823370.0,
01470151,British Aerospace,1988,2920008658.0,
01470151,British Aerospace,1989,2920008658.0,
01470151,British Aerospace,1990,2920008658.0,
01470151,British Aerospace,1991,2920008658.0,
01470151,British Aerospace,1993,2920008658.0,
01470151,British Aerospace,1994,2920008658.0,
01470151,British Aerospace,1995,2920008658.0,
01470151,British Aerospace,1996,2920008658.0,
01470151,British Aerospace,1997,2920008658.0,
01470151,British Aerospace,1998,2920008658.0,
07124797,LONDONMETRIC PROPERTY PLC,2024,2052530048.0,
11444019,M&G PLC,2019,2382324404.0,
11444019,M&G PLC,2020,2382324404.0,
11444019,M&G PLC,2021,2367840000.0,
11444019,M&G PLC,2022,2367840000.0,
11444019,M&G PLC,2023,2367840000.0,
11444019,M&G PLC,2024,2367840000.0,
03458224,Burberry Group,2009,360982938.0,
03458224,Burberry Group,2013,360982938.0,
03458224,Burberry Group,2014,360982938.0,
03458224,Burberry Group,2015,360982938.0,
03458224,Burberry Group,2016,360982938.0,
03458224,Burberry Group,2017,360982938.0,
03458224,Burberry Group,2018,359208717.0,
03458224,Burberry Group,2019,359208717.0,
03458224,Burberry Group,2020,359208717.0,
03458224,Burberry Group,2021,359176992.0,
03458224,Burberry Group,2022,359176992.0,
03458224,Burberry Group,2023,359176992.0,
00077536,Reed Elsevier Plc,1993,1818823370.0,
00077536,Reed Elsevier Plc,1994,1818823370.0,
00077536,Reed Elsevier Plc,1995,1818823370.0,
00077536,Reed Elsevier Plc,1996,1818823370.0,
00077536,Reed Elsevier Plc,1997,1818823370.0,
00077536,Reed Elsevier Plc,1998,1818823370.0,
00077536,Reed Elsevier Plc,1999,1818823370.0,
00077536,Reed Elsevier Plc,2000,1818823370.0,
00077536,Reed Elsevier Plc,2001,1818823370.0,
00077536,Reed Elsevier Plc,2002,1818823370.0,
00077536,Reed Elsevier Plc,2003,1818823370.0,
00077536,Reed Elsevier Plc,2004,1818823370.0,
00077536,Reed Elsevier Plc,2007,1818823370.0,
00077536,Reed Elsevier Plc,2008,1818823370.0,
00077536,Reed Elsevier Plc,2009,1818823370.0,
00077536,Reed Elsevier Plc,2014,1818823370.0,
02122142,Hargreaves Lansdown,2021,473790775.0,
02122142,Hargreaves Lansdown,2022,473948642.0,
00137013,Smiths Group,2009,322602036.0,
00077536,Reed Elsevier Plc,2010,1818823370.0,https://www.sec.gov/Archives/edgar/data/929869/000095012311023614/u10507e20vf.htm
00077536,Reed Elsevier Plc,2011,1818823370.0,https://www.sec.gov/Archives/edgar/data/929869/000119312512109608/d281882d20f.htm
00077536,Reed Elsevier Plc,2012,1818823370.0,https://www.sec.gov/Archives/edgar/data/929869/000119312513102978/d470533d20f.htm
00077536,Reed Elsevier Plc,2013,1818823370.0,https://www.sec.gov/Archives/edgar/data/929869/000119312514093280/d659533d20f.htm
01142830,3i Group,2000,986519402.0,
01142830,3i Group,2001,986519402.0,
01142830,3i Group,2007,986519402.0,
01142830,3i Group,2008,986519402.0,
01142830,3i Group,2009,986519402.0,
01142830,3i Group,2010,986519402.0,
00899099,WPP PLC,2012,1078762589.0,
00899099,WPP PLC,2013,1078762589.0,
00899099,WPP PLC,2014,1078762589.0,
00899099,WPP PLC,2015,1078762589.0,
00899099,WPP PLC,2016,1078762589.0,
00899099,WPP PLC,2017,1078762589.0,
00899099,WPP PLC,2018,1078524533.0,
00899099,WPP PLC,2019,1078524533.0,
00899099,WPP PLC,2020,1078524533.0,
00899099,WPP PLC,2021,1078759936.0,
00899099,WPP PLC,2022,1078759936.0,
00899099,WPP PLC,2023,1078759936.0,
00899099,WPP PLC,2024,1078759936.0,
SC117119,Southern Electric,1994,1200155266.0,
SC117119,Southern Electric,1995,1200155266.0,
00137013,Smiths Group,2010,322602036.0,
02723534,ASTRAZENECA PLC,1999,1550270564.0,
02723534,ASTRAZENECA PLC,2000,1550270564.0,
02723534,ASTRAZENECA PLC,2001,1550270564.0,
02723534,ASTRAZENECA PLC,2002,1550270564.0,
02723534,ASTRAZENECA PLC,2003,1550270564.0,
02723534,ASTRAZENECA PLC,2004,1550270564.0,
02723534,ASTRAZENECA PLC,2009,1550270564.0,https://www.sec.gov/Archives/edgar/data/901832/000095010310000863/dp16961_20f.htm
02723534,ASTRAZENECA PLC,2010,1550270564.0,https://www.sec.gov/Archives/edgar/data/901832/000095010311001574/dp21743_20f.htm
02723534,ASTRAZENECA PLC,2011,1550270564.0,https://www.sec.gov/Archives/edgar/data/901832/000095010312001564/dp29467_20f.htm
02723534,ASTRAZENECA PLC,2005,1550270564.0,
02723534,ASTRAZENECA PLC,2006,1550270564.0,
02723534,ASTRAZENECA PLC,2007,1550270564.0,
02723534,ASTRAZENECA PLC,2008,1550270564.0,
00137013,Smiths Industries,1997,322602036.0,
00137013,Smiths Industries,1998,322602036.0,
07098618,Ocado Group,2018,832789931.0,
07098618,Ocado Group,2019,832789931.0,
07098618,Ocado Group,2020,832789931.0,
07098618,Ocado Group,2021,824795008.0,
00445790,TESCO PLC,1995,6422021450.0,
00445790,TESCO PLC,1996,6422021450.0,
00445790,TESCO PLC,1997,6422021450.0,
00445790,TESCO PLC,1998,6422021450.0,
00445790,TESCO PLC,1999,6422021450.0,
00445790,TESCO PLC,2000,6422021450.0,
00445790,TESCO PLC,2001,6422021450.0,
00445790,TESCO PLC,2002,6422021450.0,
00445790,TESCO PLC,2003,6422021450.0,
00445790,TESCO PLC,2004,6422021450.0,
00445790,TESCO PLC,2005,6422021450.0,
00445790,TESCO PLC,2006,6422021450.0,
00445790,TESCO PLC,2007,6422021450.0,
SC034993,Edinburgh Investment Trust,1983,137578025.0,
00720989,Spirent,2000,589197890.0,
02670617,WPP Group,1998,1078762589.0,
02670617,WPP Group,1999,1078762589.0,
02670617,WPP Group,2000,1078762589.0,
02670617,WPP Group,2001,1078762589.0,
02670617,WPP Group,2002,1078762589.0,
02670617,WPP Group,2003,1078762589.0,
01142830,3I GROUP PLC,2019,1008141803.0,
01142830,3I GROUP PLC,2020,1008141803.0,
01142830,3I GROUP PLC,2021,965420032.0,
01142830,3I GROUP PLC,2022,965420032.0,
01142830,3I GROUP PLC,2023,965420032.0,
01142830,3I GROUP PLC,2024,965420032.0,
01888425,JD SPORTS FASHION PLC,2019,4784539608.0,
01888425,JD SPORTS FASHION PLC,2020,4784539608.0,
01888425,JD SPORTS FASHION PLC,2021,5183130112.0,
01888425,JD SPORTS FASHION PLC,2022,5183130112.0,
01888425,JD SPORTS FASHION PLC,2023,5183130112.0,
01888425,JD SPORTS FASHION PLC,2024,5183130112.0,
SC002934,WEIR GROUP PLC,2022,259612000.0,
SC002934,WEIR GROUP PLC,2023,259612000.0,
SC002934,WEIR GROUP PLC,2024,259612000.0,
00206132,Croda International,2012,139590808.0,
00296805,Taylor Wimpey,2007,3537822595.0,
13280545,ENDEAVOUR MINING PLC,2024,241070000.0,
04967001,ITV,2004,3927233907.0,
04967001,ITV,2005,3927233907.0,
04967001,ITV,2006,3927233907.0,
01470151,BAE SYSTEMS PLC,2008,2920008658.0,
00102498,BP PLC,2013,15326542620.0,https://www.sec.gov/Archives/edgar/data/313807/000119312514085544/d633137d20f.htm
00102498,BP PLC,2014,15326542620.0,https://www.sec.gov/Archives/edgar/data/313807/000119312515074381/d813477d20f.htm
00102498,BP PLC,2015,15326542620.0,https://www.sec.gov/Archives/edgar/data/313807/000119312516492156/d80942d20f.htm
00102498,BP PLC,2016,15326542620.0,https://www.sec.gov/Archives/edgar/data/313807/000119312517035871/d313221d424b5.htm
00102498,BP PLC,2017,15326542620.0,
00102498,BP PLC,2018,15450381904.0,
00102498,BP PLC,2019,15450381904.0,
00102498,BP PLC,2020,15450381904.0,
00102498,BP PLC,2021,15690800128.0,
00102498,BP PLC,2022,15690800128.0,
00102498,BP PLC,2023,15690800128.0,
00102498,BP PLC,2024,15690800128.0,
03033654,CENTRICA PLC,2022,4942960128.0,
03033654,CENTRICA PLC,2023,4942960128.0,
03033654,CENTRICA PLC,2024,4942960128.0,
02468686,AVIVA PLC,2002,3039060486.0,
02468686,AVIVA PLC,2003,3039060486.0,
02468686,AVIVA PLC,2004,3039060486.0,
02468686,AVIVA PLC,2005,3039060486.0,
02468686,AVIVA PLC,2006,3039060486.0,
02468686,AVIVA PLC,2007,3039060486.0,
02468686,AVIVA PLC,2008,3039060486.0,
02231246,THE SAGE GROUP PLC,2000,953534977.0,
02231246,THE SAGE GROUP PLC,2001,953534977.0,
02231246,THE SAGE GROUP PLC,2002,953534977.0,
02231246,THE SAGE GROUP PLC,2003,953534977.0,
02231246,THE SAGE GROUP PLC,2004,953534977.0,
02231246,THE SAGE GROUP PLC,2005,953534977.0,
02231246,THE SAGE GROUP PLC,2006,953534977.0,
02231246,THE SAGE GROUP PLC,2007,953534977.0,
02231246,THE SAGE GROUP PLC,2008,953534977.0,
00621920,British Land Co,2010,999783403.0,
01417162,LEGAL & GENERAL GROUP PLC,1998,5629937843.0,
01417162,LEGAL & GENERAL GROUP PLC,1999,5629937843.0,
01417162,LEGAL & GENERAL GROUP PLC,2000,5629937843.0,
01417162,LEGAL & GENERAL GROUP PLC,2001,5629937843.0,
00185647,SAINSBURY(J) PLC,2000,2246723301.0,
00185647,SAINSBURY(J) PLC,2001,2246723301.0,
00185647,SAINSBURY(J) PLC,2002,2246723301.0,
00185647,SAINSBURY(J) PLC,2003,2246723301.0,
00185647,SAINSBURY(J) PLC,2004,2246723301.0,
00185647,SAINSBURY(J) PLC,2005,2246723301.0,
00185647,SAINSBURY(J) PLC,2006,2246723301.0,
00185647,SAINSBURY(J) PLC,2007,2246723301.0,
13691224,HALEON PLC,2022,9024069632.0,
01627889,ANTOFAGASTA PLC,2020,985856695.0,
01627889,ANTOFAGASTA PLC,2021,985857024.0,
01627889,ANTOFAGASTA PLC,2022,985857024.0,
01627889,ANTOFAGASTA PLC,2023,985857024.0,
01627889,ANTOFAGASTA PLC,2024,985857024.0,
00077536,RELX PLC,2018,1753291428.0,
06344120,Fresnillo,2016,736893589.0,
06344120,Fresnillo,2017,736893589.0,
06344120,Fresnillo,2018,736893589.0,
00824821,Travis Perkins,2013,211317151.0,
00617987,HSBC HLDGS PLC,2012,17165933937.0,https://www.sec.gov/Archives/edgar/data/1089113/000119312513103187/d497865d20f.htm
00617987,HSBC HLDGS PLC,2013,17165933937.0,https://www.sec.gov/Archives/edgar/data/1089113/000119312514076216/d680074d20f.htm
00617987,HSBC HLDGS PLC,2014,17165933937.0,https://www.sec.gov/Archives/edgar/data/1089113/000119312515065289/d879000d20f.htm
00617987,HSBC HLDGS PLC,2015,17165933937.0,https://www.sec.gov/Archives/edgar/data/1089113/000119312516478487/d117963d20f.htm
00617987,HSBC HLDGS PLC,2016,17165933937.0,https://www.sec.gov/Archives/edgar/data/1089113/000162828017001527/livefilingprojectq420162doc.htm
00617987,HSBC HLDGS PLC,2017,17165933937.0,https://www.sec.gov/Archives/edgar/data/1089113/000162828018001920/filing20flivegroupq42017doc.htm
00617987,HSBC HLDGS PLC,2011,17165933937.0,https://www.bsx.com/CompanyDocuments/1077223879/HSBC%20to%20FYE%2031Dec11.pdf
00617987,HSBC HLDGS PLC,2010,17165933937.0,
00617987,HSBC HLDGS PLC,2018,17148209505.0,
00617987,HSBC HLDGS PLC,2019,17148209505.0,
00617987,HSBC HLDGS PLC,2020,17148209505.0,
00617987,HSBC HLDGS PLC,2021,17669699584.0,
03849958,ADMIRAL GROUP PLC,2021,298902016.0,
03849958,ADMIRAL GROUP PLC,2022,298902016.0,
03849958,ADMIRAL GROUP PLC,2023,298902016.0,
03849958,ADMIRAL GROUP PLC,2024,298902016.0,
02366619,Severn Trent,1994,301077332.0,
10691596,PHOENIX GROUP HOLDINGS PLC,2021,998310976.0,
10691596,PHOENIX GROUP HOLDINGS PLC,2022,998310976.0,
10691596,PHOENIX GROUP HOLDINGS PLC,2023,998310976.0,
10691596,PHOENIX GROUP HOLDINGS PLC,2024,998310976.0,
01807982,ASHTEAD GROUP PLC,2013,418668178.0,
01807982,ASHTEAD GROUP PLC,2014,418668178.0,
01003142,ROLLS-ROYCE HOLDINGS PLC,2024,8371769856.0,
00054485,Royal Dutch Shell A&B,2005,5725481692.0,
00054485,Royal Dutch Shell A&B,2006,5725481692.0,
00054485,Royal Dutch Shell A&B,2007,5725481692.0,
00054485,Royal Dutch Shell A&B,2008,5725481692.0,
01377658,Smith (DS),2022,1374000000.0,
03033654,Centrica,2007,4572933924.0,
03033654,Centrica,2008,4572933924.0,
03033654,Centrica,2009,4572933924.0,
03033654,Centrica,2010,4572933924.0,
02366623,Thames Water,1991,3537822595.0,
02366623,Thames Water,1992,3537822595.0,
02366623,Thames Water,1993,3537822595.0,
02366623,Thames Water,1994,3537822595.0,
02366623,Thames Water,1995,3537822595.0,
02366623,Thames Water,1996,3537822595.0,
14240638,Royal Mail,2021,9966192.0,
15998687,Barratt Developments,2019,1010000000.0,
15998687,Barratt Developments,2018,1010000000.0,
00358949,Morrison Supermarkets,2018,2368300000.0,
02723534,ASTRAZENECA PLC,2020,1550862203.0,
04190816,BT GROUP PLC,2020,9853621250.0,
04190816,BT GROUP PLC,2019,9853621250.0,
04190816,BT GROUP PLC,2018,9853621250.0,
04083914,COMPASS GROUP PLC,2002,1697131467.0,
04083914,COMPASS GROUP PLC,2003,1697131467.0,
04083914,COMPASS GROUP PLC,2004,1697131467.0,
03888792,GSK PLC,2022,4052630016.0,
03888792,GSK PLC,2023,4052630016.0,
03888792,GSK PLC,2024,4052630016.0,
03888792,GlaxoSmithKline,2000,4016529083.0,
00445790,TESCO PLC,2008,6422021450.0,
00445790,TESCO PLC,2009,6422021450.0,
03690065,BG Group,2015,3622000000.0,https://www.shell.com/investors/information-for-shareholders/bg-documents/_jcr_content/root/main/section/link_list_copy/links/item1.stream/1663748571300/7fda6f06a204426235d99edd3a17ce87df3f5815/bg-group-2015-annual-report.pdf
04345939,Xstrata,2007,971666920.0,https://www.annualreports.com/HostedData/AnnualReportArchive/x/LSE_XTA_2008.pdf
04345939,Xstrata,2008,977670540.0,https://www.annualreports.com/HostedData/AnnualReportArchive/x/LSE_XTA_2008.pdf
04345939,Xstrata,2009,2939011620.0,https://www.annualreports.com/HostedData/AnnualReportArchive/x/LSE_XTA_2009.pdf
04345939,Xstrata,2010,2964692076.0,https://www.annualreports.com/HostedData/AnnualReportArchive/x/LSE_XTA_2010.pdf
04345939,Xstrata,2011,2964692076.0,https://www.annualreports.com/HostedData/AnnualReportArchive/x/LSE_XTA_2011.pdf
04345939,Xstrata,2012,3002692076.0,https://data.fca.org.uk/artefacts/NSM/data-migration/51398501.pdf
