work_item_id,company_priority_rank,company_priority_score,ftse_tenure_years,company_number,company_name,ticker,observation_year,candidate_shares,candidate_as_of,candidate_basis,blocker_class,status,source_url,source_quote,adjudication_reason
WORK_000001,1,269.0,42.6,00185647,SAINSBURY(J) PLC,SBRY,2000,1924989315,2000-07-25,allotted incl treasury (issued share capital per CH 363s annual return),TREASURY_TREATMENT_REQUIRED,REVIEW,https://find-and-update.company-information.service.gov.uk/company/00185647/filing-history/ODMxMzYyNzFhZGlxemtjeA/document?format=pdf&download=0,"Class of Share: ORDINARY Number of shares issued: 1,924,989,315",Whole-list annual-report pass: Full-remainder review: Second-300 pass reviewed: Sainsbury: issued/allotted-share evidence still does not establish exact treasury-excluded shares outstanding.
WORK_000002,1,269.0,42.6,00185647,SAINSBURY(J) PLC,SBRY,2001,1932778700,2001-07-25,allotted incl treasury (issued share capital per CH 363s annual return),TREASURY_TREATMENT_REQUIRED,REVIEW,https://find-and-update.company-information.service.gov.uk/company/00185647/filing-history/MTM2OTI4NzkxYWRpcXprY3g/document?format=pdf&download=0,"Class of Share: ORDINARY SHARES OF 25p Number of shares issued: 1,932,778,700",Whole-list annual-report pass: Full-remainder review: Second-300 pass reviewed: Sainsbury: issued/allotted-share evidence still does not establish exact treasury-excluded shares outstanding.
WORK_000003,1,269.0,42.6,00185647,SAINSBURY(J) PLC,SBRY,2002,1937150511,2002-07-25,allotted incl treasury (issued share capital per CH 363s annual return),TREASURY_TREATMENT_REQUIRED,REVIEW,https://find-and-update.company-information.service.gov.uk/company/00185647/filing-history/MTQzOTI0NzQ0YWRpcXprY3g/document?format=pdf&download=0,"Class of Share: ORDINARY Number of shares issued: 1,937,150,511",Whole-list annual-report pass: Full-remainder review: Second-300 pass reviewed: Sainsbury: issued/allotted-share evidence still does not establish exact treasury-excluded shares outstanding.
WORK_000004,1,269.0,42.6,00185647,SAINSBURY(J) PLC,SBRY,2003,1937559956,2003-07-25,allotted incl treasury (issued share capital per CH 363s annual return),TREASURY_TREATMENT_REQUIRED,REVIEW,https://find-and-update.company-information.service.gov.uk/company/00185647/filing-history/MTE3MTE1ODI1YWRpcXprY3g/document?format=pdf&download=0,"Class of Share: ORDINARY Number of shares issued: 1,937,559,956",Whole-list annual-report pass: Full-remainder review: Second-300 pass reviewed: Sainsbury: issued/allotted-share evidence still does not establish exact treasury-excluded shares outstanding.
WORK_000005,1,269.0,42.6,00185647,SAINSBURY(J) PLC,SBRY,2004,1700277660,2004-07-25,"allotted incl treasury (ordinary class, issued share capital per CH 363s annual return; excludes 35p preference shares)",TREASURY_TREATMENT_REQUIRED,REVIEW,https://find-and-update.company-information.service.gov.uk/company/00185647/filing-history/MTQ5NDk4MDcyYWRpcXprY3g/document?format=pdf&download=0,"Class of Share: 28 4/7 ORDINARY Number of shares issued: 1,700,277,660",Whole-list annual-report pass: Full-remainder review: Second-300 pass reviewed: Sainsbury: issued/allotted-share evidence still does not establish exact treasury-excluded shares outstanding.
WORK_000006,1,269.0,42.6,00185647,SAINSBURY(J) PLC,SBRY,2005,1702356152,2005-07-25,"allotted incl treasury (ordinary class, issued share capital per CH 363s annual return; excludes 35p preference shares)",TREASURY_TREATMENT_REQUIRED,REVIEW,https://find-and-update.company-information.service.gov.uk/company/00185647/filing-history/NjUzMjMxNjJhZGlxemtjeA/document?format=pdf&download=0,"Class of Share: ORDINARY SHARES OF 28 4/7p Number of shares issued: 1,702,356,152",Whole-list annual-report pass: Full-remainder review: Second-300 pass reviewed: Sainsbury: issued/allotted-share evidence still does not establish exact treasury-excluded shares outstanding.
WORK_000007,1,269.0,42.6,00185647,SAINSBURY(J) PLC,SBRY,2006,1712114573,2006-07-25,"allotted incl treasury (ordinary class, issued share capital per CH 363s annual return; excludes 35p preference B shares)",TREASURY_TREATMENT_REQUIRED,REVIEW,https://find-and-update.company-information.service.gov.uk/company/00185647/filing-history/MTY1Njg0MzgyYWRpcXprY3g/document?format=pdf&download=0,"Class of Share: ORDINARY 28 4/7 PENCE Number of shares issued: 1,712,114,573",Whole-list annual-report pass: Full-remainder review: Second-300 pass reviewed: Sainsbury: issued/allotted-share evidence still does not establish exact treasury-excluded shares outstanding.
WORK_000008,1,269.0,42.6,00185647,SAINSBURY(J) PLC,SBRY,2007,1741609297,,allotted incl treasury,TREASURY_TREATMENT_REQUIRED,REVIEW,https://find-and-update.company-information.service.gov.uk/company/00185647/filing-history/MTg0NzU1MzA3YWRpcXprY3g/document?format=pdf&download=0,"Keyword line shows: '[28 4/7p Ordinary | 1,741,609,297 | £497,602,158 68'",Whole-list annual-report pass: Full-remainder review: Second-300 pass reviewed: Sainsbury: issued/allotted-share evidence still does not establish exact treasury-excluded shares outstanding.
WORK_000009,1,269.0,42.6,00185647,SAINSBURY(J) PLC,SBRY,2008,1748058679,2008-07-25,allotted incl treasury (issued share capital per CH 363a annual return),TREASURY_TREATMENT_REQUIRED,REVIEW,https://find-and-update.company-information.service.gov.uk/company/00185647/filing-history/MjAxMjY4MTAxM2FkaXF6a2N4/document?format=pdf&download=0,"Class (e.g. Ordinary/Preference): 28 4/7p Ordinary Number of shares issued: 1,748,058,679",Whole-list annual-report pass: Full-remainder review: Second-300 pass reviewed: Sainsbury: issued/allotted-share evidence still does not establish exact treasury-excluded shares outstanding.
WORK_000010,1,269.0,42.6,00185647,SAINSBURY(J) PLC,SBRY,2009,1846064344,,allotted incl treasury,TREASURY_TREATMENT_REQUIRED,REVIEW,https://find-and-update.company-information.service.gov.uk/company/00185647/filing-history/MjAzOTkyNzcwNmFkaXF6a2N4/document?format=pdf&download=0,"Keyword line shows: '[28 4/7p Ordinary | 1,846,064,344 | £ 527,446,955.42'",Whole-list annual-report pass: Full-remainder review: Second-300 pass reviewed: Sainsbury: issued/allotted-share evidence still does not establish exact treasury-excluded shares outstanding.
WORK_000011,1,269.0,42.6,00185647,SAINSBURY(J) PLC,SBRY,2010,1876023276,,allotted incl treasury,TREASURY_TREATMENT_REQUIRED,REVIEW,https://find-and-update.company-information.service.gov.uk/company/00185647/filing-history/MzA0MjYxNzUxMWFkaXF6a2N4/document?format=pdf&download=0,"Keyword lines show: '[28 4/7p Ordinary 29 13p |1,876,023,276' and 'Totals |1,876,023,276'",Whole-list annual-report pass: Full-remainder review: Second-300 pass reviewed: Sainsbury: issued/allotted-share evidence still does not establish exact treasury-excluded shares outstanding.
WORK_000012,1,269.0,42.6,00185647,SAINSBURY(J) PLC,SBRY,2011,1887221298,2012-07-25,allotted incl treasury (issued share capital per CH AR01 annual return closest after FY2011 year-end),TREASURY_TREATMENT_REQUIRED,REVIEW,https://find-and-update.company-information.service.gov.uk/company/00185647/filing-history/MzA2MzE0NDQxNWFkaXF6a2N4/document?format=pdf&download=0,"Class of shares: 28 4/7p Ordinary Amount paid up on each share: 0.2914 Number of shares: 1,887,221,298.00",Whole-list annual-report pass: Full-remainder review: Second-300 pass reviewed: Sainsbury: issued/allotted-share evidence still does not establish exact treasury-excluded shares outstanding.
WORK_000013,1,269.0,42.6,00185647,SAINSBURY(J) PLC,SBRY,2012,1900363259,,allotted incl treasury,TREASURY_TREATMENT_REQUIRED,REVIEW,https://find-and-update.company-information.service.gov.uk/company/00185647/filing-history/MzA4NDc1NjUyNGFkaXF6a2N4/document?format=pdf&download=0,"Keyword lines show: '28 4/7p Ordinary (o 8514 [o 00 | 1,900, 363,259' and '| Totals| 1,900,363,259'",Whole-list annual-report pass: Full-remainder review: Second-300 pass reviewed: Sainsbury: issued/allotted-share evidence still does not establish exact treasury-excluded shares outstanding.
WORK_000014,1,269.0,42.6,00185647,SAINSBURY(J) PLC,SBRY,2013,1912946175,2014-07-25,allotted incl treasury (issued share capital per CH AR01 annual return closest after FY2013 year-end),TREASURY_TREATMENT_REQUIRED,REVIEW,https://find-and-update.company-information.service.gov.uk/company/00185647/filing-history/MzEwNjI1MDQxNGFkaXF6a2N4/document?format=pdf&download=0,"Class of shares: 28 4/7p Ordinary Amount paid up on each share: 0.8586 Number of shares: 1,912,946,175.00",Whole-list annual-report pass: Full-remainder review: Second-300 pass reviewed: Sainsbury: issued/allotted-share evidence still does not establish exact treasury-excluded shares outstanding.
WORK_000015,1,269.0,42.6,00185647,SAINSBURY(J) PLC,SBRY,2014,1922781535,2015-07-25,allotted incl treasury (issued share capital per CH AR01 annual return closest after FY2014 year-end),TREASURY_TREATMENT_REQUIRED,REVIEW,https://find-and-update.company-information.service.gov.uk/company/00185647/filing-history/MzEyOTMzNzY1MmFkaXF6a2N4/document?format=pdf&download=0,"Class of shares: 28 4/7p Ordinary Amount paid up on each share: 0.86431 Number of shares: 1,922,781,535.00",Whole-list annual-report pass: Full-remainder review: Second-300 pass reviewed: Sainsbury: issued/allotted-share evidence still does not establish exact treasury-excluded shares outstanding.
WORK_000016,1,269.0,42.6,00185647,SAINSBURY(J) PLC,SBRY,2015,1925550462,,allotted incl treasury,TREASURY_TREATMENT_REQUIRED,REVIEW,https://find-and-update.company-information.service.gov.uk/company/00185647/filing-history/MzE1NDg3NDMzMWFkaXF6a2N4/document?format=pdf&download=0,Confirmation Statement shows: 'Class of Shares: ORDINARY Number allotted 1925550462' and 'Total number of shares: 1925550462',Whole-list annual-report pass: Full-remainder review: Second-300 pass reviewed: Sainsbury: issued/allotted-share evidence still does not establish exact treasury-excluded shares outstanding.
WORK_000017,1,269.0,42.6,00185647,SAINSBURY(J) PLC,SBRY,2016,2189833787,,allotted incl treasury,TREASURY_TREATMENT_REQUIRED,REVIEW,https://find-and-update.company-information.service.gov.uk/company/00185647/filing-history/MzE4MTUxMjkxNWFkaXF6a2N4/document?format=pdf&download=0,Confirmation Statement shows: 'Class of Shares: ORDINARY Number allotted 2189833787' and 'Total number of shares: 2189833787',Whole-list annual-report pass: Full-remainder review: Second-300 pass reviewed: Sainsbury: issued/allotted-share evidence still does not establish exact treasury-excluded shares outstanding.
WORK_000018,1,269.0,42.6,00185647,SAINSBURY(J) PLC,SBRY,2017,2211911944,2019-07-25,"allotted incl treasury (issued share capital per CH CS01 confirmation statement with updates; closest available capital-bearing filing after FY2017 year-end, as the 2018 confirmation statement recorded no capital changes)",TREASURY_TREATMENT_REQUIRED,REVIEW,https://find-and-update.company-information.service.gov.uk/company/00185647/filing-history/MzI0MTIwNDAwOWFkaXF6a2N4/document?format=pdf&download=0,Class of Shares: ORDINARY SHARES 28 4/7 PENCE Currency: GBP Number allotted: 2211911944,Whole-list annual-report pass: Full-remainder review: Second-300 pass reviewed: Sainsbury: issued/allotted-share evidence still does not establish exact treasury-excluded shares outstanding.
WORK_000019,2,269.0,42.6,00445790,TESCO PLC,TSCO,2000,6823019359,2000-02-26,"Allotted, called up and fully paid ordinary shares of 5p each, at financial year end",TREASURY_TREATMENT_REQUIRED,REVIEW,https://www.annualreports.com/HostedData/AnnualReportArchive/t/LSE_TSCO_2000.pdf,"Allotted, issued and fully paid:
Issued at 27 February 1999                                                                                    6,770,197,098              339
Scrip dividend election                                                                                         11,286,890                  –
Share options exercised                                                                                         41,535,371                  2
Issued at 26 February 2000                                                                                    6,823,019,359              341",Whole-list annual-report pass: Full-remainder review: Second-300 pass reviewed: Tesco: requires issuer/regulator primary source plus exact treasury treatment at observation date.
WORK_000020,2,269.0,42.6,00445790,TESCO PLC,TSCO,2001,6932225203,2001-02-24,"Allotted, called up and fully paid ordinary shares of 5p each, at financial year end",TREASURY_TREATMENT_REQUIRED,REVIEW,https://www.annualreports.com/HostedData/AnnualReportArchive/t/LSE_TSCO_2001.pdf,"Allotted, issued and fully paid:
Issued at 26 February 2000                                                                                          6,823,019,359              341
Scrip dividend election                                                                                               22,416,148                  1
Share options                                                                                                         86,789,696                  5
Issued at 24 February 2001                                                                                          6,932,225,203              347",Whole-list annual-report pass: Full-remainder review: Second-300 pass reviewed: Tesco: requires issuer/regulator primary source plus exact treasury treatment at observation date.
WORK_000021,2,269.0,42.6,00445790,TESCO PLC,TSCO,2002,6994279711,2002-02-23,"Allotted, called up and fully paid ordinary shares of 5p each, at financial year end",TREASURY_TREATMENT_REQUIRED,REVIEW,https://www.annualreports.com/HostedData/AnnualReportArchive/t/LSE_TSCO_2002.pdf,"Allotted, issued and fully paid:
                 Issued at 24 February 2001                                                                                       6,932,225,203              347
                 Scrip dividend election                                                                                            22,148,327                  1
                 Share options                                                                                                      39,906,181                  2
                 Issued at 23 February 2002                                                                                       6,994,279,711              350",Whole-list annual-report pass: Full-remainder review: Second-300 pass reviewed: Tesco: requires issuer/regulator primary source plus exact treasury treatment at observation date.
WORK_000022,2,269.0,42.6,00445790,TESCO PLC,TSCO,2003,7237609183,2003-02-22,"Allotted, called up and fully paid ordinary shares of 5p each, at financial year end",TREASURY_TREATMENT_REQUIRED,REVIEW,https://www.annualreports.com/HostedData/AnnualReportArchive/t/LSE_TSCO_2003.pdf,"Allotted, issued and fully paid:
Issued at 23 February 2002                                                                              6,994,279,711            350
Issued in connection with the acquisition of T&S Stores PLC                                              181,740,204               9
Scrip dividend election                                                                                   16,796,776               1
Share options                                                                                             44,792,492               2
Issued at 22 February 2003                                                                              7,237,609,183            362",Whole-list annual-report pass: Full-remainder review: Second-300 pass reviewed: Tesco: requires issuer/regulator primary source plus exact treasury treatment at observation date.
WORK_000023,2,269.0,42.6,00445790,TESCO PLC,TSCO,2004,7680158055,2004-02-28,"Allotted, called up and fully paid ordinary shares of 5p each, at financial year end",TREASURY_TREATMENT_REQUIRED,REVIEW,https://www.annualreports.com/HostedData/AnnualReportArchive/t/LSE_TSCO_2004.pdf,"Allotted, called up and fully paid:
At 22 February 2003                                                                                     7,237,609,183             362
Share placing                                                                                            315,000,000                16
Scrip dividend election                                                                                   80,201,756                 4
Share options                                                                                             47,347,116                 2
At 28 February 2004                                                                                     7,680,158,055             384",Whole-list annual-report pass: Full-remainder review: Second-300 pass reviewed: Tesco: requires issuer/regulator primary source plus exact treasury treatment at observation date.
WORK_000024,2,269.0,42.6,00445790,TESCO PLC,TSCO,2005,7783169542,2005-02-26,"Allotted, called up and fully paid ordinary shares of 5p each, at financial year end",TREASURY_TREATMENT_REQUIRED,REVIEW,https://www.annualreports.com/HostedData/AnnualReportArchive/t/LSE_TSCO_2005.pdf,"Allotted, called up and fully paid:
At 28 February 2004                                                                                      7,680,158,055             384
Scrip dividend election                                                                                    34,189,410                 2
Share options                                                                                              68,822,077                 3
At 26 February 2005                                                                                      7,783,169,542             389",Whole-list annual-report pass: Full-remainder review: Second-300 pass reviewed: Tesco: requires issuer/regulator primary source plus exact treasury treatment at observation date.
WORK_000025,2,269.0,42.6,00445790,TESCO PLC,TSCO,2006,7894476917,2006-02-25,"Allotted, called up and fully paid ordinary shares of 5p each, at financial year end",TREASURY_TREATMENT_REQUIRED,REVIEW,https://www.annualreports.com/HostedData/AnnualReportArchive/t/LSE_TSCO_2006.pdf,"Allotted, called up and fully paid:
At 26 February 2005                                                                                                     7,783,169,542             389
Scrip dividend election                                                                                                   53,639,219                 3
Share options                                                                                                             57,668,156                 3
At 25 February 2006                                                                                                     7,894,476,917             395",Whole-list annual-report pass: Full-remainder review: Second-300 pass reviewed: Tesco: requires issuer/regulator primary source plus exact treasury treatment at observation date.
WORK_000026,2,269.0,42.6,00445790,TESCO PLC,TSCO,2007,7853812300,,allotted incl treasury,TREASURY_TREATMENT_REQUIRED,REVIEW,https://find-and-update.company-information.service.gov.uk/company/00445790/filing-history/MjAwODYwNjY3NWFkaXF6a2N4/document?format=pdf&download=0,"[Ordinary 5; p . | 7,853,812,300 | £392,690,615 00",Whole-list annual-report pass: Full-remainder review: Second-300 pass reviewed: Tesco: requires issuer/regulator primary source plus exact treasury treatment at observation date.
WORK_000027,2,269.0,42.6,00445790,TESCO PLC,TSCO,2008,7853812300,,allotted incl treasury,TREASURY_TREATMENT_REQUIRED,REVIEW,https://find-and-update.company-information.service.gov.uk/company/00445790/filing-history/MjAxNzY5MjIxNmFkaXF6a2N4/document?format=pdf&download=0,"[Ordinary | 7,853,812,300 [ £392,690,615 00",Whole-list annual-report pass: Full-remainder review: Second-300 pass reviewed: Tesco: requires issuer/regulator primary source plus exact treasury treatment at observation date.
WORK_000028,2,269.0,42.6,00445790,TESCO PLC,TSCO,2009,7895344018,2009-02-28,"Allotted, called up and fully paid ordinary shares of 5p each, at financial year end",TREASURY_TREATMENT_REQUIRED,REVIEW,https://www.tescoplc.com/media/754667/annual_report_2009.pdf,"Allotted, called up and fully paid:
At beginning of year                                            		7,863,498,783                               393           7,947,349,558                  397
Share options                                   		                   57,060,046                                 3              65,432,552                    3
Share buy-back                                  		                   (25,214,811)                              (1)           (149,283,327)                  (7)
At end of year                                  		                7,895,344,018                               395           7,863,498,783                  393",Whole-list annual-report pass: Full-remainder review: Second-300 pass reviewed: Tesco: requires issuer/regulator primary source plus exact treasury treatment at observation date.
WORK_000029,2,269.0,42.6,00445790,TESCO PLC,TSCO,2010,7985044057,2010-02-27,"Allotted, called up and fully paid ordinary shares of 5p each, at financial year end",TREASURY_TREATMENT_REQUIRED,REVIEW,https://www.annualreports.com/HostedData/AnnualReportArchive/t/LSE_TSCO_2010.pdf,"Allotted, called up and fully paid:
At beginning of year                				                                          7,895,344,018                  395        7,863,498,783                  393
Share options         		             			                                             62,329,535                    3            57,060,046                    3
Share bonus scheme					                                                              27,370,504                    1                     –                    –
Share buy-back        		             			                                                      –                    –           (25,214,811)                  (1)
At end of year        		             			                                          7,985,044,057                  399        7,895,344,018                  395",Whole-list annual-report pass: Full-remainder review: Second-300 pass reviewed: Tesco: requires issuer/regulator primary source plus exact treasury treatment at observation date.
WORK_000030,2,269.0,42.6,00445790,TESCO PLC,TSCO,2011,8046468092,2011-02-26,"Allotted, called up and fully paid ordinary shares of 5p each, at financial year end",TREASURY_TREATMENT_REQUIRED,REVIEW,https://www.annualreports.com/HostedData/AnnualReportArchive/t/LSE_TSCO_2011.pdf,"Allotted, called up and fully paid:
At beginning of year                                                          7,985,044,057                     399     7,895,344,018                      395
Share options                                                                    36,535,102                       2        62,329,535                        3
Share bonus awards                                                               24,888,933                       1        27,370,504                        1
At end of year                                                                8,046,468,092                     402     7,985,044,057                      399",Whole-list annual-report pass: Full-remainder review: Second-300 pass reviewed: Tesco: requires issuer/regulator primary source plus exact treasury treatment at observation date.
WORK_000031,2,269.0,42.6,00445790,TESCO PLC,TSCO,2012,8031812445,2012-02-25,"Allotted, called up and fully paid ordinary shares of 5p each, at financial year end",TREASURY_TREATMENT_REQUIRED,REVIEW,https://www.annualreports.com/HostedData/AnnualReportArchive/t/LSE_TSCO_2012.pdf,"Allotted, called up and fully paid:
At beginning of the year                                                      8,046,468,092                     402     7,985,044,057                       399
Share options exercises                                                          23,490,825                       1        36,535,102                         2
Share bonus awards issues                                                        32,656,313                       2        24,888,933                         1
Shares purchased for cancellation                                               (70,802,785)                     (3)                –                         –
At end of the year                                                            8,031,812,445                     402     8,046,468,092                       402",Whole-list annual-report pass: Full-remainder review: Second-300 pass reviewed: Tesco: requires issuer/regulator primary source plus exact treasury treatment at observation date.
WORK_000032,2,269.0,42.6,00445790,TESCO PLC,TSCO,2013,118895870,,allotted incl treasury,TREASURY_TREATMENT_REQUIRED,REVIEW,https://find-and-update.company-information.service.gov.uk/company/00445790/filing-history/MzEwMzc1NzM2NGFkaXF6a2N4/document?format=pdf&download=0,"Ordinary [0.6743 [0.00 la. 118,895,870 le 405,944, 793.50",Whole-list annual-report pass: Full-remainder review: Second-300 pass reviewed: Tesco: requires issuer/regulator primary source plus exact treasury treatment at observation date.
WORK_000033,2,269.0,42.6,00445790,TESCO PLC,TSCO,2014,8095821091,2014-02-22,"Allotted, called up and fully paid ordinary shares of 5p each, at financial year end",TREASURY_TREATMENT_REQUIRED,REVIEW,https://www.annualreports.com/HostedData/AnnualReportArchive/t/LSE_TSCO_2014.pdf,"Allotted, called up and fully paid:
At beginning of the year                                                             8,054,054,930                      403           8,031,812,445                      402
Share options exercised                                                                 19,662,145                        1              18,632,251                        1
Share bonus awards issued                                                               22,104,016                        1               3,610,234                        –
At end of the year                                                                   8,095,821,091                      405           8,054,054,930                      403",Whole-list annual-report pass: Full-remainder review: Second-300 pass reviewed: Tesco: requires issuer/regulator primary source plus exact treasury treatment at observation date.
WORK_000034,2,269.0,42.6,00445790,TESCO PLC,TSCO,2015,8122991499,2015-02-28,"Allotted, called up and fully paid ordinary shares of 5p each, at financial year end",TREASURY_TREATMENT_REQUIRED,REVIEW,https://www.annualreports.com/HostedData/AnnualReportArchive/t/LSE_TSCO_2015.pdf,"Allotted, called up and fully paid:
At beginning of the year                                                              8,095,821,091                     405           8,054,054,930                     403
Share options exercised                                                                   5,080,408                       –              19,662,145                       1
Share bonus awards issued                                                                22,090,000                       1              22,104,016                       1
At end of the year                                                                    8,122,991,499                     406           8,095,821,091                     405",Whole-list annual-report pass: Full-remainder review: Second-300 pass reviewed: Tesco: requires issuer/regulator primary source plus exact treasury treatment at observation date.
WORK_000035,2,269.0,42.6,00445790,TESCO PLC,TSCO,2016,8141083114,2016-02-27,"Allotted, called up and fully paid ordinary shares of 5p each, at financial year end",TREASURY_TREATMENT_REQUIRED,REVIEW,https://www.annualreports.com/HostedData/AnnualReportArchive/t/LSE_TSCO_2016.pdf,"Allotted, called up and fully paid:
At beginning of the year                                                                              8,122,991,499           406       8,095,821,091           405
Share options exercised                                                                                       591,615           –           5,080,408             –
Share bonus awards issued                                                                                 17,500,000            1          22,090,000             1
At end of the year                                                                                    8,141,083,114           407       8,122,991,499           406",Whole-list annual-report pass: Full-remainder review: Second-300 pass reviewed: Tesco: requires issuer/regulator primary source plus exact treasury treatment at observation date.
WORK_000036,2,269.0,42.6,00445790,TESCO PLC,TSCO,2017,8174932553,2017-02-25,"Allotted, called up and fully paid ordinary shares of 5p each, at financial year end",TREASURY_TREATMENT_REQUIRED,REVIEW,https://www.annualreports.com/HostedData/AnnualReportArchive/t/LSE_TSCO_2017.pdf,"Allotted, called up and fully paid:
At beginning of the year                                                                                 8,141,083,114            407 8,122,991,499                  406
Share options exercised                                                                                        849,439              –         591,615                  –
Share bonus awards issued                                                                                  33,000,000               2     17,500,000                   1
At end of the year                                                                                      8,174,932,553             409 8,141,083,114                  407",Whole-list annual-report pass: Full-remainder review: Second-300 pass reviewed: Tesco: requires issuer/regulator primary source plus exact treasury treatment at observation date.
WORK_000037,3,265.5,41.9,01664812,Kingfisher,KGF,2000,1368280601,2000-01-29,allotted and fully paid (incl treasury),TREASURY_TREATMENT_REQUIRED,REVIEW,https://find-and-update.company-information.service.gov.uk/company/01664812/filing-history/NzU0NjUzODNhZGlxemtjeA/document?format=pdf&download=0,"Allotted and fully paid at the end of the year 1,368,280,601 171.0 170.0",Whole-list annual-report pass: Full-remainder review: Second-300 pass reviewed: Kingfisher: issued/allotted figures remain insufficient without same-date treasury deduction or direct outstanding count.
WORK_000038,3,265.5,41.9,01664812,Kingfisher,KGF,2001,1396668864,2001-02-03,allotted and fully paid (incl treasury),TREASURY_TREATMENT_REQUIRED,REVIEW,https://find-and-update.company-information.service.gov.uk/company/01664812/filing-history/MTE3MTk5MzAwYWRpcXprY3g/document?format=pdf&download=0,"Allotted and fully paid at the end of the year 1,396,668,864 174.6 W740",Whole-list annual-report pass: Full-remainder review: Second-300 pass reviewed: Kingfisher: issued/allotted figures remain insufficient without same-date treasury deduction or direct outstanding count.
WORK_000039,3,265.5,41.9,01664812,Kingfisher,KGF,2002,1292000000,2002-02-02,allotted and fully paid (incl treasury),TREASURY_TREATMENT_REQUIRED,REVIEW,https://find-and-update.company-information.service.gov.uk/company/01664812/filing-history/NjI5NzY4MDZhZGlxemtjeA/document?format=pdf&download=0,"Ordinary shares of |3.75p each at end of year 1,292.0 177.7",Whole-list annual-report pass: Full-remainder review: Second-300 pass reviewed: Kingfisher: issued/allotted figures remain insufficient without same-date treasury deduction or direct outstanding count.
WORK_000040,3,265.5,41.9,01664812,Kingfisher,KGF,2003,2612800000,2003-02-01,allotted and fully paid (incl treasury),TREASURY_TREATMENT_REQUIRED,REVIEW,https://find-and-update.company-information.service.gov.uk/company/01664812/filing-history/NTY1OTI4ODJhZGlxemtjeA/document?format=pdf&download=0,Ordinary shares of 13.75p each at end of year 2612.8 359.3 1777,Whole-list annual-report pass: Full-remainder review: Second-300 pass reviewed: Kingfisher: issued/allotted figures remain insufficient without same-date treasury deduction or direct outstanding count.
WORK_000041,3,265.5,41.9,01664812,Kingfisher,KGF,2004,2331400000,2004-01-31,allotted and fully paid (incl treasury),TREASURY_TREATMENT_REQUIRED,REVIEW,https://find-and-update.company-information.service.gov.uk/company/01664812/filing-history/MTMzMDEwMTE5YWRpcXprY3g/document?format=pdf&download=0,"Ordinary shares of 15%/p each at end of year 2,331.4 366.3",Whole-list annual-report pass: Full-remainder review: Second-300 pass reviewed: Kingfisher: issued/allotted figures remain insufficient without same-date treasury deduction or direct outstanding count.
WORK_000042,3,265.5,41.9,01664812,Kingfisher,KGF,2005,2348000000,2005-01-29,allotted and fully paid (incl treasury),TREASURY_TREATMENT_REQUIRED,REVIEW,https://find-and-update.company-information.service.gov.uk/company/01664812/filing-history/NjQ0MDExNTRhZGlxemtjeA/document?format=pdf&download=0,"Ordinary shares of 15%p each at end cf year 2,348.0 369.0",Whole-list annual-report pass: Full-remainder review: Second-300 pass reviewed: Kingfisher: issued/allotted figures remain insufficient without same-date treasury deduction or direct outstanding count.
WORK_000043,3,265.5,41.9,01664812,Kingfisher,KGF,2006,2353300000,2006-01-28,allotted and fully paid (incl treasury),TREASURY_TREATMENT_REQUIRED,REVIEW,https://find-and-update.company-information.service.gov.uk/company/01664812/filing-history/MTYyNTc3MTY4YWRpcXprY3g/document?format=pdf&download=0,"Ordinary shares of 15 */,p each at 28 January 2008 2,353.3 369.8",Whole-list annual-report pass: Full-remainder review: Second-300 pass reviewed: Kingfisher: issued/allotted figures remain insufficient without same-date treasury deduction or direct outstanding count.
WORK_000044,3,265.5,41.9,01664812,Kingfisher,KGF,2007,2360818043,,allotted incl treasury,TREASURY_TREATMENT_REQUIRED,REVIEW,https://find-and-update.company-information.service.gov.uk/company/01664812/filing-history/MjAxMDE0MDMyOGFkaXF6a2N4/document?format=pdf&download=0,"[15 71p Ordinary 2,360, 818,043 £370,884,514.56",Whole-list annual-report pass: Full-remainder review: Second-300 pass reviewed: Kingfisher: issued/allotted figures remain insufficient without same-date treasury deduction or direct outstanding count.
WORK_000045,3,265.5,41.9,01664812,Kingfisher,KGF,2008,2361000000,2008-02-02,allotted and fully paid (incl treasury),TREASURY_TREATMENT_REQUIRED,REVIEW,https://find-and-update.company-information.service.gov.uk/company/01664812/filing-history/MjAwNzAzMzQyOGFkaXF6a2N4/document?format=pdf&download=0,"At2 February 2008 2,361 ant",Whole-list annual-report pass: Full-remainder review: Second-300 pass reviewed: Kingfisher: issued/allotted figures remain insufficient without same-date treasury deduction or direct outstanding count.
WORK_000046,3,265.5,41.9,01664812,Kingfisher,KGF,2009,2361000000,2009-01-31,allotted and fully paid (incl treasury),TREASURY_TREATMENT_REQUIRED,REVIEW,https://find-and-update.company-information.service.gov.uk/company/01664812/filing-history/MjAzNTA2NDkxOGFkaXF6a2N4/document?format=pdf&download=0,"At 31 January 2009 2,361 371",Whole-list annual-report pass: Full-remainder review: Second-300 pass reviewed: Kingfisher: issued/allotted figures remain insufficient without same-date treasury deduction or direct outstanding count.
WORK_000047,3,265.5,41.9,01664812,Kingfisher,KGF,2010,2362000000,2010-01-30,allotted and fully paid (incl treasury),TREASURY_TREATMENT_REQUIRED,REVIEW,https://find-and-update.company-information.service.gov.uk/company/01664812/filing-history/MzAyMDg0NzMwMWFkaXF6a2N4/document?format=pdf&download=0,"At 30 January 2010 2,362 371",Whole-list annual-report pass: Full-remainder review: Second-300 pass reviewed: Kingfisher: issued/allotted figures remain insufficient without same-date treasury deduction or direct outstanding count.
WORK_000048,3,265.5,41.9,01664812,Kingfisher,KGF,2011,2364000000,2011-01-29,allotted and fully paid (incl treasury),TREASURY_TREATMENT_REQUIRED,REVIEW,https://find-and-update.company-information.service.gov.uk/company/01664812/filing-history/MzA0MDM2NzEzNmFkaXF6a2N4/document?format=pdf&download=0,"At 29 January 2011 2,364 371",Whole-list annual-report pass: Full-remainder review: Second-300 pass reviewed: Kingfisher: issued/allotted figures remain insufficient without same-date treasury deduction or direct outstanding count.
WORK_000049,3,265.5,41.9,01664812,Kingfisher,KGF,2012,2369000000,2012-01-28,allotted and fully paid (incl treasury),TREASURY_TREATMENT_REQUIRED,REVIEW,https://find-and-update.company-information.service.gov.uk/company/01664812/filing-history/MzA2MDU2OTkzMGFkaXF6a2N4/document?format=pdf&download=0,"At 28 January 2012 2,369 372",Whole-list annual-report pass: Full-remainder review: Second-300 pass reviewed: Kingfisher: issued/allotted figures remain insufficient without same-date treasury deduction or direct outstanding count.
WORK_000050,3,265.5,41.9,01664812,Kingfisher,KGF,2013,2368419657,,allotted incl treasury,TREASURY_TREATMENT_REQUIRED,REVIEW,https://find-and-update.company-information.service.gov.uk/company/01664812/filing-history/MzEwMzk5NTM4MmFkaXF6a2N4/document?format=pdf&download=0,"[ordinary | 1090152 | 0 | 2,368,419,657 [e 258,193,742 60",Whole-list annual-report pass: Full-remainder review: Second-300 pass reviewed: Kingfisher: issued/allotted figures remain insufficient without same-date treasury deduction or direct outstanding count.
WORK_000051,3,265.5,41.9,01664812,Kingfisher,KGF,2014,2376000000,2014-02-01,allotted and fully paid (incl treasury),TREASURY_TREATMENT_REQUIRED,REVIEW,https://find-and-update.company-information.service.gov.uk/company/01664812/filing-history/MzEwNjg4MzMwN2FkaXF6a2N4/document?format=pdf&download=0,"Atl February 2014 2,376 373",Whole-list annual-report pass: Full-remainder review: Second-300 pass reviewed: Kingfisher: issued/allotted figures remain insufficient without same-date treasury deduction or direct outstanding count.
WORK_000052,3,265.5,41.9,01664812,Kingfisher,KGF,2015,2296939103,,allotted incl treasury,TREASURY_TREATMENT_REQUIRED,REVIEW,https://find-and-update.company-information.service.gov.uk/company/01664812/filing-history/MzE1MzEwNTQyN2FkaXF6a2N4/document?format=pdf&download=0,Class of Shares: 15.71P Number allotted 2296939103 ORDINARY,Whole-list annual-report pass: Full-remainder review: Second-300 pass reviewed: Kingfisher: issued/allotted figures remain insufficient without same-date treasury deduction or direct outstanding count.
WORK_000053,3,265.5,41.9,01664812,Kingfisher,KGF,2016,2210536197,,allotted incl treasury,TREASURY_TREATMENT_REQUIRED,REVIEW,https://find-and-update.company-information.service.gov.uk/company/01664812/filing-history/MzE3ODc0NDA3N2FkaXF6a2N4/document?format=pdf&download=0,Class of Shares: 15.71P Number allotted 2210536197 ORDINARY,Whole-list annual-report pass: Full-remainder review: Second-300 pass reviewed: Kingfisher: issued/allotted figures remain insufficient without same-date treasury deduction or direct outstanding count.
WORK_000054,3,265.5,41.9,01664812,Kingfisher,KGF,2017,2138425540,,allotted incl treasury,TREASURY_TREATMENT_REQUIRED,REVIEW,https://find-and-update.company-information.service.gov.uk/company/01664812/filing-history/MzIwODA1MTQ3MWFkaXF6a2N4/document?format=pdf&download=0,Class of Shares: 15.71P Number allotted 2138425540 ORDINARY,Whole-list annual-report pass: Full-remainder review: Second-300 pass reviewed: Kingfisher: issued/allotted figures remain insufficient without same-date treasury deduction or direct outstanding count.
WORK_000055,4,255.0,42.6,01417162,LEGAL & GENERAL GROUP PLC,LGEN,2002,6502641936,,allotted incl treasury,TREASURY_TREATMENT_REQUIRED,REVIEW,https://find-and-update.company-information.service.gov.uk/company/01417162/filing-history/MTQ0MDc4MDU0YWRpcXprY3g/document?format=pdf&download=0,"| 2.5P ORDINARY | 6,502,641,936 | £162 ,566,048.40",Whole-list annual-report pass: Full-remainder review: Second-300 pass reviewed: Legal & General: year-end share evidence requires explicit treasury/employee-trust treatment before publication.
WORK_000056,4,255.0,42.6,01417162,LEGAL & GENERAL GROUP PLC,LGEN,2004,6506153099,,allotted incl treasury,TREASURY_TREATMENT_REQUIRED,REVIEW,https://find-and-update.company-information.service.gov.uk/company/01417162/filing-history/ODYyNTkwNTVhZGlxemtjeA/document?format=pdf&download=0,"2.5P ORDINARY | 6,506,153,099 “ 162,653, 827.40 wv",Whole-list annual-report pass: Full-remainder review: Second-300 pass reviewed: Legal & General: year-end share evidence requires explicit treasury/employee-trust treatment before publication.
WORK_000057,4,255.0,42.6,01417162,LEGAL & GENERAL GROUP PLC,LGEN,2005,6527276295,,allotted incl treasury,TREASURY_TREATMENT_REQUIRED,REVIEW,https://find-and-update.company-information.service.gov.uk/company/01417162/filing-history/MTY0MzY2ODE1YWRpcXprY3g/document?format=pdf&download=0,"| Ordinary Shares of 25D 6,527,276, 295 | 163,181,907.395",Whole-list annual-report pass: Full-remainder review: Second-300 pass reviewed: Legal & General: year-end share evidence requires explicit treasury/employee-trust treatment before publication.
WORK_000058,4,255.0,42.6,01417162,LEGAL & GENERAL GROUP PLC,LGEN,2006,6535255569,,allotted incl treasury,TREASURY_TREATMENT_REQUIRED,REVIEW,https://find-and-update.company-information.service.gov.uk/company/01417162/filing-history/MTgxMzM1ODQ3YWRpcXprY3g/document?format=pdf&download=0,"|_2_5P ORDINARY / | 6,535,255,569 |__£163,381,389 20 “ea",Whole-list annual-report pass: Full-remainder review: Second-300 pass reviewed: Legal & General: year-end share evidence requires explicit treasury/employee-trust treatment before publication.
WORK_000059,4,255.0,42.6,01417162,LEGAL & GENERAL GROUP PLC,LGEN,2008,5861679365,,allotted incl treasury,TREASURY_TREATMENT_REQUIRED,REVIEW,https://find-and-update.company-information.service.gov.uk/company/01417162/filing-history/MjAzNjYzNzI1NmFkaXF6a2N4/document?format=pdf&download=0,"| | 2.5P ORDINARY | 5, 861,679,365 Vv £146,541,984.13 /",Whole-list annual-report pass: Full-remainder review: Second-300 pass reviewed: Legal & General: year-end share evidence requires explicit treasury/employee-trust treatment before publication.
WORK_000060,4,255.0,42.6,01417162,LEGAL & GENERAL GROUP PLC,LGEN,2010,5866878939,,allotted incl treasury,TREASURY_TREATMENT_REQUIRED,REVIEW,https://find-and-update.company-information.service.gov.uk/company/01417162/filing-history/MzAzNDQ3ODAxMWFkaXF6a2N4/document?format=pdf&download=0,"[2 5P ORDINARY | 0 18| 0 oo| 5, 866,878, 939/£ 146,671,973 47",Whole-list annual-report pass: Full-remainder review: Second-300 pass reviewed: Legal & General: year-end share evidence requires explicit treasury/employee-trust treatment before publication.
WORK_000061,4,255.0,42.6,01417162,LEGAL & GENERAL GROUP PLC,LGEN,2011,5871643015,,allotted incl treasury,TREASURY_TREATMENT_REQUIRED,REVIEW,https://find-and-update.company-information.service.gov.uk/company/01417162/filing-history/MzA0NjA2MjQ1OWFkaXF6a2N4/document?format=pdf&download=0,"2 5P ORDINARY 0 19 0 00| 5,871,643, 015|£ 146,791,075 38",Whole-list annual-report pass: Full-remainder review: Second-300 pass reviewed: Legal & General: year-end share evidence requires explicit treasury/employee-trust treatment before publication.
WORK_000062,4,255.0,42.6,01417162,LEGAL & GENERAL GROUP PLC,LGEN,2012,5910214268,,allotted incl treasury,TREASURY_TREATMENT_REQUIRED,REVIEW,https://find-and-update.company-information.service.gov.uk/company/01417162/filing-history/MzA2NzI2MDkyNmFkaXF6a2N4/document?format=pdf&download=0,"[2 SP ORDINARY | 0 19| 0 oo| 5,910,214, 268 [¢ 147,755,356 70",Whole-list annual-report pass: Full-remainder review: Second-300 pass reviewed: Legal & General: year-end share evidence requires explicit treasury/employee-trust treatment before publication.
WORK_000063,4,255.0,42.6,01417162,LEGAL & GENERAL GROUP PLC,LGEN,2013,5916213068,,allotted incl treasury,TREASURY_TREATMENT_REQUIRED,REVIEW,https://find-and-update.company-information.service.gov.uk/company/01417162/filing-history/MzA4ODQxMTU4OWFkaXF6a2N4/document?format=pdf&download=0,"2 SP ORDINARY oO 187| 0 00] 5,916,213, 068/f£ 147,905,326 70",Whole-list annual-report pass: Full-remainder review: Second-300 pass reviewed: Legal & General: year-end share evidence requires explicit treasury/employee-trust treatment before publication.
WORK_000064,4,255.0,42.6,01417162,LEGAL & GENERAL GROUP PLC,LGEN,2015,5947469722,,allotted incl treasury,TREASURY_TREATMENT_REQUIRED,REVIEW,https://find-and-update.company-information.service.gov.uk/company/01417162/filing-history/MzEzMzM5MDI4MmFkaXF6a2N4/document?format=pdf&download=0,Statement of Capital (Share Capital) Class of shares —2.5P ORDINARY Number allotted 5947469722,Whole-list annual-report pass: Full-remainder review: Second-300 pass reviewed: Legal & General: year-end share evidence requires explicit treasury/employee-trust treatment before publication.
WORK_000065,4,255.0,42.6,01417162,LEGAL & GENERAL GROUP PLC,LGEN,2017,5957251590,,allotted incl treasury,TREASURY_TREATMENT_REQUIRED,REVIEW,https://find-and-update.company-information.service.gov.uk/company/01417162/filing-history/MzE4Nzc0NjAzNWFkaXF6a2N4/document?format=pdf&download=0,Class of Shares: ORDINARY Number allotted 5957251590,Whole-list annual-report pass: Full-remainder review: Second-300 pass reviewed: Legal & General: year-end share evidence requires explicit treasury/employee-trust treatment before publication.
WORK_000066,5,251.5,41.9,01470151,BAE SYSTEMS PLC,BA.,2007,3574000000,2007-12-31,"Issued and fully paid ordinary shares of 2.5p each (excl. Special Share), at 31 December 2007",TREASURY_TREATMENT_REQUIRED,REVIEW,https://www.annualreports.com/HostedData/AnnualReportArchive/b/LSE_BA_2009.pdf,"
156   www.baesystems.com
24. Share capital and other reserves
Share capital
                                                                                           Equity                  Non-equity             Total
                                                                                      Ordinary shares            Special Share
                                                                                       of 2.5p each                   of £1
                                                                                   Number of        Nominal   Number of       Nominal     Nominal
                                                                                     shares           value     shares          value       value
                                                                                          m             £m                          £         £m
Issued and fully paid
At 1 January 2008                                                                    3,574             90              1           1              90
Exercise of options                                                                      8              –              –           –               –
At 1 January 2009                                                                    3,582             90              1           1              90
Exercise of options                                                                      3              –              –           –               –
At 31 December 2009                                                                  3,585             90              1           1              90",Whole-list annual-report pass: Full-remainder review: Second-300 pass reviewed: BAE Systems: candidate requires exact same-date treasury/own-share treatment.
WORK_000067,5,251.5,41.9,01470151,BAE SYSTEMS PLC,BA.,2008,3582000000,2008-12-31,"Issued and fully paid ordinary shares of 2.5p each (excl. Special Share), at 31 December 2008",TREASURY_TREATMENT_REQUIRED,REVIEW,https://www.annualreports.com/HostedData/AnnualReportArchive/b/LSE_BA_2008.pdf,"Total issued share capital as at 31 December 2008           3,582m",Whole-list annual-report pass: Full-remainder review: Second-300 pass reviewed: BAE Systems: candidate requires exact same-date treasury/own-share treatment.
WORK_000068,5,251.5,41.9,01470151,BAE SYSTEMS PLC,BA.,2009,3585000000,2009-12-31,"Issued and fully paid ordinary shares of 2.5p each (excl. Special Share), at 31 December 2009",TREASURY_TREATMENT_REQUIRED,REVIEW,https://www.annualreports.com/HostedData/AnnualReportArchive/b/LSE_BA_2009.pdf,"At 1 January 2009                                                                    3,582             90              1           1              90
Exercise of options                                                                      3              –              –           –               –
At 31 December 2009                                                                  3,585             90              1           1              90",Whole-list annual-report pass: Full-remainder review: Second-300 pass reviewed: BAE Systems: candidate requires exact same-date treasury/own-share treatment.
WORK_000069,5,251.5,41.9,01470151,BAE SYSTEMS PLC,BA.,2010,3587000000,2010-12-31,"Issued and fully paid ordinary shares of 2.5p each (excl. Special Share), at 31 December 2010",TREASURY_TREATMENT_REQUIRED,REVIEW,https://www.annualreports.com/HostedData/AnnualReportArchive/b/LSE_BA_2010.pdf,"At 1 January 2010                                                           3,585             90            1            1            90
Exercise of options                                                             2              –            –            –             –




                                                                                                                                               Group performance
At 31 December 2010                                                         3,587             90            1            1            90",Whole-list annual-report pass: Full-remainder review: Second-300 pass reviewed: BAE Systems: candidate requires exact same-date treasury/own-share treatment.
WORK_000070,5,251.5,41.9,01470151,BAE SYSTEMS PLC,BA.,2011,3588000000,2011-12-31,"Issued and fully paid ordinary shares of 2.5p each (excl. Special Share), at 31 December 2011",TREASURY_TREATMENT_REQUIRED,REVIEW,https://www.annualreports.com/HostedData/AnnualReportArchive/b/LSE_BA_2012.pdf,"                                                                                Equity                   Non-equity             Total
                                                                     Ordinary shares of 2.5p each    Special Share of £1
                                                                        Number of        Nominal    Number of       Nominal      Nominal
                                                                           shares           value     shares           value       value
                                                                                m             £m                           £         £m
Issued and fully paid
At 1 January 2011                                                         3,587              90             1             1             90
Exercise of options                                                           1               –             –             –              –
At 1 January 2012 and 31 December 2012                                    3,588              90             1             1             90

Special Share
One Special Share of £1 in the Company is held on behalf of the Secretary of State for Business, Innovation and Skills (the Special
Shareholder). Certain provisions of the Company’s Articles of Association cannot be amended without the consent of the Special
Shareholder. These provisions include the requirement that no foreign person, or foreign persons acting in concert, can have more
than a 15% voting interest in the Company, the requirement that the majority of the directors are British, and the requirement that",Whole-list annual-report pass: Full-remainder review: Second-300 pass reviewed: BAE Systems: candidate requires exact same-date treasury/own-share treatment.
WORK_000071,5,251.5,41.9,01470151,BAE SYSTEMS PLC,BA.,2012,3588000000,2012-12-31,"Issued and fully paid ordinary shares of 2.5p each (excl. Special Share), at 31 December 2012",TREASURY_TREATMENT_REQUIRED,REVIEW,https://www.annualreports.com/HostedData/AnnualReportArchive/b/LSE_BA_2012.pdf,"                                                                                Equity                   Non-equity             Total
                                                                     Ordinary shares of 2.5p each    Special Share of £1
                                                                        Number of        Nominal    Number of       Nominal      Nominal
                                                                           shares           value     shares           value       value
                                                                                m             £m                           £         £m
Issued and fully paid
At 1 January 2011                                                         3,587              90             1             1             90
Exercise of options                                                           1               –             –             –              –
At 1 January 2012 and 31 December 2012                                    3,588              90             1             1             90

Special Share
One Special Share of £1 in the Company is held on behalf of the Secretary of State for Business, Innovation and Skills (the Special
Shareholder). Certain provisions of the Company’s Articles of Association cannot be amended without the consent of the Special
Shareholder. These provisions include the requirement that no foreign person, or foreign persons acting in concert, can have more
than a 15% voting interest in the Company, the requirement that the majority of the directors are British, and the requirement that",Whole-list annual-report pass: Full-remainder review: Second-300 pass reviewed: BAE Systems: candidate requires exact same-date treasury/own-share treatment.
WORK_000072,5,251.5,41.9,01470151,BAE SYSTEMS PLC,BA.,2013,3536000000,2013-12-31,"Issued and fully paid ordinary shares of 2.5p each (excl. Special Share), at 31 December 2013",TREASURY_TREATMENT_REQUIRED,REVIEW,https://www.annualreports.com/HostedData/AnnualReportArchive/b/LSE_BA_2013.pdf,"At 1 January 2012 and 1 January 2013                                          3,588              90             1             1            90
            Repurchased and cancelled                                                       (52)             (1)            –             –            (1)
            At 31 December 2013                                                           3,536              89             1             1            89",Whole-list annual-report pass: Full-remainder review: Second-300 pass reviewed: BAE Systems: candidate requires exact same-date treasury/own-share treatment.
WORK_000073,5,251.5,41.9,01470151,BAE SYSTEMS PLC,BA.,2014,3469000000,2014-12-31,"Issued and fully paid ordinary shares of 2.5p each (excl. Special Share), at 31 December 2014",TREASURY_TREATMENT_REQUIRED,REVIEW,https://www.annualreports.com/HostedData/AnnualReportArchive/b/LSE_BA_2014.pdf,"            23. SHARE CAPITAL AND OTHER RESERVES
           Share capital
                                                                                                Equity                   Non-equity                  Total
                                                                                     Ordinary shares of 2.5p each    Special Share of £1
                                                                                        Number of        Nominal    Number of       Nominal          Nominal
                                                                                           shares           value     shares           value           value
                                                                                                m             £m                           £             £m
           Issued and fully paid
           At 1 January 2013                                                              3,588              90             1             1                  90
           Repurchased and cancelled                                                        (52)             (1)            –             –                  (1)
           At 31 December 2013                                                            3,536              89             1             1                  89
           Repurchased and cancelled                                                        (67)             (2)            –             –                  (2)
           At 31 December 2014                                                            3,469              87             1             1                  87
           Special Share",Whole-list annual-report pass: Full-remainder review: Second-300 pass reviewed: BAE Systems: candidate requires exact same-date treasury/own-share treatment.
WORK_000074,5,251.5,41.9,01470151,BAE SYSTEMS PLC,BA.,2015,3467000000,2015-12-31,"Issued and fully paid ordinary shares of 2.5p each (excl. Special Share), at 31 December 2015",TREASURY_TREATMENT_REQUIRED,REVIEW,https://www.annualreports.com/HostedData/AnnualReportArchive/b/LSE_BA_2015.pdf,"22. Share capital and other reserves
Share capital
                                                                                            Equity                     Non-equity               Total
                                                                                  Ordinary shares of 2.5p each     Special Share of £1
                                                                                    Number of        Nominal     Number of          Nominal     Nominal
                                                                                       shares          value        shares            value       value
                                                                                           m             £m                               £         £m
Issued and fully paid
At 1 January 2014                                                                       3,536             89              1                1            89
Repurchased and cancelled                                                                 (67)             (2)            –                –             (2)
At 31 December 2014                                                                     3,469             87              1                1            87
Repurchased and cancelled                                                                   (2)             –             –                –              –
At 31 December 2015                                                                     3,467             87              1                1            87",Whole-list annual-report pass: Full-remainder review: Second-300 pass reviewed: BAE Systems: candidate requires exact same-date treasury/own-share treatment.
WORK_000075,5,251.5,41.9,01470151,BAE SYSTEMS PLC,BA.,2016,3467440044,,allotted incl treasury,TREASURY_TREATMENT_REQUIRED,REVIEW,https://find-and-update.company-information.service.gov.uk/company/01470151/filing-history/MzE1ODY4Mjk5NmFkaXF6a2N4/document?format=pdf&download=0,Class of Shares: ORDINARY Number allotted 3467440044,Whole-list annual-report pass: Full-remainder review: Second-300 pass reviewed: BAE Systems: candidate requires exact same-date treasury/own-share treatment.
WORK_000076,5,251.5,41.9,01470151,BAE SYSTEMS PLC,BA.,2017,3467000000,2017-12-31,"Issued and fully paid ordinary shares of 2.5p each (excl. Special Share), at 31 December 2017",TREASURY_TREATMENT_REQUIRED,REVIEW,https://www.annualreports.com/HostedData/AnnualReportArchive/b/LSE_BA_2017.pdf,"At 1 January 2016, 31 December 2016 and 31 December 2017                                 3,467             87            1               1                   8",Whole-list annual-report pass: Full-remainder review: Second-300 pass reviewed: BAE Systems: candidate requires exact same-date treasury/own-share treatment.
WORK_000077,6,251.5,39.9,00966425,STANDARD CHARTERED PLC,STAN,2001,1130678000,2001-12-31,"Ordinary shares of $0.50 each, allotted, called-up and fully paid at 31 December 2001 (balance-sheet date), per Note 36 reconciliation ('At 1 January 2002' opening balance); not the EPS weighted average",TREASURY_TREATMENT_REQUIRED,REVIEW,https://www.annualreports.com/HostedData/AnnualReportArchive/s/LSE_STAN_2002.pdf,"At 1 January 2002                                                                                 1,000             200,000            1,130,678           861",Whole-list annual-report pass: Full-remainder review: Second-300 pass reviewed: Standard Chartered: retained candidate lacks independently confirmed exact treasury-excluded year-end basis.
WORK_000078,6,251.5,39.9,00966425,STANDARD CHARTERED PLC,STAN,2002,1170051000,2002-12-31,"Ordinary shares of $0.50 each, allotted, called-up and fully paid at 31 December 2002 (balance-sheet date), per Note 36; not the EPS weighted average",TREASURY_TREATMENT_REQUIRED,REVIEW,https://www.annualreports.com/HostedData/AnnualReportArchive/s/LSE_STAN_2002.pdf,"At 31 December 2002                                                                                 341             200,000            1,170,051           909",Whole-list annual-report pass: Full-remainder review: Second-300 pass reviewed: Standard Chartered: retained candidate lacks independently confirmed exact treasury-excluded year-end basis.
WORK_000079,6,251.5,39.9,00966425,STANDARD CHARTERED PLC,STAN,2003,1175000000,2003-12-31,"Ordinary shares of $0.50 each, allotted, called-up and fully paid at 31 December 2003 (balance-sheet date), per Note 37 reconciliation ('At 1 January 2004' opening balance), rounded to nearest million as printed; not the EPS weighted average",TREASURY_TREATMENT_REQUIRED,REVIEW,https://www.annualreports.com/HostedData/AnnualReportArchive/s/LSE_STAN_2005.pdf,"At 1 January 2004                                                    1,175               588             351             2,813     3,752",Whole-list annual-report pass: Full-remainder review: Second-300 pass reviewed: Standard Chartered: retained candidate lacks independently confirmed exact treasury-excluded year-end basis.
WORK_000080,6,251.5,39.9,00966425,STANDARD CHARTERED PLC,STAN,2004,1297065150,,allotted incl treasury,TREASURY_TREATMENT_REQUIRED,REVIEW,https://find-and-update.company-information.service.gov.uk/company/00966425/filing-history/MTMxNzEwMDU1YWRpcXprY3g/document?format=pdf&download=0,"[Ordinary Shares of US$0.50 each fully paid / | 1,297,065,150 v 648, 532,575.00“",Whole-list annual-report pass: Full-remainder review: Second-300 pass reviewed: Standard Chartered: retained candidate lacks independently confirmed exact treasury-excluded year-end basis.
WORK_000081,6,251.5,39.9,00966425,STANDARD CHARTERED PLC,STAN,2005,1316000000,2005-12-31,"Ordinary shares of $0.50 each, allotted, called-up and fully paid at 31 December 2005 (balance-sheet date), per Note 37, rounded to nearest million as printed; not the EPS weighted average",TREASURY_TREATMENT_REQUIRED,REVIEW,https://www.annualreports.com/HostedData/AnnualReportArchive/s/LSE_STAN_2005.pdf,"At 31 December 2005                                                  1,316               658                 2           4,978     5,638",Whole-list annual-report pass: Full-remainder review: Second-300 pass reviewed: Standard Chartered: retained candidate lacks independently confirmed exact treasury-excluded year-end basis.
WORK_000082,6,251.5,39.9,00966425,STANDARD CHARTERED PLC,STAN,2006,1386704838,,allotted incl treasury,TREASURY_TREATMENT_REQUIRED,REVIEW,https://find-and-update.company-information.service.gov.uk/company/00966425/filing-history/MTgwNjM5MjEyYWRpcXprY3g/document?format=pdf&download=0,"[Ordinary Shares of USS$0O 50 each fully paid | 1,386,704,838 | 693,352,419.00",Whole-list annual-report pass: Full-remainder review: Second-300 pass reviewed: Standard Chartered: retained candidate lacks independently confirmed exact treasury-excluded year-end basis.
WORK_000083,6,251.5,39.9,00966425,STANDARD CHARTERED PLC,STAN,2007,1411612248,,allotted incl treasury,TREASURY_TREATMENT_REQUIRED,REVIEW,https://find-and-update.company-information.service.gov.uk/company/00966425/filing-history/MjAwNTI5MDU2M2FkaXF6a2N4/document?format=pdf&download=0,"Ordinary Shares of USSO 50 each S | 1,411,612,248 vf 705,806,124 00",Whole-list annual-report pass: Full-remainder review: Second-300 pass reviewed: Standard Chartered: retained candidate lacks independently confirmed exact treasury-excluded year-end basis.
WORK_000084,6,251.5,39.9,00966425,STANDARD CHARTERED PLC,STAN,2008,1897929315,,allotted incl treasury,TREASURY_TREATMENT_REQUIRED,REVIEW,https://find-and-update.company-information.service.gov.uk/company/00966425/filing-history/MjAzNDY5MDQ3M2FkaXF6a2N4/document?format=pdf&download=0,"| Ordinary Shares of US$0.50 each ‘ | 1,897,929,315 | 948,964,658",Whole-list annual-report pass: Full-remainder review: Second-300 pass reviewed: Standard Chartered: retained candidate lacks independently confirmed exact treasury-excluded year-end basis.
WORK_000085,6,251.5,39.9,00966425,STANDARD CHARTERED PLC,STAN,2009,2025000000,2009-12-31,"Ordinary shares of $0.50 each, allotted, called-up and fully paid at 31 December 2009 (balance-sheet date), per Note 37, rounded to nearest million as printed; not the EPS weighted average",TREASURY_TREATMENT_REQUIRED,REVIEW,https://www.annualreports.com/HostedData/AnnualReportArchive/s/LSE_STAN_2009.pdf,"At 31 December 2009                                                                      2,025               1,013                     –            1,013",Whole-list annual-report pass: Full-remainder review: Second-300 pass reviewed: Standard Chartered: retained candidate lacks independently confirmed exact treasury-excluded year-end basis.
WORK_000086,6,251.5,39.9,00966425,STANDARD CHARTERED PLC,STAN,2010,2348000000,2010-12-31,"Ordinary shares of $0.50 each, allotted, called-up and fully paid at 31 December 2010 (balance-sheet date), per Note 36, rounded to nearest million as printed; not the EPS weighted average",TREASURY_TREATMENT_REQUIRED,REVIEW,https://www.annualreports.com/HostedData/AnnualReportArchive/s/LSE_STAN_2010.pdf,"At 31 December 2010                                                                        2,348             1,174                –       1,174",Whole-list annual-report pass: Full-remainder review: Second-300 pass reviewed: Standard Chartered: retained candidate lacks independently confirmed exact treasury-excluded year-end basis.
WORK_000087,6,251.5,39.9,00966425,STANDARD CHARTERED PLC,STAN,2011,2384000000,2011-12-31,"Ordinary shares of $0.50 each, allotted, called-up and fully paid at 31 December 2011 (balance-sheet date), per Note 35, rounded to nearest million as printed; not the EPS weighted average",TREASURY_TREATMENT_REQUIRED,REVIEW,https://www.annualreports.com/HostedData/AnnualReportArchive/s/LSE_STAN_2011.pdf,"At 31 December 2011                                                                     2,384            1,192                   –            1,192",Whole-list annual-report pass: Full-remainder review: Second-300 pass reviewed: Standard Chartered: retained candidate lacks independently confirmed exact treasury-excluded year-end basis.
WORK_000088,6,251.5,39.9,00966425,STANDARD CHARTERED PLC,STAN,2012,2413000000,2012-12-31,"Ordinary shares of $0.50 each, allotted, called-up and fully paid at 31 December 2012 (balance-sheet date), per Note 35, rounded to nearest million as printed; not the EPS weighted average",TREASURY_TREATMENT_REQUIRED,REVIEW,https://www.annualreports.com/HostedData/AnnualReportArchive/s/LSE_STAN_2012.pdf,"At 31 December 2012                                                                            2,413           1,207                  –             1,207",Whole-list annual-report pass: Full-remainder review: Second-300 pass reviewed: Standard Chartered: retained candidate lacks independently confirmed exact treasury-excluded year-end basis.
WORK_000089,6,251.5,39.9,00966425,STANDARD CHARTERED PLC,STAN,2013,2427000000,2013-12-31,"Ordinary shares of $0.50 each, allotted, called-up and fully paid at 31 December 2013 (balance-sheet date), per Note 36, rounded to nearest million as printed; not the EPS weighted average",TREASURY_TREATMENT_REQUIRED,REVIEW,https://www.annualreports.com/HostedData/AnnualReportArchive/s/LSE_STAN_2013.pdf,"At 31 December 2013                                                                           2,427            1,214                  –          1,214",Whole-list annual-report pass: Full-remainder review: Second-300 pass reviewed: Standard Chartered: retained candidate lacks independently confirmed exact treasury-excluded year-end basis.
WORK_000090,6,251.5,39.9,00966425,STANDARD CHARTERED PLC,STAN,2014,2473000000,2014-12-31,"Ordinary shares of $0.50 each, allotted, called-up and fully paid at 31 December 2014 (balance-sheet date), per Note 34, rounded to nearest million as printed; not the EPS weighted average",TREASURY_TREATMENT_REQUIRED,REVIEW,https://www.annualreports.com/HostedData/AnnualReportArchive/s/LSE_STAN_2014.pdf,"At 31 December 2014                                                                            2,473            1,236                  –         1,236",Whole-list annual-report pass: Full-remainder review: Second-300 pass reviewed: Standard Chartered: retained candidate lacks independently confirmed exact treasury-excluded year-end basis.
WORK_000091,6,251.5,39.9,00966425,STANDARD CHARTERED PLC,STAN,2015,3281601900,,allotted incl treasury,TREASURY_TREATMENT_REQUIRED,REVIEW,https://find-and-update.company-information.service.gov.uk/company/00966425/filing-history/MzE0ODUzNTgyOWFkaXF6a2N4/document?format=pdf&download=0,"'Ordinary Shares GBP0.50 ... 3,281,601,900 | 1,640,800,950' (US$ statement of capital, F2); 3,281,601,900 x $0.50 = $1,640,800,950 exact",Whole-list annual-report pass: Full-remainder review: Second-300 pass reviewed: Standard Chartered: retained candidate lacks independently confirmed exact treasury-excluded year-end basis.
WORK_000092,6,251.5,39.9,00966425,STANDARD CHARTERED PLC,STAN,2017,3302100715,,allotted incl treasury,TREASURY_TREATMENT_REQUIRED,REVIEW,https://find-and-update.company-information.service.gov.uk/company/00966425/filing-history/MzIwMzMzMDk0MWFkaXF6a2N4/document?format=pdf&download=0,Class of Shares: ORDINARY Number allotted 3302100715,Whole-list annual-report pass: Full-remainder review: Second-300 pass reviewed: Standard Chartered: retained candidate lacks independently confirmed exact treasury-excluded year-end basis.
WORK_000093,7,251.0,42.6,00053723,PEARSON PLC,PSON,2000,625047314,,allotted incl treasury,TREASURY_TREATMENT_REQUIRED,REVIEW,https://find-and-update.company-information.service.gov.uk/company/00053723/filing-history/OTYxMjU0ODVhZGlxemtjeA/document?format=pdf&download=0,"at the date of this return. muttiplied by nominal value . > per share} OROR/ORDINARY SHA 625,047,314. £  156,261,828.5 |",Whole-list annual-report pass: Full-remainder review: Second-300 pass reviewed: Pearson: remaining years lack exact primary-source year-end outstanding count; prior rounded candidates are not trusted.
WORK_000094,7,251.0,42.6,00053723,PEARSON PLC,PSON,2001,800686817,,allotted incl treasury,TREASURY_TREATMENT_REQUIRED,REVIEW,https://find-and-update.company-information.service.gov.uk/company/00053723/filing-history/Njc1MjYyMjRhZGlxemtjeA/document?format=pdf&download=0,"keyword_lines page 8 shows 'Name OROR/ORDINARY SHA' with '800,686,817.' matching aggregate nominal value £200,646,201.50 divided by 0.25 nominal value per share",Whole-list annual-report pass: Full-remainder review: Second-300 pass reviewed: Pearson: remaining years lack exact primary-source year-end outstanding count; prior rounded candidates are not trusted.
WORK_000095,7,251.0,42.6,00053723,PEARSON PLC,PSON,2002,801695632,,allotted incl treasury,TREASURY_TREATMENT_REQUIRED,REVIEW,https://find-and-update.company-information.service.gov.uk/company/00053723/filing-history/ODc2MDA0MjRhZGlxemtjeA/document?format=pdf&download=0,"keyword_lines page 9 shows 'OROR/ORDINARY SHA | 801,695,632. | £  200,423,908.00'; arithmetic check: 801695632 × £0.25 = £200,423,908.00 ✓",Whole-list annual-report pass: Full-remainder review: Second-300 pass reviewed: Pearson: remaining years lack exact primary-source year-end outstanding count; prior rounded candidates are not trusted.
WORK_000096,7,251.0,42.6,00053723,PEARSON PLC,PSON,2003,802584806,,allotted incl treasury,TREASURY_TREATMENT_REQUIRED,REVIEW,https://find-and-update.company-information.service.gov.uk/company/00053723/filing-history/MTA4NzI2MjgyYWRpcXprY3g/document?format=pdf&download=0,"keyword_lines page 11 shows 'OROR/ORDINARY SHA 802,584,806. £  200,646,201.50'; reconciles: 802584806 × £0.25 = £200,646,201.50 ✓",Whole-list annual-report pass: Full-remainder review: Second-300 pass reviewed: Pearson: remaining years lack exact primary-source year-end outstanding count; prior rounded candidates are not trusted.
WORK_000097,7,251.0,42.6,00053723,PEARSON PLC,PSON,2004,803691137,,allotted incl treasury,TREASURY_TREATMENT_REQUIRED,REVIEW,https://find-and-update.company-information.service.gov.uk/company/00053723/filing-history/MTM4OTUxMDkyYWRpcXprY3g/document?format=pdf&download=0,"keyword_lines page 10 shows 'OROR/ORDINARY SHA 803691137 | £ 200,922,784.25'; Totals line also shows '803691137' confirming single class",Whole-list annual-report pass: Full-remainder review: Second-300 pass reviewed: Pearson: remaining years lack exact primary-source year-end outstanding count; prior rounded candidates are not trusted.
WORK_000098,7,251.0,42.6,00053723,PEARSON PLC,PSON,2005,804512879,,allotted incl treasury,TREASURY_TREATMENT_REQUIRED,REVIEW,https://find-and-update.company-information.service.gov.uk/company/00053723/filing-history/MTYzMTE0NjMzYWRpcXprY3g/document?format=pdf&download=0,"keyword_lines page 10 shows '|OROR/ORDINARY SHA | 804512879 | £ 201,128,219.75'; Totals confirms '804512879'",Whole-list annual-report pass: Full-remainder review: Second-300 pass reviewed: Pearson: remaining years lack exact primary-source year-end outstanding count; prior rounded candidates are not trusted.
WORK_000099,7,251.0,42.6,00053723,PEARSON PLC,PSON,2007,808028000,2007-12-31,allotted incl treasury,TREASURY_TREATMENT_REQUIRED,REVIEW,https://www.annualreports.com/HostedData/AnnualReportArchive/p/LSE_PSON_2007.pdf,"At 31 December 2007                                                                                                    808,028                 202      2,499",Whole-list annual-report pass: Full-remainder review: Second-300 pass reviewed: Pearson: remaining years lack exact primary-source year-end outstanding count; prior rounded candidates are not trusted.
WORK_000100,7,251.0,42.6,00053723,PEARSON PLC,PSON,2011,815626000,2011-12-31,allotted incl treasury,TREASURY_TREATMENT_REQUIRED,REVIEW,https://www.annualreports.com/HostedData/AnnualReportArchive/p/LSE_PSON_2011.pdf,"At 31 December 2011                                                                    815,626             204     2,544",Whole-list annual-report pass: Full-remainder review: Second-300 pass reviewed: Pearson: remaining years lack exact primary-source year-end outstanding count; prior rounded candidates are not trusted.
WORK_000101,7,251.0,42.6,00053723,PEARSON PLC,PSON,2016,822127000,2016-12-31,allotted incl treasury,TREASURY_TREATMENT_REQUIRED,REVIEW,https://www.annualreports.com/HostedData/AnnualReportArchive/p/LSE_PSON_2016.pdf,"At 31 December 2016                                                                                              822,127               205        2,597",Whole-list annual-report pass: Full-remainder review: Second-300 pass reviewed: Pearson: remaining years lack exact primary-source year-end outstanding count; prior rounded candidates are not trusted.
WORK_000102,8,249.0,42.6,00719885,RIO TINTO PLC,RIO,2002,1065481600,,outstanding (cover statement),TREASURY_TREATMENT_REQUIRED,REVIEW,https://www.sec.gov/Archives/edgar/data/863064/000102123103000488/b705430-20f.htm,,Whole-list annual-report pass: Full-remainder review: Second-300 pass reviewed: Rio Tinto: remaining years require exact plc-share treasury reconciliation or direct cover disclosure.
WORK_000103,8,249.0,42.6,00719885,RIO TINTO PLC,RIO,2004,1066674301,,outstanding (cover statement),TREASURY_TREATMENT_REQUIRED,REVIEW,https://www.sec.gov/Archives/edgar/data/863064/000102123105000476/b798402-20f.htm,,Whole-list annual-report pass: Full-remainder review: Second-300 pass reviewed: Rio Tinto: remaining years require exact plc-share treasury reconciliation or direct cover disclosure.
WORK_000104,8,249.0,42.6,00719885,RIO TINTO PLC,RIO,2006,1071488203,,outstanding (cover statement),TREASURY_TREATMENT_REQUIRED,REVIEW,https://www.sec.gov/Archives/edgar/data/863064/000115697307001047/u51869_20f.htm,,Whole-list annual-report pass: Full-remainder review: Second-300 pass reviewed: Rio Tinto: remaining years require exact plc-share treasury reconciliation or direct cover disclosure.
WORK_000105,8,249.0,42.6,00719885,RIO TINTO PLC,RIO,2009,1529003871,,outstanding (cover statement),TREASURY_TREATMENT_REQUIRED,REVIEW,https://www.sec.gov/Archives/edgar/data/863064/000095012310053740/u08506e20vf.htm,,Whole-list annual-report pass: Full-remainder review: Second-300 pass reviewed: Rio Tinto: remaining years require exact plc-share treasury reconciliation or direct cover disclosure.
WORK_000106,8,249.0,42.6,00719885,RIO TINTO PLC,RIO,2012,1425375466,,outstanding (cover statement),TREASURY_TREATMENT_REQUIRED,REVIEW,https://www.sec.gov/Archives/edgar/data/863064/000119312513108628/d497913d20f.htm,,Whole-list annual-report pass: Full-remainder review: Second-300 pass reviewed: Rio Tinto: remaining years require exact plc-share treasury reconciliation or direct cover disclosure.
WORK_000107,8,249.0,42.6,00719885,RIO TINTO PLC,RIO,2014,1425377388,,outstanding (cover statement),TREASURY_TREATMENT_REQUIRED,REVIEW,https://www.sec.gov/Archives/edgar/data/863064/000119312515079473/d820499d20f.htm,,Whole-list annual-report pass: Full-remainder review: Second-300 pass reviewed: Rio Tinto: remaining years require exact plc-share treasury reconciliation or direct cover disclosure.
WORK_000108,8,249.0,42.6,00719885,RIO TINTO PLC,RIO,2016,1384519426,,outstanding (cover statement),TREASURY_TREATMENT_REQUIRED,REVIEW,https://www.sec.gov/Archives/edgar/data/863064/000119312517067251/d284430d20f.htm,,Whole-list annual-report pass: Full-remainder review: Second-300 pass reviewed: Rio Tinto: remaining years require exact plc-share treasury reconciliation or direct cover disclosure.
WORK_000109,8,249.0,42.6,00719885,RIO TINTO PLC,RIO,2017,1351608558,,outstanding (cover statement),TREASURY_TREATMENT_REQUIRED,REVIEW,https://www.sec.gov/cgi-bin/browse-edgar?action=getcompany&CIK=0000863064&type=20-F/A,,Whole-list annual-report pass: Full-remainder review: Second-300 pass reviewed: Rio Tinto: remaining years require exact plc-share treasury reconciliation or direct cover disclosure.
WORK_000110,9,243.0,42.6,00048839,BARCLAYS PLC,BARC,2000,1477117348,,allotted incl treasury,TREASURY_TREATMENT_REQUIRED,REVIEW,https://find-and-update.company-information.service.gov.uk/company/00048839/filing-history/MTIwNDkyOTQ5YWRpcXprY3g/document?format=pdf&download=0,,Whole-list annual-report pass: Full-remainder review: Second-300 pass reviewed: Barclays: year-end candidate remains unverified to exact date/value/basis standard.
WORK_000111,9,243.0,42.6,00048839,BARCLAYS PLC,BARC,2001,1663245575,,allotted incl treasury,TREASURY_TREATMENT_REQUIRED,REVIEW,https://find-and-update.company-information.service.gov.uk/company/00048839/filing-history/ODkzOTIyMzhhZGlxemtjeA/document?format=pdf&download=0,,Whole-list annual-report pass: Full-remainder review: Second-300 pass reviewed: Barclays: year-end candidate remains unverified to exact date/value/basis standard.
WORK_000112,9,243.0,42.6,00048839,BARCLAYS PLC,BARC,2004,6453561180,,outstanding (cover statement),DATE_RECONSTRUCTION_REQUIRED,REVIEW,https://www.sec.gov/Archives/edgar/data/312069/000115697305000357/u48461e20vf.htm,,Focused date pass: exact period/date or treasury basis has not yet been independently confirmed from the specific primary filing; keep REVIEW.
WORK_000113,9,243.0,42.6,00048839,BARCLAYS PLC,BARC,2007,6534698021,,outstanding (cover statement),YEAR_DATE_METADATA_CONFLICT,REVIEW,https://www.sec.gov/Archives/edgar/data/312069/000119312507065174/d6k.htm,,"Continued primary-source review: 6,534,698,021 is explicitly the issued ordinary share capital at 31 December 2006, not a 2007 observation. Do not silently relabel/backdate. A separate exact 2007 observation is required."
WORK_000114,9,243.0,42.6,00048839,BARCLAYS PLC,BARC,2012,12242633551,,outstanding (cover statement),DATE_RECONSTRUCTION_REQUIRED,REVIEW,https://www.sec.gov/Archives/edgar/data/312069/000119312513105055/d497934d20f.htm,,Focused date pass: exact period/date or treasury basis has not yet been independently confirmed from the specific primary filing; keep REVIEW.
WORK_000115,10,241.0,42.2,00293262,ASSOCIATED BRITISH FOODS PLC,ABF,2000,791674183,2000-07-27,allotted incl treasury,TREASURY_TREATMENT_REQUIRED,REVIEW,https://find-and-update.company-information.service.gov.uk/company/00293262/filing-history/NTM5MDMzNDNhZGlxemtjeA/document?format=pdf&download=0,"Number of shares issued: 791,674,183",Whole-list annual-report pass: Full-remainder review: Second-300 pass reviewed: Associated British Foods: exact year-end issued-vs-treasury basis remains unresolved.
WORK_000116,10,241.0,42.2,00293262,ASSOCIATED BRITISH FOODS PLC,ABF,2001,791674183,2001-07-27,allotted incl treasury,TREASURY_TREATMENT_REQUIRED,REVIEW,https://find-and-update.company-information.service.gov.uk/company/00293262/filing-history/MTM3MzUzNDQ5YWRpcXprY3g/document?format=pdf&download=0,"Number of shares issued: 791,674,183",Whole-list annual-report pass: Full-remainder review: Second-300 pass reviewed: Associated British Foods: exact year-end issued-vs-treasury basis remains unresolved.
WORK_000117,10,241.0,42.2,00293262,ASSOCIATED BRITISH FOODS PLC,ABF,2002,791674183,2002-07-27,allotted incl treasury,TREASURY_TREATMENT_REQUIRED,REVIEW,https://find-and-update.company-information.service.gov.uk/company/00293262/filing-history/MTEwMzI1MDIzYWRpcXprY3g/document?format=pdf&download=0,"Number of shares issued 791,674,183",Whole-list annual-report pass: Full-remainder review: Second-300 pass reviewed: Associated British Foods: exact year-end issued-vs-treasury basis remains unresolved.
WORK_000118,10,241.0,42.2,00293262,ASSOCIATED BRITISH FOODS PLC,ABF,2003,791674183,,allotted incl treasury,TREASURY_TREATMENT_REQUIRED,REVIEW,https://find-and-update.company-information.service.gov.uk/company/00293262/filing-history/MTI4MTIxNzgyYWRpcXprY3g/document?format=pdf&download=0,"Ordinary | 791,674,183 | £44,967,093.59",Whole-list annual-report pass: Full-remainder review: Second-300 pass reviewed: Associated British Foods: exact year-end issued-vs-treasury basis remains unresolved.
WORK_000119,10,241.0,42.2,00293262,ASSOCIATED BRITISH FOODS PLC,ABF,2004,791674183,2004-07-27,allotted incl treasury,TREASURY_TREATMENT_REQUIRED,REVIEW,https://find-and-update.company-information.service.gov.uk/company/00293262/filing-history/ODc5MDM1NDdhZGlxemtjeA/document?format=pdf&download=0,"Number of shares issued 791,674,183",Whole-list annual-report pass: Full-remainder review: Second-300 pass reviewed: Associated British Foods: exact year-end issued-vs-treasury basis remains unresolved.
WORK_000120,10,241.0,42.2,00293262,ASSOCIATED BRITISH FOODS PLC,ABF,2005,791674183,,allotted incl treasury,TREASURY_TREATMENT_REQUIRED,REVIEW,https://find-and-update.company-information.service.gov.uk/company/00293262/filing-history/ODU5ODIxNzJhZGlxemtjeA/document?format=pdf&download=0,"Ordinary | 791,674,183 | £44, 967,093.59",Whole-list annual-report pass: Full-remainder review: Second-300 pass reviewed: Associated British Foods: exact year-end issued-vs-treasury basis remains unresolved.
WORK_000121,10,241.0,42.2,00293262,ASSOCIATED BRITISH FOODS PLC,ABF,2006,791674183,2006-07-27,allotted incl treasury,TREASURY_TREATMENT_REQUIRED,REVIEW,https://find-and-update.company-information.service.gov.uk/company/00293262/filing-history/MTY1OTQyMDAwYWRpcXprY3g/document?format=pdf&download=0,"Number of shares issued 791,674,183",Whole-list annual-report pass: Full-remainder review: Second-300 pass reviewed: Associated British Foods: exact year-end issued-vs-treasury basis remains unresolved.
WORK_000122,10,241.0,42.2,00293262,ASSOCIATED BRITISH FOODS PLC,ABF,2007,791674183,2007-07-27,allotted incl treasury,TREASURY_TREATMENT_REQUIRED,REVIEW,https://find-and-update.company-information.service.gov.uk/company/00293262/filing-history/MTg0Njg4MjU2YWRpcXprY3g/document?format=pdf&download=0,"Number of shares issued 791,674,183",Whole-list annual-report pass: Full-remainder review: Second-300 pass reviewed: Associated British Foods: exact year-end issued-vs-treasury basis remains unresolved.
WORK_000123,10,241.0,42.2,00293262,ASSOCIATED BRITISH FOODS PLC,ABF,2008,791674183,2008-07-27,allotted incl treasury,TREASURY_TREATMENT_REQUIRED,REVIEW,https://find-and-update.company-information.service.gov.uk/company/00293262/filing-history/MjAxMDczMjg1OWFkaXF6a2N4/document?format=pdf&download=0,"Number of shares issued 791,674,183",Whole-list annual-report pass: Full-remainder review: Second-300 pass reviewed: Associated British Foods: exact year-end issued-vs-treasury basis remains unresolved.
WORK_000124,10,241.0,42.2,00293262,ASSOCIATED BRITISH FOODS PLC,ABF,2009,791674183,,allotted incl treasury,TREASURY_TREATMENT_REQUIRED,REVIEW,https://find-and-update.company-information.service.gov.uk/company/00293262/filing-history/MjAzOTMzNjY4MmFkaXF6a2N4/document?format=pdf&download=0,"Ordinary & Sioazp . | 791,674,183",Whole-list annual-report pass: Full-remainder review: Second-300 pass reviewed: Associated British Foods: exact year-end issued-vs-treasury basis remains unresolved.
WORK_000125,10,241.0,42.2,00293262,ASSOCIATED BRITISH FOODS PLC,ABF,2010,791674183,2010-07-27,allotted incl treasury,TREASURY_TREATMENT_REQUIRED,REVIEW,https://find-and-update.company-information.service.gov.uk/company/00293262/filing-history/MzAyMTUyOTQzMWFkaXF6a2N4/document?format=pdf&download=0,"Number of shares 791,674,183",Whole-list annual-report pass: Full-remainder review: Second-300 pass reviewed: Associated British Foods: exact year-end issued-vs-treasury basis remains unresolved.
WORK_000126,10,241.0,42.2,00293262,ASSOCIATED BRITISH FOODS PLC,ABF,2012,791674183,,allotted incl treasury,TREASURY_TREATMENT_REQUIRED,REVIEW,https://find-and-update.company-information.service.gov.uk/company/00293262/filing-history/MzA4Mzk3MzEzN2FkaXF6a2N4/document?format=pdf&download=0,"[ordinary | 0 0568 0 00| 791,674,183|€",Whole-list annual-report pass: Full-remainder review: Second-300 pass reviewed: Associated British Foods: exact year-end issued-vs-treasury basis remains unresolved.
WORK_000127,10,241.0,42.2,00293262,ASSOCIATED BRITISH FOODS PLC,ABF,2014,791674183,2014-07-27,allotted incl treasury,TREASURY_TREATMENT_REQUIRED,REVIEW,https://find-and-update.company-information.service.gov.uk/company/00293262/filing-history/MzEwNjI0MTcwOWFkaXF6a2N4/document?format=pdf&download=0,"Number of shares 791,674,183",Whole-list annual-report pass: Full-remainder review: Second-300 pass reviewed: Associated British Foods: exact year-end issued-vs-treasury basis remains unresolved.
WORK_000128,10,241.0,42.2,00293262,ASSOCIATED BRITISH FOODS PLC,ABF,2015,791674183,,allotted incl treasury,TREASURY_TREATMENT_REQUIRED,REVIEW,https://find-and-update.company-information.service.gov.uk/company/00293262/filing-history/MzEzNjcwMDg4NGFkaXF6a2N4/document?format=pdf&download=0,Class of shares © ORDINARY Number allotted 791674183,Whole-list annual-report pass: Full-remainder review: Second-300 pass reviewed: Associated British Foods: exact year-end issued-vs-treasury basis remains unresolved.
WORK_000129,10,241.0,42.2,00293262,ASSOCIATED BRITISH FOODS PLC,ABF,2017,791674183,,allotted incl treasury,TREASURY_TREATMENT_REQUIRED,REVIEW,https://find-and-update.company-information.service.gov.uk/company/00293262/filing-history/MzE5MjkwODIzMWFkaXF6a2N4/document?format=pdf&download=0,Class of Shares: ORDINARY Number allotted 791674183,Whole-list annual-report pass: Full-remainder review: Second-300 pass reviewed: Associated British Foods: exact year-end issued-vs-treasury basis remains unresolved.
WORK_000130,11,239.0,42.6,00102498,BP PLC,BP.,2001,22432076754,,outstanding (cover statement),TREASURY_TREATMENT_REQUIRED,REVIEW,https://www.sec.gov/Archives/edgar/data/313807/000031380702000018/bp20f2001.txt,,Whole-list annual-report pass: Full-remainder review: Second-300 pass reviewed: BP: remaining years require exact treasury-excluded ordinary-share count.
WORK_000131,11,239.0,42.6,00102498,BP PLC,BP.,2002,22378650865,,outstanding (cover statement),TREASURY_TREATMENT_REQUIRED,REVIEW,https://www.sec.gov/Archives/edgar/data/313807/000031380703000026/bp20f2002.txt,,Whole-list annual-report pass: Full-remainder review: Second-300 pass reviewed: BP: remaining years require exact treasury-excluded ordinary-share count.
WORK_000132,11,239.0,42.6,00102498,BP PLC,BP.,2017,21288193071,,outstanding (cover statement),TREASURY_TREATMENT_REQUIRED,REVIEW,https://www.sec.gov/Archives/edgar/data/313807/000162828018003778/bp20f31122017.htm,,Whole-list annual-report pass: Full-remainder review: Second-300 pass reviewed: BP: remaining years require exact treasury-excluded ordinary-share count.
WORK_000133,12,237.0,42.6,00077536,Reed Elsevier Plc,REL,2001,1264877118,,outstanding (cover statement),TREASURY_TREATMENT_REQUIRED,REVIEW,https://www.sec.gov/Archives/edgar/data/929869/000095011702000467/b32178.htm,,Whole-list annual-report pass: Full-remainder review: Second-300 pass reviewed: RELX/Reed Elsevier: issued shares must be reconciled for treasury/EBT holdings and any year-label mismatch.
WORK_000134,12,237.0,42.6,00077536,Reed Elsevier Plc,REL,2003,1268374499,,outstanding (cover statement),TREASURY_TREATMENT_REQUIRED,REVIEW,https://www.sec.gov/Archives/edgar/data/929869/000120662703000031/f140348.htm,,Whole-list annual-report pass: Full-remainder review: Second-300 pass reviewed: RELX/Reed Elsevier: issued shares must be reconciled for treasury/EBT holdings and any year-label mismatch.
WORK_000135,12,237.0,42.6,00077536,Reed Elsevier Plc,REL,2004,1273674009,,outstanding (cover statement),TREASURY_TREATMENT_REQUIRED,REVIEW,https://www.sec.gov/Archives/edgar/data/929869/000115697305000305/u48391e20vf.htm,,Whole-list annual-report pass: Full-remainder review: Second-300 pass reviewed: RELX/Reed Elsevier: issued shares must be reconciled for treasury/EBT holdings and any year-label mismatch.
WORK_000136,12,237.0,42.6,00077536,Reed Elsevier Plc,REL,2005,1277013440,,outstanding (cover statement),TREASURY_TREATMENT_REQUIRED,REVIEW,https://www.sec.gov/Archives/edgar/data/929869/000115697306000303/u49641e20vf.htm,,Whole-list annual-report pass: Full-remainder review: Second-300 pass reviewed: RELX/Reed Elsevier: issued shares must be reconciled for treasury/EBT holdings and any year-label mismatch.
WORK_000137,12,237.0,42.6,00077536,Reed Elsevier Plc,REL,2006,1287364048,,outstanding (cover statement),TREASURY_TREATMENT_REQUIRED,REVIEW,https://www.sec.gov/Archives/edgar/data/929869/000095012307004285/u50990e20vf.htm,,Whole-list annual-report pass: Full-remainder review: Second-300 pass reviewed: RELX/Reed Elsevier: issued shares must be reconciled for treasury/EBT holdings and any year-label mismatch.
WORK_000138,12,237.0,42.6,00077536,Reed Elsevier Plc,REL,2007,1305891497,,outstanding (cover statement),TREASURY_TREATMENT_REQUIRED,REVIEW,https://www.sec.gov/Archives/edgar/data/929869/000095012308003179/x54420e20vf.htm,,Whole-list annual-report pass: Full-remainder review: Second-300 pass reviewed: RELX/Reed Elsevier: issued shares must be reconciled for treasury/EBT holdings and any year-label mismatch.
WORK_000139,12,237.0,42.6,00077536,Reed Elsevier Plc,REL,2008,1136924693,,outstanding (cover statement),TREASURY_TREATMENT_REQUIRED,REVIEW,https://www.sec.gov/Archives/edgar/data/929869/000115697309000146/u06115e20vf.htm,,Whole-list annual-report pass: Full-remainder review: Second-300 pass reviewed: RELX/Reed Elsevier: issued shares must be reconciled for treasury/EBT holdings and any year-label mismatch.
WORK_000140,12,237.0,42.6,00077536,Reed Elsevier Plc,REL,2009,1247275833,,outstanding (cover statement),TREASURY_TREATMENT_REQUIRED,REVIEW,https://www.sec.gov/Archives/edgar/data/929869/000095012310025822/u08178e20vf.htm,,Whole-list annual-report pass: Full-remainder review: Second-300 pass reviewed: RELX/Reed Elsevier: issued shares must be reconciled for treasury/EBT holdings and any year-label mismatch.
WORK_000141,12,237.0,42.6,00077536,Reed Elsevier Plc,REL,2014,1205397320,,outstanding (cover statement),TREASURY_TREATMENT_REQUIRED,REVIEW,https://www.sec.gov/Archives/edgar/data/929869/000119312515085414/d856987d20f.htm,,Whole-list annual-report pass: Full-remainder review: Second-300 pass reviewed: RELX/Reed Elsevier: issued shares must be reconciled for treasury/EBT holdings and any year-label mismatch.
WORK_000142,12,237.0,42.6,00077536,RELX PLC,RELX,2015,1175914837,,outstanding (cover statement),TREASURY_TREATMENT_REQUIRED,REVIEW,https://www.sec.gov/Archives/edgar/data/929869/000119312516496532/d115889d20f.htm,,Whole-list annual-report pass: Full-remainder review: Second-300 pass reviewed: RELX/Reed Elsevier: issued shares must be reconciled for treasury/EBT holdings and any year-label mismatch.
WORK_000143,12,237.0,42.6,00077536,RELX PLC,RELX,2016,1144122623,,outstanding (cover statement),TREASURY_TREATMENT_REQUIRED,REVIEW,https://www.sec.gov/Archives/edgar/data/929869/000119312517072911/d319472d20f.htm,,Whole-list annual-report pass: Full-remainder review: Second-300 pass reviewed: RELX/Reed Elsevier: issued shares must be reconciled for treasury/EBT holdings and any year-label mismatch.
WORK_000144,12,237.0,42.6,00077536,RELX PLC,RELX,2017,1123682106,,outstanding (cover statement),TREASURY_TREATMENT_REQUIRED,REVIEW,https://www.sec.gov/Archives/edgar/data/929869/000119312518053616/d528576d20f.htm,,Whole-list annual-report pass: Full-remainder review: Second-300 pass reviewed: RELX/Reed Elsevier: issued shares must be reconciled for treasury/EBT holdings and any year-label mismatch.
WORK_000145,13,237.0,42.6,SC045551,Royal Bank of Scotland Group,NWG,2000,2678740321,,allotted incl treasury,TREASURY_TREATMENT_REQUIRED,REVIEW,https://find-and-update.company-information.service.gov.uk/company/SC045551/filing-history/OTYyMTU5ODlhZGlxemtjeA/document?format=pdf&download=0,,Whole-list annual-report pass: Full-remainder review: Second-300 pass reviewed: RBS: remaining years do not yet satisfy exact date/value/basis gate.
WORK_000146,13,237.0,42.6,SC045551,Royal Bank of Scotland Group,NWG,2016,11823186879,,allotted incl treasury,TREASURY_TREATMENT_REQUIRED,REVIEW,https://find-and-update.company-information.service.gov.uk/company/SC045551/filing-history/MzE2ODk2MTQxMWFkaXF6a2N4/document?format=pdf&download=0,,Whole-list annual-report pass: Full-remainder review: Second-300 pass reviewed: RBS: remaining years do not yet satisfy exact date/value/basis gate.
WORK_000147,14,237.0,42.6,01397169,PRUDENTIAL PLC,PRU,2001,1270738100,,allotted incl treasury,TREASURY_TREATMENT_REQUIRED,REVIEW,https://find-and-update.company-information.service.gov.uk/company/01397169/filing-history/MTM0MTgwODI2YWRpcXprY3g/document?format=pdf&download=0,,Whole-list annual-report pass: Full-remainder review: Second-300 pass reviewed: Prudential: remaining years need exact Form 20-F cover confirmation.
WORK_000148,14,237.0,42.6,01397169,PRUDENTIAL PLC,PRU,2006,2444312425,,outstanding (cover statement),TREASURY_TREATMENT_REQUIRED,REVIEW,https://www.sec.gov/Archives/edgar/data/1116578/000104746907005267/a2178221z20-f.htm,,"Whole-list annual-report pass: Live-web review: Prudential's 2006 primary filing states 2,444,312,425 issued ordinary shares, but also reports Prudential shares held in employee trusts and controlled investment funds. The issued count cannot be treated as treasury-excluded shares outstanding without exact treatment."
WORK_000149,15,206.5,34.1,00617987,HSBC HLDGS PLC,HSBA,2000,8531722343,,allotted incl treasury,TREASURY_TREATMENT_REQUIRED,REVIEW,https://find-and-update.company-information.service.gov.uk/company/00617987/filing-history/OTYxODU5NTFhZGlxemtjeA/document?format=pdf&download=0,,"Continued annual-report review: the exact issued-share count is available, but HSBC's primary reports also disclose own shares held in employee-benefit/related trusts. The issued count therefore cannot be published as treasury-excluded outstanding without an exact same-date treatment of those own-share holdings."
WORK_000150,15,206.5,34.1,00617987,HSBC HLDGS PLC,HSBA,2001,9333092040,,allotted incl treasury,TREASURY_TREATMENT_REQUIRED,REVIEW,https://find-and-update.company-information.service.gov.uk/company/00617987/filing-history/MTEzNTI4NDgwYWRpcXprY3g/document?format=pdf&download=0,,"Continued annual-report review: the exact issued-share count is available, but HSBC's primary reports also disclose own shares held in employee-benefit/related trusts. The issued count therefore cannot be published as treasury-excluded outstanding without an exact same-date treatment of those own-share holdings."
WORK_000151,15,206.5,34.1,00617987,HSBC HLDGS PLC,HSBA,2002,9480820796,,outstanding (cover statement),TREASURY_TREATMENT_REQUIRED,REVIEW,https://www.hkexnews.hk/listedco/listconews/SEHK/2003/0321/0005/F113.pdf,,"Continued annual-report review: the exact issued-share count is available, but HSBC's primary reports also disclose own shares held in employee-benefit/related trusts. The issued count therefore cannot be published as treasury-excluded outstanding without an exact same-date treatment of those own-share holdings."
WORK_000152,15,206.5,34.1,00617987,HSBC HLDGS PLC,HSBA,2003,10998301166,,outstanding (cover statement),TREASURY_TREATMENT_REQUIRED,REVIEW,https://www.hkexnews.hk/listedco/listconews/sehk/2004/0301/5_63407/ewf101.pdf,,"Continued annual-report review: the exact issued-share count is available, but HSBC's primary reports also disclose own shares held in employee-benefit/related trusts. The issued count therefore cannot be published as treasury-excluded outstanding without an exact same-date treatment of those own-share holdings."
WORK_000153,15,206.5,34.1,00617987,HSBC HLDGS PLC,HSBA,2004,11172075550,,outstanding (cover statement),TREASURY_TREATMENT_REQUIRED,REVIEW,https://www.sec.gov/Archives/edgar/data/1089113/000102123105000191/b784883-20f.htm,,"Continued annual-report review: the exact issued-share count is available, but HSBC's primary reports also disclose own shares held in employee-benefit/related trusts. The issued count therefore cannot be published as treasury-excluded outstanding without an exact same-date treatment of those own-share holdings."
WORK_000154,15,206.5,34.1,00617987,HSBC HLDGS PLC,HSBA,2005,11172075550,,outstanding (cover statement),TREASURY_TREATMENT_REQUIRED,REVIEW,https://www.sec.gov/Archives/edgar/data/1089113/000102123106000157/b822899-20f.htm,,"Continued annual-report review: the exact issued-share count is available, but HSBC's primary reports also disclose own shares held in employee-benefit/related trusts. The issued count therefore cannot be published as treasury-excluded outstanding without an exact same-date treatment of those own-share holdings."
WORK_000155,15,206.5,34.1,00617987,HSBC HLDGS PLC,HSBA,2009,17408206768,,outstanding (cover statement),TREASURY_TREATMENT_REQUIRED,REVIEW,https://www.hkexnews.hk/listedco/listconews/sehk/2010/0329/00005_762764/EWF214.pdf,,"Whole-list annual-report pass: Annual-report review: HSBC's Annual Report gives the exact ordinary shares in issue at 31 December 2009 (17,408,206,768), but this pass did not establish an equally explicit zero-treasury statement for that exact year-end. Remain REVIEW under the treasury-excluded canonical definition."
WORK_000156,15,206.5,34.1,00617987,HSBC HLDGS PLC,HSBA,2010,17686155902,,outstanding (cover statement),TREASURY_TREATMENT_REQUIRED,REVIEW,https://www.hkexnews.hk/listedco/listconews/sehk/2011/0329/00005_1034695/EWF208.pdf,,"Whole-list annual-report pass: Annual-report review: HSBC's Annual Report gives the exact ordinary shares in issue at 31 December 2010 (17,686,155,902), but this pass did not establish an equally explicit zero-treasury statement for that exact year-end. Remain REVIEW under the treasury-excluded canonical definition."
WORK_000157,16,202.5,34.1,02366619,SEVERN TRENT PLC,SVT,2001,342647070,2001-03-31,issued and fully paid (incl treasury),TREASURY_TREATMENT_REQUIRED,REVIEW,https://find-and-update.company-information.service.gov.uk/company/02366619/filing-history/ODQ1NDgxMzdhZGlxemtjeA/document?format=pdf&download=0,"342,647,070 (2000: 341,122,304) Ordinary Shares of 6559p 223.6 © 222.6",Whole-list annual-report pass: Full-remainder review: Second-300 pass reviewed: Severn Trent: candidate does not yet establish treasury-excluded outstanding shares.
WORK_000158,16,202.5,34.1,02366619,SEVERN TRENT PLC,SVT,2002,343314703,2002-03-31,issued and fully paid (incl treasury),TREASURY_TREATMENT_REQUIRED,REVIEW,https://find-and-update.company-information.service.gov.uk/company/02366619/filing-history/OTc1NTMxOTZhZGlxemtjeA/document?format=pdf&download=0,"343,314,703 (2001: 342,647,070) ordinary shares of 65%4.p 224.0 223.6",Whole-list annual-report pass: Full-remainder review: Second-300 pass reviewed: Severn Trent: candidate does not yet establish treasury-excluded outstanding shares.
WORK_000159,16,202.5,34.1,02366619,SEVERN TRENT PLC,SVT,2003,343976362,2003-03-31,issued and fully paid (incl treasury),TREASURY_TREATMENT_REQUIRED,REVIEW,https://find-and-update.company-information.service.gov.uk/company/02366619/filing-history/NjgzNjcwNjlhZGlxemtjeA/document?format=pdf&download=0,"343,976,362 (2002: 343,314,703) ordinary shares of 65%00 224.4 224.0",Whole-list annual-report pass: Full-remainder review: Second-300 pass reviewed: Severn Trent: candidate does not yet establish treasury-excluded outstanding shares.
WORK_000160,16,202.5,34.1,02366619,SEVERN TRENT PLC,SVT,2004,345115866,2004-03-31,issued and fully paid (incl treasury),TREASURY_TREATMENT_REQUIRED,REVIEW,https://find-and-update.company-information.service.gov.uk/company/02366619/filing-history/ODc3NTg2OGFkaXF6a2N4/document?format=pdf&download=0,"345,115,866 (2003: 343,976,362) ordinary shares of 65%0p 225.2 2244",Whole-list annual-report pass: Full-remainder review: Second-300 pass reviewed: Severn Trent: candidate does not yet establish treasury-excluded outstanding shares.
WORK_000161,16,202.5,34.1,02366619,SEVERN TRENT PLC,SVT,2005,346002393,2005-03-31,issued and fully paid (incl treasury),TREASURY_TREATMENT_REQUIRED,REVIEW,https://find-and-update.company-information.service.gov.uk/company/02366619/filing-history/MTIzODM4MDQ2YWRpcXprY3g/document?format=pdf&download=0,"346,002,393 (2004; 345,115,866) ordinary shares of 65 %sp 225.8 225.2",Whole-list annual-report pass: Full-remainder review: Second-300 pass reviewed: Severn Trent: candidate does not yet establish treasury-excluded outstanding shares.
WORK_000162,16,202.5,34.1,02366619,SEVERN TRENT PLC,SVT,2006,348093283,2006-03-31,issued and fully paid (incl treasury),TREASURY_TREATMENT_REQUIRED,REVIEW,https://www.annualreports.com/HostedData/AnnualReportArchive/s/LSE_SVT_2006.pdf,"Total issued and fully paid share capital: 348,093,283 (2005: 346,002,393) ordinary shares of 655⁄19p 227.2 225.8",Whole-list annual-report pass: Full-remainder review: Second-300 pass reviewed: Severn Trent: candidate does not yet establish treasury-excluded outstanding shares.
WORK_000163,16,202.5,34.1,02366619,SEVERN TRENT PLC,SVT,2007,233164566,2007-03-31,issued and fully paid (incl treasury),TREASURY_TREATMENT_REQUIRED,REVIEW,https://www.annualreports.com/HostedData/AnnualReportArchive/s/LSE_SVT_2007.pdf,"Total issued and fully paid share capital: 233,164,566 ordinary shares of 9717⁄19p (2006: 348,093,283 ordinary shares of 655⁄19p) 228.3 227.2",Whole-list annual-report pass: Full-remainder review: Second-300 pass reviewed: Severn Trent: candidate does not yet establish treasury-excluded outstanding shares.
WORK_000164,16,202.5,34.1,02366619,SEVERN TRENT PLC,SVT,2008,234600076,2008-03-31,issued and fully paid (incl treasury),TREASURY_TREATMENT_REQUIRED,REVIEW,https://www.annualreports.com/HostedData/AnnualReportArchive/s/LSE_SVT_2008.pdf,"234,600,076 ordinary shares of 9717⁄ 19p (2007: 233,164,566 ordinary shares of 9717⁄ 19p)                                                   229.7     228.3",Whole-list annual-report pass: Full-remainder review: Second-300 pass reviewed: Severn Trent: candidate does not yet establish treasury-excluded outstanding shares.
WORK_000165,16,202.5,34.1,02366619,SEVERN TRENT PLC,SVT,2009,235938946,2009-03-31,issued and fully paid (incl treasury),TREASURY_TREATMENT_REQUIRED,REVIEW,https://www.annualreports.com/HostedData/AnnualReportArchive/s/LSE_SVT_2009.pdf,"Total issued and fully paid share capital: 235,938,946 ordinary shares of 9717/19p (2008: 234,600,076) 231.0",Whole-list annual-report pass: Full-remainder review: Second-300 pass reviewed: Severn Trent: candidate does not yet establish treasury-excluded outstanding shares.
WORK_000166,16,202.5,34.1,02366619,SEVERN TRENT PLC,SVT,2010,236585205,2010-03-31,issued and fully paid (incl treasury),TREASURY_TREATMENT_REQUIRED,REVIEW,https://www.annualreports.com/HostedData/AnnualReportArchive/s/LSE_SVT_2010.pdf,"Total issued and fully paid share capital: 236,585,205 ordinary shares of 9717/19 p (2009: 235,938,946) 231.6",Whole-list annual-report pass: Full-remainder review: Second-300 pass reviewed: Severn Trent: candidate does not yet establish treasury-excluded outstanding shares.
WORK_000167,16,202.5,34.1,02366619,SEVERN TRENT PLC,SVT,2011,237142534,2011-03-31,issued and fully paid (incl treasury),TREASURY_TREATMENT_REQUIRED,REVIEW,https://www.annualreports.com/HostedData/AnnualReportArchive/s/LSE_SVT_2011.pdf,"Total issued and fully paid share capital 237,142,534 ordinary shares of 97 17/19 p (2010: 236,585,205) 232.2 231.6",Whole-list annual-report pass: Full-remainder review: Second-300 pass reviewed: Severn Trent: candidate does not yet establish treasury-excluded outstanding shares.
WORK_000168,16,202.5,34.1,02366619,SEVERN TRENT PLC,SVT,2012,237608111,2012-03-31,issued and fully paid (incl treasury),TREASURY_TREATMENT_REQUIRED,REVIEW,https://www.annualreports.com/HostedData/AnnualReportArchive/s/LSE_SVT_2012.pdf,"Total issued and fully paid share capital 237,608,111 ordinary shares of 9717/19p (2011: 237,142,534) 232.6 232.2",Whole-list annual-report pass: Full-remainder review: Second-300 pass reviewed: Severn Trent: candidate does not yet establish treasury-excluded outstanding shares.
WORK_000169,16,202.5,34.1,02366619,SEVERN TRENT PLC,SVT,2013,238365734,2013-03-31,issued and fully paid (incl treasury),TREASURY_TREATMENT_REQUIRED,REVIEW,https://www.annualreports.com/HostedData/AnnualReportArchive/s/LSE_SVT_2013.pdf,"Total issued and fully paid share capital 238,365,734 ordinary shares of 9717/19p (2012: 237,608,111) 233.3 232.6",Whole-list annual-report pass: Full-remainder review: Second-300 pass reviewed: Severn Trent: candidate does not yet establish treasury-excluded outstanding shares.
WORK_000170,16,202.5,34.1,02366619,SEVERN TRENT PLC,SVT,2014,238942647,2014-03-31,issued and fully paid (incl treasury),TREASURY_TREATMENT_REQUIRED,REVIEW,https://www.annualreports.com/HostedData/AnnualReportArchive/s/LSE_SVT_2014.pdf,"Total issued and fully paid share capital 238,942,647 ordinary shares of 9717⁄19 p (2013: 238,365,734) 233.9 233.3",Whole-list annual-report pass: Full-remainder review: Second-300 pass reviewed: Severn Trent: candidate does not yet establish treasury-excluded outstanding shares.
WORK_000171,16,202.5,34.1,02366619,SEVERN TRENT PLC,SVT,2015,239344614,,allotted incl treasury,YEAR_DATE_METADATA_CONFLICT,REVIEW,https://find-and-update.company-information.service.gov.uk/company/02366619/filing-history/MzE0NzMzMjIzM2FkaXF6a2N4/document?format=pdf&download=0,Class of shares ORDINARY Number allotted 239344614,"Whole-list annual-report pass: Annual-report review: candidate 239,344,614 is the issued share count at 31 March 2016, not a 2015 observation. The 2016 annual report also shows 4,223,062 treasury shares, giving 235,121,552 outstanding. Do not silently relabel this candidate; 2015 remains unresolved."
WORK_000172,16,202.5,34.1,02366619,SEVERN TRENT PLC,SVT,2017,240222617,,allotted incl treasury,DATE_RECONSTRUCTION_REQUIRED,REVIEW,https://find-and-update.company-information.service.gov.uk/company/02366619/filing-history/MzIwMjQ5MDk2MmFkaXF6a2N4/document?format=pdf&download=0,Class of Shares: ORDINARY Number allotted 240222617,Whole-list annual-report pass: Annual-report review: adjacent Severn Trent candidate years show a one-year metadata shift. 2017 remains REVIEW until the exact 2017 annual-report year-end issued and treasury counts are independently reconstructed.
WORK_000173,17,200.0,33.2,02723534,ASTRAZENECA PLC,AZN,2002,1714629329,,outstanding (cover statement),DATE_RECONSTRUCTION_REQUIRED,REVIEW,https://www.sec.gov/Archives/edgar/data/901832/000095010303000761/mar1303-20f.txt,,"Date pass: the retained Form 20-F cover candidate is a post-fiscal-year filing-date share count, not proven to be the 31 December year-end count. Do not backdate it. Exact year-end primary share-capital evidence is required."
WORK_000174,17,200.0,33.2,02723534,ASTRAZENECA PLC,AZN,2003,1692694946,2003-12-31,issued at 31 December 2003 (registered-holders statement),DATE_RECONSTRUCTION_REQUIRED,REVIEW,https://www.sec.gov/Archives/edgar/data/901832/000095010304000383/0000950103-04-000383.txt,"Verbatim from FY2003 20-F body: 'At 31 December 2003, AstraZeneca PLC had 169,971 registered holders of 1,692,694,946 Ordinary Shares of $0.25 each.' Supersedes the two cover candidates (1,685,478,009 at 2004-02-29 / 1,683,517,030 at 2004-03-12 — post-buyback, not year-end). Consistent with AR 2004 five-year table (1,693m).","Date pass: the retained Form 20-F cover candidate is a post-fiscal-year filing-date share count, not proven to be the 31 December year-end count. Do not backdate it. Exact year-end primary share-capital evidence is required."
WORK_000175,17,200.0,33.2,02723534,ASTRAZENECA PLC,AZN,2004,1635493816,,outstanding (cover statement),DATE_RECONSTRUCTION_REQUIRED,REVIEW,https://www.sec.gov/Archives/edgar/data/901832/000095010305000478/mar1405_20f.htm,,"Date pass: the retained Form 20-F cover candidate is a post-fiscal-year filing-date share count, not proven to be the 31 December year-end count. Do not backdate it. Exact year-end primary share-capital evidence is required."
WORK_000176,17,200.0,33.2,02723534,ASTRAZENECA PLC,AZN,2005,1576803529,,outstanding (cover statement),DATE_RECONSTRUCTION_REQUIRED,REVIEW,https://www.sec.gov/Archives/edgar/data/901832/000095010306000565/dp02288_20f.htm,,"Date pass: the retained Form 20-F cover candidate is a post-fiscal-year filing-date share count, not proven to be the 31 December year-end count. Do not backdate it. Exact year-end primary share-capital evidence is required."
WORK_000177,17,200.0,33.2,02723534,ASTRAZENECA PLC,AZN,2006,1517057376,,outstanding (cover statement),DATE_RECONSTRUCTION_REQUIRED,REVIEW,https://www.sec.gov/Archives/edgar/data/901832/000095010307000768/dp04982e_20f.htm,,"Date pass: the retained Form 20-F cover candidate is a post-fiscal-year filing-date share count, not proven to be the 31 December year-end count. Do not backdate it. Exact year-end primary share-capital evidence is required."
WORK_000178,17,200.0,33.2,02723534,ASTRAZENECA PLC,AZN,2007,1457014156,,outstanding (cover statement),DATE_RECONSTRUCTION_REQUIRED,REVIEW,https://www.sec.gov/Archives/edgar/data/901832/000095010308000636/dp09021_20f.htm,,"Date pass: the retained Form 20-F cover candidate is a post-fiscal-year filing-date share count, not proven to be the 31 December year-end count. Do not backdate it. Exact year-end primary share-capital evidence is required."
WORK_000179,17,200.0,33.2,02723534,ASTRAZENECA PLC,AZN,2008,1447644517,,outstanding (cover statement),DATE_RECONSTRUCTION_REQUIRED,REVIEW,https://www.sec.gov/Archives/edgar/data/901832/000095010309000555/dp12778_20f.htm,,"Date pass: the retained Form 20-F cover candidate is a post-fiscal-year filing-date share count, not proven to be the 31 December year-end count. Do not backdate it. Exact year-end primary share-capital evidence is required."
WORK_000180,18,198.5,34.9,01833679,VODAFONE GROUP PLC,VOD,2001,68104329347,,allotted incl treasury,TREASURY_TREATMENT_REQUIRED,REVIEW,https://find-and-update.company-information.service.gov.uk/company/01833679/filing-history/NzE2MTA1MTFhZGlxemtjeA/document?format=pdf&download=0,,Whole-list annual-report pass: Full-remainder review: Second-300 pass reviewed: Vodafone: remaining rows need exact primary-source year-end outstanding-share confirmation.
WORK_000181,18,198.5,34.9,01833679,VODAFONE GROUP PLC,VOD,2003,68197584222,,allotted incl treasury,TREASURY_TREATMENT_REQUIRED,REVIEW,https://find-and-update.company-information.service.gov.uk/company/01833679/filing-history/MTUwMzIzNDg3YWRpcXprY3g/document?format=pdf&download=0,,Whole-list annual-report pass: Full-remainder review: Second-300 pass reviewed: Vodafone: remaining rows need exact primary-source year-end outstanding-share confirmation.
WORK_000182,19,195.5,37.9,01003142,ROLLS ROYCE HOLDINGS PLC,RR,2000,1558662350,,allotted incl treasury,TREASURY_TREATMENT_REQUIRED,REVIEW,https://find-and-update.company-information.service.gov.uk/company/01003142/filing-history/MTQxMDQxNTM5YWRpcXprY3g/document?format=pdf&download=0,"page1_excerpt confirms 'Company Number | 1003142' and 'Company Name in full | ROLLS-ROYCE pic'; keyword_lines page 4 shows 'Ordinary Shares | !' and '1,558,662,350 | £311,732,470.00'; arithmetic: 1558662350 × £0.20 = £311,732,470.00 ✓",Whole-list annual-report pass: Full-remainder review: Second-300 pass reviewed: Rolls-Royce: identity continuity and/or exact entity mapping remains unresolved.
WORK_000183,19,195.5,37.9,01003142,ROLLS ROYCE HOLDINGS PLC,RR,2001,1588119332,,allotted incl treasury,TREASURY_TREATMENT_REQUIRED,REVIEW,https://find-and-update.company-information.service.gov.uk/company/01003142/filing-history/NTI1ODU0NDNhZGlxemtjeA/document?format=pdf&download=0,"Keyword line shows: 'Ordinary Shares' with '| 1,588,119, 332'",Whole-list annual-report pass: Full-remainder review: Second-300 pass reviewed: Rolls-Royce: identity continuity and/or exact entity mapping remains unresolved.
WORK_000184,19,195.5,37.9,01003142,ROLLS ROYCE HOLDINGS PLC,RR,2002,1616996070,2002-12-31,allotted incl treasury,TREASURY_TREATMENT_REQUIRED,REVIEW,https://find-and-update.company-information.service.gov.uk/company/01003142/filing-history/ODIyMjg1NDlhZGlxemtjeA/document?format=pdf&download=0,"At December 31, 2002 — 1 / 1,616,996,070 / 323",Whole-list annual-report pass: Full-remainder review: Second-300 pass reviewed: Rolls-Royce: identity continuity and/or exact entity mapping remains unresolved.
WORK_000185,20,195.0,38.6,00324357,SMITH & NEPHEW PLC,SN.,2007,947507881,,outstanding (cover statement),PRIMARY_SOURCE_RECHECK_REQUIRED,REVIEW,https://www.sec.gov/Archives/edgar/data/845982/000119312508066724/d20f.htm,,"Continued review: Smith & Nephew's issuer archive confirms the 2007 Annual Report/20-F is available, but the exact 947,507,881 period-close share figure has not yet been independently reopened from the primary report. Keep REVIEW rather than relying on adjacency."
WORK_000186,21,193.5,28.7,00023307,DIAGEO PLC,DGE,2003,3099593537,,outstanding (cover statement),TREASURY_TREATMENT_REQUIRED,REVIEW,https://www.sec.gov/Archives/edgar/data/835403/000115697303001774/u46701e20vf.htm,,Whole-list annual-report pass: Full-remainder review: Second-300 pass reviewed: Diageo: primary filings disclose material treasury holdings; cover/issued counts cannot be used without exact treasury reconciliation.
WORK_000187,21,193.5,28.7,00023307,DIAGEO PLC,DGE,2004,3057472410,,outstanding (cover statement),TREASURY_TREATMENT_REQUIRED,REVIEW,https://www.sec.gov/Archives/edgar/data/835403/000115697304001044/u47837e20vf.htm,,Whole-list annual-report pass: Full-remainder review: Second-300 pass reviewed: Diageo: primary filings disclose material treasury holdings; cover/issued counts cannot be used without exact treasury reconciliation.
WORK_000188,21,193.5,28.7,00023307,DIAGEO PLC,DGE,2005,3050366084,,outstanding (cover statement),TREASURY_TREATMENT_REQUIRED,REVIEW,https://www.sec.gov/Archives/edgar/data/835403/000095012305011307/u49346e20vf.htm,,Whole-list annual-report pass: Full-remainder review: Second-300 pass reviewed: Diageo: primary filings disclose material treasury holdings; cover/issued counts cannot be used without exact treasury reconciliation.
WORK_000189,21,193.5,28.7,00023307,DIAGEO PLC,DGE,2006,3050980245,,outstanding (cover statement),TREASURY_TREATMENT_REQUIRED,REVIEW,https://www.sec.gov/Archives/edgar/data/835403/000110465906062725/a06-19499_120f.htm,,Whole-list annual-report pass: Full-remainder review: Second-300 pass reviewed: Diageo: primary filings disclose material treasury holdings; cover/issued counts cannot be used without exact treasury reconciliation.
WORK_000190,21,193.5,28.7,00023307,DIAGEO PLC,DGE,2007,2931085864,,outstanding (cover statement),TREASURY_TREATMENT_REQUIRED,REVIEW,https://www.sec.gov/Archives/edgar/data/835403/000110465907069356/a07-20765_120f.htm,,Whole-list annual-report pass: Full-remainder review: Second-300 pass reviewed: Diageo: primary filings disclose material treasury holdings; cover/issued counts cannot be used without exact treasury reconciliation.
WORK_000191,21,193.5,28.7,00023307,Diageo,DGE,2008,2821857259,2008-06-30,Outstanding ordinary shares directly stated at fiscal year-end,TREASURY_TREATMENT_REQUIRED,REVIEW,https://www.sec.gov/Archives/edgar/data/835403/000104746908010060/a2187809z20-f.htm,,Whole-list annual-report pass: Full-remainder review: Second-300 pass reviewed: Diageo: primary filings disclose material treasury holdings; cover/issued counts cannot be used without exact treasury reconciliation.
WORK_000192,21,193.5,28.7,00023307,Diageo,DGE,2009,2821857259,2009-06-30,Outstanding ordinary shares directly stated at fiscal year-end,TREASURY_TREATMENT_REQUIRED,REVIEW,https://www.sec.gov/Archives/edgar/data/835403/000104746909008287/a2194439z20-f.htm,,Whole-list annual-report pass: Full-remainder review: Second-300 pass reviewed: Diageo: primary filings disclose material treasury holdings; cover/issued counts cannot be used without exact treasury reconciliation.
WORK_000193,21,193.5,28.7,00023307,DIAGEO PLC,DGE,2010,2753946805,,outstanding (cover statement),TREASURY_TREATMENT_REQUIRED,REVIEW,https://www.sec.gov/Archives/edgar/data/835403/000104746910008049/a2200080z20-f.htm,,Whole-list annual-report pass: Full-remainder review: Second-300 pass reviewed: Diageo: primary filings disclose material treasury holdings; cover/issued counts cannot be used without exact treasury reconciliation.
WORK_000194,21,193.5,28.7,00023307,DIAGEO PLC,DGE,2011,2754001095,,outstanding (cover statement),TREASURY_TREATMENT_REQUIRED,REVIEW,https://www.sec.gov/Archives/edgar/data/835403/000104746911007990/a2205476z20-f.htm,,Whole-list annual-report pass: Full-remainder review: Second-300 pass reviewed: Diageo: primary filings disclose material treasury holdings; cover/issued counts cannot be used without exact treasury reconciliation.
WORK_000195,21,193.5,28.7,00023307,DIAGEO PLC,DGE,2012,2754115985,,outstanding (cover statement),TREASURY_TREATMENT_REQUIRED,REVIEW,https://www.sec.gov/Archives/edgar/data/835403/000104746912008673/a2210788z20-f.htm,,Whole-list annual-report pass: Full-remainder review: Second-300 pass reviewed: Diageo: primary filings disclose material treasury holdings; cover/issued counts cannot be used without exact treasury reconciliation.
WORK_000196,21,193.5,28.7,00023307,DIAGEO PLC,DGE,2013,2754166581,,outstanding (cover statement),TREASURY_TREATMENT_REQUIRED,REVIEW,https://www.sec.gov/Archives/edgar/data/835403/000104746913008348/a2216206z20-f.htm,,Whole-list annual-report pass: Full-remainder review: Second-300 pass reviewed: Diageo: primary filings disclose material treasury holdings; cover/issued counts cannot be used without exact treasury reconciliation.
WORK_000197,21,193.5,28.7,00023307,DIAGEO PLC,DGE,2014,2754218534,,outstanding (cover statement),TREASURY_TREATMENT_REQUIRED,REVIEW,https://www.sec.gov/Archives/edgar/data/835403/000110465914059607/a14-13058_220f.htm,,Whole-list annual-report pass: Full-remainder review: Second-300 pass reviewed: Diageo: primary filings disclose material treasury holdings; cover/issued counts cannot be used without exact treasury reconciliation.
WORK_000198,21,193.5,28.7,00023307,DIAGEO PLC,DGE,2015,2754308400,,outstanding (cover statement),TREASURY_TREATMENT_REQUIRED,REVIEW,https://www.sec.gov/Archives/edgar/data/835403/000119312515285837/d91995d20f.htm,,Whole-list annual-report pass: Full-remainder review: Second-300 pass reviewed: Diageo: primary filings disclose material treasury holdings; cover/issued counts cannot be used without exact treasury reconciliation.
WORK_000199,21,193.5,28.7,00023307,DIAGEO PLC,DGE,2016,2754380836,,outstanding (cover statement),TREASURY_TREATMENT_REQUIRED,REVIEW,https://www.sec.gov/Archives/edgar/data/835403/000119312516676099/d211646d20f.htm,,Whole-list annual-report pass: Full-remainder review: Second-300 pass reviewed: Diageo: primary filings disclose material treasury holdings; cover/issued counts cannot be used without exact treasury reconciliation.
WORK_000200,21,193.5,28.7,00023307,DIAGEO PLC,DGE,2017,2754467515,,outstanding (cover statement),TREASURY_TREATMENT_REQUIRED,REVIEW,https://www.sec.gov/Archives/edgar/data/835403/000119312517250792/d374393d20f.htm,,Whole-list annual-report pass: Full-remainder review: Second-300 pass reviewed: Diageo: primary filings disclose material treasury holdings; cover/issued counts cannot be used without exact treasury reconciliation.
WORK_000201,22,193.5,27.5,03033654,Centrica,CNA,2000,4013418876,2000-12-31,allotted and fully paid,TREASURY_TREATMENT_REQUIRED,REVIEW,https://www.annualreports.com/HostedData/AnnualReportArchive/c/LSE_CNA_2000.pdf,Allotted and fully paid share capital of the Company 4 013 418 876 ordinary shares of 5 5/9 pence each (1999: 3 995 580 491 ordinary shares of 5 5/9 pence each),Whole-list annual-report pass: Full-remainder review: Second-300 pass reviewed: Centrica: share count basis requires same-date treasury reconciliation.
WORK_000202,22,193.5,27.5,03033654,Centrica,CNA,2001,4020931056,2001-12-31,allotted and fully paid,TREASURY_TREATMENT_REQUIRED,REVIEW,https://www.annualreports.com/HostedData/AnnualReportArchive/c/LSE_CNA_2001.pdf,Allotted and fully paid share capital of the Company 4 020 931 056 ordinary shares of 55/9 pence each (2000: 4 013 418 876 ordinary shares of 55/9 pence each),Whole-list annual-report pass: Full-remainder review: Second-300 pass reviewed: Centrica: share count basis requires same-date treasury reconciliation.
WORK_000203,22,193.5,27.5,03033654,Centrica,CNA,2002,4252856414,2002-12-31,allotted and fully paid,TREASURY_TREATMENT_REQUIRED,REVIEW,https://www.annualreports.com/HostedData/AnnualReportArchive/c/LSE_CNA_2002.pdf,"Allotted and fully paid share capital of the company 4,252,856,414 ordinary shares of 55/9 pence each (2001: 4,020,931,056 ordinary shares of 55/9 pence each)",Whole-list annual-report pass: Full-remainder review: Second-300 pass reviewed: Centrica: share count basis requires same-date treasury reconciliation.
WORK_000204,22,193.5,27.5,03033654,Centrica,CNA,2003,4265901206,2003-12-31,allotted and fully paid,TREASURY_TREATMENT_REQUIRED,REVIEW,https://www.annualreports.com/HostedData/AnnualReportArchive/c/LSE_CNA_2003.pdf,"Allotted and fully paid share capital of the company 4,265,901,206 ordinary shares of 55/9 pence each (2002: 4,252,856,414 ordinary shares of 55/9 pence each)",Whole-list annual-report pass: Full-remainder review: Second-300 pass reviewed: Centrica: share count basis requires same-date treasury reconciliation.
WORK_000205,22,193.5,27.5,03033654,Centrica,CNA,2004,3775817747,2004-12-31,allotted and fully paid (post share consolidation 25 Oct 2004),TREASURY_TREATMENT_REQUIRED,REVIEW,https://www.annualreports.com/HostedData/AnnualReportArchive/c/LSE_CNA_2004.pdf,"Allotted and fully paid share capital of the company 3,775,817,747 ordinary shares of 614/81p each (2003: 4,265,901,206 ordinary shares of 55/9p each)",Whole-list annual-report pass: Full-remainder review: Second-300 pass reviewed: Centrica: share count basis requires same-date treasury reconciliation.
WORK_000206,22,193.5,27.5,03033654,Centrica,CNA,2005,3623982266,2005-12-31,allotted and fully paid,TREASURY_TREATMENT_REQUIRED,REVIEW,https://www.annualreports.com/HostedData/AnnualReportArchive/c/LSE_CNA_2005.pdf,"Allotted and fully paid share capital of the Company 3,623,982,266 ordinary shares of 614/81p each (2004: 3,775,817,747 ordinary shares of 614/81p each)",Whole-list annual-report pass: Full-remainder review: Second-300 pass reviewed: Centrica: share count basis requires same-date treasury reconciliation.
WORK_000207,22,193.5,27.5,03033654,Centrica,CNA,2006,3662721068,2006-12-31,allotted and fully paid,TREASURY_TREATMENT_REQUIRED,REVIEW,https://www.annualreports.com/HostedData/AnnualReportArchive/c/LSE_CNA_2006.pdf,"Allotted and fully paid share capital of the Company 3,662,721,068 ordinary shares of 614/81p each (2005: 3,623,982,266 ordinary shares of 614/81p each)",Whole-list annual-report pass: Full-remainder review: Second-300 pass reviewed: Centrica: share count basis requires same-date treasury reconciliation.
WORK_000208,22,193.5,27.5,03033654,Centrica,CNA,2007,3679980311,2007-12-31,allotted and fully paid,TREASURY_TREATMENT_REQUIRED,REVIEW,https://www.annualreports.com/HostedData/AnnualReportArchive/c/LSE_CNA_2007.pdf,"Allotted and fully paid share capital of the Company 3,679,980,311 ordinary shares of 614/81p each (2006: 3,662,721,068 ordinary shares of 614/81p each)",Whole-list annual-report pass: Full-remainder review: Second-300 pass reviewed: Centrica: share count basis requires same-date treasury reconciliation.
WORK_000209,22,193.5,27.5,03033654,Centrica,CNA,2008,5107658569,2008-12-31,allotted and fully paid,TREASURY_TREATMENT_REQUIRED,REVIEW,https://www.centrica.com/media/1359/centrica-2008-annual-report-and-accounts.pdf,"Allotted and fully paid share capital of the Company 5,107,658,569 ordinary shares of 614/81p each (2007: 3,679,980,311 ordinary shares of 614/81p each)",Whole-list annual-report pass: Full-remainder review: Second-300 pass reviewed: Centrica: share count basis requires same-date treasury reconciliation.
WORK_000210,22,193.5,27.5,03033654,Centrica,CNA,2009,5129735032,,allotted incl treasury,TREASURY_TREATMENT_REQUIRED,REVIEW,https://find-and-update.company-information.service.gov.uk/company/03033654/filing-history/MzAxMDMzNjE2NWFkaXF6a2N4/document?format=pdf&download=0,5129735032,Whole-list annual-report pass: Full-remainder review: Second-300 pass reviewed: Centrica: share count basis requires same-date treasury reconciliation.
WORK_000211,22,193.5,27.5,03033654,Centrica,CNA,2010,5154005553,2010-12-31,allotted and fully paid,TREASURY_TREATMENT_REQUIRED,REVIEW,https://www.centrica.com/media/kb1mqjrf/centrica-2011_ara.pdf,"5,173,244,808 ordinary shares of 614/81p each (2010: 5,154,005,553)",Whole-list annual-report pass: Full-remainder review: Second-300 pass reviewed: Centrica: share count basis requires same-date treasury reconciliation.
WORK_000212,22,193.5,27.5,03033654,Centrica,CNA,2011,5173244808,2011-12-31,allotted and fully paid,TREASURY_TREATMENT_REQUIRED,REVIEW,https://www.centrica.com/media/kb1mqjrf/centrica-2011_ara.pdf,"Allotted and fully paid share capital of the Company 5,173,244,808 ordinary shares of 614/81p each (2010: 5,154,005,553)",Whole-list annual-report pass: Full-remainder review: Second-300 pass reviewed: Centrica: share count basis requires same-date treasury reconciliation.
WORK_000213,22,193.5,27.5,03033654,Centrica,CNA,2012,5199019674,2012-12-31,allotted and fully paid,TREASURY_TREATMENT_REQUIRED,REVIEW,https://www.annualreports.com/HostedData/AnnualReportArchive/c/LSE_CNA_2012.pdf,"Allotted and fully paid share capital of the Company 31 December 5,199,019,674 ordinary shares of 6 /81p each (2011: 5,173,244,808)",Whole-list annual-report pass: Full-remainder review: Second-300 pass reviewed: Centrica: share count basis requires same-date treasury reconciliation.
WORK_000214,22,193.5,27.5,03033654,Centrica,CNA,2013,5199929692,2013-12-31,allotted and fully paid,TREASURY_TREATMENT_REQUIRED,REVIEW,https://www.annualreports.com/HostedData/AnnualReportArchive/c/LSE_CNA_2013.pdf,"5,199,929,692 ordinary shares of 614/81 pence each (2012: 5,199,019,674)",Whole-list annual-report pass: Full-remainder review: Second-300 pass reviewed: Centrica: share count basis requires same-date treasury reconciliation.
WORK_000215,22,193.5,27.5,03033654,Centrica,CNA,2014,5045590478,2014-12-31,allotted and fully paid,TREASURY_TREATMENT_REQUIRED,REVIEW,https://www.annualreports.com/HostedData/AnnualReportArchive/c/LSE_CNA_2014.pdf,"5,045,590,478 ordinary shares of 614/81 pence each (2013: 5,199,929,692)",Whole-list annual-report pass: Full-remainder review: Second-300 pass reviewed: Centrica: share count basis requires same-date treasury reconciliation.
WORK_000216,22,193.5,27.5,03033654,Centrica,CNA,2015,5128545946,,allotted incl treasury,TREASURY_TREATMENT_REQUIRED,REVIEW,https://find-and-update.company-information.service.gov.uk/company/03033654/filing-history/MzE0MzcxODAyMGFkaXF6a2N4/document?format=pdf&download=0,5128545946,Whole-list annual-report pass: Full-remainder review: Second-300 pass reviewed: Centrica: share count basis requires same-date treasury reconciliation.
WORK_000217,22,193.5,27.5,03033654,Centrica,CNA,2016,5539363376,,allotted incl treasury,TREASURY_TREATMENT_REQUIRED,REVIEW,https://find-and-update.company-information.service.gov.uk/company/03033654/filing-history/MzE2OTA2ODU2OGFkaXF6a2N4/document?format=pdf&download=0,5539363376,Whole-list annual-report pass: Full-remainder review: Second-300 pass reviewed: Centrica: share count basis requires same-date treasury reconciliation.
WORK_000218,22,193.5,27.5,03033654,Centrica,CNA,2017,5642344165,2017-12-31,allotted and fully paid,TREASURY_TREATMENT_REQUIRED,REVIEW,https://www.annualreports.com/HostedData/AnnualReportArchive/c/LSE_CNA_2017.pdf,"5,642,344,165 ordinary shares of 614/81 pence each (2016: 5,539,363,372)",Whole-list annual-report pass: Full-remainder review: Second-300 pass reviewed: Centrica: share count basis requires same-date treasury reconciliation.
WORK_000219,23,180.5,28.9,SC117119,Scottish & Southern Energy,SSE,2000,856413963,2000-10-01,allotted incl treasury,TREASURY_TREATMENT_REQUIRED,REVIEW,https://find-and-update.company-information.service.gov.uk/company/SC117119/filing-history/ODUxMTA1NDRhZGlxemtjeA/document?format=pdf&download=0,"Class of Share: ORDINARY SHARES OF 50p EACH — Number of shares issued 856,413,963 — Aggregate Nominal Value of issued shares £428,206,981.50",Whole-list annual-report pass: Full-remainder review: Second-300 pass reviewed: SSE/Scottish & Southern Energy: candidate basis remains issued/allotted rather than safely treasury-excluded.
WORK_000220,23,180.5,28.9,SC117119,Scottish & Southern Energy,SSE,2001,860180326,2001-10-01,allotted incl treasury,TREASURY_TREATMENT_REQUIRED,REVIEW,https://find-and-update.company-information.service.gov.uk/company/SC117119/filing-history/NTIxMzIzOThhZGlxemtjeA/document?format=pdf&download=0,"Class of Share: ORDINARY 50p — Number of shares issued 860,180,326 — Aggregate Nominal Value of issued shares £430,090,163",Whole-list annual-report pass: Full-remainder review: Second-300 pass reviewed: SSE/Scottish & Southern Energy: candidate basis remains issued/allotted rather than safely treasury-excluded.
WORK_000221,23,180.5,28.9,SC117119,Scottish & Southern Energy,SSE,2002,860631144,2002-11-30,allotted incl treasury,TREASURY_TREATMENT_REQUIRED,REVIEW,https://find-and-update.company-information.service.gov.uk/company/SC117119/filing-history/MTAwNDgxMDk0YWRpcXprY3g/document?format=pdf&download=0,"Class of Share: ORDINARY — Number of shares issued 860,631,144 — Aggregate Nominal Value of issued shares £430,315,572",Whole-list annual-report pass: Full-remainder review: Second-300 pass reviewed: SSE/Scottish & Southern Energy: candidate basis remains issued/allotted rather than safely treasury-excluded.
WORK_000222,23,180.5,28.9,SC117119,Scottish & Southern Energy,SSE,2003,858161731,2003-11-30,allotted incl treasury,TREASURY_TREATMENT_REQUIRED,REVIEW,https://find-and-update.company-information.service.gov.uk/company/SC117119/filing-history/NTk2Mjc0NjlhZGlxemtjeA/document?format=pdf&download=0,"Class of Share: ORDINARY — Number of shares issued 858,161,731 — Aggregate Nominal Value of issued shares £429,080,865.50",Whole-list annual-report pass: Full-remainder review: Second-300 pass reviewed: SSE/Scottish & Southern Energy: candidate basis remains issued/allotted rather than safely treasury-excluded.
WORK_000223,23,180.5,28.9,SC117119,Scottish & Southern Energy,SSE,2004,858303524,2004-11-30,allotted incl treasury,TREASURY_TREATMENT_REQUIRED,REVIEW,https://find-and-update.company-information.service.gov.uk/company/SC117119/filing-history/MTM3NTc3OTM3YWRpcXprY3g/document?format=pdf&download=0,"Class of Share: ORDINARY — Number of shares issued 858,303,524 — Aggregate Nominal Value of issued shares £429,151,762",Whole-list annual-report pass: Full-remainder review: Second-300 pass reviewed: SSE/Scottish & Southern Energy: candidate basis remains issued/allotted rather than safely treasury-excluded.
WORK_000224,23,180.5,28.9,SC117119,Scottish & Southern Energy,SSE,2005,860163981,2005-11-30,allotted incl treasury,TREASURY_TREATMENT_REQUIRED,REVIEW,https://find-and-update.company-information.service.gov.uk/company/SC117119/filing-history/ODI1NTE5OTBhZGlxemtjeA/document?format=pdf&download=0,"Class of Share: ORDINARY — Number of shares issued 860,163,981 — Aggregate Nominal Value of issued shares £430,081,990.50",Whole-list annual-report pass: Full-remainder review: Second-300 pass reviewed: SSE/Scottish & Southern Energy: candidate basis remains issued/allotted rather than safely treasury-excluded.
WORK_000225,23,180.5,28.9,SC117119,Scottish & Southern Energy,SSE,2006,861027259,2006-11-30,allotted incl treasury,TREASURY_TREATMENT_REQUIRED,REVIEW,https://find-and-update.company-information.service.gov.uk/company/SC117119/filing-history/MTczOTk4MTY2YWRpcXprY3g/document?format=pdf&download=0,"Class: ORDINARY — Number of shares issued 861,027,259 — Aggregate Nominal Value £430,513,629.50",Whole-list annual-report pass: Full-remainder review: Second-300 pass reviewed: SSE/Scottish & Southern Energy: candidate basis remains issued/allotted rather than safely treasury-excluded.
WORK_000226,23,180.5,28.9,SC117119,Scottish & Southern Energy,SSE,2007,863863087,2007-11-30,allotted incl treasury,TREASURY_TREATMENT_REQUIRED,REVIEW,https://find-and-update.company-information.service.gov.uk/company/SC117119/filing-history/MTg5MzQyODY2YWRpcXprY3g/document?format=pdf&download=0,"Class: ORDINARY — Number of shares issued 863,863,087 — Aggregate Nominal Value £431,931,543.50",Whole-list annual-report pass: Full-remainder review: Second-300 pass reviewed: SSE/Scottish & Southern Energy: candidate basis remains issued/allotted rather than safely treasury-excluded.
WORK_000227,23,180.5,28.9,SC117119,Scottish & Southern Energy,SSE,2008,875828689,2008-11-30,allotted incl treasury,TREASURY_TREATMENT_REQUIRED,REVIEW,https://find-and-update.company-information.service.gov.uk/company/SC117119/filing-history/MjAyMDIzODc3NmFkaXF6a2N4/document?format=pdf&download=0,"Class: ORDINARY — Number of shares issued 875,828,689 — Aggregate Nominal Value £437,914,344.50",Whole-list annual-report pass: Full-remainder review: Second-300 pass reviewed: SSE/Scottish & Southern Energy: candidate basis remains issued/allotted rather than safely treasury-excluded.
WORK_000228,23,180.5,28.9,SC117119,Scottish & Southern Energy,SSE,2009,923024337,2009-11-30,allotted incl treasury,TREASURY_TREATMENT_REQUIRED,REVIEW,https://find-and-update.company-information.service.gov.uk/company/SC117119/filing-history/MzAwNTI3MDQ5OGFkaXF6a2N4/document?format=pdf&download=0,"Total number of shares 923,024,337",Whole-list annual-report pass: Full-remainder review: Second-300 pass reviewed: SSE/Scottish & Southern Energy: candidate basis remains issued/allotted rather than safely treasury-excluded.
WORK_000229,23,180.5,28.9,SC117119,SSE PLC,SSE,2010,931612938,,allotted incl treasury,TREASURY_TREATMENT_REQUIRED,REVIEW,https://find-and-update.company-information.service.gov.uk/company/SC117119/filing-history/MzAzMjg1MjE1NmFkaXF6a2N4/document?format=pdf&download=0,"'[ORDINARY | GBP1.43 | 0.00 | 931,612,938 | GBP465,806,469]' and 'Totals 931,612,938|GBP465,806,469'; 931,612,938 x GBP0.50 = GBP465,806,469 exact (true nominal is 50p; the GBP1.43 column is a paid-up/price field, not nominal)",Whole-list annual-report pass: Full-remainder review: Second-300 pass reviewed: SSE/Scottish & Southern Energy: candidate basis remains issued/allotted rather than safely treasury-excluded.
WORK_000230,23,180.5,28.9,SC117119,SSE PLC,SSE,2011,938367519,2011-11-30,allotted incl treasury,TREASURY_TREATMENT_REQUIRED,REVIEW,https://find-and-update.company-information.service.gov.uk/company/SC117119/filing-history/MzA1MDUxMDczM2FkaXF6a2N4/document?format=pdf&download=0,"Total number of shares 938,367,519",Whole-list annual-report pass: Full-remainder review: Second-300 pass reviewed: SSE/Scottish & Southern Energy: candidate basis remains issued/allotted rather than safely treasury-excluded.
WORK_000231,23,180.5,28.9,SC117119,SSE PLC,SSE,2012,958380211,2012-11-30,allotted incl treasury,TREASURY_TREATMENT_REQUIRED,REVIEW,https://find-and-update.company-information.service.gov.uk/company/SC117119/filing-history/MzA2OTEyMjA1NmFkaXF6a2N4/document?format=pdf&download=0,"Total number of shares 958,380,211",Whole-list annual-report pass: Full-remainder review: Second-300 pass reviewed: SSE/Scottish & Southern Energy: candidate basis remains issued/allotted rather than safely treasury-excluded.
WORK_000232,23,180.5,28.9,SC117119,SSE PLC,SSE,2013,966217159,2013-11-30,allotted incl treasury,TREASURY_TREATMENT_REQUIRED,REVIEW,https://find-and-update.company-information.service.gov.uk/company/SC117119/filing-history/MzA5MDkzMDMzOGFkaXF6a2N4/document?format=pdf&download=0,"Total number of shares 966,217,159",Whole-list annual-report pass: Full-remainder review: Second-300 pass reviewed: SSE/Scottish & Southern Energy: candidate basis remains issued/allotted rather than safely treasury-excluded.
WORK_000233,23,180.5,28.9,SC117119,SSE PLC,SSE,2014,987403875,2014-11-01,allotted incl treasury,TREASURY_TREATMENT_REQUIRED,REVIEW,https://find-and-update.company-information.service.gov.uk/company/SC117119/filing-history/MzExMTYyNDU0N2FkaXF6a2N4/document?format=pdf&download=0,"Total number of shares 987,403,875",Whole-list annual-report pass: Full-remainder review: Second-300 pass reviewed: SSE/Scottish & Southern Energy: candidate basis remains issued/allotted rather than safely treasury-excluded.
WORK_000234,23,180.5,28.9,SC117119,SSE PLC,SSE,2015,1005905130,2015-11-01,allotted incl treasury,TREASURY_TREATMENT_REQUIRED,REVIEW,https://find-and-update.company-information.service.gov.uk/company/SC117119/filing-history/MzEzNTM1MDU2OGFkaXF6a2N4/document?format=pdf&download=0,"Total number of shares 1,005,905,130",Whole-list annual-report pass: Full-remainder review: Second-300 pass reviewed: SSE/Scottish & Southern Energy: candidate basis remains issued/allotted rather than safely treasury-excluded.
WORK_000235,23,180.5,28.9,SC117119,SSE PLC,SSE,2016,1017867146,,allotted incl treasury,TREASURY_TREATMENT_REQUIRED,REVIEW,https://find-and-update.company-information.service.gov.uk/company/SC117119/filing-history/MzE2MTU1NDM0NGFkaXF6a2N4/document?format=pdf&download=0,Currency: GBP Total number of shares: 1017867146,Whole-list annual-report pass: Full-remainder review: Second-300 pass reviewed: SSE/Scottish & Southern Energy: candidate basis remains issued/allotted rather than safely treasury-excluded.
WORK_000236,23,180.5,28.9,SC117119,SSE PLC,SSE,2017,1017867146,2017-11-08,allotted incl treasury,TREASURY_TREATMENT_REQUIRED,REVIEW,https://find-and-update.company-information.service.gov.uk/company/SC117119/filing-history/MzE4OTczNDEwNGFkaXF6a2N4/document?format=pdf&download=0,Number allotted 1017867146,Whole-list annual-report pass: Full-remainder review: Second-300 pass reviewed: SSE/Scottish & Southern Energy: candidate basis remains issued/allotted rather than safely treasury-excluded.
WORK_000237,24,175.5,27.9,03407696,BRITISH AMERICAN TOBACCO PLC,BATS,2000,2177776229,,allotted incl treasury,TREASURY_TREATMENT_REQUIRED,REVIEW,https://find-and-update.company-information.service.gov.uk/company/03407696/filing-history/NjA5NDc3ODlhZGlxemtjeA/document?format=pdf&download=0,"each 2,177,776,229 ||",Whole-list annual-report pass: Full-remainder review: Second-300 pass reviewed: British American Tobacco: retained candidate still needs independently confirmed exact ordinary-share count excluding treasury.
WORK_000238,24,175.5,27.9,03407696,BRITISH AMERICAN TOBACCO PLC,BATS,2001,2179379562,2001-12-31,"allotted, called up and fully paid incl treasury",TREASURY_TREATMENT_REQUIRED,REVIEW,https://find-and-update.company-information.service.gov.uk/company/03407696/filing-history/NzQwNzk2MjdhZGlxemtjeA/document?format=pdf&download=0,"31 December 2001 2,179,379,562 120,867,326 575.06",Whole-list annual-report pass: Full-remainder review: Second-300 pass reviewed: British American Tobacco: retained candidate still needs independently confirmed exact ordinary-share count excluding treasury.
WORK_000239,24,175.5,27.9,03407696,BRITISH AMERICAN TOBACCO PLC,BATS,2002,2181638938,2002-12-31,"allotted, called up and fully paid incl treasury",TREASURY_TREATMENT_REQUIRED,REVIEW,https://find-and-update.company-information.service.gov.uk/company/03407696/filing-history/NzIwMTA5MDBhZGlxemtjeA/document?format=pdf&download=0,"31 December 2002 2,181,638,938 120,867,326 575.63",Whole-list annual-report pass: Full-remainder review: Second-300 pass reviewed: British American Tobacco: retained candidate still needs independently confirmed exact ordinary-share count excluding treasury.
WORK_000240,24,175.5,27.9,03407696,BRITISH AMERICAN TOBACCO PLC,BATS,2003,2076844180,2003-12-31,"allotted, called up and fully paid incl treasury",TREASURY_TREATMENT_REQUIRED,REVIEW,https://find-and-update.company-information.service.gov.uk/company/03407696/filing-history/MTI0OTM0NzYzYWRpcXprY3g/document?format=pdf&download=0,"31 December 2003, 2,076,844,180 120,867,326 549.43",Whole-list annual-report pass: Full-remainder review: Second-300 pass reviewed: British American Tobacco: retained candidate still needs independently confirmed exact ordinary-share count excluding treasury.
WORK_000241,24,175.5,27.9,03407696,BRITISH AMERICAN TOBACCO PLC,BATS,2004,2139807599,2004-12-31,"allotted, called up and fully paid incl treasury",TREASURY_TREATMENT_REQUIRED,REVIEW,https://find-and-update.company-information.service.gov.uk/company/03407696/filing-history/MzMxNDgwNDBhZGlxemtjeA/document?format=pdf&download=0,"31 December 2004 2,139,807,599 534,95",Whole-list annual-report pass: Full-remainder review: Second-300 pass reviewed: British American Tobacco: retained candidate still needs independently confirmed exact ordinary-share count excluding treasury.
WORK_000242,24,175.5,27.9,03407696,BRITISH AMERICAN TOBACCO PLC,BATS,2005,2096139187,2005-12-31,"allotted, called up and fully paid incl treasury",TREASURY_TREATMENT_REQUIRED,REVIEW,https://find-and-update.company-information.service.gov.uk/company/03407696/filing-history/MTYxNDc1ODMyYWRpcXprY3g/document?format=pdf&download=0,"31 December 2005 2,096,139,187 524.03",Whole-list annual-report pass: Full-remainder review: Second-300 pass reviewed: British American Tobacco: retained candidate still needs independently confirmed exact ordinary-share count excluding treasury.
WORK_000243,24,175.5,27.9,03407696,BRITISH AMERICAN TOBACCO PLC,BATS,2006,2068803944,2006-12-31,"allotted, called up and fully paid incl treasury",TREASURY_TREATMENT_REQUIRED,REVIEW,https://find-and-update.company-information.service.gov.uk/company/03407696/filing-history/MTc5NjU0OTQ3YWRpcXprY3g/document?format=pdf&download=0,"31 December 2006 2,068,803,944 517 20",Whole-list annual-report pass: Full-remainder review: Second-300 pass reviewed: British American Tobacco: retained candidate still needs independently confirmed exact ordinary-share count excluding treasury.
WORK_000244,24,175.5,27.9,03407696,BRITISH AMERICAN TOBACCO PLC,BATS,2010,2025756358,2010-12-31,allotted incl treasury,TREASURY_TREATMENT_REQUIRED,REVIEW,https://www.annualreports.com/HostedData/AnnualReportArchive/b/LSE_BATS_2010.pdf,"As at 31 December 2010, the Company had an allotted and fully paid share capital of 2,025,756,358 ordinary shares of 25p each with an aggregate nominal value of £506 million (including treasury shares and shares owned by the employee share trusts)",Whole-list annual-report pass: Full-remainder review: Second-300 pass reviewed: British American Tobacco: retained candidate still needs independently confirmed exact ordinary-share count excluding treasury.
WORK_000245,25,174.5,28.9,01142830,3i Group,III,2000,603568709,2000-03-31,allotted incl treasury,TREASURY_TREATMENT_REQUIRED,REVIEW,https://find-and-update.company-information.service.gov.uk/company/01142830/filing-history,"At 1 April 2000 603,568,709 302",Whole-list annual-report pass: Full-remainder review: Second-300 pass reviewed: 3i Group: candidate requires direct outstanding count or issued-minus-treasury reconstruction.
WORK_000246,25,174.5,28.9,01142830,3i Group,III,2001,607437008,2001-03-31,allotted incl treasury,TREASURY_TREATMENT_REQUIRED,REVIEW,https://find-and-update.company-information.service.gov.uk/company/01142830/filing-history,"At 31 March 2001 607,437,008 304",Whole-list annual-report pass: Full-remainder review: Second-300 pass reviewed: 3i Group: candidate requires direct outstanding count or issued-minus-treasury reconstruction.
WORK_000247,25,174.5,28.9,01142830,3i Group,III,2002,609603828,2002-03-31,allotted incl treasury,TREASURY_TREATMENT_REQUIRED,REVIEW,https://find-and-update.company-information.service.gov.uk/company/01142830/filing-history,"31 March 2002 609,603,828 305",Whole-list annual-report pass: Full-remainder review: Second-300 pass reviewed: 3i Group: candidate requires direct outstanding count or issued-minus-treasury reconstruction.
WORK_000248,25,174.5,28.9,01142830,3i Group,III,2003,610918253,2003-03-31,allotted incl treasury,TREASURY_TREATMENT_REQUIRED,REVIEW,https://find-and-update.company-information.service.gov.uk/company/01142830/filing-history,"31 March 2003 © 610,918,253 305",Whole-list annual-report pass: Full-remainder review: Second-300 pass reviewed: 3i Group: candidate requires direct outstanding count or issued-minus-treasury reconstruction.
WORK_000249,25,174.5,28.9,01142830,3i Group,III,2004,613479159,2004-03-31,allotted incl treasury,TREASURY_TREATMENT_REQUIRED,REVIEW,https://find-and-update.company-information.service.gov.uk/company/01142830/filing-history,"31 March 2004 613,479,159 307",Whole-list annual-report pass: Full-remainder review: Second-300 pass reviewed: 3i Group: candidate requires direct outstanding count or issued-minus-treasury reconstruction.
WORK_000250,25,174.5,28.9,01142830,3i Group,III,2005,614409167,2005-03-31,allotted incl treasury,TREASURY_TREATMENT_REQUIRED,REVIEW,https://find-and-update.company-information.service.gov.uk/company/01142830/filing-history,"31 March 2005 614 409,167 307",Whole-list annual-report pass: Full-remainder review: Second-300 pass reviewed: 3i Group: candidate requires direct outstanding count or issued-minus-treasury reconstruction.
WORK_000251,25,174.5,28.9,01142830,3i Group,III,2006,550556502,2006-03-31,allotted incl treasury,TREASURY_TREATMENT_REQUIRED,REVIEW,https://find-and-update.company-information.service.gov.uk/company/01142830/filing-history,"Closing balance 550,556,502 292",Whole-list annual-report pass: Full-remainder review: Second-300 pass reviewed: 3i Group: candidate requires direct outstanding count or issued-minus-treasury reconstruction.
WORK_000252,25,174.5,28.9,01142830,3i Group,III,2007,461106007,2007-03-31,allotted incl treasury,TREASURY_TREATMENT_REQUIRED,REVIEW,https://find-and-update.company-information.service.gov.uk/company/01142830/filing-history,"Closing batance 461,106,007 289",Whole-list annual-report pass: Full-remainder review: Second-300 pass reviewed: 3i Group: candidate requires direct outstanding count or issued-minus-treasury reconstruction.
WORK_000253,25,174.5,28.9,01142830,3i Group,III,2008,382741094,2008-03-31,allotted incl treasury,TREASURY_TREATMENT_REQUIRED,REVIEW,https://find-and-update.company-information.service.gov.uk/company/01142830/filing-history,"Closing balance 382,741,094 283 - =",Whole-list annual-report pass: Full-remainder review: Second-300 pass reviewed: 3i Group: candidate requires direct outstanding count or issued-minus-treasury reconstruction.
WORK_000254,25,174.5,28.9,01142830,3i Group,III,2009,383970880,2009-03-31,allotted incl treasury,TREASURY_TREATMENT_REQUIRED,REVIEW,https://find-and-update.company-information.service.gov.uk/company/01142830/filing-history,"Closing balance 383,970,880 284",Whole-list annual-report pass: Full-remainder review: Second-300 pass reviewed: 3i Group: candidate requires direct outstanding count or issued-minus-treasury reconstruction.
WORK_000255,25,174.5,28.9,01142830,3i Group,III,2010,970481983,,allotted incl treasury,TREASURY_TREATMENT_REQUIRED,REVIEW,https://find-and-update.company-information.service.gov.uk/company/01142830/filing-history/MzAyMjc0NDA2OWFkaXF6a2N4/document?format=pdf&download=0,"Part 3 Statement of capital shows '[ordinary Shares 154 125p 0 00 970,481,983' as ordinary share count (excluding preference shares referenced in Totals row '975,117,001')",Whole-list annual-report pass: Full-remainder review: Second-300 pass reviewed: 3i Group: candidate requires direct outstanding count or issued-minus-treasury reconstruction.
WORK_000256,25,174.5,28.9,01142830,3I GROUP PLC,III,2014,971803122,2014-03-31,allotted incl treasury,TREASURY_TREATMENT_REQUIRED,REVIEW,https://find-and-update.company-information.service.gov.uk/company/01142830/filing-history,Closing balance 971 803 122 718 971 405 127 718,Whole-list annual-report pass: Full-remainder review: Second-300 pass reviewed: 3i Group: candidate requires direct outstanding count or issued-minus-treasury reconstruction.
WORK_000257,25,174.5,28.9,01142830,3I GROUP PLC,III,2015,972453819,2015-03-31,allotted incl treasury,TREASURY_TREATMENT_REQUIRED,REVIEW,https://find-and-update.company-information.service.gov.uk/company/01142830/filing-history,"Closing balance 972 453,819 719° =: 971803122 718",Whole-list annual-report pass: Full-remainder review: Second-300 pass reviewed: 3i Group: candidate requires direct outstanding count or issued-minus-treasury reconstruction.
WORK_000258,25,174.5,28.9,01142830,3I GROUP PLC,III,2016,972661444,2016-03-31,allotted incl treasury,TREASURY_TREATMENT_REQUIRED,REVIEW,https://find-and-update.company-information.service.gov.uk/company/01142830/filing-history,"Closing balance , 972,661,444 719",Whole-list annual-report pass: Full-remainder review: Second-300 pass reviewed: 3i Group: candidate requires direct outstanding count or issued-minus-treasury reconstruction.
WORK_000259,25,174.5,28.9,01142830,3I GROUP PLC,III,2017,972808424,2017-03-31,allotted incl treasury,TREASURY_TREATMENT_REQUIRED,REVIEW,https://find-and-update.company-information.service.gov.uk/company/01142830/filing-history,"Closing balance 972,808,424 719",Whole-list annual-report pass: Full-remainder review: Second-300 pass reviewed: 3i Group: candidate requires direct outstanding count or issued-minus-treasury reconstruction.
WORK_000260,26,171.5,28.3,03236483,Imperial Tobacco Group,IMT,2000,520857801,,allotted incl treasury,TREASURY_TREATMENT_REQUIRED,REVIEW,https://find-and-update.company-information.service.gov.uk/company/03236483/filing-history/MTA5MzMzODE2YWRpcXprY3g/document?format=pdf&download=0,"statement of capital, filing dated 2001-07-10; status=OCR_EXTRACTED",Whole-list annual-report pass: Full-remainder review: Second-300 pass reviewed: Imperial Tobacco: candidate basis and treasury treatment remain unresolved.
WORK_000261,26,171.5,28.3,03236483,Imperial Tobacco Group,IMT,2001,729200921,,allotted incl treasury,TREASURY_TREATMENT_REQUIRED,REVIEW,https://find-and-update.company-information.service.gov.uk/company/03236483/filing-history/MTM2MzEwMTQxYWRpcXprY3g/document?format=pdf&download=0,"statement of capital, filing dated 2002-07-03; status=OCR_EXTRACTED",Whole-list annual-report pass: Full-remainder review: Second-300 pass reviewed: Imperial Tobacco: candidate basis and treasury treatment remain unresolved.
WORK_000262,26,171.5,28.3,03236483,Imperial Tobacco Group,IMT,2002,729200921,,allotted incl treasury,TREASURY_TREATMENT_REQUIRED,REVIEW,https://find-and-update.company-information.service.gov.uk/company/03236483/filing-history/MTE1NTU1NDQ4YWRpcXprY3g/document?format=pdf&download=0,"statement of capital, filing dated 2003-07-21; status=OCR_EXTRACTED",Whole-list annual-report pass: Full-remainder review: Second-300 pass reviewed: Imperial Tobacco: candidate basis and treasury treatment remain unresolved.
WORK_000263,26,171.5,28.3,03236483,Imperial Tobacco Group,IMT,2003,729200912,,allotted incl treasury,TREASURY_TREATMENT_REQUIRED,REVIEW,https://find-and-update.company-information.service.gov.uk/company/03236483/filing-history/MTU1MTc0NDE3YWRpcXprY3g/document?format=pdf&download=0,"statement of capital, filing dated 2004-07-07; status=OCR_EXTRACTED",Whole-list annual-report pass: Full-remainder review: Second-300 pass reviewed: Imperial Tobacco: candidate basis and treasury treatment remain unresolved.
WORK_000264,26,171.5,28.3,03236483,Imperial Tobacco Group,IMT,2004,729200921,,allotted incl treasury,TREASURY_TREATMENT_REQUIRED,REVIEW,https://find-and-update.company-information.service.gov.uk/company/03236483/filing-history/MTAzNTg3NjI3YWRpcXprY3g/document?format=pdf&download=0,"CH annual return, filing dated 2005-07-06; allotted incl. treasury; VISUAL READ: 363a 10p Ordinary: 729,200,921 x 0.10 = GBP72,920,092.10; contact Imperial Tobacco; matches adjacent series",Whole-list annual-report pass: Full-remainder review: Second-300 pass reviewed: Imperial Tobacco: candidate basis and treasury treatment remain unresolved.
WORK_000265,26,171.5,28.3,03236483,Imperial Tobacco Group,IMT,2005,729200921,,allotted incl treasury,TREASURY_TREATMENT_REQUIRED,REVIEW,https://find-and-update.company-information.service.gov.uk/company/03236483/filing-history/MTYzOTA3MjY5YWRpcXprY3g/document?format=pdf&download=0,"statement of capital, filing dated 2006-07-06; status=OCR_EXTRACTED",Whole-list annual-report pass: Full-remainder review: Second-300 pass reviewed: Imperial Tobacco: candidate basis and treasury treatment remain unresolved.
WORK_000266,26,171.5,28.3,03236483,Imperial Tobacco Group,IMT,2006,729200921,,allotted incl treasury,TREASURY_TREATMENT_REQUIRED,REVIEW,https://find-and-update.company-information.service.gov.uk/company/03236483/filing-history/MTgxNDIzODU2YWRpcXprY3g/document?format=pdf&download=0,"statement of capital, filing dated 2007-06-25; status=OCR_EXTRACTED",Whole-list annual-report pass: Full-remainder review: 309-pass reviewed: current evidence establishes issued/allotted shares but does not yet establish the exact same-date treasury-excluded shares-outstanding count required by the canonical definition.
WORK_000267,26,171.5,28.3,03236483,Imperial Tobacco Group,IMT,2007,1067942881,,allotted incl treasury,TREASURY_TREATMENT_REQUIRED,REVIEW,https://find-and-update.company-information.service.gov.uk/company/03236483/filing-history/MjAwODEyNzgyN2FkaXF6a2N4/document?format=pdf&download=0,,Whole-list annual-report pass: Full-remainder review: 309-pass reviewed: current evidence establishes issued/allotted shares but does not yet establish the exact same-date treasury-excluded shares-outstanding count required by the canonical definition.
WORK_000268,26,171.5,28.3,03236483,Imperial Tobacco Group,IMT,2008,1067942881,,allotted incl treasury,TREASURY_TREATMENT_REQUIRED,REVIEW,https://find-and-update.company-information.service.gov.uk/company/03236483/filing-history/MjAzNjUxOTAyMWFkaXF6a2N4/document?format=pdf&download=0,"statement of capital, filing dated 2009-07-06; ADJUDICATED 2026-07-20: stored value = nominal x100; line 1,067,942,881 nominal GBP106,794,288.10 = 10p x count exactly; post-Jul-2008 rights issue level (729m+338m) | prior OCR note: line: |10p Ordinary | 1,067,942,881.00 | £ 106,794,288.10 [confirmed at 240+300dpi] [jmp vs adjacent year — vfy]",Whole-list annual-report pass: Full-remainder review: 309-pass reviewed: current evidence establishes issued/allotted shares but does not yet establish the exact same-date treasury-excluded shares-outstanding count required by the canonical definition.
WORK_000269,26,171.5,28.3,03236483,Imperial Tobacco Group,IMT,2009,1067942881,2009-09-30,"Issued and fully paid ordinary shares of 10p each, at 30 September 2009",TREASURY_TREATMENT_REQUIRED,REVIEW,https://www.imperialbrandsplc.com/investor-hub/results-reports-and-presentations,"1,067,942,881 ordinary shares of 10p each (2008: 1,067,942,881)",Primary-source replacement completed: Imperial Brands' issuer report archive replaces the secondary annualreports.com copy. No promotion until the exact same-date issued ordinary shares and treasury balance are reconstructed from the relevant primary annual report.
WORK_000270,26,171.5,28.3,03236483,Imperial Tobacco Group,IMT,2010,1067942881,,allotted incl treasury,TREASURY_TREATMENT_REQUIRED,REVIEW,https://find-and-update.company-information.service.gov.uk/company/03236483/filing-history/MzAzOTQ3MTQ3MmFkaXF6a2N4/document?format=pdf&download=0,"CH annual return, filing dated 2011-06-14; allotted incl. treasury; VISUAL READ: AR01 F1 three 10p Ordinary tranches 208,343,120+338,741,960+520,857,801 = 1,067,942,881 (form F3 total) x 0.10 = GBP106,794,288.10; reg office Bristol; matches 2008",Whole-list annual-report pass: Full-remainder review: 309-pass reviewed: current evidence establishes issued/allotted shares but does not yet establish the exact same-date treasury-excluded shares-outstanding count required by the canonical definition.
WORK_000271,26,171.5,28.3,03236483,Imperial Tobacco Group,IMT,2012,1067942881,,allotted incl treasury,TREASURY_TREATMENT_REQUIRED,REVIEW,https://find-and-update.company-information.service.gov.uk/company/03236483/filing-history/MzA4MDUwODA1OGFkaXF6a2N4/document?format=pdf&download=0,"CH annual return, filing dated 2013-06-14; allotted incl. treasury; VISUAL READ: AR01 three 10p Ordinary tranches summing 1,067,942,881 x 0.10 = GBP106,794,288.10; reg office Bristol",Whole-list annual-report pass: Full-remainder review: 309-pass reviewed: current evidence establishes issued/allotted shares but does not yet establish the exact same-date treasury-excluded shares-outstanding count required by the canonical definition.
WORK_000272,26,171.5,28.3,03236483,Imperial Tobacco Group,IMT,2013,1067942881,2013-09-30,"Issued and fully paid ordinary shares of 10p each, at 30 September 2013",TREASURY_TREATMENT_REQUIRED,REVIEW,https://www.imperialbrandsplc.com/investor-hub/results-reports-and-presentations,"1,067,942,881 ordinary shares of 10p each (2012: 1,067,942,881)",Primary-source replacement completed: Imperial Brands' issuer report archive replaces the secondary annualreports.com copy. No promotion until the exact same-date issued ordinary shares and treasury balance are reconstructed from the relevant primary annual report.
WORK_000273,26,171.5,28.3,03236483,Imperial Tobacco Group,IMT,2014,1036000000,2014-09-30,"Issued and fully paid ordinary shares of 10p each, at 30 September 2014",TREASURY_TREATMENT_REQUIRED,REVIEW,https://www.imperialbrandsplc.com/investor-hub/results-reports-and-presentations,"1,036,000,000 ordinary shares of 10p each (2013: 1,067,942,881)",Primary-source replacement completed: Imperial Brands' issuer report archive replaces the secondary annualreports.com copy. No promotion until the exact same-date issued ordinary shares and treasury balance are reconstructed from the relevant primary annual report.
WORK_000274,26,171.5,28.3,03236483,Imperial Tobacco Group,IMT,2015,1036000000,,allotted incl treasury,TREASURY_TREATMENT_REQUIRED,REVIEW,https://find-and-update.company-information.service.gov.uk/company/03236483/filing-history/MzE1MTg5NTkyMGFkaXF6a2N4/document?format=pdf&download=0,"CORRECTION of garbled OCR (was 103,600,000,000): re-OCR 2026-07-20, p16: 10p Ordinary 1,036,000,000.00 | GBP103,600,000.00 = 10p x count exact; total-shares box agrees; implied mcap ~GBP37bn consistent with Imperial late-2015; filing dated 2016-06-14",Whole-list annual-report pass: Full-remainder review: Candidate is issued/allotted shares including treasury; not equivalent to required shares outstanding unless treasury holdings are separately and exactly resolved.
WORK_000275,27,171.5,24.7,04190816,BT GROUP PLC,BT.A,2001,8670692996,,allotted incl treasury,TREASURY_TREATMENT_REQUIRED,REVIEW,https://find-and-update.company-information.service.gov.uk/company/04190816/filing-history/MTA4NDQxMjkyYWRpcXprY3g/document?format=pdf&download=0,"statement of capital, filing 2002-05-14; Claude-adjudicated: ordinary class total",Whole-list annual-report pass: Full-remainder review: Candidate is issued/allotted shares including treasury; not equivalent to required shares outstanding unless treasury holdings are separately and exactly resolved.
WORK_000276,27,171.5,24.7,04190816,BT GROUP PLC,BT.A,2002,8670849554,,allotted incl treasury,TREASURY_TREATMENT_REQUIRED,REVIEW,https://find-and-update.company-information.service.gov.uk/company/04190816/filing-history/MTAwMzMzNjU0YWRpcXprY3g/document?format=pdf&download=0,"statement of capital, filing 2003-04-30; Claude-adjudicated: ordinary class total",Whole-list annual-report pass: Full-remainder review: Candidate is issued/allotted shares including treasury; not equivalent to required shares outstanding unless treasury holdings are separately and exactly resolved.
WORK_000277,27,171.5,24.7,04190816,BT GROUP PLC,BT.A,2003,8634629038,,allotted incl treasury,TREASURY_TREATMENT_REQUIRED,REVIEW,https://find-and-update.company-information.service.gov.uk/company/04190816/filing-history/ODA3MjUzNzVhZGlxemtjeA/document?format=pdf&download=0,"OCR statement of capital, filing 2004-05-05; line: Ordinary So 8,634, 629,038 £431,731,451.90",Whole-list annual-report pass: Full-remainder review: Candidate is issued/allotted shares including treasury; not equivalent to required shares outstanding unless treasury holdings are separately and exactly resolved.
WORK_000278,27,171.5,24.7,04190816,BT GROUP PLC,BT.A,2004,8634629038,,allotted incl treasury,TREASURY_TREATMENT_REQUIRED,REVIEW,https://find-and-update.company-information.service.gov.uk/company/04190816/filing-history/ODA3MjUzNzVhZGlxemtjeA/document?format=pdf&download=0,"OCR statement of capital, filing 2004-05-05; line: Ordinary So 8,634, 629,038 £431,731,451.90",Whole-list annual-report pass: Full-remainder review: Candidate is issued/allotted shares including treasury; not equivalent to required shares outstanding unless treasury holdings are separately and exactly resolved.
WORK_000279,27,171.5,24.7,04190816,BT GROUP PLC,BT.A,2005,8634629038,,allotted incl treasury,TREASURY_TREATMENT_REQUIRED,REVIEW,https://find-and-update.company-information.service.gov.uk/company/04190816/filing-history/MTM1NDUzMjAxYWRpcXprY3g/document?format=pdf&download=0,"OCR statement of capital, filing 2005-12-08; line: Ordinary wi 8, 634,629,038 £431,731,451.90",Whole-list annual-report pass: Full-remainder review: Candidate is issued/allotted shares including treasury; not equivalent to required shares outstanding unless treasury holdings are separately and exactly resolved.
WORK_000280,27,171.5,24.7,04190816,BT GROUP PLC,BT.A,2006,8640654852,,allotted incl treasury,TREASURY_TREATMENT_REQUIRED,REVIEW,https://find-and-update.company-information.service.gov.uk/company/04190816/filing-history/MTc5NzEwMTE4YWRpcXprY3g/document?format=pdf&download=0,"statement of capital (allotted incl. treasury), filing dated 2007-05-08; VISUAL READ: Ordinary 5p, nominal GBP432,032,742.60 exact; co# 4190816",Whole-list annual-report pass: Full-remainder review: Candidate is issued/allotted shares including treasury; not equivalent to required shares outstanding unless treasury holdings are separately and exactly resolved.
WORK_000281,27,171.5,24.7,04190816,BT GROUP PLC,BT.A,2007,8401227029,,allotted incl treasury,TREASURY_TREATMENT_REQUIRED,REVIEW,https://find-and-update.company-information.service.gov.uk/company/04190816/filing-history/MjAwNDMwMzU1M2FkaXF6a2N4/document?format=pdf&download=0,"statement of capital (allotted incl. treasury), filing dated 2008-04-29; VISUAL READ: Ordinary 5p, nominal GBP420,061,351.45 exact; co# 4190816",Whole-list annual-report pass: Full-remainder review: Candidate is issued/allotted shares including treasury; not equivalent to required shares outstanding unless treasury holdings are separately and exactly resolved.
WORK_000282,27,171.5,24.7,04190816,BT GROUP PLC,BT.A,2008,8151227029,,allotted incl treasury,TREASURY_TREATMENT_REQUIRED,REVIEW,https://find-and-update.company-information.service.gov.uk/company/04190816/filing-history/MjAzMTY1Njk0NWFkaXF6a2N4/document?format=pdf&download=0,"statement of capital (allotted incl. treasury), filing dated 2009-04-28; VISUAL READ: Ordinary 5p, nominal GBP407,561,351.45 exact; co# 4190816; equals 2011 known",Whole-list annual-report pass: Full-remainder review: Candidate is issued/allotted shares including treasury; not equivalent to required shares outstanding unless treasury holdings are separately and exactly resolved.
WORK_000283,27,171.5,24.7,04190816,BT GROUP PLC,BT.A,2009,8151227029,,allotted incl treasury,TREASURY_TREATMENT_REQUIRED,REVIEW,https://find-and-update.company-information.service.gov.uk/company/04190816/filing-history/MzAxNDQ0OTczNGFkaXF6a2N4/document?format=pdf&download=0,"statement of capital (allotted incl. treasury), filing dated 2010-03-30; VISUAL READ: Ordinary 5p, nominal exact; equals 2011/2012 known; entity via URL",Whole-list annual-report pass: Full-remainder review: Candidate is issued/allotted shares including treasury; not equivalent to required shares outstanding unless treasury holdings are separately and exactly resolved.
WORK_000284,27,171.5,24.7,04190816,BT GROUP PLC,BT.A,2010,8151227029,,allotted incl treasury,TREASURY_TREATMENT_REQUIRED,REVIEW,https://find-and-update.company-information.service.gov.uk/company/04190816/filing-history/MzAzNjI5MDQzMWFkaXF6a2N4/document?format=pdf&download=0,"statement of capital (allotted incl. treasury), filing dated 2011-03-30; VISUAL READ: Ordinary 5p, nominal exact; equals 2011-2013 known; entity via URL",Whole-list annual-report pass: Full-remainder review: Candidate is issued/allotted shares including treasury; not equivalent to required shares outstanding unless treasury holdings are separately and exactly resolved.
WORK_000285,27,171.5,24.7,04190816,BT GROUP PLC,BT.A,2011,8151227029,,allotted incl treasury,TREASURY_TREATMENT_REQUIRED,REVIEW,https://find-and-update.company-information.service.gov.uk/company/04190816/filing-history/MzA1Njc4ODQzMGFkaXF6a2N4/document?format=pdf&download=0,"OCR statement of capital, filing 2012-03-30; line: Ordinary 0 06 0 00] 8,151,227,029|/£ 407,561,351 45",Whole-list annual-report pass: Full-remainder review: Candidate is issued/allotted shares including treasury; not equivalent to required shares outstanding unless treasury holdings are separately and exactly resolved.
WORK_000286,27,171.5,24.7,04190816,BT GROUP PLC,BT.A,2012,8151227029,,allotted incl treasury,TREASURY_TREATMENT_REQUIRED,REVIEW,https://find-and-update.company-information.service.gov.uk/company/04190816/filing-history/MzA3NzI3ODI4NWFkaXF6a2N4/document?format=pdf&download=0,"OCR statement of capital, filing 2013-03-30; line: Ordinary 0 06 © 00] 8,151,227,029;£ 407,561,351 45",Whole-list annual-report pass: Full-remainder review: Candidate is issued/allotted shares including treasury; not equivalent to required shares outstanding unless treasury holdings are separately and exactly resolved.
WORK_000287,27,171.5,24.7,04190816,BT GROUP PLC,BT.A,2013,8151227029,,allotted incl treasury,TREASURY_TREATMENT_REQUIRED,REVIEW,https://find-and-update.company-information.service.gov.uk/company/04190816/filing-history/MzA5OTQ5MDgyNmFkaXF6a2N4/document?format=pdf&download=0,"OCR statement of capital, filing 2014-03-30; line: Ordinary Oo 06 O O00} 8,151,227,029]/£ 407,561,351 45",Whole-list annual-report pass: Full-remainder review: Candidate is issued/allotted shares including treasury; not equivalent to required shares outstanding unless treasury holdings are separately and exactly resolved.
WORK_000288,27,171.5,24.7,04190816,BT GROUP PLC,BT.A,2017,9968127681,,allotted incl treasury,TREASURY_TREATMENT_REQUIRED,REVIEW,https://find-and-update.company-information.service.gov.uk/company/04190816/filing-history/MzIwMTc5NzI4OGFkaXF6a2N4/document?format=pdf&download=0,1 classes: 9968127681...,Whole-list annual-report pass: Full-remainder review: Candidate is issued/allotted shares including treasury; not equivalent to required shares outstanding unless treasury holdings are separately and exactly resolved.
WORK_000289,28,170.0,27.2,03564138,ANGLO AMERICAN PLC,AAL,2000,407661244,2000-05-14,"Ordinary shares issued (allotted, incl. treasury) at 14 May 2000 (annual return made-up date, closest available to calendar year 2000; not the EPS weighted average)",TREASURY_TREATMENT_REQUIRED,REVIEW,https://find-and-update.company-information.service.gov.uk/company/03564138/filing-history,"Class of Share: Ordinary. Number of shares issued: 407,661,244.",Whole-list annual-report pass: Full-remainder review: Source may establish issued/allotted shares but does not unambiguously establish shares outstanding excluding treasury.
WORK_000290,28,170.0,27.2,03564138,ANGLO AMERICAN PLC,AAL,2001,1630644976,2001-05-14,"Ordinary shares issued (allotted, incl. treasury) at 14 May 2001 (annual return made-up date, closest available to calendar year 2001); not the EPS weighted average",TREASURY_TREATMENT_REQUIRED,REVIEW,https://find-and-update.company-information.service.gov.uk/company/03564138/filing-history,"Class of Share: Ordinary. Number of shares issued: 1,630,644,976.",Whole-list annual-report pass: Full-remainder review: Source may establish issued/allotted shares but does not unambiguously establish shares outstanding excluding treasury.
WORK_000291,28,170.0,27.2,03564138,ANGLO AMERICAN PLC,AAL,2002,1467439566,2002-05-14,"Ordinary shares issued (allotted, incl. treasury) at 14 May 2002 (annual return made-up date, closest available to calendar year 2002); not the EPS weighted average",TREASURY_TREATMENT_REQUIRED,REVIEW,https://find-and-update.company-information.service.gov.uk/company/03564138/filing-history,"Class of Share: Ordinary. Number of shares issued: 1,467,439,566.",Whole-list annual-report pass: Full-remainder review: Source may establish issued/allotted shares but does not unambiguously establish shares outstanding excluding treasury.
WORK_000292,28,170.0,27.2,03564138,ANGLO AMERICAN PLC,AAL,2003,1470437181,2003-05-14,"Ordinary shares issued (allotted, incl. treasury) at 14 May 2003 (annual return made-up date, closest available to calendar year 2003); not the EPS weighted average",TREASURY_TREATMENT_REQUIRED,REVIEW,https://find-and-update.company-information.service.gov.uk/company/03564138/filing-history,"Class of Share: Ordinary. Number of shares issued: 1,470,437,181.",Whole-list annual-report pass: Full-remainder review: Source may establish issued/allotted shares but does not unambiguously establish shares outstanding excluding treasury.
WORK_000293,28,170.0,27.2,03564138,ANGLO AMERICAN PLC,AAL,2004,1493846961,,allotted incl treasury,TREASURY_TREATMENT_REQUIRED,REVIEW,https://find-and-update.company-information.service.gov.uk/company/03564138/filing-history/NjI3NjcwMDBhZGlxemtjeA/document?format=pdf&download=0,"ORDINARY oy | 1,493,846,961",Whole-list annual-report pass: Full-remainder review: Candidate is issued/allotted shares including treasury; not equivalent to required shares outstanding unless treasury holdings are separately and exactly resolved.
WORK_000294,28,170.0,27.2,03564138,ANGLO AMERICAN PLC,AAL,2005,1493846961,2005-05-14,"Ordinary shares issued (allotted, incl. treasury) at 14 May 2005 (annual return made-up date, closest available to calendar year 2005); not the EPS weighted average",TREASURY_TREATMENT_REQUIRED,REVIEW,https://find-and-update.company-information.service.gov.uk/company/03564138/filing-history/NjI3NjcwMDBhZGlxemtjeA/document?format=pdf&download=0,"Class: ORDINARY. Number of shares issued: 1,493,846,961.",Whole-list annual-report pass: Full-remainder review: Source may establish issued/allotted shares but does not unambiguously establish shares outstanding excluding treasury.
WORK_000295,28,170.0,27.2,03564138,ANGLO AMERICAN PLC,AAL,2006,1511802675,2006-05-14,"Ordinary shares issued (allotted, incl. treasury) at 14 May 2006 (annual return made-up date, closest available to calendar year 2006); not the EPS weighted average",TREASURY_TREATMENT_REQUIRED,REVIEW,https://find-and-update.company-information.service.gov.uk/company/03564138/filing-history,"ORDINARY US $0.50: Number of shares issued 1,511,802,675.",Whole-list annual-report pass: Full-remainder review: Source may establish issued/allotted shares but does not unambiguously establish shares outstanding excluding treasury.
WORK_000296,28,170.0,27.2,03564138,ANGLO AMERICAN PLC,AAL,2007,1541657750,2007-05-14,"Ordinary shares issued (allotted, incl. treasury) at 14 May 2007 (annual return made-up date, closest available to calendar year 2007); not the EPS weighted average",TREASURY_TREATMENT_REQUIRED,REVIEW,https://find-and-update.company-information.service.gov.uk/company/03564138/filing-history,"Class of Share: ORDINARY US $0.50. Number of shares issued: 1,541,657,750.",Whole-list annual-report pass: Full-remainder review: Source may establish issued/allotted shares but does not unambiguously establish shares outstanding excluding treasury.
WORK_000297,28,170.0,27.2,03564138,ANGLO AMERICAN PLC,AAL,2008,1342915273,2008-05-14,"Ordinary shares issued (allotted, incl. 20,783,518 treasury shares) at 14 May 2008 (annual return made-up date, closest available to calendar year 2008); not the EPS weighted average",TREASURY_TREATMENT_REQUIRED,REVIEW,https://find-and-update.company-information.service.gov.uk/company/03564138/filing-history,"Class of Share: ORDINARY SHARE. Number of shares issued: 1,342,915,273 (includes 20,783,518 treasury shares).",Whole-list annual-report pass: Full-remainder review: Source may establish issued/allotted shares but does not unambiguously establish shares outstanding excluding treasury.
WORK_000298,28,170.0,27.2,03564138,ANGLO AMERICAN PLC,AAL,2009,1342924336,2009-05-14,"Ordinary shares issued (allotted, incl. 26,433,510 treasury shares) at 14 May 2009 (annual return made-up date, closest available to calendar year 2009); not the EPS weighted average",TREASURY_TREATMENT_REQUIRED,REVIEW,https://find-and-update.company-information.service.gov.uk/company/03564138/filing-history,"ORDINARY SHARES OF US$0.54945 EACH / 1,342,924,336",Whole-list annual-report pass: Full-remainder review: Source may establish issued/allotted shares but does not unambiguously establish shares outstanding excluding treasury.
WORK_000299,28,170.0,27.2,03564138,ANGLO AMERICAN PLC,AAL,2010,1342933850,,allotted incl treasury,TREASURY_TREATMENT_REQUIRED,REVIEW,https://find-and-update.company-information.service.gov.uk/company/03564138/filing-history/MzAzMjI4MTg0MGFkaXF6a2N4/document?format=pdf&download=0,"Ordinary Iso 57 1,342,933,850 [class row]; Totals/Total-number-of-shares line reads 1,342,983,850",Whole-list annual-report pass: Full-remainder review: Candidate is issued/allotted shares including treasury; not equivalent to required shares outstanding unless treasury holdings are separately and exactly resolved.
WORK_000300,28,170.0,27.2,03564138,ANGLO AMERICAN PLC,AAL,2011,1342933850,2011-02-08,"Ordinary shares issued (allotted, incl. treasury) at made-up date closest to calendar year 2011, per Part 3 Statement of capital; not the EPS weighted average",TREASURY_TREATMENT_REQUIRED,REVIEW,https://find-and-update.company-information.service.gov.uk/company/03564138/filing-history/kYw3z9Vt-aVTxxxUCzPm_a7U2JuvkhKlq43p85VPlX8,"Ordinary $2 57 1,342,933,850 $737,875,003 88",Whole-list annual-report pass: Full-remainder review: Source may establish issued/allotted shares but does not unambiguously establish shares outstanding excluding treasury.
WORK_000301,28,170.0,27.2,03564138,ANGLO AMERICAN PLC,AAL,2012,1342968899,2012-02-08,allotted incl treasury,TREASURY_TREATMENT_REQUIRED,REVIEW,https://find-and-update.company-information.service.gov.uk/company/03564138/filing-history/MzA1NDk4NzY2OWFkaXF6a2N4/document,"Ordinary $2 57 1,342,968,899| $737,894,261 56",Whole-list annual-report pass: Full-remainder review: Candidate is issued/allotted shares including treasury; not equivalent to required shares outstanding unless treasury holdings are separately and exactly resolved.
WORK_000302,28,170.0,27.2,03564138,ANGLO AMERICAN PLC,AAL,2013,1405462446,2013-02-08,"Ordinary shares issued (allotted, incl. treasury) at made-up date closest to calendar year 2013, per Statement of capital; not the EPS weighted average",TREASURY_TREATMENT_REQUIRED,REVIEW,https://find-and-update.company-information.service.gov.uk/company/03564138/filing-history/MzA3NDg5MTYzNmFkaXF6a2N4,"Ordinary 3 65 0 o0| 1,405,462,446| U9*772,231,340 88",Whole-list annual-report pass: Full-remainder review: Source may establish issued/allotted shares but does not unambiguously establish shares outstanding excluding treasury.
WORK_000303,28,170.0,27.2,03564138,ANGLO AMERICAN PLC,AAL,2014,1405465332,2014-02-08,"Ordinary shares issued (allotted, incl. treasury) at made-up date closest to calendar year 2014, per Statement of capital; not the EPS weighted average",TREASURY_TREATMENT_REQUIRED,REVIEW,https://find-and-update.company-information.service.gov.uk/company/03564138/filing-history/MzA5NTc4NTIxN2FkaXF6a2N4,"000 1,405,465,332 | US$772,232,926 7",Whole-list annual-report pass: Full-remainder review: Source may establish issued/allotted shares but does not unambiguously establish shares outstanding excluding treasury.
WORK_000304,28,170.0,27.2,03564138,ANGLO AMERICAN PLC,AAL,2016,1402243988,,allotted incl treasury,TREASURY_TREATMENT_REQUIRED,REVIEW,https://find-and-update.company-information.service.gov.uk/company/03564138/filing-history/MzE2ODc5ODg3M2FkaXF6a2N4/document?format=pdf&download=0,Class of Shares: ORDINARY Number allotted 1402243988,Whole-list annual-report pass: Full-remainder review: Candidate is issued/allotted shares including treasury; not equivalent to required shares outstanding unless treasury holdings are separately and exactly resolved.
WORK_000305,28,170.0,27.2,03564138,ANGLO AMERICAN PLC,AAL,2017,1404615945,,allotted incl treasury,TREASURY_TREATMENT_REQUIRED,REVIEW,https://find-and-update.company-information.service.gov.uk/company/03564138/filing-history/MzE5NzYyOTIyMmFkaXF6a2N4/document?format=pdf&download=0,Class of Shares: ORDINARY Number allotted 1404615945,Whole-list annual-report pass: Full-remainder review: Candidate is issued/allotted shares including treasury; not equivalent to required shares outstanding unless treasury holdings are separately and exactly resolved.
WORK_000306,29,168.0,24.4,03196209,BHP Billiton,BHP,2002,3724893687,,outstanding (cover statement),TREASURY_TREATMENT_REQUIRED,REVIEW,https://www.sec.gov/Archives/edgar/data/811809/000095016802003905/d20f.htm,,Treasury reconstruction pass: BHP Form 20-F cover/issued counts can include shares held by ESOP trusts as treasury. Do not treat the cover figure as treasury-excluded outstanding. Promotion requires the same-date share-capital table showing closing BHP Billiton Plc shares and treasury shares.
WORK_000307,29,168.0,24.4,03196209,BHP Billiton,BHP,2003,2468147002,,outstanding (cover statement),TREASURY_TREATMENT_REQUIRED,REVIEW,https://www.sec.gov/Archives/edgar/data/811809/000119312503065962/d20f.htm,,Treasury reconstruction pass: BHP Form 20-F cover/issued counts can include shares held by ESOP trusts as treasury. Do not treat the cover figure as treasury-excluded outstanding. Promotion requires the same-date share-capital table showing closing BHP Billiton Plc shares and treasury shares.
WORK_000308,29,168.0,24.4,03196209,BHP Billiton,BHP,2004,2468147002,,outstanding (cover statement),TREASURY_TREATMENT_REQUIRED,REVIEW,https://www.sec.gov/Archives/edgar/data/811809/000119312504174067/d20f.htm,,Treasury reconstruction pass: BHP Form 20-F cover/issued counts can include shares held by ESOP trusts as treasury. Do not treat the cover figure as treasury-excluded outstanding. Promotion requires the same-date share-capital table showing closing BHP Billiton Plc shares and treasury shares.
WORK_000309,29,168.0,24.4,03196209,BHP Billiton,BHP,2005,2468147002,,outstanding (cover statement),TREASURY_TREATMENT_REQUIRED,REVIEW,https://www.sec.gov/Archives/edgar/data/811809/000119312505195492/d20f.htm,,Treasury reconstruction pass: BHP Form 20-F cover/issued counts can include shares held by ESOP trusts as treasury. Do not treat the cover figure as treasury-excluded outstanding. Promotion requires the same-date share-capital table showing closing BHP Billiton Plc shares and treasury shares.
WORK_000310,29,168.0,24.4,03196209,BHP Billiton,BHP,2006,2468147002,,outstanding (cover statement),TREASURY_TREATMENT_REQUIRED,REVIEW,https://www.sec.gov/Archives/edgar/data/811809/000119312506196087/d20f.htm,,Treasury reconstruction pass: BHP Form 20-F cover/issued counts can include shares held by ESOP trusts as treasury. Do not treat the cover figure as treasury-excluded outstanding. Promotion requires the same-date share-capital table showing closing BHP Billiton Plc shares and treasury shares.
WORK_000311,29,168.0,24.4,03196209,BHP Billiton,BHP,2007,2366462002,,outstanding (cover statement),TREASURY_TREATMENT_REQUIRED,REVIEW,https://www.sec.gov/Archives/edgar/data/811809/000119312507207539/d20f.htm,,Treasury reconstruction pass: BHP Form 20-F cover/issued counts can include shares held by ESOP trusts as treasury. Do not treat the cover figure as treasury-excluded outstanding. Promotion requires the same-date share-capital table showing closing BHP Billiton Plc shares and treasury shares.
WORK_000312,29,168.0,24.4,03196209,BHP Billiton,BHP,2008,2231121202,,outstanding (cover statement),TREASURY_TREATMENT_REQUIRED,REVIEW,https://www.sec.gov/Archives/edgar/data/811809/000119312508195937/d20f.htm,,Treasury reconstruction pass: BHP Form 20-F cover/issued counts can include shares held by ESOP trusts as treasury. Do not treat the cover figure as treasury-excluded outstanding. Promotion requires the same-date share-capital table showing closing BHP Billiton Plc shares and treasury shares.
WORK_000313,29,168.0,24.4,03196209,BHP Billiton,BHP,2009,2231121202,,outstanding (cover statement),TREASURY_TREATMENT_REQUIRED,REVIEW,https://www.sec.gov/Archives/edgar/data/811809/000119312509191302/d20f.htm,,Treasury reconstruction pass: BHP Form 20-F cover/issued counts can include shares held by ESOP trusts as treasury. Do not treat the cover figure as treasury-excluded outstanding. Promotion requires the same-date share-capital table showing closing BHP Billiton Plc shares and treasury shares.
WORK_000314,29,168.0,24.4,03196209,BHP Billiton,BHP,2010,2231121202,,outstanding (cover statement),TREASURY_TREATMENT_REQUIRED,REVIEW,https://www.sec.gov/Archives/edgar/data/811809/000119312510213954/d20f.htm,,Treasury reconstruction pass: BHP Form 20-F cover/issued counts can include shares held by ESOP trusts as treasury. Do not treat the cover figure as treasury-excluded outstanding. Promotion requires the same-date share-capital table showing closing BHP Billiton Plc shares and treasury shares.
WORK_000315,29,168.0,24.4,03196209,BHP Billiton,BHP,2011,2138367191,,outstanding (cover statement),TREASURY_TREATMENT_REQUIRED,REVIEW,https://www.sec.gov/Archives/edgar/data/811809/000119312511252637/d228257d20f.htm,,Treasury reconstruction pass: BHP Form 20-F cover/issued counts can include shares held by ESOP trusts as treasury. Do not treat the cover figure as treasury-excluded outstanding. Promotion requires the same-date share-capital table showing closing BHP Billiton Plc shares and treasury shares.
WORK_000316,29,168.0,24.4,03196209,BHP Billiton,BHP,2012,2136185454,,outstanding (cover statement),TREASURY_TREATMENT_REQUIRED,REVIEW,https://www.sec.gov/Archives/edgar/data/811809/000119312512394240/d325191d20f.htm,,Treasury reconstruction pass: BHP Form 20-F cover/issued counts can include shares held by ESOP trusts as treasury. Do not treat the cover figure as treasury-excluded outstanding. Promotion requires the same-date share-capital table showing closing BHP Billiton Plc shares and treasury shares.
WORK_000317,29,168.0,24.4,03196209,BHP Billiton,BHP,2013,2136185454,2013-06-30,"issued fully paid, BHP Billiton Plc leg (UK entity, CH 03196209)",TREASURY_TREATMENT_REQUIRED,REVIEW,https://www.sec.gov/Archives/edgar/data/811809/000119312513376646/d572392d20f.htm,"20-F cover lists BHP Billiton Plc fully paid ordinary shares with a filing typo '2,136,185.454'; correct value 2,136,185,454 confirmed 5x in BHP Billiton Annual Report 2013 'Share capital issued' table (Ltd leg 3,211,691,105 excluded per panel convention). Adjudicated Shaamini 2026-08-03.",Treasury reconstruction pass: BHP Form 20-F cover/issued counts can include shares held by ESOP trusts as treasury. Do not treat the cover figure as treasury-excluded outstanding. Promotion requires the same-date share-capital table showing closing BHP Billiton Plc shares and treasury shares.
WORK_000318,29,168.0,24.4,03196209,BHP Billiton,BHP,2017,2112071796,,outstanding (cover statement),TREASURY_TREATMENT_REQUIRED,REVIEW,https://www.sec.gov/Archives/edgar/data/811809/000119312517297000/d440935d20f.htm,,Treasury reconstruction pass: BHP Form 20-F cover/issued counts can include shares held by ESOP trusts as treasury. Do not treat the cover figure as treasury-excluded outstanding. Promotion requires the same-date share-capital table showing closing BHP Billiton Plc shares and treasury shares.
WORK_000319,30,163.0,25.4,00137013,Smiths Group,SMIN,2000,550992765,2000-12-11,allotted incl treasury,TREASURY_TREATMENT_REQUIRED,REVIEW,https://find-and-update.company-information.service.gov.uk/company/00137013/filing-history/Njk1NTM4NjZhZGlxemtjeA/document?format=pdf&download=0,"Class: ORD 25P — Number of shares issued 550,992,765 — Aggregate Nominal Value £137,748,191.25",Whole-list annual-report pass: Full-remainder review: Candidate is issued/allotted shares including treasury; not equivalent to required shares outstanding unless treasury holdings are separately and exactly resolved.
WORK_000320,30,163.0,25.4,00137013,Smiths Group,SMIN,2001,555952562,2001-12-11,allotted incl treasury,TREASURY_TREATMENT_REQUIRED,REVIEW,https://find-and-update.company-information.service.gov.uk/company/00137013/filing-history/NzgyOTE2OTFhZGlxemtjeA/document?format=pdf&download=0,"Class: ORD 25P — Number of shares issued 555,952,562 — Aggregate Nominal Value £138,988,140.50",Whole-list annual-report pass: Full-remainder review: Candidate is issued/allotted shares including treasury; not equivalent to required shares outstanding unless treasury holdings are separately and exactly resolved.
WORK_000321,30,163.0,25.4,00137013,Smiths Group,SMIN,2002,558557278,2002-12-11,allotted incl treasury,TREASURY_TREATMENT_REQUIRED,REVIEW,https://find-and-update.company-information.service.gov.uk/company/00137013/filing-history/MTMwMzg4NjYyYWRpcXprY3g/document?format=pdf&download=0,"Class: ORD 25P — Number of shares issued 558,557,278 — Aggregate Nominal Value £139,639,319.50",Whole-list annual-report pass: Full-remainder review: Candidate is issued/allotted shares including treasury; not equivalent to required shares outstanding unless treasury holdings are separately and exactly resolved.
WORK_000322,30,163.0,25.4,00137013,Smiths Group,SMIN,2003,560974234,2003-12-11,allotted incl treasury,TREASURY_TREATMENT_REQUIRED,REVIEW,https://find-and-update.company-information.service.gov.uk/company/00137013/filing-history/NzkzNTYxMThhZGlxemtjeA/document?format=pdf&download=0,"Class: ORD 25p — Number of shares issued 560,974,234 — Aggregate Nominal Value £140,243,558.50",Whole-list annual-report pass: Full-remainder review: Candidate is issued/allotted shares including treasury; not equivalent to required shares outstanding unless treasury holdings are separately and exactly resolved.
WORK_000323,30,163.0,25.4,00137013,Smiths Group,SMIN,2004,561983017,2004-12-11,allotted incl treasury,TREASURY_TREATMENT_REQUIRED,REVIEW,https://find-and-update.company-information.service.gov.uk/company/00137013/filing-history/MTMzNjk3MjM5YWRpcXprY3g/document?format=pdf&download=0,"Class: ORD 25p — Number of shares issued 561,983,017 — Aggregate Nominal Value £140,495,754.25",Whole-list annual-report pass: Full-remainder review: Candidate is issued/allotted shares including treasury; not equivalent to required shares outstanding unless treasury holdings are separately and exactly resolved.
WORK_000324,30,163.0,25.4,00137013,Smiths Group,SMIN,2005,564840600,2005-12-11,allotted incl treasury,TREASURY_TREATMENT_REQUIRED,REVIEW,https://find-and-update.company-information.service.gov.uk/company/00137013/filing-history/MTI5NTc1NzQyYWRpcXprY3g/document?format=pdf&download=0,"Class: ORD 25p — Number of shares issued 564,840,600 — Aggregate Nominal Value £141,210,150",Whole-list annual-report pass: Full-remainder review: Candidate is issued/allotted shares including treasury; not equivalent to required shares outstanding unless treasury holdings are separately and exactly resolved.
WORK_000325,30,163.0,25.4,00137013,Smiths Group,SMIN,2006,569547731,2006-12-11,allotted incl treasury,TREASURY_TREATMENT_REQUIRED,REVIEW,https://find-and-update.company-information.service.gov.uk/company/00137013/filing-history/MTc0NDY2MTQwYWRpcXprY3g/document?format=pdf&download=0,"Class: ORD 25p — Number of shares issued 569,547,731 — Aggregate Nominal Value £142,386,932.75",Whole-list annual-report pass: Full-remainder review: Candidate is issued/allotted shares including treasury; not equivalent to required shares outstanding unless treasury holdings are separately and exactly resolved.
WORK_000326,30,163.0,25.4,00137013,Smiths Group,SMIN,2007,387754945,2007-12-11,allotted incl treasury,TREASURY_TREATMENT_REQUIRED,REVIEW,https://find-and-update.company-information.service.gov.uk/company/00137013/filing-history/MTkwOTU1NzQyYWRpcXprY3g/document?format=pdf&download=0,"Class: ORD 37 5p — Number of shares issued 387,754,945 — Aggregate Nominal Value £145,408,104.38",Whole-list annual-report pass: Full-remainder review: Candidate is issued/allotted shares including treasury; not equivalent to required shares outstanding unless treasury holdings are separately and exactly resolved.
WORK_000327,30,163.0,25.4,00137013,Smiths Group,SMIN,2008,389003230,,allotted incl treasury,TREASURY_TREATMENT_REQUIRED,REVIEW,https://find-and-update.company-information.service.gov.uk/company/00137013/filing-history/MjAyNDIwODMwNmFkaXF6a2N4/document?format=pdf&download=0,ORDINARY: 389003230,Whole-list annual-report pass: Full-remainder review: Candidate is issued/allotted shares including treasury; not equivalent to required shares outstanding unless treasury holdings are separately and exactly resolved.
WORK_000328,30,163.0,25.4,00137013,Smiths Group,SMIN,2009,389849351,,allotted incl treasury,TREASURY_TREATMENT_REQUIRED,REVIEW,https://find-and-update.company-information.service.gov.uk/company/00137013/filing-history/MzAwODc3MTA0NmFkaXF6a2N4/document?format=pdf&download=0,ORDINARY: 389849351,Whole-list annual-report pass: Full-remainder review: Candidate is issued/allotted shares including treasury; not equivalent to required shares outstanding unless treasury holdings are separately and exactly resolved.
WORK_000329,30,163.0,25.4,00137013,Smiths Group,SMIN,2010,391382873,,allotted incl treasury,TREASURY_TREATMENT_REQUIRED,REVIEW,https://find-and-update.company-information.service.gov.uk/company/00137013/filing-history/MzAzMjI3NDc4M2FkaXF6a2N4/document?format=pdf&download=0,ORDINARY: 391382873,Whole-list annual-report pass: Full-remainder review: Candidate is issued/allotted shares including treasury; not equivalent to required shares outstanding unless treasury holdings are separately and exactly resolved.
WORK_000330,30,163.0,25.4,00137013,Smiths Group,SMIN,2011,392559239,,allotted incl treasury,TREASURY_TREATMENT_REQUIRED,REVIEW,https://find-and-update.company-information.service.gov.uk/company/00137013/filing-history/MzA1MDY0NTgxNmFkaXF6a2N4/document?format=pdf&download=0,"Total number of shares [392,559,239 example ‘e100. +€1 00 a310 etc",Whole-list annual-report pass: Full-remainder review: Candidate is issued/allotted shares including treasury; not equivalent to required shares outstanding unless treasury holdings are separately and exactly resolved.
WORK_000331,30,163.0,25.4,00137013,Smiths Group,SMIN,2012,393108210,,allotted incl treasury,TREASURY_TREATMENT_REQUIRED,REVIEW,https://find-and-update.company-information.service.gov.uk/company/00137013/filing-history/MzA2OTc0MzU5NGFkaXF6a2N4/document?format=pdf&download=0,"Total number of shares | 393,108,210 example £100 + €100 + $10 etc",Whole-list annual-report pass: Full-remainder review: Candidate is issued/allotted shares including treasury; not equivalent to required shares outstanding unless treasury holdings are separately and exactly resolved.
WORK_000332,30,163.0,25.4,00137013,Smiths Group,SMIN,2013,394271298,,allotted incl treasury,TREASURY_TREATMENT_REQUIRED,REVIEW,https://find-and-update.company-information.service.gov.uk/company/00137013/filing-history/MzA5MTc5ODM3MmFkaXF6a2N4/document?format=pdf&download=0,"Total number of shares |394,271,298 example £100 + €100 + $10 etc",Whole-list annual-report pass: Full-remainder review: Candidate is issued/allotted shares including treasury; not equivalent to required shares outstanding unless treasury holdings are separately and exactly resolved.
WORK_000333,30,163.0,25.4,00137013,Smiths Group,SMIN,2014,394753076,2014-12-11,allotted incl treasury,TREASURY_TREATMENT_REQUIRED,REVIEW,https://find-and-update.company-information.service.gov.uk/company/00137013/filing-history/MzExNDExOTYyM2FkaXF6a2N4/document?format=pdf&download=0,"Total number of shares 394,753,076",Whole-list annual-report pass: Full-remainder review: Candidate is issued/allotted shares including treasury; not equivalent to required shares outstanding unless treasury holdings are separately and exactly resolved.
WORK_000334,30,163.0,25.4,00137013,Smiths Group,SMIN,2015,395096522,2015-12-11,allotted incl treasury,TREASURY_TREATMENT_REQUIRED,REVIEW,https://find-and-update.company-information.service.gov.uk/company/00137013/filing-history/MzEzNzQ4OTk5MmFkaXF6a2N4/document?format=pdf&download=0,Total number of shares 395096522,Whole-list annual-report pass: Full-remainder review: Candidate is issued/allotted shares including treasury; not equivalent to required shares outstanding unless treasury holdings are separately and exactly resolved.
WORK_000335,30,163.0,25.4,00137013,SMITHS GROUP PLC,SMIN,2016,395413108,,allotted incl treasury,TREASURY_TREATMENT_REQUIRED,REVIEW,https://find-and-update.company-information.service.gov.uk/company/00137013/filing-history/MzE2NDQwNjQ1OGFkaXF6a2N4/document?format=pdf&download=0,Currency: GBP Total number of shares: 395413108,Whole-list annual-report pass: Full-remainder review: Candidate is issued/allotted shares including treasury; not equivalent to required shares outstanding unless treasury holdings are separately and exactly resolved.
WORK_000336,30,163.0,25.4,00137013,SMITHS GROUP PLC,SMIN,2017,395413108,2017-12-18,allotted incl treasury,TREASURY_TREATMENT_REQUIRED,REVIEW,https://find-and-update.company-information.service.gov.uk/company/00137013/filing-history/MzE5MzEyOTU1OWFkaXF6a2N4/document?format=pdf&download=0,Number allotted 395413108,Whole-list annual-report pass: Full-remainder review: Candidate is issued/allotted shares including treasury; not equivalent to required shares outstanding unless treasury holdings are separately and exactly resolved.
WORK_000337,31,160.5,26.9,02231246,THE SAGE GROUP PLC,SGE,2002,245863449,,allotted incl treasury,TREASURY_TREATMENT_REQUIRED,REVIEW,https://find-and-update.company-information.service.gov.uk/company/02231246/filing-history/MTA0OTM5OTcxYWRpcXprY3g/document?format=pdf&download=0,ORDINARY: 245863449,Whole-list annual-report pass: Full-remainder review: Candidate is issued/allotted shares including treasury; not equivalent to required shares outstanding unless treasury holdings are separately and exactly resolved.
WORK_000338,31,160.5,26.9,02231246,THE SAGE GROUP PLC,SGE,2006,1294280944,2006-09-30,"Issued and fully paid ordinary shares, at 30 September 2006",TREASURY_TREATMENT_REQUIRED,REVIEW,https://www.sage.com/investors/investor-downloads/regulatory-announcements/2006/11/regsage-group-plc-sage-announces-results-for-year-ended-30-september-2006-sgel-111391/,"At 1 October                                                                              1,285,318,582                 12.8    1,281,801,526                12.8
Allotted under share option schemes                                                           8,962,362                  0.1        3,517,056                   -
At 30 September                                                                           1,294,280,944",Primary-source replacement completed: Sage issuer reporting/regulatory archive replaces annualreports.com. The candidate is an issued-share figure; exact treasury/own-share treatment at the stated year-end remains required before publication.
WORK_000339,31,160.5,26.9,02231246,THE SAGE GROUP PLC,SGE,2007,1304160154,2007-09-30,"Issued and fully paid ordinary shares, at 30 September 2007",TREASURY_TREATMENT_REQUIRED,REVIEW,https://www.sage.com/investors/financial-information/annual-report/,"At 1 October                                                                                  1,294,280,944            12.9 1,285,318,582          12.8
Allotted under share option schemes                                                               9,879,210              0.1     8,962,362          0.1
At 30 September                                                                               1,304,160,154",Primary-source replacement completed: Sage issuer reporting/regulatory archive replaces annualreports.com. The candidate is an issued-share figure; exact treasury/own-share treatment at the stated year-end remains required before publication.
WORK_000340,31,160.5,26.9,02231246,THE SAGE GROUP PLC,SGE,2008,1309557557,2008-09-30,"Issued and fully paid ordinary shares, at 30 September 2008",TREASURY_TREATMENT_REQUIRED,REVIEW,https://www.sage.com/investors/financial-information/annual-report/,"At 1 October                                                                      1,304,160,154              13.0 1,294,280,944              12.9
Allotted under share option schemes                                                   5,397,403               0.1     9,879,210               0.1
At 30 September                                                                   1,309,557,557",Primary-source replacement completed: Sage issuer reporting/regulatory archive replaces annualreports.com. The candidate is an issued-share figure; exact treasury/own-share treatment at the stated year-end remains required before publication.
WORK_000341,31,160.5,26.9,02231246,THE SAGE GROUP PLC,SGE,2009,1312966956,2009-09-30,"Issued and fully paid ordinary shares, at 30 September 2009",TREASURY_TREATMENT_REQUIRED,REVIEW,https://www.sage.com/investors/financial-information/annual-report/,"At 1 October                                                          1,309,557,557              13.1 1,304,160,154            13.0
                       Allotted under share option schemes                                       3,409,399                 –     5,397,403             0.1
                       At 30 September                                                       1,312,966,956",Primary-source replacement completed: Sage issuer reporting/regulatory archive replaces annualreports.com. The candidate is an issued-share figure; exact treasury/own-share treatment at the stated year-end remains required before publication.
WORK_000342,31,160.5,26.9,02231246,THE SAGE GROUP PLC,SGE,2010,1317360582,2010-09-30,"Issued and fully paid ordinary shares, at 30 September 2010",TREASURY_TREATMENT_REQUIRED,REVIEW,https://www.sage.com/investors/financial-information/annual-report/,"At 1 October                                                              1,312,966,956              13.1 1,309,557,557             13.1
Employee share option scheme:
– Proceeds from shares issued                                                 4,393,626               0.1     3,409,399                –
At 30 September                                                           1,317,360,582",Primary-source replacement completed: Sage issuer reporting/regulatory archive replaces annualreports.com. The candidate is an issued-share figure; exact treasury/own-share treatment at the stated year-end remains required before publication.
WORK_000343,31,160.5,26.9,02231246,THE SAGE GROUP PLC,SGE,2011,1327190232,,allotted incl treasury,TREASURY_TREATMENT_REQUIRED,REVIEW,https://find-and-update.company-information.service.gov.uk/company/02231246/filing-history/MzA1NTI0MTE5NGFkaXF6a2N4/document?format=pdf&download=0,ORDINARY: 1327190232,Whole-list annual-report pass: Full-remainder review: Candidate is issued/allotted shares including treasury; not equivalent to required shares outstanding unless treasury holdings are separately and exactly resolved.
WORK_000344,31,160.5,26.9,02231246,THE SAGE GROUP PLC,SGE,2012,1206383376,,allotted incl treasury,TREASURY_TREATMENT_REQUIRED,REVIEW,https://find-and-update.company-information.service.gov.uk/company/02231246/filing-history/MzA3NDMzNjc3M2FkaXF6a2N4/document?format=pdf&download=0,ORDINARY: 1206383376,Whole-list annual-report pass: Full-remainder review: Candidate is issued/allotted shares including treasury; not equivalent to required shares outstanding unless treasury holdings are separately and exactly resolved.
WORK_000345,31,160.5,26.9,02231246,THE SAGE GROUP PLC,SGE,2013,1114135420,2013-09-30,"Issued and fully paid ordinary shares, at 30 September 2013",TREASURY_TREATMENT_REQUIRED,REVIEW,https://www.sage.com/investors/financial-information/annual-report/,"At 1 October                                                                              1,114,135,420               11.7     1,329,517,570               13.3
Proceeds from shares issued                                                                    1,756,627                  –          3,792,153                 –
Shares cancelled                                                                                        –                 –      (159,525,800)              (1.6)
Share consolidation                                                                                     –                 –       (59,648,503)                 –
At 30 September                                                                           1,115,892,047               11.7",Primary-source replacement completed: Sage issuer reporting/regulatory archive replaces annualreports.com. The candidate is an issued-share figure; exact treasury/own-share treatment at the stated year-end remains required before publication.
WORK_000346,31,160.5,26.9,02231246,THE SAGE GROUP PLC,SGE,2014,1115892047,2014-09-30,"Issued and fully paid ordinary shares, at 30 September 2014",TREASURY_TREATMENT_REQUIRED,REVIEW,https://www.sage.com/investors/financial-information/annual-report/,"At 30 September                                                                           1,115,892,047               11.7     1,114,135,420",Primary-source replacement completed: Sage issuer reporting/regulatory archive replaces annualreports.com. The candidate is an issued-share figure; exact treasury/own-share treatment at the stated year-end remains required before publication.
WORK_000347,31,160.5,26.9,02231246,THE SAGE GROUP PLC,SGE,2015,1118828778,,allotted incl treasury,TREASURY_TREATMENT_REQUIRED,REVIEW,https://find-and-update.company-information.service.gov.uk/company/02231246/filing-history/MzE0NjE2ODI1MWFkaXF6a2N4/document?format=pdf&download=0,"'Total number of shares | 1,118,828,778' (Statement of capital, F1)",Whole-list annual-report pass: Full-remainder review: Candidate is issued/allotted shares including treasury; not equivalent to required shares outstanding unless treasury holdings are separately and exactly resolved.
WORK_000348,31,160.5,26.9,02231246,THE SAGE GROUP PLC,SGE,2016,1119774077,,allotted incl treasury,TREASURY_TREATMENT_REQUIRED,REVIEW,https://find-and-update.company-information.service.gov.uk/company/02231246/filing-history/MzE3MDI0MTUxNWFkaXF6a2N4/document?format=pdf&download=0,ORDINARY: 1119774077,Whole-list annual-report pass: Full-remainder review: Candidate is issued/allotted shares including treasury; not equivalent to required shares outstanding unless treasury holdings are separately and exactly resolved.
WORK_000349,31,160.5,26.9,02231246,THE SAGE GROUP PLC,SGE,2017,1120780189,,allotted incl treasury,TREASURY_TREATMENT_REQUIRED,REVIEW,https://find-and-update.company-information.service.gov.uk/company/02231246/filing-history/MzE5ODY5NTg0NGFkaXF6a2N4/document?format=pdf&download=0,ORDINARY: 1120780189,Whole-list annual-report pass: Full-remainder review: Candidate is issued/allotted shares including treasury; not equivalent to required shares outstanding unless treasury holdings are separately and exactly resolved.
WORK_000350,32,159.5,25.5,04083914,COMPASS GROUP PLC,CPG,2001,2218611409,,allotted incl treasury,TREASURY_TREATMENT_REQUIRED,REVIEW,https://find-and-update.company-information.service.gov.uk/company/04083914/filing-history/MTAwOTczMzY0YWRpcXprY3g/document?format=pdf&download=0,2218611409,Whole-list annual-report pass: Full-remainder review: Candidate is issued/allotted shares including treasury; not equivalent to required shares outstanding unless treasury holdings are separately and exactly resolved.
WORK_000351,32,159.5,25.5,04083914,COMPASS GROUP PLC,CPG,2002,2233570130,,allotted incl treasury,TREASURY_TREATMENT_REQUIRED,REVIEW,https://find-and-update.company-information.service.gov.uk/company/04083914/filing-history/MTA0OTIwMDQ4YWRpcXprY3g/document?format=pdf&download=0,2233570130,Whole-list annual-report pass: Full-remainder review: Candidate is issued/allotted shares including treasury; not equivalent to required shares outstanding unless treasury holdings are separately and exactly resolved.
WORK_000352,32,159.5,25.5,04083914,COMPASS GROUP PLC,CPG,2003,2169576093,2003-09-30,allotted incl treasury,TREASURY_TREATMENT_REQUIRED,REVIEW,https://find-and-update.company-information.service.gov.uk/company/04083914/filing-history/MTQwNjQ0MzAzYWRpcXprY3g/document,"Ordinary shares of 10p each allotted as at 30 September 2003 2,169,576,093",Whole-list annual-report pass: Full-remainder review: Candidate is issued/allotted shares including treasury; not equivalent to required shares outstanding unless treasury holdings are separately and exactly resolved.
WORK_000353,32,159.5,25.5,04083914,COMPASS GROUP PLC,CPG,2004,2155345032,2004-09-30,allotted incl treasury,TREASURY_TREATMENT_REQUIRED,REVIEW,https://find-and-update.company-information.service.gov.uk/company/04083914/filing-history/ODA4MDA0NjdhZGlxemtjeA/document,"Ordinary shares of 10p each allotted as at 30 September 2004 2,155,345,032",Whole-list annual-report pass: Full-remainder review: Candidate is issued/allotted shares including treasury; not equivalent to required shares outstanding unless treasury holdings are separately and exactly resolved.
WORK_000354,32,159.5,25.5,04083914,COMPASS GROUP PLC,CPG,2005,2155661135,2005-09-30,allotted incl treasury,TREASURY_TREATMENT_REQUIRED,REVIEW,https://www.annualreports.com/HostedData/AnnualReportArchive/c/LSE_CPG_2006.pdf,"Ordinary shares of 10p each allotted as at 1 October 2005                                                                                 2,155,661,135",Whole-list annual-report pass: Full-remainder review: Candidate is issued/allotted shares including treasury; not equivalent to required shares outstanding unless treasury holdings are separately and exactly resolved.
WORK_000355,32,159.5,25.5,04083914,COMPASS GROUP PLC,CPG,2006,2098723901,2006-09-30,allotted incl treasury,TREASURY_TREATMENT_REQUIRED,REVIEW,https://www.annualreports.com/HostedData/AnnualReportArchive/c/LSE_CPG_2006.pdf,"Ordinary shares of 10p each allotted as at 30 September 2006                                                                              2,098,723,901",Whole-list annual-report pass: Full-remainder review: Candidate is issued/allotted shares including treasury; not equivalent to required shares outstanding unless treasury holdings are separately and exactly resolved.
WORK_000356,32,159.5,25.5,04083914,COMPASS GROUP PLC,CPG,2007,1926996323,2007-09-30,allotted incl treasury,TREASURY_TREATMENT_REQUIRED,REVIEW,https://www.annualreports.com/HostedData/AnnualReportArchive/c/LSE_CPG_2007.pdf,"Ordinary shares of 10p each allotted as at 30 September                                                                                  1,926,996,323",Whole-list annual-report pass: Full-remainder review: Candidate is issued/allotted shares including treasury; not equivalent to required shares outstanding unless treasury holdings are separately and exactly resolved.
WORK_000357,32,159.5,25.5,04083914,COMPASS GROUP PLC,CPG,2008,1842521884,,allotted incl treasury,TREASURY_TREATMENT_REQUIRED,REVIEW,https://find-and-update.company-information.service.gov.uk/company/04083914/filing-history/MjAxNjE5ODI4MmFkaXF6a2N4/document?format=pdf&download=0,1842521884,Whole-list annual-report pass: Full-remainder review: Candidate is issued/allotted shares including treasury; not equivalent to required shares outstanding unless treasury holdings are separately and exactly resolved.
WORK_000358,32,159.5,25.5,04083914,COMPASS GROUP PLC,CPG,2009,1853813959,2009-09-30,allotted incl treasury,TREASURY_TREATMENT_REQUIRED,REVIEW,https://www.annualreports.com/HostedData/AnnualReportArchive/c/LSE_CPG_2009.pdf,"Ordinary shares of 10p each allotted as at 30 September                                                 1,853,813,959",Whole-list annual-report pass: Full-remainder review: Candidate is issued/allotted shares including treasury; not equivalent to required shares outstanding unless treasury holdings are separately and exactly resolved.
WORK_000359,32,159.5,25.5,04083914,COMPASS GROUP PLC,CPG,2010,1886321541,,allotted incl treasury,TREASURY_TREATMENT_REQUIRED,REVIEW,https://find-and-update.company-information.service.gov.uk/company/04083914/filing-history/MzAyNjE3MTUxOWFkaXF6a2N4/document?format=pdf&download=0,"Total number of shares 1,886,321 ,541 / example £100 + €100 + $10 etc.",Whole-list annual-report pass: Full-remainder review: Candidate is issued/allotted shares including treasury; not equivalent to required shares outstanding unless treasury holdings are separately and exactly resolved.
WORK_000360,32,159.5,25.5,04083914,COMPASS GROUP PLC,CPG,2011,1897578208,,allotted incl treasury,TREASURY_TREATMENT_REQUIRED,REVIEW,https://find-and-update.company-information.service.gov.uk/company/04083914/filing-history/MzA0NjUwNjA3MmFkaXF6a2N4/document?format=pdf&download=0,"| Totals 1,897,578, 208| £ 189,757,820 80",Whole-list annual-report pass: Full-remainder review: Candidate is issued/allotted shares including treasury; not equivalent to required shares outstanding unless treasury holdings are separately and exactly resolved.
WORK_000361,32,159.5,25.5,04083914,COMPASS GROUP PLC,CPG,2012,1855164098,,allotted incl treasury,TREASURY_TREATMENT_REQUIRED,REVIEW,https://find-and-update.company-information.service.gov.uk/company/04083914/filing-history/MzA2NzAzOTQwNGFkaXF6a2N4/document?format=pdf&download=0,"Totals| 1,855,164,098 | £ 185,516,409 80",Whole-list annual-report pass: Full-remainder review: Candidate is issued/allotted shares including treasury; not equivalent to required shares outstanding unless treasury holdings are separately and exactly resolved.
WORK_000362,32,159.5,25.5,04083914,COMPASS GROUP PLC,CPG,2013,1804035995,2013-09-30,allotted incl treasury,TREASURY_TREATMENT_REQUIRED,REVIEW,https://www.annualreports.com/HostedData/AnnualReportArchive/c/LSE_CPG_2013.pdf,"Ordinary shares of 10p each allotted as at 30 September                                    1,804,035,995",Whole-list annual-report pass: Full-remainder review: Candidate is issued/allotted shares including treasury; not equivalent to required shares outstanding unless treasury holdings are separately and exactly resolved.
WORK_000363,32,159.5,25.5,04083914,COMPASS GROUP PLC,CPG,2015,1656777382,2015-09-30,"allotted incl treasury (new ordinary shares of 10 5/8p each, post 2014 Share Capital Consolidation)",TREASURY_TREATMENT_REQUIRED,REVIEW,https://www.annualreports.com/HostedData/AnnualReportArchive/c/LSE_CPG_2015.pdf,"New Ordinary shares of 105⁄8p each                                               1,656,777,382           176              1,673,886,784                178",Whole-list annual-report pass: Full-remainder review: Candidate is issued/allotted shares including treasury; not equivalent to required shares outstanding unless treasury holdings are separately and exactly resolved.
WORK_000364,32,159.5,25.5,04083914,COMPASS GROUP PLC,CPG,2016,1654698214,,allotted incl treasury,TREASURY_TREATMENT_REQUIRED,REVIEW,https://find-and-update.company-information.service.gov.uk/company/04083914/filing-history/MzE1OTQ0Mzg3OGFkaXF6a2N4/document?format=pdf&download=0,Class of Shares: ORDINARY Number allotted 1654698214,Whole-list annual-report pass: Full-remainder review: Candidate is issued/allotted shares including treasury; not equivalent to required shares outstanding unless treasury holdings are separately and exactly resolved.
WORK_000365,32,159.5,25.5,04083914,COMPASS GROUP PLC,CPG,2017,1589736625,,allotted incl treasury,TREASURY_TREATMENT_REQUIRED,REVIEW,https://find-and-update.company-information.service.gov.uk/company/04083914/filing-history/MzE4NzA5Nzc5NWFkaXF6a2N4/document?format=pdf&download=0,Class of Shares: ORDINARY Number allotted 1589736625,Whole-list annual-report pass: Full-remainder review: Candidate is issued/allotted shares including treasury; not equivalent to required shares outstanding unless treasury holdings are separately and exactly resolved.
WORK_000366,33,151.0,24.6,02339826,Royal & Sun Alliance Insurance Group,RSA,2000,1430062872,,allotted incl treasury,TREASURY_TREATMENT_REQUIRED,REVIEW,https://find-and-update.company-information.service.gov.uk/company/02339826/filing-history/NjAyNjk2NDVhZGlxemtjeA/document?format=pdf&download=0,"statement of capital, filing dated 2001-07-12; ADJUDICATED 2026-07-20: line ORDINARY 27.5P 1,430,062,872; consistent with 2001 | prior OCR note: line: ORDINARY 27.5P 1,430,062,872 | | £ S070) [confirmed at 240+300dpi] [jmp vs adjacent year — vfy]",Whole-list annual-report pass: Full-remainder review: Candidate is issued/allotted shares including treasury; not equivalent to required shares outstanding unless treasury holdings are separately and exactly resolved.
WORK_000367,33,151.0,24.6,02339826,Royal & Sun Alliance Insurance Group,RSA,2001,1439778622,,allotted incl treasury,TREASURY_TREATMENT_REQUIRED,REVIEW,https://find-and-update.company-information.service.gov.uk/company/02339826/filing-history/ODk1ODc1NzBhZGlxemtjeA/document?format=pdf&download=0,"statement of capital, filing dated 2002-05-01; ADJUDICATED 2026-07-20: nominal GBP395,939,121.05 = 27.5p x 1,439,778,622 exactly | prior OCR note: line: | ORDINARY 27.5P | 1,439,778,622 | £  395,939,121.05 [confirmed at 240+300dpi] [jmp vs adjacent year — vfy]",Whole-list annual-report pass: Full-remainder review: Candidate is issued/allotted shares including treasury; not equivalent to required shares outstanding unless treasury holdings are separately and exactly resolved.
WORK_000368,33,151.0,24.6,02339826,Royal & Sun Alliance Insurance Group,RSA,2002,1439945133,,allotted incl treasury,TREASURY_TREATMENT_REQUIRED,REVIEW,https://find-and-update.company-information.service.gov.uk/company/02339826/filing-history/MTAyMjQ1ODcyYWRpcXprY3g/document?format=pdf&download=0,"CH annual return, filing dated 2003-07-29; allotted incl. treasury; par 27.5p; agg GBP395984911.58; VISUAL READ: RSA co 02339826 ORDINARY 27.5p 1,439,945,133 (orig 1,439,945,823 struck/corrected); GBP1 pref 125m, conv bond, ESOP excl",Whole-list annual-report pass: Full-remainder review: Candidate is issued/allotted shares including treasury; not equivalent to required shares outstanding unless treasury holdings are separately and exactly resolved.
WORK_000369,33,151.0,24.6,02339826,Royal & Sun Alliance Insurance Group,RSA,2003,2880274572,,allotted incl treasury,TREASURY_TREATMENT_REQUIRED,REVIEW,https://find-and-update.company-information.service.gov.uk/company/02339826/filing-history/MTE2NTM4NDcyYWRpcXprY3g/document?format=pdf&download=0,"statement of capital, filing dated 2004-05-27; ADJUDICATED 2026-07-20: nominal GBP792,075,507.30 = 27.5p x count exactly; doubling vs 2001 explained by Sep 2003 1-for-1 rights issue | prior OCR note: line: Ordinary 27.5p | 2880274572 | £792,075,507.300001 [confirmed at 240+300dpi] [jmp vs adjacent year — vfy]",Whole-list annual-report pass: Full-remainder review: Candidate is issued/allotted shares including treasury; not equivalent to required shares outstanding unless treasury holdings are separately and exactly resolved.
WORK_000370,33,151.0,24.6,02339826,Royal & Sun Alliance Insurance Group,RSA,2004,2912363594,,allotted incl treasury,TREASURY_TREATMENT_REQUIRED,REVIEW,https://find-and-update.company-information.service.gov.uk/company/02339826/filing-history/ODM0MjE0NzJhZGlxemtjeA/document?format=pdf&download=0,"CH annual return, filing dated 2005-07-19; allotted incl. treasury; par 27.5p; agg GBP800899988.35; VISUAL READ: RSA ORDINARY 27.5p 2,912,363,594; GBP1 pref 125m excl",Whole-list annual-report pass: Full-remainder review: Candidate is issued/allotted shares including treasury; not equivalent to required shares outstanding unless treasury holdings are separately and exactly resolved.
WORK_000371,33,151.0,24.6,02339826,Royal & Sun Alliance Insurance Group,RSA,2005,2935888628,,allotted incl treasury,TREASURY_TREATMENT_REQUIRED,REVIEW,https://find-and-update.company-information.service.gov.uk/company/02339826/filing-history/MTYwODY3ODQ4YWRpcXprY3g/document?format=pdf&download=0,"CH annual return, filing dated 2006-05-10; allotted incl. treasury; par 27.5p; agg GBP807369372.70; VISUAL READ: RSA ORDINARY 27.5p 2,935,888,628; pref 125m excl",Whole-list annual-report pass: Full-remainder review: Candidate is issued/allotted shares including treasury; not equivalent to required shares outstanding unless treasury holdings are separately and exactly resolved.
WORK_000372,33,151.0,24.6,02339826,Royal & Sun Alliance Insurance Group,RSA,2006,2988723110,,allotted incl treasury,TREASURY_TREATMENT_REQUIRED,REVIEW,https://find-and-update.company-information.service.gov.uk/company/02339826/filing-history/MTgwNDc4NzYxYWRpcXprY3g/document?format=pdf&download=0,"CH annual return, filing dated 2007-05-22; allotted incl. treasury; par 27.5p; agg GBP821898855.25; VISUAL READ: RSA ORDINARY 27.5p 2,988,723,110; pref 125m excl",Whole-list annual-report pass: Full-remainder review: Candidate is issued/allotted shares including treasury; not equivalent to required shares outstanding unless treasury holdings are separately and exactly resolved.
WORK_000373,33,151.0,24.6,02339826,Royal & Sun Alliance Insurance Group,RSA,2007,3254985070,,allotted incl treasury,TREASURY_TREATMENT_REQUIRED,REVIEW,https://find-and-update.company-information.service.gov.uk/company/02339826/filing-history/MjAwNDc3MTc0NmFkaXF6a2N4/document?format=pdf&download=0,"CH annual return, filing dated 2008-05-06; allotted incl. treasury; par 27.5p; agg GBP895120894.25; VISUAL READ: Royal&SunAlliance 363 ORDINARY 27.5p 3,254,985,070; pref 125m excl",Whole-list annual-report pass: Full-remainder review: Candidate is issued/allotted shares including treasury; not equivalent to required shares outstanding unless treasury holdings are separately and exactly resolved.
WORK_000374,33,151.0,24.6,02339826,RSA Insurance Group,RSA,2008,3397201179,,allotted incl treasury,TREASURY_TREATMENT_REQUIRED,REVIEW,https://find-and-update.company-information.service.gov.uk/company/02339826/filing-history/MjAxNjcyMzU4N2FkaXF6a2N4/document?format=pdf&download=0,"statement of capital, filing 2008-10-29; Claude-adjudicated: ordinary 27.5p; pref excluded",Whole-list annual-report pass: Full-remainder review: Candidate is issued/allotted shares including treasury; not equivalent to required shares outstanding unless treasury holdings are separately and exactly resolved.
WORK_000375,33,151.0,24.6,02339826,RSA Insurance Group,RSA,2009,3369847413,,allotted incl treasury,TREASURY_TREATMENT_REQUIRED,REVIEW,https://find-and-update.company-information.service.gov.uk/company/02339826/filing-history/MzAwMjc0NDQ4OWFkaXF6a2N4/document?format=pdf&download=0,"CH annual return, filing dated 2009-09-25; allotted incl. treasury; par 27.5p; agg GBP926708038.58; VISUAL READ: RSA AR01 ORDINARY 27.5p 3,369,847,413 - form's Aggregate-Nominal column clerically filled with COUNTS; count taken from Number-of-shares box, cross-checked by Totals (125m+3,369,847,413=3,494,847,413) & adjacents; true nominal GBP926,708,038.58; pref 125m excl",Whole-list annual-report pass: Full-remainder review: Candidate is issued/allotted shares including treasury; not equivalent to required shares outstanding unless treasury holdings are separately and exactly resolved.
WORK_000376,33,151.0,24.6,02339826,RSA Insurance Group,RSA,2010,3450801520,,allotted incl treasury,TREASURY_TREATMENT_REQUIRED,REVIEW,https://find-and-update.company-information.service.gov.uk/company/02339826/filing-history/MzAyNTgwNjI2MWFkaXF6a2N4/document?format=pdf&download=0,"CH annual return, filing dated 2010-09-25; allotted incl. treasury; par 27.5p; agg GBP948970418.00; VISUAL READ: RSA AR01 ORDINARY 27.5p 3,450,801,520; pref 125m excl; Totals 3,575,801,520",Whole-list annual-report pass: Full-remainder review: Candidate is issued/allotted shares including treasury; not equivalent to required shares outstanding unless treasury holdings are separately and exactly resolved.
WORK_000377,33,151.0,24.6,02339826,RSA Insurance Group,RSA,2011,3525637608,,allotted incl treasury,TREASURY_TREATMENT_REQUIRED,REVIEW,https://find-and-update.company-information.service.gov.uk/company/02339826/filing-history/MzA0NjY4NjY2NmFkaXF6a2N4/document?format=pdf&download=0,"CH annual return, filing dated 2011-09-25; allotted incl. treasury; par 27.5p; agg GBP969550342.20; VISUAL READ: RSA AR01 ORDINARY 27.5p 3,525,637,608; pref 125m excl; Totals 3,650,637,608",Whole-list annual-report pass: Full-remainder review: Candidate is issued/allotted shares including treasury; not equivalent to required shares outstanding unless treasury holdings are separately and exactly resolved.
WORK_000378,33,151.0,24.6,02339826,RSA Insurance Group,RSA,2012,3552523247,,allotted incl treasury,TREASURY_TREATMENT_REQUIRED,REVIEW,https://find-and-update.company-information.service.gov.uk/company/02339826/filing-history/MzA2NjQ2MzIwNWFkaXF6a2N4/document?format=pdf&download=0,"CH annual return, filing dated 2012-09-25; allotted incl. treasury; par 27.5p; agg 976943892.93; VISUAL READ: RSA co 02339826 AR01 ORDINARY GBP0.275 3,552,523,247; GBP1 pref 125m excl; between 2011 (3.526bn) & 2013 (3.66bn)",Whole-list annual-report pass: Full-remainder review: Candidate is issued/allotted shares including treasury; not equivalent to required shares outstanding unless treasury holdings are separately and exactly resolved.
WORK_000379,33,151.0,24.6,02339826,RSA Insurance Group,RSA,2013,3657503800,,allotted incl treasury,TREASURY_TREATMENT_REQUIRED,REVIEW,https://find-and-update.company-information.service.gov.uk/company/02339826/filing-history/MzA4NzA5NDY4NmFkaXF6a2N4/document?format=pdf&download=0,"statement of capital, filing dated 2013-09-25; ADJUDICATED 2026-07-20: fits trusted 2008=3,397,201,179; 2014 drop to 1.02bn explained by 2014 capital events | prior OCR note: line: (Eg Ordinary/Preference etc ) each share @ on each share @ [confirmed at 240+300dpi] [jmp vs adjacent year — vfy]",Whole-list annual-report pass: Full-remainder review: Candidate is issued/allotted shares including treasury; not equivalent to required shares outstanding unless treasury holdings are separately and exactly resolved.
WORK_000380,34,148.5,28.5,02468686,AVIVA PLC,AV.,2009,2966827653,,allotted incl treasury,TREASURY_TREATMENT_REQUIRED,REVIEW,https://find-and-update.company-information.service.gov.uk/company/02468686/filing-history/MzAxNjY2NTYwMWFkaXF6a2N4/document?format=pdf&download=0,"'sub-total brought forward from F1 | 2,939,551,672' + further Ordinary 25p allotments (27,052,339+7,363+416+215,863) -> 'Totals| 2,966,827,653'",Whole-list annual-report pass: Full-remainder review: Candidate is issued/allotted shares including treasury; not equivalent to required shares outstanding unless treasury holdings are separately and exactly resolved.
WORK_000381,34,148.5,28.5,02468686,AVIVA PLC,AV.,2013,2946802207,,allotted incl treasury,TREASURY_TREATMENT_REQUIRED,REVIEW,https://find-and-update.company-information.service.gov.uk/company/02468686/filing-history/MzA5MDQxMTU0MGFkaXF6a2N4/document?format=pdf&download=0,"Two Ordinary 25p rows on the statement of capital: 829,946 (aggregate GBP207,486.50, = 829,946 x GBP0.25 exactly) and 2,945,972,261 (aggregate GBP736,493,065.25, = 2,945,972,261 x GBP0.25 exactly); 8.75% Cum Pref class (100,000,000) excluded",Whole-list annual-report pass: Full-remainder review: Candidate is issued/allotted shares including treasury; not equivalent to required shares outstanding unless treasury holdings are separately and exactly resolved.
WORK_000382,34,148.5,28.5,02468686,AVIVA PLC,AV.,2017,4005752521,,allotted incl treasury,TREASURY_TREATMENT_REQUIRED,REVIEW,https://find-and-update.company-information.service.gov.uk/company/02468686/filing-history/MzIwNzY3MDU2MGFkaXF6a2N4/document?format=pdf&download=0,Class of Shares: ORDINARY Number allotted 4005752521,Whole-list annual-report pass: Full-remainder review: Candidate is issued/allotted shares including treasury; not equivalent to required shares outstanding unless treasury holdings are separately and exactly resolved.
WORK_000383,35,145.5,25.5,00238525,Cable & Wireless,CW.,2000,2798987247,,allotted incl treasury,TREASURY_TREATMENT_REQUIRED,REVIEW,https://find-and-update.company-information.service.gov.uk/company/00238525/filing-history/OTk2MjI5NTNhZGlxemtjeA/document?format=pdf&download=0,"statement of capital (allotted incl. treasury), filing dated 2000-12-05; VISUAL READ: Ordinary 25p (implied exact), nominal GBP699,746,811.75; 1 special-rights pref excluded; co# 238525",Whole-list annual-report pass: Full-remainder review: Batch 13 REVIEW: REVIEW: Companies House annual-return/statement-of-capital count is issued/allotted and explicitly includes any treasury shares; exact outstanding count requires same-date treasury evidence. Exact observation date is not populated in the queue.
WORK_000384,35,145.5,25.5,00238525,Cable & Wireless,CW.,2001,2802041609,,allotted incl treasury,TREASURY_TREATMENT_REQUIRED,REVIEW,https://find-and-update.company-information.service.gov.uk/company/00238525/filing-history/MTI3OTM0NDY5YWRpcXprY3g/document?format=pdf&download=0,"statement of capital (allotted incl. treasury), filing dated 2001-11-28; VISUAL READ: Ordinary 25p, nominal GBP700,510,402.25 exact; co# 238525",Whole-list annual-report pass: Full-remainder review: Batch 13 REVIEW: REVIEW: Companies House annual-return/statement-of-capital count is issued/allotted and explicitly includes any treasury shares; exact outstanding count requires same-date treasury evidence. Exact observation date is not populated in the queue.
WORK_000385,35,145.5,25.5,00238525,Cable & Wireless,CW.,2003,2384280774,,allotted incl treasury,TREASURY_TREATMENT_REQUIRED,REVIEW,https://find-and-update.company-information.service.gov.uk/company/00238525/filing-history/ODM2Mjc4MzBhZGlxemtjeA/document?format=pdf&download=0,"statement of capital (allotted incl. treasury), filing dated 2003-12-05; VISUAL READ: Ordinary 25p; final digit overwritten on page, fixed exactly by nominal/0.25 = 2,384,280,774; co# 238525",Whole-list annual-report pass: Full-remainder review: Batch 13 REVIEW: REVIEW: Companies House annual-return/statement-of-capital count is issued/allotted and explicitly includes any treasury shares; exact outstanding count requires same-date treasury evidence. Exact observation date is not populated in the queue.
WORK_000386,35,145.5,25.5,00238525,Cable & Wireless,CW.,2004,2388858178,,allotted incl treasury,TREASURY_TREATMENT_REQUIRED,REVIEW,https://find-and-update.company-information.service.gov.uk/company/00238525/filing-history/MTQ1MjYzMTI0YWRpcXprY3g/document?format=pdf&download=0,"statement of capital (allotted incl. treasury), filing dated 2004-11-24; VISUAL READ: Ordinary 25p, nominal GBP597,214,544.50 exact; co# 238525",Whole-list annual-report pass: Full-remainder review: Batch 13 REVIEW: REVIEW: Companies House annual-return/statement-of-capital count is issued/allotted and explicitly includes any treasury shares; exact outstanding count requires same-date treasury evidence. Exact observation date is not populated in the queue.
WORK_000387,35,145.5,25.5,00238525,Cable & Wireless,CW.,2005,2405125752,,allotted incl treasury,TREASURY_TREATMENT_REQUIRED,REVIEW,https://find-and-update.company-information.service.gov.uk/company/00238525/filing-history/MTQ5MzU5NTg2YWRpcXprY3g/document?format=pdf&download=0,"statement of capital (allotted incl. treasury), filing dated 2006-01-13; VISUAL READ: Ordinary 25p, nominal GBP601,281,438.00 exact; co# 238525",Whole-list annual-report pass: Full-remainder review: Batch 13 REVIEW: REVIEW: Companies House annual-return/statement-of-capital count is issued/allotted and explicitly includes any treasury shares; exact outstanding count requires same-date treasury evidence. Exact observation date is not populated in the queue.
WORK_000388,35,145.5,25.5,00238525,Cable and Wireless,CW.,2006,2449516186,,allotted incl treasury,TREASURY_TREATMENT_REQUIRED,REVIEW,https://find-and-update.company-information.service.gov.uk/company/00238525/filing-history/MTczODM5MzkzYWRpcXprY3g/document?format=pdf&download=0,"statement of capital (allotted incl. treasury), filing dated 2006-12-19; VISUAL READ: Ordinary 25p, nominal GBP612,379,046.50 exact; co# 238525",Whole-list annual-report pass: Full-remainder review: Batch 13 REVIEW: REVIEW: Companies House annual-return/statement-of-capital count is issued/allotted and explicitly includes any treasury shares; exact outstanding count requires same-date treasury evidence. Exact observation date is not populated in the queue.
WORK_000389,35,145.5,25.5,00238525,Cable and Wireless,CW.,2007,2521024888,,allotted incl treasury,TREASURY_TREATMENT_REQUIRED,REVIEW,https://find-and-update.company-information.service.gov.uk/company/00238525/filing-history/MTg5MzA0NzEwYWRpcXprY3g/document?format=pdf&download=0,"statement of capital, filing dated 2007-12-11; status=OCR_EXTRACTED",Whole-list annual-report pass: Full-remainder review: Batch 13 REVIEW: REVIEW: Companies House annual-return/statement-of-capital count is issued/allotted and explicitly includes any treasury shares; exact outstanding count requires same-date treasury evidence. Exact observation date is not populated in the queue.
WORK_000390,35,145.5,25.5,00238525,Cable and Wireless,CW.,2008,2559642692,,allotted incl treasury,TREASURY_TREATMENT_REQUIRED,REVIEW,https://find-and-update.company-information.service.gov.uk/company/00238525/filing-history/MjAxODY5NTEwNmFkaXF6a2N4/document?format=pdf&download=0,"statement of capital (allotted incl. treasury), filing dated 2008-11-25; VISUAL READ: Ordinary 25p, nominal GBP639,910,673.00 exact; between 2007/2009 known; co# 238525",Whole-list annual-report pass: Full-remainder review: Batch 13 REVIEW: REVIEW: Companies House annual-return/statement-of-capital count is issued/allotted and explicitly includes any treasury shares; exact outstanding count requires same-date treasury evidence. Exact observation date is not populated in the queue.
WORK_000391,35,145.5,25.5,00238525,Cable and Wireless,CW.,2009,2601651867,,allotted incl treasury,TREASURY_TREATMENT_REQUIRED,REVIEW,https://find-and-update.company-information.service.gov.uk/company/00238525/filing-history/MzAwNDUwOTY0MmFkaXF6a2N4/document?format=pdf&download=0,"statement of capital, filing dated 2009-09-30; status=OCR_EXTRACTED",Whole-list annual-report pass: Full-remainder review: Batch 13 REVIEW: REVIEW: Companies House annual-return/statement-of-capital count is issued/allotted and explicitly includes any treasury shares; exact outstanding count requires same-date treasury evidence. Exact observation date is not populated in the queue.
WORK_000392,36,145.5,23.1,02247735,British Sky Broadcasting Group,BSY,2001,1888805379,,allotted incl treasury,TREASURY_TREATMENT_REQUIRED,REVIEW,https://find-and-update.company-information.service.gov.uk/company/02247735/filing-history/MTM5NTYyOTg5YWRpcXprY3g/document?format=pdf&download=0,"statement of capital, filing dated 2002-01-21; status=OCR_EXTRACTED",Whole-list annual-report pass: Full-remainder review: Candidate is issued/allotted shares including treasury; not equivalent to required shares outstanding unless treasury holdings are separately and exactly resolved.
WORK_000393,36,145.5,23.1,02247735,British Sky Broadcasting Group,BSY,2002,1893453667,,allotted incl treasury,TREASURY_TREATMENT_REQUIRED,REVIEW,https://find-and-update.company-information.service.gov.uk/company/02247735/filing-history/ODg3ODkyMjFhZGlxemtjeA/document?format=pdf&download=0,"statement of capital, filing dated 2002-11-27; status=OCR_EXTRACTED",Whole-list annual-report pass: Full-remainder review: Candidate is issued/allotted shares including treasury; not equivalent to required shares outstanding unless treasury holdings are separately and exactly resolved.
WORK_000394,36,145.5,23.1,02247735,British Sky Broadcasting Group,BSY,2003,1939178290,,allotted incl treasury,TREASURY_TREATMENT_REQUIRED,REVIEW,https://find-and-update.company-information.service.gov.uk/company/02247735/filing-history/MTAyMDg2NDE4YWRpcXprY3g/document?format=pdf&download=0,"statement of capital, filing dated 2003-12-05; status=OCR_EXTRACTED",Whole-list annual-report pass: Full-remainder review: Candidate is issued/allotted shares including treasury; not equivalent to required shares outstanding unless treasury holdings are separately and exactly resolved.
WORK_000395,36,145.5,23.1,02247735,British Sky Broadcasting Group,BSY,2004,1941716439,,allotted incl treasury,TREASURY_TREATMENT_REQUIRED,REVIEW,https://find-and-update.company-information.service.gov.uk/company/02247735/filing-history/NzE1OTk4NTFhZGlxemtjeA/document?format=pdf&download=0,"statement of capital (allotted incl. treasury), filing dated 2004-12-14; VISUAL READ: Ordinary 50p handwritten, nominal GBP970,858,219.50 exact; co# 2247735",Whole-list annual-report pass: Full-remainder review: Candidate is issued/allotted shares including treasury; not equivalent to required shares outstanding unless treasury holdings are separately and exactly resolved.
WORK_000396,36,145.5,23.1,02247735,British Sky Broadcasting Group,BSY,2005,1844842599,,allotted incl treasury,TREASURY_TREATMENT_REQUIRED,REVIEW,https://find-and-update.company-information.service.gov.uk/company/02247735/filing-history/MTExODYzNjczYWRpcXprY3g/document?format=pdf&download=0,"statement of capital (allotted incl. treasury), filing dated 2005-12-01; VISUAL READ: Ordinary 50p, nominal GBP922,421,299.50 exact; co# 2247735; between 2004/2006 (buybacks)",Whole-list annual-report pass: Full-remainder review: Candidate is issued/allotted shares including treasury; not equivalent to required shares outstanding unless treasury holdings are separately and exactly resolved.
WORK_000397,36,145.5,23.1,02247735,British Sky Broadcasting Group,BSY,2006,1752842599,,allotted incl treasury,TREASURY_TREATMENT_REQUIRED,REVIEW,https://find-and-update.company-information.service.gov.uk/company/02247735/filing-history/MTcxNDk5MzM5YWRpcXprY3g/document?format=pdf&download=0,"statement of capital, filing dated 2006-11-28; status=OCR_EXTRACTED",Whole-list annual-report pass: Full-remainder review: Candidate is issued/allotted shares including treasury; not equivalent to required shares outstanding unless treasury holdings are separately and exactly resolved.
WORK_000398,36,145.5,23.1,02247735,British Sky Broadcasting Group,BSY,2007,1752842599,,allotted incl treasury,TREASURY_TREATMENT_REQUIRED,REVIEW,https://find-and-update.company-information.service.gov.uk/company/02247735/filing-history/MTg4OTM0MDY0YWRpcXprY3g/document?format=pdf&download=0,"statement of capital (allotted incl. treasury), filing dated 2007-11-28; VISUAL READ: Ordinary 50p, nominal GBP876,421,299.50 exact; equals 2006/2008/2009; co# 2247735",Whole-list annual-report pass: Full-remainder review: Candidate is issued/allotted shares including treasury; not equivalent to required shares outstanding unless treasury holdings are separately and exactly resolved.
WORK_000399,36,145.5,23.1,02247735,British Sky Broadcasting Group,BSY,2008,1752842598,,allotted incl treasury,TREASURY_TREATMENT_REQUIRED,REVIEW,https://find-and-update.company-information.service.gov.uk/company/02247735/filing-history/MjAzODE4NDg0N2FkaXF6a2N4/document?format=pdf&download=0,"statement of capital, filing dated 2009-07-30; status=OCR_EXTRACTED",Whole-list annual-report pass: Full-remainder review: Candidate is issued/allotted shares including treasury; not equivalent to required shares outstanding unless treasury holdings are separately and exactly resolved.
WORK_000400,36,145.5,23.1,02247735,British Sky Broadcasting Group,BSY,2009,1752842599,,allotted incl treasury,TREASURY_TREATMENT_REQUIRED,REVIEW,https://find-and-update.company-information.service.gov.uk/company/02247735/filing-history/MzAwMDcxNzE5MWFkaXF6a2N4/document?format=pdf&download=0,"statement of capital, filing dated 2009-09-22; ADJUDICATED 2026-07-20: equals trusted 2006 and 2008 values (1,752,842,599) | prior OCR note: line: ORDINARY Sop 1,752, 842,599 “[_£876,421,299.50 v [jmp vs adjacent year — vfy]",Whole-list annual-report pass: Full-remainder review: Candidate is issued/allotted shares including treasury; not equivalent to required shares outstanding unless treasury holdings are separately and exactly resolved.
WORK_000401,36,145.5,23.1,02247735,British Sky Broadcasting Group,BSY,2011,1752842599,,allotted incl treasury,TREASURY_TREATMENT_REQUIRED,REVIEW,https://find-and-update.company-information.service.gov.uk/company/02247735/filing-history/MzA0NTk1NzM5NWFkaXF6a2N4/document?format=pdf&download=0,"statement of capital, filing dated 2011-09-22; ADJUDICATED 2026-07-20: OCR captured nominal GBP876,421,299.50 x100; at 50p par count=1,752,842,599 exactly, equal to 2006-2009 trusted values | prior OCR note: line: (Eg Ordinary/Preference etc ) each share @ ‘on each share @ [jmp vs adjacent year — vfy]",Whole-list annual-report pass: Full-remainder review: Candidate is issued/allotted shares including treasury; not equivalent to required shares outstanding unless treasury holdings are separately and exactly resolved.
WORK_000402,36,145.5,23.1,02247735,British Sky Broadcasting Group,BSY,2012,1655801752,,allotted incl treasury,TREASURY_TREATMENT_REQUIRED,REVIEW,https://find-and-update.company-information.service.gov.uk/company/02247735/filing-history/MzA2NjQ1ODk2MmFkaXF6a2N4/document?format=pdf&download=0,"statement of capital (allotted incl. treasury), filing dated 2012-09-22; VISUAL READ: Ordinary 50p typed AR01, nominal GBP827,900,876 exact; entity via URL; buyback decline from 2011",Whole-list annual-report pass: Full-remainder review: Candidate is issued/allotted shares including treasury; not equivalent to required shares outstanding unless treasury holdings are separately and exactly resolved.
WORK_000403,36,145.5,23.1,02247735,British Sky Broadcasting Group,BSY,2013,1591799334,,allotted incl treasury,TREASURY_TREATMENT_REQUIRED,REVIEW,https://find-and-update.company-information.service.gov.uk/company/02247735/filing-history/MzA4NzQ4MDY4MGFkaXF6a2N4/document?format=pdf&download=0,"statement of capital (allotted incl. treasury), filing dated 2013-09-22; VISUAL READ: Ordinary 50p, nominal GBP795,899,667.00 exact; entity via URL",Whole-list annual-report pass: Full-remainder review: Candidate is issued/allotted shares including treasury; not equivalent to required shares outstanding unless treasury holdings are separately and exactly resolved.
WORK_000404,36,145.5,23.1,02247735,Sky,SKY,2014,1719017230,,allotted incl treasury,TREASURY_TREATMENT_REQUIRED,REVIEW,https://find-and-update.company-information.service.gov.uk/company/02247735/filing-history/MzEwOTA2MzQ0NmFkaXF6a2N4/document?format=pdf&download=0,ORDINARY: 1719017230,Whole-list annual-report pass: Full-remainder review: Candidate is issued/allotted shares including treasury; not equivalent to required shares outstanding unless treasury holdings are separately and exactly resolved.
WORK_000405,36,145.5,23.1,02247735,Sky,SKY,2015,1719017230,,allotted incl treasury,TREASURY_TREATMENT_REQUIRED,REVIEW,https://find-and-update.company-information.service.gov.uk/company/02247735/filing-history/MzEzMzI4NTkyOGFkaXF6a2N4/document?format=pdf&download=0,© ORDINARY: 1719017230,Whole-list annual-report pass: Full-remainder review: Candidate is issued/allotted shares including treasury; not equivalent to required shares outstanding unless treasury holdings are separately and exactly resolved.
WORK_000406,36,145.5,23.1,02247735,Sky,SKY,2017,1719017230,,allotted incl treasury,TREASURY_TREATMENT_REQUIRED,REVIEW,https://find-and-update.company-information.service.gov.uk/company/02247735/filing-history/MzE4NjkyMDkwNGFkaXF6a2N4/document?format=pdf&download=0,ORDINARY: 1719017230,Whole-list annual-report pass: Full-remainder review: Candidate is issued/allotted shares including treasury; not equivalent to required shares outstanding unless treasury holdings are separately and exactly resolved.
WORK_000407,37,144.5,26.1,00052457,Cadbury Schweppes,CBRY,2000,2043891323,,allotted incl treasury,TREASURY_TREATMENT_REQUIRED,REVIEW,https://find-and-update.company-information.service.gov.uk/company/00052457/filing-history/MTUzNjg5NTgzYWRpcXprY3g/document?format=pdf&download=0,"statement of capital, filing dated 2001-06-15; status=OCR_EXTRACTED",Whole-list annual-report pass: Full-remainder review: Batch 15 REVIEW: REVIEW: primary candidate evidence does not establish the preferred shares_outstanding definition at an exact effective date. Candidate value withheld from shares_outstanding rather than assumed.
WORK_000408,37,144.5,26.1,00052457,Cadbury Schweppes,CBRY,2001,2054809838,,allotted incl treasury,TREASURY_TREATMENT_REQUIRED,REVIEW,https://find-and-update.company-information.service.gov.uk/company/00052457/filing-history/NzAxMTQxNTFhZGlxemtjeA/document?format=pdf&download=0,"statement of capital (allotted incl. treasury), filing dated 2002-06-18; VISUAL READ: Ordinary 12.5p, nominal GBP256,851,229.75 exact; fits 2000/2002; entity via URL (52457)",Whole-list annual-report pass: Full-remainder review: Batch 15 REVIEW: REVIEW: primary candidate evidence does not establish the preferred shares_outstanding definition at an exact effective date. Candidate value withheld from shares_outstanding rather than assumed.
WORK_000409,37,144.5,26.1,00052457,Cadbury Schweppes,CBRY,2002,2060699279,,allotted incl treasury,TREASURY_TREATMENT_REQUIRED,REVIEW,https://find-and-update.company-information.service.gov.uk/company/00052457/filing-history/MTIyODUzODY4YWRpcXprY3g/document?format=pdf&download=0,"statement of capital, filing dated 2003-07-01; status=OCR_EXTRACTED",Whole-list annual-report pass: Full-remainder review: Batch 15 REVIEW: REVIEW: primary candidate evidence does not establish the preferred shares_outstanding definition at an exact effective date. Candidate value withheld from shares_outstanding rather than assumed.
WORK_000410,37,144.5,26.1,00052457,Cadbury Schweppes,CBRY,2003,2068907545,,allotted incl treasury,TREASURY_TREATMENT_REQUIRED,REVIEW,https://find-and-update.company-information.service.gov.uk/company/00052457/filing-history/NjA0ODI1MjBhZGlxemtjeA/document?format=pdf&download=0,"statement of capital, filing dated 2004-06-25; status=OCR_EXTRACTED",Whole-list annual-report pass: Full-remainder review: Batch 15 REVIEW: REVIEW: primary candidate evidence does not establish the preferred shares_outstanding definition at an exact effective date. Candidate value withheld from shares_outstanding rather than assumed.
WORK_000411,37,144.5,26.1,00052457,Cadbury Schweppes,CBRY,2004,2081001951,,allotted incl treasury,TREASURY_TREATMENT_REQUIRED,REVIEW,https://find-and-update.company-information.service.gov.uk/company/00052457/filing-history/MTAyODc1ODE1YWRpcXprY3g/document?format=pdf&download=0,"statement of capital, filing dated 2005-06-22; status=OCR_EXTRACTED",Whole-list annual-report pass: Full-remainder review: Batch 15 REVIEW: REVIEW: primary candidate evidence does not establish the preferred shares_outstanding definition at an exact effective date. Candidate value withheld from shares_outstanding rather than assumed.
WORK_000412,37,144.5,26.1,00052457,Cadbury Schweppes,CBRY,2005,2088499778,,allotted incl treasury,TREASURY_TREATMENT_REQUIRED,REVIEW,https://find-and-update.company-information.service.gov.uk/company/00052457/filing-history/MTYzMzcxOTgxYWRpcXprY3g/document?format=pdf&download=0,"statement of capital (allotted incl. treasury), filing dated 2006-07-12; VISUAL READ: Ordinary 12.5p (par implied by exact arithmetic), nominal GBP261,062,472.25; co# 52457",Whole-list annual-report pass: Full-remainder review: Batch 15 REVIEW: REVIEW: primary candidate evidence does not establish the preferred shares_outstanding definition at an exact effective date. Candidate value withheld from shares_outstanding rather than assumed.
WORK_000413,37,144.5,26.1,00052457,Cadbury Schweppes,CBRY,2007,2114047771,,allotted incl treasury,TREASURY_TREATMENT_REQUIRED,REVIEW,https://find-and-update.company-information.service.gov.uk/company/00052457/filing-history/MjAwNzMzNzk5N2FkaXF6a2N4/document?format=pdf&download=0,"statement of capital, filing dated 2008-06-17; status=OCR_EXTRACTED",Whole-list annual-report pass: Full-remainder review: Batch 15 REVIEW: REVIEW: primary candidate evidence does not establish the preferred shares_outstanding definition at an exact effective date. Candidate value withheld from shares_outstanding rather than assumed.
WORK_000414,38,140.0,22.4,01627889,ANTOFAGASTA PLC,ANTO,2004,197171339,2004-06-19,"Ordinary shares issued (allotted, incl. treasury) at made-up date closest to calendar year 2004; not the EPS weighted average",TREASURY_TREATMENT_REQUIRED,REVIEW,https://find-and-update.company-information.service.gov.uk/company/01627889/filing-history,"ORDINARY. mot 197,171,339 £9,858,566.95",Whole-list annual-report pass: Full-remainder review: Source may establish issued/allotted shares but does not unambiguously establish shares outstanding excluding treasury.
WORK_000415,38,140.0,22.4,01627889,ANTOFAGASTA PLC,ANTO,2005,197171339,2005-06-19,"Ordinary shares issued (allotted, incl. treasury) at made-up date closest to calendar year 2005; not the EPS weighted average",TREASURY_TREATMENT_REQUIRED,REVIEW,https://find-and-update.company-information.service.gov.uk/company/01627889/filing-history,"ORDINARY ¥ ¥ 197,171, 339° £9,858,566.95",Whole-list annual-report pass: Full-remainder review: Source may establish issued/allotted shares but does not unambiguously establish shares outstanding excluding treasury.
WORK_000416,38,140.0,22.4,01627889,ANTOFAGASTA PLC,ANTO,2006,985856695,2006-06-19,"Ordinary shares issued (allotted, incl. treasury) at made-up date closest to calendar year 2006, following the June 2006 share subdivision; not the EPS weighted average",TREASURY_TREATMENT_REQUIRED,REVIEW,https://find-and-update.company-information.service.gov.uk/company/01627889/filing-history,"ORDINARY . 985,856, 695 £49, 292,834.75",Whole-list annual-report pass: Full-remainder review: Source may establish issued/allotted shares but does not unambiguously establish shares outstanding excluding treasury.
WORK_000417,38,140.0,22.4,01627889,ANTOFAGASTA PLC,ANTO,2007,985856695,2007-06-19,"Ordinary shares issued (allotted, incl. treasury) at made-up date closest to calendar year 2007; not the EPS weighted average",TREASURY_TREATMENT_REQUIRED,REVIEW,https://find-and-update.company-information.service.gov.uk/company/01627889/filing-history,"ORDINARY Se — 985,856,695 “A £49,292,834 75 4",Whole-list annual-report pass: Full-remainder review: Source may establish issued/allotted shares but does not unambiguously establish shares outstanding excluding treasury.
WORK_000418,38,140.0,22.4,01627889,ANTOFAGASTA PLC,ANTO,2008,985856695,2008-06-19,"Ordinary shares issued (allotted, incl. treasury) at made-up date closest to calendar year 2008; not the EPS weighted average",TREASURY_TREATMENT_REQUIRED,REVIEW,https://find-and-update.company-information.service.gov.uk/company/01627889/filing-history,"ORDINARY Se 985,856,695 Vv £49,292,834 75 Vv",Whole-list annual-report pass: Full-remainder review: Source may establish issued/allotted shares but does not unambiguously establish shares outstanding excluding treasury.
WORK_000419,38,140.0,22.4,01627889,ANTOFAGASTA PLC,ANTO,2009,985856695,2009-06-19,"Ordinary shares issued (allotted, incl. treasury) at made-up date closest to calendar year 2009; not the EPS weighted average",TREASURY_TREATMENT_REQUIRED,REVIEW,https://find-and-update.company-information.service.gov.uk/company/01627889/filing-history,"ORDINARY 985,856,695 | 49, 292,834.75",Whole-list annual-report pass: Full-remainder review: Source may establish issued/allotted shares but does not unambiguously establish shares outstanding excluding treasury.
WORK_000420,38,140.0,22.4,01627889,ANTOFAGASTA PLC,ANTO,2010,985856695,2010-06-19,"Ordinary shares issued (allotted, incl. treasury) at made-up date closest to calendar year 2010, per Part 3 Statement of capital; not the EPS weighted average",TREASURY_TREATMENT_REQUIRED,REVIEW,https://find-and-update.company-information.service.gov.uk/company/01627889/filing-history,"ORDINARY 0 16091) 0 00 985,856,695/£ 49,292,834 75",Whole-list annual-report pass: Full-remainder review: Source may establish issued/allotted shares but does not unambiguously establish shares outstanding excluding treasury.
WORK_000421,38,140.0,22.4,01627889,ANTOFAGASTA PLC,ANTO,2011,985856695,2011-06-20,"Ordinary shares in issue at 20 June 2011 (annual return made-up date, closest available to calendar year 2011), per Annual Return summary totals; not the EPS weighted average",TREASURY_TREATMENT_REQUIRED,REVIEW,https://find-and-update.company-information.service.gov.uk/company/01627889/filing-history,"GBR 2,506 985,856,695",Whole-list annual-report pass: Full-remainder review: Source may establish issued/allotted shares but does not unambiguously establish shares outstanding excluding treasury.
WORK_000422,38,140.0,22.4,01627889,ANTOFAGASTA PLC,ANTO,2012,985856695,2012-06-20,"Ordinary shares issued (allotted, incl. treasury) at made-up date closest to calendar year 2012, per Part 3 Statement of capital; not the EPS weighted average",TREASURY_TREATMENT_REQUIRED,REVIEW,https://find-and-update.company-information.service.gov.uk/company/01627889/filing-history/nhFscsdy9GZ1keCscwxhnJfir-30OAXX_c5tUhbWtW8,"ORDINARY 0.1609] 0.00 985,856,695|/£ 49,292,834 75",Whole-list annual-report pass: Full-remainder review: Source may establish issued/allotted shares but does not unambiguously establish shares outstanding excluding treasury.
WORK_000423,38,140.0,22.4,01627889,ANTOFAGASTA PLC,ANTO,2013,985856695,2013-06-20,"Ordinary shares issued (allotted, incl. treasury) at made-up date closest to calendar year 2013, per Part 3 Statement of capital; not the EPS weighted average",TREASURY_TREATMENT_REQUIRED,REVIEW,https://find-and-update.company-information.service.gov.uk/company/01627889/filing-history/k7MXoSFttETOZlrOwbG4wDtMOaEyFnFQEgp1A0z29Ls,"ORDINARY 0 1609 0.00 985,856,695|¢ 49, 292,834.75 '",Whole-list annual-report pass: Full-remainder review: Source may establish issued/allotted shares but does not unambiguously establish shares outstanding excluding treasury.
WORK_000424,38,140.0,22.4,01627889,ANTOFAGASTA PLC,ANTO,2014,985856695,2014-06-20,"Ordinary shares issued (allotted, incl. treasury) at made-up date closest to calendar year 2014, per Part 3 Statement of capital; not the EPS weighted average",TREASURY_TREATMENT_REQUIRED,REVIEW,https://find-and-update.company-information.service.gov.uk/company/01627889/filing-history/KYoT-Loudch6rOVNt2W-pIHET--aRIfQqnDGZqAiohU,"-ORDINARY : 0.1609 : . 0.00 985,856,695 £ 49,292,834.75",Whole-list annual-report pass: Full-remainder review: Source may establish issued/allotted shares but does not unambiguously establish shares outstanding excluding treasury.
WORK_000425,38,140.0,22.4,01627889,ANTOFAGASTA PLC,ANTO,2015,985856695,,allotted incl treasury,TREASURY_TREATMENT_REQUIRED,REVIEW,https://find-and-update.company-information.service.gov.uk/company/01627889/filing-history/MzE1Mjk5NzI2MmFkaXF6a2N4/document?format=pdf&download=0,Class of shares ORDINARY Number allotted 985856695,Whole-list annual-report pass: Full-remainder review: Candidate is issued/allotted shares including treasury; not equivalent to required shares outstanding unless treasury holdings are separately and exactly resolved.
WORK_000426,38,140.0,22.4,01627889,ANTOFAGASTA PLC,ANTO,2016,985856695,,allotted incl treasury,TREASURY_TREATMENT_REQUIRED,REVIEW,https://find-and-update.company-information.service.gov.uk/company/01627889/filing-history/MzE1ODIwNjA1M2FkaXF6a2N4/document?format=pdf&download=0,"GB-GBP ORDINARY 985,856,695 | £49,292,834 75",Whole-list annual-report pass: Full-remainder review: Candidate is issued/allotted shares including treasury; not equivalent to required shares outstanding unless treasury holdings are separately and exactly resolved.
WORK_000427,38,140.0,22.4,01627889,ANTOFAGASTA PLC,ANTO,2017,985856695,2017-12-31,"Ordinary shares in issue throughout the year ended 31 December 2017 (balance-sheet date; unchanged all year, per Note 12); cross-checked against Note 29 Share Capital aggregate nominal value of £49,292,834.75 which equals 985,856,695 x 5p exactly (Note 29's own printed 'Number' column shows a transposed typo, 985,865,695, inconsistent with its own £ column — 985,856,695 is confirmed correct); not the EPS weighted average (unchanged all year so the two coincide)",DATE_RECONSTRUCTION_REQUIRED,REVIEW,https://www.antofagasta.co.uk/investors/news/?page=6&year=Archive,"Ordinary shares in issue throughout each year                                                                                   985,856,695       985,856,695","Primary-source replacement completed via Antofagasta's issuer archive. An issuer AGM disclosure confirms 985,856,695 shares in issue in May 2017, but that is not proof of the 31 December 2017 treasury-excluded count. Exact year-end evidence is still required."
WORK_000428,39,140.0,22.4,04120344,Whitbread,WTB,2002,295400000,2002-03-02,allotted incl treasury,TREASURY_TREATMENT_REQUIRED,REVIEW,https://find-and-update.company-information.service.gov.uk/company/04120344/filing-history,Number of ordinary shares in issue (m) 295.4 490.6,Whole-list annual-report pass: Full-remainder review: Candidate is issued/allotted shares including treasury; not equivalent to required shares outstanding unless treasury holdings are separately and exactly resolved.
WORK_000429,39,140.0,22.4,04120344,Whitbread,WTB,2003,296000000,2003-03-01,allotted incl treasury,TREASURY_TREATMENT_REQUIRED,REVIEW,https://find-and-update.company-information.service.gov.uk/company/04120344/filing-history,Number of ordinary shares in issue {m) 296.0 295.4,Whole-list annual-report pass: Full-remainder review: Candidate is issued/allotted shares including treasury; not equivalent to required shares outstanding unless treasury holdings are separately and exactly resolved.
WORK_000430,39,140.0,22.4,04120344,Whitbread,WTB,2004,297400000,2004-03-04,allotted incl treasury,TREASURY_TREATMENT_REQUIRED,REVIEW,https://find-and-update.company-information.service.gov.uk/company/04120344/filing-history,Number of ordinary shares in issue (m) 297.4 296.0,Whole-list annual-report pass: Full-remainder review: Candidate is issued/allotted shares including treasury; not equivalent to required shares outstanding unless treasury holdings are separately and exactly resolved.
WORK_000431,39,140.0,22.4,04120344,Whitbread,WTB,2006,259100000,2006-03-02,allotted incl treasury,TREASURY_TREATMENT_REQUIRED,REVIEW,https://find-and-update.company-information.service.gov.uk/company/04120344/filing-history,At 2 March 2006 259.1 151.1,Whole-list annual-report pass: Full-remainder review: Candidate is issued/allotted shares including treasury; not equivalent to required shares outstanding unless treasury holdings are separately and exactly resolved.
WORK_000432,39,140.0,22.4,04120344,Whitbread,WTB,2008,193800000,2008-02-28,allotted incl treasury,TREASURY_TREATMENT_REQUIRED,REVIEW,https://www.annualreports.com/Company/whitbread-plc,At 28 February 2008                                                                             193.8                148.8,Whole-list annual-report pass: Full-remainder review: Candidate is issued/allotted shares including treasury; not equivalent to required shares outstanding unless treasury holdings are separately and exactly resolved.
WORK_000433,39,140.0,22.4,04120344,WHITBREAD PLC,WTB,2009,189100000,2009-02-26,allotted incl treasury,TREASURY_TREATMENT_REQUIRED,REVIEW,https://www.annualreports.com/Company/whitbread-plc,At 26 February 2009                                                                             189.1                145.3,Whole-list annual-report pass: Full-remainder review: Candidate is issued/allotted shares including treasury; not equivalent to required shares outstanding unless treasury holdings are separately and exactly resolved.
WORK_000434,39,140.0,22.4,04120344,WHITBREAD PLC,WTB,2010,190600000,2010-03-04,allotted incl treasury,TREASURY_TREATMENT_REQUIRED,REVIEW,https://www.annualreports.com/Company/whitbread-plc,At 4 March 2010                                                                                 190.6                146.4,Whole-list annual-report pass: Full-remainder review: Candidate is issued/allotted shares including treasury; not equivalent to required shares outstanding unless treasury holdings are separately and exactly resolved.
WORK_000435,39,140.0,22.4,04120344,WHITBREAD PLC,WTB,2011,191400000,2011-03-03,allotted incl treasury,TREASURY_TREATMENT_REQUIRED,REVIEW,https://www.annualreports.com/Company/whitbread-plc,At 3 March 2011                                                                                    191.4                147.0,Whole-list annual-report pass: Full-remainder review: Candidate is issued/allotted shares including treasury; not equivalent to required shares outstanding unless treasury holdings are separately and exactly resolved.
WORK_000436,39,140.0,22.4,04120344,WHITBREAD PLC,WTB,2012,192000000,2012-03-01,allotted incl treasury,TREASURY_TREATMENT_REQUIRED,REVIEW,https://www.annualreports.com/Company/whitbread-plc,At 1 March 2012                                                  			                                            192.0           147.5,Whole-list annual-report pass: Full-remainder review: Candidate is issued/allotted shares including treasury; not equivalent to required shares outstanding unless treasury holdings are separately and exactly resolved.
WORK_000437,39,140.0,22.4,04120344,WHITBREAD PLC,WTB,2013,193000000,2013-02-28,allotted incl treasury,TREASURY_TREATMENT_REQUIRED,REVIEW,https://www.annualreports.com/Company/whitbread-plc,At 28 February 2013 					193.0                                                                                              148.3,Whole-list annual-report pass: Full-remainder review: Candidate is issued/allotted shares including treasury; not equivalent to required shares outstanding unless treasury holdings are separately and exactly resolved.
WORK_000438,39,140.0,22.4,04120344,WHITBREAD PLC,WTB,2014,194700000,2014-02-27,allotted incl treasury,TREASURY_TREATMENT_REQUIRED,REVIEW,https://www.annualreports.com/Company/whitbread-plc,At 27 February 2014 					194.7                                                                                                149.6,Whole-list annual-report pass: Full-remainder review: Candidate is issued/allotted shares including treasury; not equivalent to required shares outstanding unless treasury holdings are separately and exactly resolved.
WORK_000439,39,140.0,22.4,04120344,WHITBREAD PLC,WTB,2015,195000000,2015-02-26,allotted incl treasury,TREASURY_TREATMENT_REQUIRED,REVIEW,https://www.annualreports.com/Company/whitbread-plc,At 26 February 2015 					195.0                                                                                            149.8,Whole-list annual-report pass: Full-remainder review: Candidate is issued/allotted shares including treasury; not equivalent to required shares outstanding unless treasury holdings are separately and exactly resolved.
WORK_000440,39,140.0,22.4,04120344,WHITBREAD PLC,WTB,2016,195477286,,allotted incl treasury,TREASURY_TREATMENT_REQUIRED,REVIEW,https://find-and-update.company-information.service.gov.uk/company/04120344/filing-history/MzE3MTE4MDI2M2FkaXF6a2N4/document?format=pdf&download=0,"Currency table A | GB-GBP [ORDINARY | 195,477,286 (er 50,121,445.13 | [ca-ceP | B PREFERENCE 1,972,788 | £19,727.88",Whole-list annual-report pass: Full-remainder review: Candidate is issued/allotted shares including treasury; not equivalent to required shares outstanding unless treasury holdings are separately and exactly resolved.
WORK_000441,39,140.0,22.4,04120344,WHITBREAD PLC,WTB,2017,195400000,2017-03-02,allotted incl treasury,TREASURY_TREATMENT_REQUIRED,REVIEW,https://www.annualreports.com/Company/whitbread-plc,At 2 March 2017                                                                                                  195.4             150.2,Whole-list annual-report pass: Full-remainder review: Candidate is issued/allotted shares including treasury; not equivalent to required shares outstanding unless treasury holdings are separately and exactly resolved.
WORK_000442,40,139.5,21.5,00054485,Shell Transport & Trading Co,SHEL,2000,9886530352,,allotted incl treasury,TREASURY_TREATMENT_REQUIRED,REVIEW,https://find-and-update.company-information.service.gov.uk/company/00054485/filing-history/OTU1NTQ1MjVhZGlxemtjeA/document?format=pdf&download=0,"Filed under Shell Transport & Trading Company plc (company no. 54485), the correct pre-unification constituent: ""25P ORDINARY | 9,886,530,352 | GBP2,471,632,588.00""; preference classes (2,000,000 + 10,000,000) and the combined Totals line (9,898,530,352) correctly excluded/not used; 9,886,530,352 x GBP0.25 = GBP2,471,632,588 exact.",Whole-list annual-report pass: Full-remainder review: Candidate is issued/allotted shares including treasury; not equivalent to required shares outstanding unless treasury holdings are separately and exactly resolved.
WORK_000443,40,139.5,21.5,00054485,Shell Transport & Trading Co,SHEL,2001,9741225000,,allotted incl treasury,TREASURY_TREATMENT_REQUIRED,REVIEW,https://find-and-update.company-information.service.gov.uk/company/00054485/filing-history/NzM2NzU0MDZhZGlxemtjeA/document?format=pdf&download=0,ORDINARY: 9741225000,Whole-list annual-report pass: Full-remainder review: Candidate is issued/allotted shares including treasury; not equivalent to required shares outstanding unless treasury holdings are separately and exactly resolved.
WORK_000444,40,139.5,21.5,00054485,Shell Transport & Trading Co,SHEL,2002,9667500000,,allotted incl treasury,TREASURY_TREATMENT_REQUIRED,REVIEW,https://find-and-update.company-information.service.gov.uk/company/00054485/filing-history/MTQ5MjAzODk2YWRpcXprY3g/document?format=pdf&download=0,,Whole-list annual-report pass: Full-remainder review: Candidate is issued/allotted shares including treasury; not equivalent to required shares outstanding unless treasury holdings are separately and exactly resolved.
WORK_000445,40,139.5,21.5,00054485,Shell Transport & Trading Co,SHEL,2003,9667500000,,allotted incl treasury,TREASURY_TREATMENT_REQUIRED,REVIEW,https://find-and-update.company-information.service.gov.uk/company/00054485/filing-history/Njg1NzQ1NDRhZGlxemtjeA/document?format=pdf&download=0,"Filed under Shell Transport & Trading Company plc (company no. 54485): ""25p Ordinary | 9667500000 | GBP2,416,875,000.00""; 9,667,500,000 x GBP0.25 = GBP2,416,875,000 exact.",Whole-list annual-report pass: Full-remainder review: Candidate is issued/allotted shares including treasury; not equivalent to required shares outstanding unless treasury holdings are separately and exactly resolved.
WORK_000446,40,139.5,21.5,00054485,Shell Transport & Trading Co,SHEL,2004,9603350000,,allotted incl treasury,TREASURY_TREATMENT_REQUIRED,REVIEW,https://find-and-update.company-information.service.gov.uk/company/00054485/filing-history/NDg1MDY1NzhhZGlxemtjeA/document?format=pdf&download=0,,Whole-list annual-report pass: Full-remainder review: Candidate is issued/allotted shares including treasury; not equivalent to required shares outstanding unless treasury holdings are separately and exactly resolved.
WORK_000447,40,139.5,21.5,00054485,Royal Dutch Shell A&B,SHEL,2005,6525098560,,outstanding (cover statement),DATE_RECONSTRUCTION_REQUIRED,REVIEW,https://www.sec.gov/Archives/edgar/data/1306965/000115697306000289/u49747e20vf.htm,,Whole-list annual-report pass: Full-remainder review: No explicit as-of date stored; publication rule requires a defined observation date.
WORK_000448,41,134.0,24.0,00218019,Imperial Chemical Industries,ICI,2000,727952778,,allotted incl treasury,TREASURY_TREATMENT_REQUIRED,REVIEW,https://find-and-update.company-information.service.gov.uk/company/00218019/filing-history/OTkyNDM4NThhZGlxemtjeA/document?format=pdf&download=0,"CH annual return, filing dated 2001-06-27; allotted incl. treasury; VISUAL READ: 363a ORDINARY GBP1: 727,952,778 x 1 = GBP727,952,778.00; contact ICI PLC, Millbank. QA-FLAG: 1.64x rise into 2001 (1,191,190,128) = genuine equity raise, confirm in QA",Whole-list annual-report pass: Full-remainder review: Batch 13 REVIEW: REVIEW: Companies House annual-return/statement-of-capital count is issued/allotted and explicitly includes any treasury shares; exact outstanding count requires same-date treasury evidence. Exact observation date is not populated in the queue.
WORK_000449,41,134.0,24.0,00218019,Imperial Chemical Industries,ICI,2001,1191190128,,allotted incl treasury,TREASURY_TREATMENT_REQUIRED,REVIEW,https://find-and-update.company-information.service.gov.uk/company/00218019/filing-history/NDcwNjY2NjNhZGlxemtjeA/document?format=pdf&download=0,"statement of capital, filing 2002-06-26; Claude-adjudicated: ordinary class total",Whole-list annual-report pass: Full-remainder review: Batch 13 REVIEW: REVIEW: Companies House annual-return/statement-of-capital count is issued/allotted and explicitly includes any treasury shares; exact outstanding count requires same-date treasury evidence. Exact observation date is not populated in the queue.
WORK_000450,41,134.0,24.0,00218019,Imperial Chemical Industries,ICI,2002,1191200145,,allotted incl treasury,TREASURY_TREATMENT_REQUIRED,REVIEW,https://find-and-update.company-information.service.gov.uk/company/00218019/filing-history/NjYzNzIzMzhhZGlxemtjeA/document?format=pdf&download=0,"CH annual return, filing dated 2003-06-24; allotted incl. treasury; VISUAL READ: 363a ORDINARY GBP1: 1,191,200,145 x 1 = GBP1,191,200,145.00; contact ICI PLC",Whole-list annual-report pass: Full-remainder review: Batch 13 REVIEW: REVIEW: Companies House annual-return/statement-of-capital count is issued/allotted and explicitly includes any treasury shares; exact outstanding count requires same-date treasury evidence. Exact observation date is not populated in the queue.
WORK_000451,41,134.0,24.0,00218019,Imperial Chemical Industries,ICI,2003,1191201547,,allotted incl treasury,TREASURY_TREATMENT_REQUIRED,REVIEW,https://find-and-update.company-information.service.gov.uk/company/00218019/filing-history/MTM4ODMxMjI1YWRpcXprY3g/document?format=pdf&download=0,"CH annual return, filing dated 2004-07-07; allotted incl. treasury; VISUAL READ: 363a ORDINARY GBP1: 1,191,201,547 x 1 = GBP1,191,201,547.00; contact ICI PLC",Whole-list annual-report pass: Full-remainder review: Batch 13 REVIEW: REVIEW: Companies House annual-return/statement-of-capital count is issued/allotted and explicitly includes any treasury shares; exact outstanding count requires same-date treasury evidence. Exact observation date is not populated in the queue.
WORK_000452,41,134.0,24.0,00218019,Imperial Chemical Industries,ICI,2004,1191466691,,allotted incl treasury,TREASURY_TREATMENT_REQUIRED,REVIEW,https://find-and-update.company-information.service.gov.uk/company/00218019/filing-history/MTMzMTI4MDAxYWRpcXprY3g/document?format=pdf&download=0,"CH annual return, filing dated 2005-06-22; allotted incl. treasury; VISUAL READ: 363a ORDINARY GBP1: 1,191,466,691 x 1 = GBP1,191,466,691.00; Co.No 00218019",Whole-list annual-report pass: Full-remainder review: Batch 13 REVIEW: REVIEW: Companies House annual-return/statement-of-capital count is issued/allotted and explicitly includes any treasury shares; exact outstanding count requires same-date treasury evidence. Exact observation date is not populated in the queue.
WORK_000453,41,134.0,24.0,00218019,Imperial Chemical Industries,ICI,2005,1192572302,,allotted incl treasury,TREASURY_TREATMENT_REQUIRED,REVIEW,https://find-and-update.company-information.service.gov.uk/company/00218019/filing-history/MTYyMTc0MTU2YWRpcXprY3g/document?format=pdf&download=0,"statement of capital, filing 2006-06-23; Claude-adjudicated: ordinary class total",Whole-list annual-report pass: Full-remainder review: Batch 13 REVIEW: REVIEW: Companies House annual-return/statement-of-capital count is issued/allotted and explicitly includes any treasury shares; exact outstanding count requires same-date treasury evidence. Exact observation date is not populated in the queue.
WORK_000454,41,134.0,24.0,00218019,Imperial Chemical Industries,ICI,2006,1195232351,,allotted incl treasury,TREASURY_TREATMENT_REQUIRED,REVIEW,https://find-and-update.company-information.service.gov.uk/company/00218019/filing-history/MTgwNTU3MTg4YWRpcXprY3g/document?format=pdf&download=0,"CH annual return, filing dated 2007-05-23; allotted incl. treasury; VISUAL READ: ORDINARY GBP1: 1,195,232,351 x 1 = GBP1,195,232,351.00; Co.No 00218019; matches 2005 (1,192,572,302)",Whole-list annual-report pass: Full-remainder review: Batch 13 REVIEW: REVIEW: Companies House annual-return/statement-of-capital count is issued/allotted and explicitly includes any treasury shares; exact outstanding count requires same-date treasury evidence. Exact observation date is not populated in the queue.
WORK_000455,42,134.0,22.8,01777777,British Airways,BAY,2000,1082097142,,allotted incl treasury,TREASURY_TREATMENT_REQUIRED,REVIEW,https://find-and-update.company-information.service.gov.uk/company/01777777/filing-history/ODIyMTU0NzBhZGlxemtjeA/document?format=pdf&download=0,"statement of capital, filing 2000-08-18; Claude-adjudicated: ordinary class total",Whole-list annual-report pass: Full-remainder review: Candidate is issued/allotted shares including treasury; not equivalent to required shares outstanding unless treasury holdings are separately and exactly resolved.
WORK_000456,42,134.0,22.8,01777777,British Airways,BAY,2001,1082707026,,allotted incl treasury,TREASURY_TREATMENT_REQUIRED,REVIEW,https://find-and-update.company-information.service.gov.uk/company/01777777/filing-history/NTI5OTMwMjNhZGlxemtjeA/document?format=pdf&download=0,"statement of capital, filing 2001-09-19; Claude-adjudicated: as at 31 Jul 2001 per return",Whole-list annual-report pass: Full-remainder review: Candidate is issued/allotted shares including treasury; not equivalent to required shares outstanding unless treasury holdings are separately and exactly resolved.
WORK_000457,42,134.0,22.8,01777777,British Airways,BAY,2002,1082784318,,allotted incl treasury,TREASURY_TREATMENT_REQUIRED,REVIEW,https://find-and-update.company-information.service.gov.uk/company/01777777/filing-history/OTg5NzczMjhhZGlxemtjeA/document?format=pdf&download=0,"statement of capital (allotted incl. treasury), filing dated 2002-08-23; VISUAL READ of page image: Ordinary 25p, nominal GBP270,696,079.50 exact; co# 1777777",Whole-list annual-report pass: Full-remainder review: Candidate is issued/allotted shares including treasury; not equivalent to required shares outstanding unless treasury holdings are separately and exactly resolved.
WORK_000458,42,134.0,22.8,01777777,British Airways,BAY,2003,1082795267,,allotted incl treasury,TREASURY_TREATMENT_REQUIRED,REVIEW,https://find-and-update.company-information.service.gov.uk/company/01777777/filing-history/MTI2NDk2NDUwYWRpcXprY3g/document?format=pdf&download=0,"statement of capital (allotted incl. treasury), filing dated 2003-08-20; VISUAL READ of page image: Ordinary 25p, nominal GBP270,698,816.75 exact; co# 1777777",Whole-list annual-report pass: Full-remainder review: Candidate is issued/allotted shares including treasury; not equivalent to required shares outstanding unless treasury holdings are separately and exactly resolved.
WORK_000459,42,134.0,22.8,01777777,British Airways,BAY,2004,1082902918,,allotted incl treasury,TREASURY_TREATMENT_REQUIRED,REVIEW,https://find-and-update.company-information.service.gov.uk/company/01777777/filing-history/NzA0NDkyMjZhZGlxemtjeA/document?format=pdf&download=0,"statement of capital (allotted incl. treasury), filing dated 2004-09-07; VISUAL READ of page image: Ordinary 25p, nominal GBP270,725,729.50 exact; co# 1777777",Whole-list annual-report pass: Full-remainder review: Candidate is issued/allotted shares including treasury; not equivalent to required shares outstanding unless treasury holdings are separately and exactly resolved.
WORK_000460,42,134.0,22.8,01777777,British Airways,BAY,2005,1130882404,,allotted incl treasury,TREASURY_TREATMENT_REQUIRED,REVIEW,https://find-and-update.company-information.service.gov.uk/company/01777777/filing-history/MTQ0MDgyMTcxYWRpcXprY3g/document?format=pdf&download=0,"statement of capital (allotted incl. treasury), filing dated 2005-08-24; VISUAL READ of page image: Ordinary 25p, nominal GBP282,720,601 exact; co# 1777777; spot-checked visually by Claude directly",Whole-list annual-report pass: Full-remainder review: Candidate is issued/allotted shares including treasury; not equivalent to required shares outstanding unless treasury holdings are separately and exactly resolved.
WORK_000461,42,134.0,22.8,01777777,British Airways,BAY,2006,1137787904,,allotted incl treasury,TREASURY_TREATMENT_REQUIRED,REVIEW,https://find-and-update.company-information.service.gov.uk/company/01777777/filing-history/MTY1NDY5MDMxYWRpcXprY3g/document?format=pdf&download=0,"statement of capital (allotted incl. treasury), filing dated 2006-09-12; VISUAL READ of page image: Ordinary 25p, nominal GBP284,446,976 exact; co# 1777777; mcap GBP6.0bn at 527.5p",Whole-list annual-report pass: Full-remainder review: Candidate is issued/allotted shares including treasury; not equivalent to required shares outstanding unless treasury holdings are separately and exactly resolved.
WORK_000462,42,134.0,22.8,01777777,British Airways,BAY,2007,1151990126,,allotted incl treasury,TREASURY_TREATMENT_REQUIRED,REVIEW,https://find-and-update.company-information.service.gov.uk/company/01777777/filing-history/MTgzOTQyNDQzYWRpcXprY3g/document?format=pdf&download=0,"statement of capital (allotted incl. treasury), filing dated 2007-08-07; VISUAL READ of page image: Ordinary 25p, nominal GBP287,997,531.50 exact; co# 1777777",Whole-list annual-report pass: Full-remainder review: Candidate is issued/allotted shares including treasury; not equivalent to required shares outstanding unless treasury holdings are separately and exactly resolved.
WORK_000463,42,134.0,22.8,01777777,British Airways,BAY,2008,1153114412,,allotted incl treasury,TREASURY_TREATMENT_REQUIRED,REVIEW,https://find-and-update.company-information.service.gov.uk/company/01777777/filing-history/MjAxMTE2MDYwNmFkaXF6a2N4/document?format=pdf&download=0,"statement of capital (allotted incl. treasury), filing dated 2008-08-15; VISUAL READ of page image: Ordinary 25p, nominal GBP288,278,603 exact; co# 1777777",Whole-list annual-report pass: Full-remainder review: Candidate is issued/allotted shares including treasury; not equivalent to required shares outstanding unless treasury holdings are separately and exactly resolved.
WORK_000464,42,134.0,22.8,01777777,British Airways,BAY,2009,1153642398,,allotted incl treasury,TREASURY_TREATMENT_REQUIRED,REVIEW,https://find-and-update.company-information.service.gov.uk/company/01777777/filing-history/MjAzOTIzNjgyOGFkaXF6a2N4/document?format=pdf&download=0,"statement of capital (allotted incl. treasury), filing dated 2009-08-14; VISUAL READ of page image: Ordinary 25p, nominal GBP288,410,599.50 exact; co# 1777777",Whole-list annual-report pass: Full-remainder review: Candidate is issued/allotted shares including treasury; not equivalent to required shares outstanding unless treasury holdings are separately and exactly resolved.
WORK_000465,43,131.0,24.6,00621920,British Land Co,BLND,2003,487689470,,allotted incl treasury,TREASURY_TREATMENT_REQUIRED,REVIEW,https://find-and-update.company-information.service.gov.uk/company/00621920/filing-history/OTc4NTIxNzRhZGlxemtjeA/document?format=pdf&download=0,"| ORDINARY SHARES OF 25p EACH | 487,689,470 £121,922; 367.50",Whole-list annual-report pass: Full-remainder review: Candidate is issued/allotted shares including treasury; not equivalent to required shares outstanding unless treasury holdings are separately and exactly resolved.
WORK_000466,43,131.0,24.6,00621920,British Land Co,BLND,2009,974994838,,allotted incl treasury,TREASURY_TREATMENT_REQUIRED,REVIEW,https://find-and-update.company-information.service.gov.uk/company/00621920/filing-history/MzAwOTQxMDQ0OWFkaXF6a2N4/document?format=pdf&download=0,"Total number of shares: 974,994, 838",Whole-list annual-report pass: Full-remainder review: Candidate is issued/allotted shares including treasury; not equivalent to required shares outstanding unless treasury holdings are separately and exactly resolved.
WORK_000467,43,131.0,24.6,00621920,British Land Co,BLND,2015,1040010506,,allotted incl treasury,TREASURY_TREATMENT_REQUIRED,REVIEW,https://find-and-update.company-information.service.gov.uk/company/00621920/filing-history/MzE0NDU4ODQxNGFkaXF6a2N4/document?format=pdf&download=0,"[Ordinary fo 25 [o 00 [1 040,010,506 | £ 260,002,626 50",Whole-list annual-report pass: Full-remainder review: Candidate is issued/allotted shares including treasury; not equivalent to required shares outstanding unless treasury holdings are separately and exactly resolved.
WORK_000468,43,131.0,24.6,00621920,British Land Co,BLND,2017,991514744,,allotted incl treasury,TREASURY_TREATMENT_REQUIRED,REVIEW,https://find-and-update.company-information.service.gov.uk/company/00621920/filing-history/MzIxMTQ2MDUxNWFkaXF6a2N4/document?format=pdf&download=0,Number allotted 991514744,Whole-list annual-report pass: Full-remainder review: Candidate is issued/allotted shares including treasury; not equivalent to required shares outstanding unless treasury holdings are separately and exactly resolved.
WORK_000469,44,129.5,22.3,00358948,Bunzl,BNZL,2002,459757620,,allotted incl treasury,TREASURY_TREATMENT_REQUIRED,REVIEW,https://find-and-update.company-information.service.gov.uk/company/00358948/filing-history/MTAyNzgyMTA0YWRpcXprY3g/document?format=pdf&download=0,"| 25P ORDINARY (S) 459,757,620 £114, 939,405.00",Whole-list annual-report pass: Full-remainder review: Candidate is issued/allotted shares including treasury; not equivalent to required shares outstanding unless treasury holdings are separately and exactly resolved.
WORK_000470,44,129.5,22.3,00358948,Bunzl,BNZL,2003,449073404,,allotted incl treasury,TREASURY_TREATMENT_REQUIRED,REVIEW,https://find-and-update.company-information.service.gov.uk/company/00358948/filing-history/MTE4MTgxMjE0YWRpcXprY3g/document?format=pdf&download=0,"| 25P ORDINARY (S) 449,073,404 | 112,268,351.00",Whole-list annual-report pass: Full-remainder review: Candidate is issued/allotted shares including treasury; not equivalent to required shares outstanding unless treasury holdings are separately and exactly resolved.
WORK_000471,44,129.5,22.3,00358948,Bunzl,BNZL,2008,350539712,,allotted incl treasury,TREASURY_TREATMENT_REQUIRED,REVIEW,https://find-and-update.company-information.service.gov.uk/company/00358948/filing-history/MjAzNDc4MDI4NGFkaXF6a2N4/document?format=pdf&download=0,"[Ordinary | 350,539,712 A £112,673,478. 86",Whole-list annual-report pass: Full-remainder review: Candidate is issued/allotted shares including treasury; not equivalent to required shares outstanding unless treasury holdings are separately and exactly resolved.
WORK_000472,44,129.5,22.3,00358948,Bunzl,BNZL,2009,351988287,,allotted incl treasury,TREASURY_TREATMENT_REQUIRED,REVIEW,https://find-and-update.company-information.service.gov.uk/company/00358948/filing-history/MzAxNjY1NjY0OWFkaXF6a2N4/document?format=pdf&download=0,"[ordinary | 0 32143| 0 09| 351,988, 287|£ 113,139,595 09 LS",Whole-list annual-report pass: Full-remainder review: Candidate is issued/allotted shares including treasury; not equivalent to required shares outstanding unless treasury holdings are separately and exactly resolved.
WORK_000473,44,129.5,22.3,00358948,Bunzl,BNZL,2010,353647468,,allotted incl treasury,TREASURY_TREATMENT_REQUIRED,REVIEW,https://find-and-update.company-information.service.gov.uk/company/00358948/filing-history/MzAzODgwNDAzNWFkaXF6a2N4/document?format=pdf&download=0,"[ordinary | 0 7026 | 0 00 | v 353,647,468 | £ 113,672,905 62",Whole-list annual-report pass: Full-remainder review: Candidate is issued/allotted shares including treasury; not equivalent to required shares outstanding unless treasury holdings are separately and exactly resolved.
WORK_000474,44,129.5,22.3,00358948,BUNZL PLC,BNZL,2014,335038656,,allotted incl treasury,TREASURY_TREATMENT_REQUIRED,REVIEW,https://find-and-update.company-information.service.gov.uk/company/00358948/filing-history/MzEyNTIyMDc4NGFkaXF6a2N4/document?format=pdf&download=0,"| ordinary | 0.80] 0.00| 335,038, 656(t 107,691,475.20",Whole-list annual-report pass: Full-remainder review: Candidate is issued/allotted shares including treasury; not equivalent to required shares outstanding unless treasury holdings are separately and exactly resolved.
WORK_000475,44,129.5,22.3,00358948,BUNZL PLC,BNZL,2015,335503886,,allotted incl treasury,TREASURY_TREATMENT_REQUIRED,REVIEW,https://find-and-update.company-information.service.gov.uk/company/00358948/filing-history/MzE0OTM3NTk0NWFkaXF6a2N4/document?format=pdf&download=0,Number allotted 335503886,Whole-list annual-report pass: Full-remainder review: Candidate is issued/allotted shares including treasury; not equivalent to required shares outstanding unless treasury holdings are separately and exactly resolved.
WORK_000476,44,129.5,22.3,00358948,BUNZL PLC,BNZL,2016,335844932,,allotted incl treasury,TREASURY_TREATMENT_REQUIRED,REVIEW,https://find-and-update.company-information.service.gov.uk/company/00358948/filing-history/MzE3NzA0ODU3MWFkaXF6a2N4/document?format=pdf&download=0,Number allotted 335844932,Whole-list annual-report pass: Full-remainder review: Candidate is issued/allotted shares including treasury; not equivalent to required shares outstanding unless treasury holdings are separately and exactly resolved.
WORK_000477,44,129.5,22.3,00358948,BUNZL PLC,BNZL,2017,336243999,,allotted incl treasury,TREASURY_TREATMENT_REQUIRED,REVIEW,https://find-and-update.company-information.service.gov.uk/company/00358948/filing-history/MzIwNjY4Mzc3N2FkaXF6a2N4/document?format=pdf&download=0,Number allotted 336243999,Whole-list annual-report pass: Full-remainder review: Candidate is issued/allotted shares including treasury; not equivalent to required shares outstanding unless treasury holdings are separately and exactly resolved.
WORK_000478,45,127.5,22.3,00066549,GKN,GKN,2000,722487918,,allotted incl treasury,TREASURY_TREATMENT_REQUIRED,REVIEW,https://find-and-update.company-information.service.gov.uk/company/00066549/filing-history/MTI1NDAxMDQ2YWRpcXprY3g/document?format=pdf&download=0,"statement of capital, filing dated 2001-07-03; ADJUDICATED 2026-07-20: line 50p ordinary 722,487,918 nominal GBP361,243,959.00 = 50p x count exactly | prior OCR note: line: 50p ordinary 722,487,918 £361,243,959.00 [confirmed at 240+300dpi] [jmp vs adjacent year — vfy]",Whole-list annual-report pass: Full-remainder review: Batch 13 REVIEW: REVIEW: assigned-entity filing is an issued/allotted share count; same-date treasury evidence and exact observation date are not established.
WORK_000479,45,127.5,22.3,00066549,GKN,GKN,2002,723742352,,allotted incl treasury,TREASURY_TREATMENT_REQUIRED,REVIEW,https://find-and-update.company-information.service.gov.uk/company/00066549/filing-history/NTkxODEwMTRhZGlxemtjeA/document?format=pdf&download=0,"statement of capital, filing dated 2003-06-19; ADJUDICATED 2026-07-20: total-box; within 4 shares of 2003 ordinary line 723,742,348; GKN ordinary-only | prior OCR note: TOTAL-shares box, class mix unknown — vfy: Value. if any of the details Number of shares issued Number  [confirmed at 240+300dpi] [jmp vs adjacent year — vfy]",Whole-list annual-report pass: Full-remainder review: Batch 13 REVIEW: REVIEW: assigned-entity filing is an issued/allotted share count; same-date treasury evidence and exact observation date are not established.
WORK_000480,45,127.5,22.3,00066549,GKN,GKN,2003,723742348,,allotted incl treasury,TREASURY_TREATMENT_REQUIRED,REVIEW,https://find-and-update.company-information.service.gov.uk/company/00066549/filing-history/ODUzNjQxODFhZGlxemtjeA/document?format=pdf&download=0,"statement of capital, filing dated 2004-06-01; ADJUDICATED 2026-07-20: crisp ordinary line; consistent with 2002 total 723,742,352 | prior OCR note: line: Ordinary 723742348 Jo fon [confirmed at 240+300dpi] [jmp vs adjacent year — vfy]",Whole-list annual-report pass: Full-remainder review: Batch 13 REVIEW: REVIEW: assigned-entity filing is an issued/allotted share count; same-date treasury evidence and exact observation date are not established.
WORK_000481,45,127.5,22.3,00066549,GKN,GKN,2010,1590529859,,allotted incl treasury,IDENTITY_MAPPING_REQUIRED,REVIEW,https://find-and-update.company-information.service.gov.uk/company/04191106,"OCR statement of capital, filing 2011-02-18; line: (Eg Ordinary/Preference etc ) each share @ oneach share @","Rejected-candidate remediation found an entity defect. Companies House shows 04191106 was GKN PLC from 1 August 2001 to 16 August 2018, whereas 00066549 became GKN HOLDINGS PLC on 1 August 2001. The listed-company observations therefore cannot be joined under worklist company number 00066549. Retain REVIEW until the financial rows are remapped to the listed GKN plc entity and exact shares are revalidated."
WORK_000482,45,127.5,22.3,00066549,GKN,GKN,2011,1590529859,,allotted incl treasury,IDENTITY_MAPPING_REQUIRED,REVIEW,https://find-and-update.company-information.service.gov.uk/company/04191106,"statement of capital, filing 2012-02-18; Claude-adjudicated: ordinary class total","Rejected-candidate remediation found an entity defect. Companies House shows 04191106 was GKN PLC from 1 August 2001 to 16 August 2018, whereas 00066549 became GKN HOLDINGS PLC on 1 August 2001. The listed-company observations therefore cannot be joined under worklist company number 00066549. Retain REVIEW until the financial rows are remapped to the listed GKN plc entity and exact shares are revalidated."
WORK_000483,45,127.5,22.3,00066549,GKN,GKN,2012,1660529859,,allotted incl treasury,IDENTITY_MAPPING_REQUIRED,REVIEW,https://find-and-update.company-information.service.gov.uk/company/04191106,"statement of capital, filing 2013-02-18; Claude-adjudicated: ordinary class total","Rejected-candidate remediation found an entity defect. Companies House shows 04191106 was GKN PLC from 1 August 2001 to 16 August 2018, whereas 00066549 became GKN HOLDINGS PLC on 1 August 2001. The listed-company observations therefore cannot be joined under worklist company number 00066549. Retain REVIEW until the financial rows are remapped to the listed GKN plc entity and exact shares are revalidated."
WORK_000484,45,127.5,22.3,00066549,GKN,GKN,2013,1660529859,,allotted incl treasury,IDENTITY_MAPPING_REQUIRED,REVIEW,https://find-and-update.company-information.service.gov.uk/company/04191106,"statement of capital, filing 2014-02-18; Claude-adjudicated: ordinary class total","Rejected-candidate remediation found an entity defect. Companies House shows 04191106 was GKN PLC from 1 August 2001 to 16 August 2018, whereas 00066549 became GKN HOLDINGS PLC on 1 August 2001. The listed-company observations therefore cannot be joined under worklist company number 00066549. Retain REVIEW until the financial rows are remapped to the listed GKN plc entity and exact shares are revalidated."
WORK_000485,45,127.5,22.3,00066549,GKN,GKN,2017,724632397,,allotted incl treasury,TREASURY_TREATMENT_REQUIRED,REVIEW,https://find-and-update.company-information.service.gov.uk/company/00066549/filing-history/MzIwNjY1MDc1MmFkaXF6a2N4/document?format=pdf&download=0,Shareholding 3: 724632397 ORDINARY shares,Whole-list annual-report pass: Full-remainder review: Batch 13 REVIEW: REVIEW: assigned-entity filing is an issued/allotted share count; same-date treasury evidence and exact observation date are not established.
WORK_000486,46,127.0,19.8,00358949,Morrison Supermarkets,MRW,2001,1545910497,,allotted incl treasury,TREASURY_TREATMENT_REQUIRED,REVIEW,https://find-and-update.company-information.service.gov.uk/company/00358949/filing-history/NjI1OTYxMThhZGlxemtjeA/document?format=pdf&download=0,"CH annual return, filing dated 2002-07-02; allotted incl. treasury; VISUAL READ: Co 00358949 Morrison ORDINARY 10p 1,545,910,497 x0.10=GBP154,591,049.70; GBP1 pref 9,262,475 excl (pre-Safeway)",Whole-list annual-report pass: Full-remainder review: Candidate is issued/allotted shares including treasury; not equivalent to required shares outstanding unless treasury holdings are separately and exactly resolved.
WORK_000487,46,127.0,19.8,00358949,Morrison Supermarkets,MRW,2002,1562918897,,allotted incl treasury,TREASURY_TREATMENT_REQUIRED,REVIEW,https://find-and-update.company-information.service.gov.uk/company/00358949/filing-history/MTM4MjI5NTkyYWRpcXprY3g/document?format=pdf&download=0,"CH annual return, filing dated 2003-07-14; allotted incl. treasury; VISUAL READ: Co 00358949 ORDINARY 10p 1,562,918,897 x0.10=GBP156,291,889.70; GBP1 pref 4,702,363 excl (pre-Safeway)",Whole-list annual-report pass: Full-remainder review: Candidate is issued/allotted shares including treasury; not equivalent to required shares outstanding unless treasury holdings are separately and exactly resolved.
WORK_000488,46,127.0,19.8,00358949,Morrison Supermarkets,MRW,2004,2658589618,,allotted incl treasury,TREASURY_TREATMENT_REQUIRED,REVIEW,https://find-and-update.company-information.service.gov.uk/company/00358949/filing-history/NjgxMjQzNTlhZGlxemtjeA/document?format=pdf&download=0,"CH annual return, filing dated 2005-08-10; allotted incl. treasury; VISUAL READ: Co 00358949 ORDINARY 10p 2,658,589,618 (last digit confirmed via agg+total); GBP1 conv-red pref 503,797 excl; total 2,659,093,415 (post-Safeway)",Whole-list annual-report pass: Full-remainder review: Candidate is issued/allotted shares including treasury; not equivalent to required shares outstanding unless treasury holdings are separately and exactly resolved.
WORK_000489,46,127.0,19.8,00358949,Morrison Supermarkets,MRW,2005,2674625554,,allotted incl treasury,TREASURY_TREATMENT_REQUIRED,REVIEW,https://find-and-update.company-information.service.gov.uk/company/00358949/filing-history/MTYzODQ2Mzk2YWRpcXprY3g/document?format=pdf&download=0,"CH annual return, filing dated 2006-07-11; allotted incl. treasury; VISUAL READ: ORDINARY 10p 2,674,625,554 x0.10=GBP267,462,555.40; 5.25% cum red conv pref 420,613 excl",Whole-list annual-report pass: Full-remainder review: Candidate is issued/allotted shares including treasury; not equivalent to required shares outstanding unless treasury holdings are separately and exactly resolved.
WORK_000490,46,127.0,19.8,00358949,Morrison Supermarkets,MRW,2006,2678127608,,allotted incl treasury,TREASURY_TREATMENT_REQUIRED,REVIEW,https://find-and-update.company-information.service.gov.uk/company/00358949/filing-history/MTgxNTY4OTU5YWRpcXprY3g/document?format=pdf&download=0,"CH annual return, filing dated 2007-06-28; allotted incl. treasury; VISUAL READ: ORDINARY 10p 2,678,127,608 x0.10=GBP267,812,760.80; GBP1 conv red pref 282,666 excl",Whole-list annual-report pass: Full-remainder review: Candidate is issued/allotted shares including treasury; not equivalent to required shares outstanding unless treasury holdings are separately and exactly resolved.
WORK_000491,46,127.0,19.8,00358949,Morrison Supermarkets,MRW,2007,2684683448,,allotted incl treasury,TREASURY_TREATMENT_REQUIRED,REVIEW,https://find-and-update.company-information.service.gov.uk/company/00358949/filing-history/MjAwOTc3MTgyOGFkaXF6a2N4/document?format=pdf&download=0,"CH annual return, filing dated 2008-07-28; allotted incl. treasury; VISUAL READ: ORDINARY 10p 2,684,683,448 x0.10=GBP268,468,344.80; pref 282,666 excl",Whole-list annual-report pass: Full-remainder review: Candidate is issued/allotted shares including treasury; not equivalent to required shares outstanding unless treasury holdings are separately and exactly resolved.
WORK_000492,46,127.0,19.8,00358949,Morrison Supermarkets,MRW,2008,2629831606,,allotted incl treasury,TREASURY_TREATMENT_REQUIRED,REVIEW,https://find-and-update.company-information.service.gov.uk/company/00358949/filing-history/MjAzNTgzMzg1MmFkaXF6a2N4/document?format=pdf&download=0,"CH annual return, filing dated 2009-06-25; allotted incl. treasury; VISUAL READ: AR01 ORDINARY 10p 2,629,831,606 x0.10=GBP262,983,160.60; pref 282,666 excl",Whole-list annual-report pass: Full-remainder review: Candidate is issued/allotted shares including treasury; not equivalent to required shares outstanding unless treasury holdings are separately and exactly resolved.
WORK_000493,46,127.0,19.8,00358949,Morrison Supermarkets,MRW,2009,2652036516,,allotted incl treasury,TREASURY_TREATMENT_REQUIRED,REVIEW,https://find-and-update.company-information.service.gov.uk/company/00358949/filing-history/MzAxODg2NDYzOWFkaXF6a2N4/document?format=pdf&download=0,"statement of capital, filing 2010-05-31; Claude-adjudicated: ordinary class total",Whole-list annual-report pass: Full-remainder review: Candidate is issued/allotted shares including treasury; not equivalent to required shares outstanding unless treasury holdings are separately and exactly resolved.
WORK_000494,46,127.0,19.8,00358949,Morrison Supermarkets,MRW,2010,2622706334,,allotted incl treasury,TREASURY_TREATMENT_REQUIRED,REVIEW,https://find-and-update.company-information.service.gov.uk/company/00358949/filing-history/MzAzOTM5MDU0MWFkaXF6a2N4/document?format=pdf&download=0,"statement of capital, filing 2011-05-31; Claude-adjudicated: ordinary class total",Whole-list annual-report pass: Full-remainder review: Candidate is issued/allotted shares including treasury; not equivalent to required shares outstanding unless treasury holdings are separately and exactly resolved.
WORK_000495,46,127.0,19.8,00358949,Morrison Supermarkets,MRW,2011,2462502277,,allotted incl treasury,TREASURY_TREATMENT_REQUIRED,REVIEW,https://find-and-update.company-information.service.gov.uk/company/00358949/filing-history/MzA2NjA0NTA2NWFkaXF6a2N4/document?format=pdf&download=0,"statement of capital, filing 2012-05-31; Claude-adjudicated: ordinary class total",Whole-list annual-report pass: Full-remainder review: Candidate is issued/allotted shares including treasury; not equivalent to required shares outstanding unless treasury holdings are separately and exactly resolved.
WORK_000496,46,127.0,19.8,00358949,Morrison Supermarkets,MRW,2012,2326229871,,allotted incl treasury,TREASURY_TREATMENT_REQUIRED,REVIEW,https://find-and-update.company-information.service.gov.uk/company/00358949/filing-history/MzA4MDU3NTI0MmFkaXF6a2N4/document?format=pdf&download=0,"OCR statement of capital, filing 2013-05-31; line: {Eg Ordinary/Preference etc ) each share O on each share @",Whole-list annual-report pass: Full-remainder review: Candidate is issued/allotted shares including treasury; not equivalent to required shares outstanding unless treasury holdings are separately and exactly resolved.
WORK_000497,46,127.0,19.8,00358949,Morrison Supermarkets,MRW,2013,2335071554,,allotted incl treasury,TREASURY_TREATMENT_REQUIRED,REVIEW,https://find-and-update.company-information.service.gov.uk/company/00358949/filing-history/MzEwMzE2ODkwN2FkaXF6a2N4/document?format=pdf&download=0,"OCR statement of capital, filing 2014-05-31; line: (Eg Ordinary/Preference etc } each share @ on each share @",Whole-list annual-report pass: Full-remainder review: Candidate is issued/allotted shares including treasury; not equivalent to required shares outstanding unless treasury holdings are separately and exactly resolved.
WORK_000498,46,127.0,19.8,00358949,Morrison Supermarkets,MRW,2014,2335097969,,allotted incl treasury,TREASURY_TREATMENT_REQUIRED,REVIEW,https://find-and-update.company-information.service.gov.uk/company/00358949/filing-history/MzEyNjYxODc4OWFkaXF6a2N4/document?format=pdf&download=0,,Whole-list annual-report pass: Full-remainder review: Candidate is issued/allotted shares including treasury; not equivalent to required shares outstanding unless treasury holdings are separately and exactly resolved.
WORK_000499,46,127.0,19.8,00358949,Morrison Supermarkets,MRW,2017,2355948486,,allotted incl treasury,TREASURY_TREATMENT_REQUIRED,REVIEW,https://find-and-update.company-information.service.gov.uk/company/00358949/filing-history/MzIwNjg3NTU5OGFkaXF6a2N4/document?format=pdf&download=0, Class of Shares: ORDINARY Number allotted 2355948486 ,Whole-list annual-report pass: Full-remainder review: Candidate is issued/allotted shares including treasury; not equivalent to required shares outstanding unless treasury holdings are separately and exactly resolved.
WORK_000500,47,125.5,22.7,00022096,BOC,BOC,2000,492870026,,allotted incl treasury,TREASURY_TREATMENT_REQUIRED,REVIEW,https://find-and-update.company-information.service.gov.uk/company/00022096/filing-history/MTI2NzY1MTYyYWRpcXprY3g/document?format=pdf&download=0,"statement of capital, filing dated 2001-02-12; ADJUDICATED 2026-07-20: line ORDINARY 492,870,026 nominal GBP123,217,506.50 = 25p x count exactly; stored value was nominal x100 | prior OCR note: line: | ORDINARY 492,870,026 | 123,217, 506.50 [confirmed at 240+300dpi] [jmp vs adjacent year — vfy]",Whole-list annual-report pass: Full-remainder review: Candidate is issued/allotted shares including treasury; not equivalent to required shares outstanding unless treasury holdings are separately and exactly resolved.
WORK_000501,47,125.5,22.7,00022096,BOC,BOC,2001,495545249,,allotted incl treasury,TREASURY_TREATMENT_REQUIRED,REVIEW,https://find-and-update.company-information.service.gov.uk/company/00022096/filing-history/MTM1MjIyNTE1YWRpcXprY3g/document?format=pdf&download=0,"statement of capital (allotted incl. treasury), filing dated 2002-02-20; VISUAL READ: Ordinary 25p, nominal GBP123,886,312.25 exact; co# 22096; fits 2000/2002",Whole-list annual-report pass: Full-remainder review: Candidate is issued/allotted shares including treasury; not equivalent to required shares outstanding unless treasury holdings are separately and exactly resolved.
WORK_000502,47,125.5,22.7,00022096,BOC,BOC,2002,497403017,,allotted incl treasury,TREASURY_TREATMENT_REQUIRED,REVIEW,https://find-and-update.company-information.service.gov.uk/company/00022096/filing-history/NzQyMDA0MTZhZGlxemtjeA/document?format=pdf&download=0,"statement of capital, filing dated 2003-02-17; ADJUDICATED 2026-07-20: line 497,403,017 nominal GBP124,350,754.25 = 25p x count exactly; consistent with 2000=492,870,026 | prior OCR note: line: | ORDINARY SHARES OF 25p EACH 497,403,017 | £124,350, 754.25 [confirmed at 240+300dpi] [jmp vs adjacent year — vfy]",Whole-list annual-report pass: Full-remainder review: Candidate is issued/allotted shares including treasury; not equivalent to required shares outstanding unless treasury holdings are separately and exactly resolved.
WORK_000503,47,125.5,22.7,00022096,BOC,BOC,2003,497836757,,allotted incl treasury,TREASURY_TREATMENT_REQUIRED,REVIEW,https://find-and-update.company-information.service.gov.uk/company/00022096/filing-history/MTUyNTMyNTEyYWRpcXprY3g/document?format=pdf&download=0,"statement of capital (allotted incl. treasury), filing dated 2004-02-12; VISUAL READ: Ordinary 25p, nominal GBP124,459,189.25 exact; co# smudged on page, entity via filing-history URL (22096); fits 2002/2004",Whole-list annual-report pass: Full-remainder review: Candidate is issued/allotted shares including treasury; not equivalent to required shares outstanding unless treasury holdings are separately and exactly resolved.
WORK_000504,47,125.5,22.7,00022096,BOC,BOC,2004,499691665,,allotted incl treasury,TREASURY_TREATMENT_REQUIRED,REVIEW,https://find-and-update.company-information.service.gov.uk/company/00022096/filing-history/MTQ4MDA1MTY2YWRpcXprY3g/document?format=pdf&download=0,"statement of capital, filing dated 2005-03-01; ADJUDICATED 2026-07-20: line 499,691,665 nominal GBP124,922,916.25 = 25p x count exactly; stored value was nominal x100 | prior OCR note: line: | ORDINARY PS A 499,691,665 a 124,922,916.25 [confirmed at 240+300dpi] [jmp vs adjacent year — vfy]",Whole-list annual-report pass: Full-remainder review: Candidate is issued/allotted shares including treasury; not equivalent to required shares outstanding unless treasury holdings are separately and exactly resolved.
WORK_000505,47,125.5,22.7,00022096,BOC,BOC,2005,507383971,,allotted incl treasury,TREASURY_TREATMENT_REQUIRED,REVIEW,https://find-and-update.company-information.service.gov.uk/company/00022096/filing-history/MTU3NTQwMDIwYWRpcXprY3g/document?format=pdf&download=0,"statement of capital (allotted incl. treasury), filing dated 2006-03-07; VISUAL READ: Ordinary 25p, nominal GBP126,845,992.75 exact; co# 00022096 on p2",Whole-list annual-report pass: Full-remainder review: Candidate is issued/allotted shares including treasury; not equivalent to required shares outstanding unless treasury holdings are separately and exactly resolved.
WORK_000506,48,124.5,22.5,00566221,Hilton Group,LAD,2000,1504538880,,allotted incl treasury,TREASURY_TREATMENT_REQUIRED,REVIEW,https://find-and-update.company-information.service.gov.uk/company/00566221/filing-history/NzE5OTYwOTRhZGlxemtjeA/document?format=pdf&download=0,"CH annual return, filing dated 2001-03-02; allotted incl. treasury; VISUAL READ: 363a ORDINARY 10p 1,504,538,880 x0.10=GBP150,453,888; Co 00566221 (Hilton/Ladbrokes)",Whole-list annual-report pass: Full-remainder review: Candidate is issued/allotted shares including treasury; not equivalent to required shares outstanding unless treasury holdings are separately and exactly resolved.
WORK_000507,48,124.5,22.5,00566221,Hilton Group,LAD,2001,1577522449,,allotted incl treasury,TREASURY_TREATMENT_REQUIRED,REVIEW,https://find-and-update.company-information.service.gov.uk/company/00566221/filing-history/MTEzODI5Mjc3YWRpcXprY3g/document?format=pdf&download=0,"CH annual return, filing dated 2002-02-07; allotted incl. treasury; VISUAL READ: 363a ORDINARY 10p 1,577,522,449 x0.10=GBP157,752,244.90",Whole-list annual-report pass: Full-remainder review: Candidate is issued/allotted shares including treasury; not equivalent to required shares outstanding unless treasury holdings are separately and exactly resolved.
WORK_000508,48,124.5,22.5,00566221,Hilton Group,LAD,2002,1580230666,,allotted incl treasury,TREASURY_TREATMENT_REQUIRED,REVIEW,https://find-and-update.company-information.service.gov.uk/company/00566221/filing-history/MjQ2ODc0MDNhZGlxemtjeA/document?format=pdf&download=0,"CH annual return, filing dated 2003-01-28; allotted incl. treasury; VISUAL READ: 363a ORDINARY 10p 1,580,230,666 x0.10=GBP158,023,066.60",Whole-list annual-report pass: Full-remainder review: Candidate is issued/allotted shares including treasury; not equivalent to required shares outstanding unless treasury holdings are separately and exactly resolved.
WORK_000509,48,124.5,22.5,00566221,Hilton Group,LAD,2003,1582395865,,allotted incl treasury,TREASURY_TREATMENT_REQUIRED,REVIEW,https://find-and-update.company-information.service.gov.uk/company/00566221/filing-history/MTUyNjM5MTIyYWRpcXprY3g/document?format=pdf&download=0,"CH annual return, filing dated 2004-02-03; allotted incl. treasury; VISUAL READ: 363a ORDINARY 10p 1,582,395,865 x0.10=GBP158,239,586.50",Whole-list annual-report pass: Full-remainder review: Candidate is issued/allotted shares including treasury; not equivalent to required shares outstanding unless treasury holdings are separately and exactly resolved.
WORK_000510,48,124.5,22.5,00566221,Hilton Group,LAD,2004,1586447067,,allotted incl treasury,TREASURY_TREATMENT_REQUIRED,REVIEW,https://find-and-update.company-information.service.gov.uk/company/00566221/filing-history/NDkyMjU5NTBhZGlxemtjeA/document?format=pdf&download=0,"CH annual return, filing dated 2005-02-07; allotted incl. treasury; VISUAL READ: 363a ORDINARY 10p 1,586,447,067 x0.10=GBP158,644,706.70",Whole-list annual-report pass: Full-remainder review: Candidate is issued/allotted shares including treasury; not equivalent to required shares outstanding unless treasury holdings are separately and exactly resolved.
WORK_000511,48,124.5,22.5,00566221,Hilton Group,LAD,2005,1605998487,,allotted incl treasury,TREASURY_TREATMENT_REQUIRED,REVIEW,https://find-and-update.company-information.service.gov.uk/company/00566221/filing-history/MTAyMDY1MzYzYWRpcXprY3g/document?format=pdf&download=0,"CH annual return, filing dated 2006-02-08; allotted incl. treasury; VISUAL READ: 363a Co 00566221 ORDINARY 10p 1,605,998,487 x0.10=GBP160,599,848.70",Whole-list annual-report pass: Full-remainder review: Candidate is issued/allotted shares including treasury; not equivalent to required shares outstanding unless treasury holdings are separately and exactly resolved.
WORK_000512,49,124.0,22.8,00146575,GUS,GUS,2001,1006422248,,allotted incl treasury,TREASURY_TREATMENT_REQUIRED,REVIEW,https://find-and-update.company-information.service.gov.uk/company/00146575/filing-history/NjI3ODEyNTFhZGlxemtjeA/document?format=pdf&download=0,"statement of capital (allotted incl. treasury), filing dated 2001-11-07; VISUAL READ: Single class; par not written but nominal/count = 25p exactly; co# 146575 (crosswalked number confirmed)",Whole-list annual-report pass: Full-remainder review: Candidate is issued/allotted shares including treasury; not equivalent to required shares outstanding unless treasury holdings are separately and exactly resolved.
WORK_000513,49,124.0,22.8,00146575,GUS,GUS,2002,1006786690,,allotted incl treasury,TREASURY_TREATMENT_REQUIRED,REVIEW,https://find-and-update.company-information.service.gov.uk/company/00146575/filing-history/MTAzOTg0OTk5YWRpcXprY3g/document?format=pdf&download=0,"statement of capital (allotted incl. treasury), filing dated 2002-11-06; VISUAL READ: Ordinary 25p, nominal GBP251,696,672.50 exact; ambiguous handwritten digits confirmed by nominal/par; co# 146575",Whole-list annual-report pass: Full-remainder review: Candidate is issued/allotted shares including treasury; not equivalent to required shares outstanding unless treasury holdings are separately and exactly resolved.
WORK_000514,49,124.0,22.8,00146575,GUS,GUS,2003,1011519503,,allotted incl treasury,TREASURY_TREATMENT_REQUIRED,REVIEW,https://find-and-update.company-information.service.gov.uk/company/00146575/filing-history/NjQ2OTY4NjlhZGlxemtjeA/document?format=pdf&download=0,"statement of capital (allotted incl. treasury), filing dated 2003-09-29; VISUAL READ: Ordinary 25p, nominal GBP252,879,875.75 exact; co# 146575",Whole-list annual-report pass: Full-remainder review: Candidate is issued/allotted shares including treasury; not equivalent to required shares outstanding unless treasury holdings are separately and exactly resolved.
WORK_000515,49,124.0,22.8,00146575,GUS,GUS,2004,1015543242,,allotted incl treasury,TREASURY_TREATMENT_REQUIRED,REVIEW,https://find-and-update.company-information.service.gov.uk/company/00146575/filing-history/NTAwNjY1NTJhZGlxemtjeA/document?format=pdf&download=0,"statement of capital (allotted incl. treasury), filing dated 2005-03-29; VISUAL READ: Ordinary 25p, nominal GBP253,885,810.50 exact; fits 2003-2005 series; mcap GBP9.5bn at 938.5p; entity via URL",Whole-list annual-report pass: Full-remainder review: Candidate is issued/allotted shares including treasury; not equivalent to required shares outstanding unless treasury holdings are separately and exactly resolved.
WORK_000516,49,124.0,22.8,00146575,GUS,GUS,2005,1018848494,,allotted incl treasury,TREASURY_TREATMENT_REQUIRED,REVIEW,https://find-and-update.company-information.service.gov.uk/company/00146575/filing-history/MTQwMTM5OTYwYWRpcXprY3g/document?format=pdf&download=0,"statement of capital (allotted incl. treasury), filing dated 2005-09-23; VISUAL READ: Ordinary 25p; form rounds pence (written GBP254,712,124 vs exact ...123.50); co# 146575",Whole-list annual-report pass: Full-remainder review: Candidate is issued/allotted shares including treasury; not equivalent to required shares outstanding unless treasury holdings are separately and exactly resolved.
WORK_000517,50,123.5,21.9,00488067,Hanson,HNS,2000,735185128,,allotted incl treasury,TREASURY_TREATMENT_REQUIRED,REVIEW,https://find-and-update.company-information.service.gov.uk/company/00488067/filing-history/NDkxOTA2OTVhZGlxemtjeA/document?format=pdf&download=0,"statement of capital (allotted incl. treasury), filing dated 2001-03-07; VISUAL READ: Ordinary GBP2 single class, nominal GBP1,470,370,256.00 exact; Hanson PLC contact; consistent with 2001; entity via URL",Whole-list annual-report pass: Full-remainder review: Batch 15 REVIEW: REVIEW: primary candidate evidence does not establish the preferred shares_outstanding definition at an exact effective date. Candidate value withheld from shares_outstanding rather than assumed.
WORK_000518,50,123.5,21.9,00488067,Hanson,HNS,2001,735886252,,allotted incl treasury,TREASURY_TREATMENT_REQUIRED,REVIEW,https://find-and-update.company-information.service.gov.uk/company/00488067/filing-history/MTE0OTU0ODUwYWRpcXprY3g/document?format=pdf&download=0,"statement of capital (allotted incl. treasury), filing dated 2002-02-20; VISUAL READ: Ordinary GBP2, nominal GBP1,471,772,504.00 exact; co# 488067",Whole-list annual-report pass: Full-remainder review: Batch 15 REVIEW: REVIEW: primary candidate evidence does not establish the preferred shares_outstanding definition at an exact effective date. Candidate value withheld from shares_outstanding rather than assumed.
WORK_000519,50,123.5,21.9,00488067,Hanson,HNS,2002,736968849,,allotted incl treasury,TREASURY_TREATMENT_REQUIRED,REVIEW,https://find-and-update.company-information.service.gov.uk/company/00488067/filing-history/OTE5NzcxNTBhZGlxemtjeA/document?format=pdf&download=0,"statement of capital (allotted incl. treasury), filing dated 2003-03-03; VISUAL READ: Ordinary GBP2, nominal GBP1,473,937,698 exact; equals 2004/2005 known; co# 488067",Whole-list annual-report pass: Full-remainder review: Batch 15 REVIEW: REVIEW: primary candidate evidence does not establish the preferred shares_outstanding definition at an exact effective date. Candidate value withheld from shares_outstanding rather than assumed.
WORK_000520,50,123.5,21.9,00488067,Hanson,HNS,2003,736968849,,allotted incl treasury,TREASURY_TREATMENT_REQUIRED,REVIEW,https://find-and-update.company-information.service.gov.uk/company/00488067/filing-history/MTAzNTAyMTE1YWRpcXprY3g/document?format=pdf&download=0,"statement of capital (allotted incl. treasury), filing dated 2004-03-05; VISUAL READ: Ordinary GBP2, exact; co# 488067",Whole-list annual-report pass: Full-remainder review: Batch 15 REVIEW: REVIEW: primary candidate evidence does not establish the preferred shares_outstanding definition at an exact effective date. Candidate value withheld from shares_outstanding rather than assumed.
WORK_000521,50,123.5,21.9,00488067,Hanson,HNS,2004,736968849,,allotted incl treasury,TREASURY_TREATMENT_REQUIRED,REVIEW,https://find-and-update.company-information.service.gov.uk/company/00488067/filing-history/MjEzNTEwMjdhZGlxemtjeA/document?format=pdf&download=0,"statement of capital, filing dated 2005-01-31; ADJUDICATED 2026-07-20: crisp line Ordinary 736968849; consistent with 2005 filing same count | prior OCR note: line: Ordinary 736968849 | | C@amae) “eda \ 6/02/2024 [confirmed at 240+300dpi] [jmp vs adjacent year — vfy]",Whole-list annual-report pass: Full-remainder review: Batch 15 REVIEW: REVIEW: primary candidate evidence does not establish the preferred shares_outstanding definition at an exact effective date. Candidate value withheld from shares_outstanding rather than assumed.
WORK_000522,50,123.5,21.9,00488067,Hanson,HNS,2005,736968849,,allotted incl treasury,TREASURY_TREATMENT_REQUIRED,REVIEW,https://find-and-update.company-information.service.gov.uk/company/00488067/filing-history/NzUyMTM0NzdhZGlxemtjeA/document?format=pdf&download=0,"statement of capital, filing dated 2006-01-26; ADJUDICATED 2026-07-20: note text shows 736968849 ORDINARY twice; SUM had added nominal; count matches 2004 | prior OCR note: SUM of 2 ordinary lines — vfy: ORDINARY 0 GBP0.00; ORDINARY +AKM-2 736968849 GBP1473937698.00; 736968849 ORDINARY +AKM-2 Shares held as at 31/12/20 [jmp vs adjacent year — vfy]",Whole-list annual-report pass: Full-remainder review: Batch 15 REVIEW: REVIEW: primary candidate evidence does not establish the preferred shares_outstanding definition at an exact effective date. Candidate value withheld from shares_outstanding rather than assumed.
WORK_000523,50,123.5,21.9,00488067,Hanson,HNS,2006,736968849,,allotted incl treasury,TREASURY_TREATMENT_REQUIRED,REVIEW,https://find-and-update.company-information.service.gov.uk/company/00488067/filing-history/MTc5NzM2ODI0YWRpcXprY3g/document?format=pdf&download=0,"statement of capital (allotted incl. treasury), filing dated 2007-04-29; VISUAL READ: Ordinary GBP2, exact; struck-out blank ORDINARY 0 row ignored; mcap GBP5.7bn at 770.5p; co# 488067",Whole-list annual-report pass: Full-remainder review: Batch 15 REVIEW: REVIEW: primary candidate evidence does not establish the preferred shares_outstanding definition at an exact effective date. Candidate value withheld from shares_outstanding rather than assumed.
WORK_000524,51,123.5,21.1,00033774,Johnson Matthey,JMAT,2002,219487344,2003-03-31,issued and fully paid at fiscal year end 31 March 2003 (panel year = FYE year - 1),YEAR_DATE_METADATA_CONFLICT,REVIEW,https://matthey.com/documents/161599/164195/AR-2003.pdf,"291,550,000 291.6 219,487,344 219.5",Whole-list annual-report pass: Full-remainder review: Observation-year label conflicts with explicit source/as-of year; requires metadata normalization before publication.
WORK_000525,51,123.5,21.1,00033774,Johnson Matthey,JMAT,2003,220605536,2004-03-31,issued and fully paid at fiscal year end 31 March 2004 (panel year = FYE year - 1),YEAR_DATE_METADATA_CONFLICT,REVIEW,https://matthey.com/documents/161599/164195/AR-2004.pdf,"291,550,000 291.6 220,605,536 220.6",Whole-list annual-report pass: Full-remainder review: Observation-year label conflicts with explicit source/as-of year; requires metadata normalization before publication.
WORK_000526,51,123.5,21.1,00033774,Johnson Matthey,JMAT,2004,219522706,2005-03-31,issued and fully paid at fiscal year end 31 March 2005 (panel year = FYE year - 1),YEAR_DATE_METADATA_CONFLICT,REVIEW,https://matthey.com/documents/161599/164195/AR-2005.pdf,"291,550,000 291.6 219,522,706 219.5",Whole-list annual-report pass: Full-remainder review: Observation-year label conflicts with explicit source/as-of year; requires metadata normalization before publication.
WORK_000527,51,123.5,21.1,00033774,Johnson Matthey,JMAT,2005,220228310,2006-03-31,issued and fully paid at fiscal year end 31 March 2006 (panel year = FYE year - 1),YEAR_DATE_METADATA_CONFLICT,REVIEW,https://matthey.com/documents/161599/164195/AR-2006.pdf,"–––––––––––––––––– –––––––––––––––––– 220,228,310 220.2",Whole-list annual-report pass: Full-remainder review: Observation-year label conflicts with explicit source/as-of year; requires metadata normalization before publication.
WORK_000528,51,123.5,21.1,00033774,Johnson Matthey,JMAT,2006,220477283,2007-03-31,issued incl treasury at fiscal year end 31 March 2007 (panel year = FYE year - 1),TREASURY_TREATMENT_REQUIRED,REVIEW,https://matthey.com/documents/161599/164195/AR-2007.pdf,"The issued share capital of the company at 31st March 2007 was 220,477,283 ordinary shares of £1.00 each including 3,600,000 shares held as treasury shares",Whole-list annual-report pass: Full-remainder review: Candidate is issued/allotted shares including treasury; not equivalent to required shares outstanding unless treasury holdings are separately and exactly resolved.
WORK_000529,51,123.5,21.1,00033774,Johnson Matthey,JMAT,2009,220673613,2010-03-31,issued and fully paid incl treasury at fiscal year end 31 March 2010 (panel year = FYE year - 1),TREASURY_TREATMENT_REQUIRED,REVIEW,https://matthey.com/documents/161599/164195/AR-2010.pdf,"£ million –––––––––––––––––– 220,673,613 –",Whole-list annual-report pass: Full-remainder review: Candidate is issued/allotted shares including treasury; not equivalent to required shares outstanding unless treasury holdings are separately and exactly resolved.
WORK_000530,51,123.5,21.1,00033774,Johnson Matthey,JMAT,2012,210642995,2013-03-31,issued and fully paid incl treasury at fiscal year end 31 March 2013 (panel year = FYE year - 1),TREASURY_TREATMENT_REQUIRED,REVIEW,https://matthey.com/documents/161599/164195/AR-2013.pdf,"220,673,613 (10,030,618) 220.7 – At 31st March 2013 210,642,995 220.7",Whole-list annual-report pass: Full-remainder review: Candidate is issued/allotted shares including treasury; not equivalent to required shares outstanding unless treasury holdings are separately and exactly resolved.
WORK_000531,51,123.5,21.1,00033774,Johnson Matthey,JMAT,2013,210642995,2014-03-31,issued and fully paid incl treasury at fiscal year end 31 March 2014 (panel year = FYE year - 1),TREASURY_TREATMENT_REQUIRED,REVIEW,https://matthey.com/documents/161599/164195/AR-2014.pdf,"220.7 – At 31st March 2013 and 31st March 2014 210,642,995 220.7",Whole-list annual-report pass: Full-remainder review: Candidate is issued/allotted shares including treasury; not equivalent to required shares outstanding unless treasury holdings are separately and exactly resolved.
WORK_000532,51,123.5,21.1,00033774,Johnson Matthey,JMAT,2016,198940606,2017-03-31,issued and fully paid incl treasury at fiscal year end 31 March 2017 (panel year = FYE year - 1),TREASURY_TREATMENT_REQUIRED,REVIEW,https://www.annualreports.com/HostedData/AnnualReportArchive/j/LSE_JMAT_2017.pdf,"Number £ million 210,642,995 (11,702,389) 220.7 – 198,940,606 220.7",Whole-list annual-report pass: Full-remainder review: Candidate is issued/allotted shares including treasury; not equivalent to required shares outstanding unless treasury holdings are separately and exactly resolved.
WORK_000533,52,120.0,18.8,03591559,Old Mutual,OML,2000,3552309811,,allotted incl treasury,TREASURY_TREATMENT_REQUIRED,REVIEW,https://find-and-update.company-information.service.gov.uk/company/03591559/filing-history/Nzc0OTE4NzVhZGlxemtjeA/document?format=pdf&download=0,"CH annual return, filing dated 2001-07-03; allotted incl. treasury; VISUAL READ: Co 03591559 Old Mutual ORDINARY 10p 3,552,309,811 x0.10=GBP355,230,981.10 (printed pence omitted)",Whole-list annual-report pass: Full-remainder review: Candidate is issued/allotted shares including treasury; not equivalent to required shares outstanding unless treasury holdings are separately and exactly resolved.
WORK_000534,52,120.0,18.8,03591559,Old Mutual,OML,2001,3744268057,,allotted incl treasury,TREASURY_TREATMENT_REQUIRED,REVIEW,https://find-and-update.company-information.service.gov.uk/company/03591559/filing-history/MTUyMTY4Nzg1YWRpcXprY3g/document?format=pdf&download=0,"CH annual return, filing dated 2002-08-07; allotted incl. treasury; VISUAL READ: ORDINARY 10p 3,744,268,057 x0.10=GBP374,426,805.70",Whole-list annual-report pass: Full-remainder review: Candidate is issued/allotted shares including treasury; not equivalent to required shares outstanding unless treasury holdings are separately and exactly resolved.
WORK_000535,52,120.0,18.8,03591559,Old Mutual,OML,2002,3832240448,,allotted incl treasury,TREASURY_TREATMENT_REQUIRED,REVIEW,https://find-and-update.company-information.service.gov.uk/company/03591559/filing-history/NjY4NTAwOTNhZGlxemtjeA/document?format=pdf&download=0,"CH annual return, filing dated 2003-07-28; allotted incl. treasury; VISUAL READ: ORDINARY 10p 3,832,240,448 x0.10=GBP383,224,044.80",Whole-list annual-report pass: Full-remainder review: Candidate is issued/allotted shares including treasury; not equivalent to required shares outstanding unless treasury holdings are separately and exactly resolved.
WORK_000536,52,120.0,18.8,03591559,Old Mutual,OML,2003,3845885842,,allotted incl treasury,TREASURY_TREATMENT_REQUIRED,REVIEW,https://find-and-update.company-information.service.gov.uk/company/03591559/filing-history/MTE4OTI3ODM3YWRpcXprY3g/document?format=pdf&download=0,"CH annual return, filing dated 2004-07-28; allotted incl. treasury; VISUAL READ: ORDINARY 10p 3,845,885,842 x0.10=GBP384,588,584.20",Whole-list annual-report pass: Full-remainder review: Candidate is issued/allotted shares including treasury; not equivalent to required shares outstanding unless treasury holdings are separately and exactly resolved.
WORK_000537,52,120.0,18.8,03591559,Old Mutual,OML,2004,3855660911,,allotted incl treasury,TREASURY_TREATMENT_REQUIRED,REVIEW,https://find-and-update.company-information.service.gov.uk/company/03591559/filing-history/Njc5MTM3ODNhZGlxemtjeA/document?format=pdf&download=0,"CH annual return, filing dated 2005-08-08; allotted incl. treasury; VISUAL READ: ORDINARY 10p 3,855,660,911 x0.10=GBP385,566,091.10 (pre-Skandia)",Whole-list annual-report pass: Full-remainder review: Candidate is issued/allotted shares including treasury; not equivalent to required shares outstanding unless treasury holdings are separately and exactly resolved.
WORK_000538,52,120.0,18.8,03591559,Old Mutual,OML,2006,5504290716,,allotted incl treasury,TREASURY_TREATMENT_REQUIRED,REVIEW,https://find-and-update.company-information.service.gov.uk/company/03591559/filing-history/MTgxMDI5NTMwYWRpcXprY3g/document?format=pdf&download=0,"CH annual return, filing dated 2007-06-22; allotted incl. treasury; VISUAL READ: ORDINARY 10p 5,504,290,716 x0.10=GBP550,429,071.60 (post-Skandia)",Whole-list annual-report pass: Full-remainder review: Candidate is issued/allotted shares including treasury; not equivalent to required shares outstanding unless treasury holdings are separately and exactly resolved.
WORK_000539,52,120.0,18.8,03591559,Old Mutual,OML,2007,5513719578,,allotted incl treasury,TREASURY_TREATMENT_REQUIRED,REVIEW,https://find-and-update.company-information.service.gov.uk/company/03591559/filing-history/MjAwODAyOTMyNmFkaXF6a2N4/document?format=pdf&download=0,"CH annual return, filing dated 2008-06-27; allotted incl. treasury; VISUAL READ: ORDINARY 10p 5,513,719,578 x0.10=GBP551,371,957.80",Whole-list annual-report pass: Full-remainder review: Candidate is issued/allotted shares including treasury; not equivalent to required shares outstanding unless treasury holdings are separately and exactly resolved.
WORK_000540,52,120.0,18.8,03591559,Old Mutual,OML,2008,5516141360,,allotted incl treasury,TREASURY_TREATMENT_REQUIRED,REVIEW,https://find-and-update.company-information.service.gov.uk/company/03591559/filing-history/MjAzNTgyNTUxM2FkaXF6a2N4/document?format=pdf&download=0,"CH annual return, filing dated 2009-06-25; allotted incl. treasury; VISUAL READ: AR01 ORDINARY 10p 5,516,141,360 x0.10=GBP551,614,136",Whole-list annual-report pass: Full-remainder review: Candidate is issued/allotted shares including treasury; not equivalent to required shares outstanding unless treasury holdings are separately and exactly resolved.
WORK_000541,52,120.0,18.8,03591559,Old Mutual,OML,2009,5667753832,,allotted incl treasury,TREASURY_TREATMENT_REQUIRED,REVIEW,https://find-and-update.company-information.service.gov.uk/company/03591559/filing-history/MzAyMTg1ODE1NGFkaXF6a2N4/document?format=pdf&download=0,"CH annual return, filing dated 2010-05-31; allotted incl. treasury; VISUAL READ: AR01 F1 Ordinary 10p 5,667,753,832 x0.10=GBP566,775,383.20",Whole-list annual-report pass: Full-remainder review: Candidate is issued/allotted shares including treasury; not equivalent to required shares outstanding unless treasury holdings are separately and exactly resolved.
WORK_000542,52,120.0,18.8,03591559,Old Mutual,OML,2010,5767366244,,allotted incl treasury,TREASURY_TREATMENT_REQUIRED,REVIEW,https://find-and-update.company-information.service.gov.uk/company/03591559/filing-history/MzAzOTg5NTQ1OGFkaXF6a2N4/document?format=pdf&download=0,"CH annual return, filing dated 2011-05-31; allotted incl. treasury; VISUAL READ: AR01 F1 Ordinary 10p 5,767,366,244 x0.10=GBP576,736,624.40",Whole-list annual-report pass: Full-remainder review: Candidate is issued/allotted shares including treasury; not equivalent to required shares outstanding unless treasury holdings are separately and exactly resolved.
WORK_000543,52,120.0,18.8,03591559,Old Mutual,OML,2012,4895621113,,allotted incl treasury,TREASURY_TREATMENT_REQUIRED,REVIEW,https://find-and-update.company-information.service.gov.uk/company/03591559/filing-history/MzA4MTMwNDY5NmFkaXF6a2N4/document?format=pdf&download=0,"CH annual return, filing dated 2013-05-31; allotted incl. treasury; VISUAL READ: AR01 F1 Ordinary 4,895,621,113; par 11 3/7p per F4 (=GBP4/35); x=GBP559,499,555.77 (sub-penny par rounds); OMPLC/2 Lambeth Hill confirm Old Mutual plc",Whole-list annual-report pass: Full-remainder review: Candidate is issued/allotted shares including treasury; not equivalent to required shares outstanding unless treasury holdings are separately and exactly resolved.
WORK_000544,52,120.0,18.8,03591559,Old Mutual,OML,2013,4898542987,,allotted incl treasury,TREASURY_TREATMENT_REQUIRED,REVIEW,https://find-and-update.company-information.service.gov.uk/company/03591559/filing-history/MzEwMjg1ODY3MWFkaXF6a2N4/document?format=pdf&download=0,"CH annual return, filing dated 2014-05-31; allotted incl. treasury; par ~GBP0.1143 (odd par); agg GBP559903463.41; VISUAL READ: AR01 F1 Ordinary 4,898,542,987 (official Number-of-shares box; Totals match); agg GBP559,903,463.41; between 2012 (4,895,621,113) & 2014 (4,929,936,178)",Whole-list annual-report pass: Full-remainder review: Candidate is issued/allotted shares including treasury; not equivalent to required shares outstanding unless treasury holdings are separately and exactly resolved.
WORK_000545,52,120.0,18.8,03591559,Old Mutual,OML,2017,4932795579,,allotted incl treasury,TREASURY_TREATMENT_REQUIRED,REVIEW,https://find-and-update.company-information.service.gov.uk/company/03591559/filing-history/MzIwNzU3MDQyM2FkaXF6a2N4/document?format=pdf&download=0,"fet lacsi le mele. GBP | ORDINARY 11 3/7p |4,932,795,579 | £563,748,066.17 po Totals | 4,932,795,579 £563,748,066.17 | £",Whole-list annual-report pass: Full-remainder review: Candidate is issued/allotted shares including treasury; not equivalent to required shares outstanding unless treasury holdings are separately and exactly resolved.
WORK_000546,53,120.0,17.2,04039524,P&O Princess Cruises,PNO,2001,692630749,,allotted incl treasury,TREASURY_TREATMENT_REQUIRED,REVIEW,https://find-and-update.company-information.service.gov.uk/company/04039524/filing-history/ODkxNjU4OTVhZGlxemtjeA/document?format=pdf&download=0,"statement of capital, filing dated 2001-09-14; status=OCR_EXTRACTED",Whole-list annual-report pass: Full-remainder review: Candidate is issued/allotted shares including treasury; not equivalent to required shares outstanding unless treasury holdings are separately and exactly resolved.
WORK_000547,53,120.0,17.2,04039524,P&O Princess Cruises,PNO,2002,693062199,,allotted incl treasury,TREASURY_TREATMENT_REQUIRED,REVIEW,https://find-and-update.company-information.service.gov.uk/company/04039524/filing-history/NjU5NTEwODhhZGlxemtjeA/document?format=pdf&download=0,"statement of capital, filing dated 2002-08-27; status=OCR_EXTRACTED",Whole-list annual-report pass: Full-remainder review: Candidate is issued/allotted shares including treasury; not equivalent to required shares outstanding unless treasury holdings are separately and exactly resolved.
WORK_000548,53,120.0,17.2,04039524,Carnival,CCL,2003,210000000,2003-11-30,"issued incl treasury, Carnival plc ordinary shares, balance sheet rounded to nearest million as disclosed",TREASURY_TREATMENT_REQUIRED,REVIEW,https://www.annualreports.com/HostedData/AnnualReportArchive/c/NYSE_CCL_2003.pdf,Ordinary shares of Carnival plc; $1.66 stated value; 226 shares authorized; 210 shares issued,Whole-list annual-report pass: Full-remainder review: Candidate is issued/allotted shares including treasury; not equivalent to required shares outstanding unless treasury holdings are separately and exactly resolved.
WORK_000549,53,120.0,17.2,04039524,Carnival,CCL,2004,212000000,2004-11-30,"issued incl treasury, Carnival plc ordinary shares, balance sheet rounded to nearest million as disclosed",TREASURY_TREATMENT_REQUIRED,REVIEW,https://www.annualreports.com/HostedData/AnnualReportArchive/c/NYSE_CCL_2004.pdf,Ordinary shares of Carnival plc; $1.66 stated value; 226 shares authorized; 212 shares at 2004 and 210 at 2003 issued,Whole-list annual-report pass: Full-remainder review: Candidate is issued/allotted shares including treasury; not equivalent to required shares outstanding unless treasury holdings are separately and exactly resolved.
WORK_000550,53,120.0,17.2,04039524,Carnival,CCL,2005,212000000,2005-11-30,"issued incl treasury, Carnival plc ordinary shares, balance sheet rounded to nearest million as disclosed",TREASURY_TREATMENT_REQUIRED,REVIEW,https://www.annualreports.com/HostedData/AnnualReportArchive/c/NYSE_CCL_2005.pdf,Ordinary shares of Carnival plc; $1.66 par value; 226 shares authorized; 212 shares at 2005 and 2004 issued,Whole-list annual-report pass: Full-remainder review: Candidate is issued/allotted shares including treasury; not equivalent to required shares outstanding unless treasury holdings are separately and exactly resolved.
WORK_000551,53,120.0,17.2,04039524,Carnival,CCL,2006,213000000,2006-11-30,"issued incl treasury, Carnival plc ordinary shares, balance sheet rounded to nearest million as disclosed",TREASURY_TREATMENT_REQUIRED,REVIEW,https://www.annualreports.com/HostedData/AnnualReportArchive/c/NYSE_CCL_2006.pdf,Ordinary shares of Carnival plc; $1.66 par value; 226 shares authorized; 213 shares at 2006 and 212 shares at 2005 issued,Whole-list annual-report pass: Full-remainder review: Candidate is issued/allotted shares including treasury; not equivalent to required shares outstanding unless treasury holdings are separately and exactly resolved.
WORK_000552,53,120.0,17.2,04039524,Carnival,CCL,2007,213000000,2007-11-30,"issued incl treasury, Carnival plc ordinary shares, balance sheet rounded to nearest million as disclosed",TREASURY_TREATMENT_REQUIRED,REVIEW,https://www.annualreports.com/HostedData/AnnualReportArchive/c/NYSE_CCL_2007.pdf,Ordinary shares of Carnival plc; $1.66 par value; 226 shares authorized; 213 shares at 2007 and 2006 issued,Whole-list annual-report pass: Full-remainder review: Candidate is issued/allotted shares including treasury; not equivalent to required shares outstanding unless treasury holdings are separately and exactly resolved.
WORK_000553,53,120.0,17.2,04039524,Carnival,CCL,2008,213000000,2008-11-30,"issued incl treasury, Carnival plc ordinary shares, balance sheet rounded to nearest million as disclosed",TREASURY_TREATMENT_REQUIRED,REVIEW,https://www.annualreports.com/HostedData/AnnualReportArchive/c/NYSE_CCL_2008.pdf,Ordinary shares of Carnival plc; $1.66 par value; 226 shares authorized; 213 shares at 2008 and 2007 issued,Whole-list annual-report pass: Full-remainder review: Candidate is issued/allotted shares including treasury; not equivalent to required shares outstanding unless treasury holdings are separately and exactly resolved.
WORK_000554,53,120.0,17.2,04039524,Carnival,CCL,2009,213000000,2009-11-30,"issued incl treasury, Carnival plc ordinary shares, balance sheet rounded to nearest million as disclosed",TREASURY_TREATMENT_REQUIRED,REVIEW,https://www.annualreports.com/HostedData/AnnualReportArchive/c/NYSE_CCL_2009.pdf,Ordinary shares of Carnival plc; $1.66 par value; 226 shares authorized; 213 shares at 2009 and 2008 issued,Whole-list annual-report pass: Full-remainder review: Candidate is issued/allotted shares including treasury; not equivalent to required shares outstanding unless treasury holdings are separately and exactly resolved.
WORK_000555,53,120.0,17.2,04039524,Carnival,CCL,2010,214000000,2010-11-30,"issued incl treasury, Carnival plc ordinary shares, balance sheet rounded to nearest million as disclosed",TREASURY_TREATMENT_REQUIRED,REVIEW,https://www.annualreports.com/HostedData/AnnualReportArchive/c/NYSE_CCL_2010.pdf,"Ordinary shares of Carnival plc, $1.66 par value; 214 shares at 2010 and 213 shares at",Whole-list annual-report pass: Full-remainder review: Candidate is issued/allotted shares including treasury; not equivalent to required shares outstanding unless treasury holdings are separately and exactly resolved.
WORK_000556,53,120.0,17.2,04039524,Carnival,CCL,2011,215000000,2011-11-30,"issued incl treasury, Carnival plc ordinary shares, balance sheet rounded to nearest million as disclosed",TREASURY_TREATMENT_REQUIRED,REVIEW,https://www.annualreports.com/HostedData/AnnualReportArchive/c/NYSE_CCL_2011.pdf,"Ordinary shares of Carnival plc, $1.66 par value; 215 shares at 2011 and 214 shares at",Whole-list annual-report pass: Full-remainder review: Candidate is issued/allotted shares including treasury; not equivalent to required shares outstanding unless treasury holdings are separately and exactly resolved.
WORK_000557,53,120.0,17.2,04039524,Carnival,CCL,2012,215000000,2012-11-30,"issued incl treasury, Carnival plc ordinary shares, balance sheet rounded to nearest million as disclosed",TREASURY_TREATMENT_REQUIRED,REVIEW,https://www.annualreports.com/HostedData/AnnualReportArchive/c/NYSE_CCL_2012.pdf,"Ordinary shares of Carnival plc, $1.66 par value; 215 shares at 2012 and 2011",Whole-list annual-report pass: Full-remainder review: Candidate is issued/allotted shares including treasury; not equivalent to required shares outstanding unless treasury holdings are separately and exactly resolved.
WORK_000558,53,120.0,17.2,04039524,Carnival,CCL,2013,216000000,2013-11-30,"issued incl treasury, Carnival plc ordinary shares, balance sheet rounded to nearest million as disclosed",TREASURY_TREATMENT_REQUIRED,REVIEW,https://www.annualreports.com/HostedData/AnnualReportArchive/c/NYSE_CCL_2013.pdf,"Ordinary shares of Carnival plc, $1.66 par value; 216 shares at 2013 and 215 shares at",Whole-list annual-report pass: Full-remainder review: Candidate is issued/allotted shares including treasury; not equivalent to required shares outstanding unless treasury holdings are separately and exactly resolved.
WORK_000559,53,120.0,17.2,04039524,Carnival,CCL,2014,216000000,2014-11-30,"issued incl treasury, Carnival plc ordinary shares, balance sheet rounded to nearest million as disclosed",TREASURY_TREATMENT_REQUIRED,REVIEW,https://www.annualreports.com/HostedData/AnnualReportArchive/c/NYSE_CCL_2014.pdf,"Ordinary shares of Carnival plc, $1.66 par value; 216 shares at 2014 and 2013 issued",Whole-list annual-report pass: Full-remainder review: Candidate is issued/allotted shares including treasury; not equivalent to required shares outstanding unless treasury holdings are separately and exactly resolved.
WORK_000560,53,120.0,17.2,04039524,Carnival,CCL,2015,216000000,2015-11-30,"issued incl treasury, Carnival plc ordinary shares, balance sheet rounded to nearest million as disclosed",TREASURY_TREATMENT_REQUIRED,REVIEW,https://www.annualreports.com/HostedData/AnnualReportArchive/c/NYSE_CCL_2016.pdf,"Ordinary shares of Carnival plc, $1.66 par value; 217 shares at 2016 and 216 shares at 2015 issued",Whole-list annual-report pass: Full-remainder review: Candidate is issued/allotted shares including treasury; not equivalent to required shares outstanding unless treasury holdings are separately and exactly resolved.
WORK_000561,53,120.0,17.2,04039524,Carnival,CCL,2016,217000000,2016-11-30,"issued incl treasury, Carnival plc ordinary shares, balance sheet rounded to nearest million as disclosed",TREASURY_TREATMENT_REQUIRED,REVIEW,https://www.annualreports.com/HostedData/AnnualReportArchive/c/NYSE_CCL_2016.pdf,"Ordinary shares of Carnival plc, $1.66 par value; 217 shares at 2016 and 216 shares at",Whole-list annual-report pass: Full-remainder review: Candidate is issued/allotted shares including treasury; not equivalent to required shares outstanding unless treasury holdings are separately and exactly resolved.
WORK_000562,53,120.0,17.2,04039524,Carnival,CCL,2017,217000000,2017-11-30,"issued incl treasury, Carnival plc ordinary shares, balance sheet rounded to nearest million as disclosed",TREASURY_TREATMENT_REQUIRED,REVIEW,https://www.annualreports.com/HostedData/AnnualReportArchive/c/NYSE_CCL_2017.pdf,"Ordinary shares of Carnival plc, $1.66 par value; 217 shares at 2017 and 2016 issued",Whole-list annual-report pass: Full-remainder review: Candidate is issued/allotted shares including treasury; not equivalent to required shares outstanding unless treasury holdings are separately and exactly resolved.
WORK_000563,54,116.0,21.6,SC016288,Scottish & Newcastle Plc,SN,2004,895000000,2004-12-31,"number of 20p ordinary shares in issue at 31 December 2004 (balance-sheet date), per Note 24 statement of changes in share capital (comparative column); not the EPS weighted average",TREASURY_TREATMENT_REQUIRED,REVIEW,https://find-and-update.company-information.service.gov.uk/company/SC016288/filing-history,"At 31 December 2004 895 179 1,124 {10) 1,293",Whole-list annual-report pass: Full-remainder review: Source may establish issued/allotted shares but does not unambiguously establish shares outstanding excluding treasury.
WORK_000564,54,116.0,21.6,SC016288,Scottish & Newcastle Plc,SN,2005,897000000,2005-12-31,"number of 20p ordinary shares in issue at 31 December 2005 (balance-sheet date), per Note 24 statement of changes in share capital; not the EPS weighted average",TREASURY_TREATMENT_REQUIRED,REVIEW,https://find-and-update.company-information.service.gov.uk/company/SC016288/filing-history,"At31 December 2005 897 179 1,132 - 1,311",Whole-list annual-report pass: Full-remainder review: Source may establish issued/allotted shares but does not unambiguously establish shares outstanding excluding treasury.
WORK_000565,54,116.0,21.6,SC016288,Scottish & Newcastle Plc,SN,2006,941856572,2006-12-31,"total number of 20p ordinary shares in issue at 31 December 2006 (balance-sheet date), per the shareholder analysis table total; not the EPS weighted average",TREASURY_TREATMENT_REQUIRED,REVIEW,https://find-and-update.company-information.service.gov.uk/company/SC016288/filing-history,"63,731 100 00 941,856,572 100 00",Whole-list annual-report pass: Full-remainder review: Source may establish issued/allotted shares but does not unambiguously establish shares outstanding excluding treasury.
WORK_000566,54,116.0,21.6,SC016288,Scottish & Newcastle Plc,SN,2007,948000000,2007-12-31,"number of 20p ordinary shares in issue at 31 December 2007 (balance-sheet date), per Note 25 statement of changes in share capital; not the EPS weighted average",TREASURY_TREATMENT_REQUIRED,REVIEW,https://find-and-update.company-information.service.gov.uk/company/SC016288/filing-history,"At 34 December 2007 948 190 1,358 1,548",Whole-list annual-report pass: Full-remainder review: Source may establish issued/allotted shares but does not unambiguously establish shares outstanding excluding treasury.
WORK_000567,55,115.5,17.5,03528416,SABMiller,SAB,2002,998802609,,allotted incl treasury,TREASURY_TREATMENT_REQUIRED,REVIEW,https://find-and-update.company-information.service.gov.uk/company/03528416/filing-history/ODYyOTI4MjBhZGlxemtjeA/document?format=pdf&download=0,"CH annual return, filing dated 2003-05-16; allotted incl. treasury; par US$0.10; agg 99880260.90; VISUAL READ: SABMiller co 03528416 ORDINARY US$0.10 998,802,609 (US$); conv-participating 195,051,230 + non-vote 77,368,338 + deferred excl",Whole-list annual-report pass: Full-remainder review: Candidate is issued/allotted shares including treasury; not equivalent to required shares outstanding unless treasury holdings are separately and exactly resolved.
WORK_000568,55,115.5,17.5,03528416,SABMiller,SAB,2003,1000170608,,allotted incl treasury,TREASURY_TREATMENT_REQUIRED,REVIEW,https://find-and-update.company-information.service.gov.uk/company/03528416/filing-history/NjM5NTAwMzFhZGlxemtjeA/document?format=pdf&download=0,"CH annual return, filing dated 2004-04-29; allotted incl. treasury; par US$0.10; agg 100017060.80; VISUAL READ: SABMiller ORDINARY US$0.10 1,000,170,608; conv/non-vote/deferred excl",Whole-list annual-report pass: Full-remainder review: Candidate is issued/allotted shares including treasury; not equivalent to required shares outstanding unless treasury holdings are separately and exactly resolved.
WORK_000569,55,115.5,17.5,03528416,SABMiller,SAB,2004,1101694813,,allotted incl treasury,TREASURY_TREATMENT_REQUIRED,REVIEW,https://find-and-update.company-information.service.gov.uk/company/03528416/filing-history/MTUyMjY4ODk1YWRpcXprY3g/document?format=pdf&download=0,"CH annual return, filing dated 2005-05-04; allotted incl. treasury; par US$0.10; agg 110169481.30; VISUAL READ: SABMiller ORDINARY US$0.10 1,101,694,813; conv 167,411,024 + non-vote 77,368,338 + deferred excl",Whole-list annual-report pass: Full-remainder review: Candidate is issued/allotted shares including treasury; not equivalent to required shares outstanding unless treasury holdings are separately and exactly resolved.
WORK_000570,55,115.5,17.5,03528416,SABMiller,SAB,2005,1497844458,,allotted incl treasury,TREASURY_TREATMENT_REQUIRED,REVIEW,https://find-and-update.company-information.service.gov.uk/company/03528416/filing-history/MTYxMDMyMzMyYWRpcXprY3g/document?format=pdf&download=0,"CH annual return, filing dated 2006-05-04; allotted incl. treasury; par US$0.10; agg 149784445.80; VISUAL READ: SABMiller ORDINARY US$0.10 1,497,844,458; non-vote 77,368,338 + deferred excl (Bavaria acq issuance)",Whole-list annual-report pass: Full-remainder review: Candidate is issued/allotted shares including treasury; not equivalent to required shares outstanding unless treasury holdings are separately and exactly resolved.
WORK_000571,55,115.5,17.5,03528416,SABMiller,SAB,2006,1502166912,,allotted incl treasury,TREASURY_TREATMENT_REQUIRED,REVIEW,https://find-and-update.company-information.service.gov.uk/company/03528416/filing-history/MTc4NTk2MTMyYWRpcXprY3g/document?format=pdf&download=0,"CH annual return, filing dated 2007-04-16; allotted incl. treasury; par US$0.10; agg 150216691.20; VISUAL READ: SABMiller ORDINARY US$0.10 1,502,166,912; non-vote 77,368,338 + deferred excl",Whole-list annual-report pass: Full-remainder review: Candidate is issued/allotted shares including treasury; not equivalent to required shares outstanding unless treasury holdings are separately and exactly resolved.
WORK_000572,55,115.5,17.5,03528416,SABMiller,SAB,2007,1505614776,,allotted incl treasury,TREASURY_TREATMENT_REQUIRED,REVIEW,https://find-and-update.company-information.service.gov.uk/company/03528416/filing-history/MjAwMzUyODY1MmFkaXF6a2N4/document?format=pdf&download=0,"CH annual return, filing dated 2008-04-22; allotted incl. treasury; par US$0.10; agg 150561477.60; VISUAL READ: SABMiller 363a ORDINARY US$0.10 1,505,614,776; non-vote + deferred excl; p27 co 03528416",Whole-list annual-report pass: Full-remainder review: Candidate is issued/allotted shares including treasury; not equivalent to required shares outstanding unless treasury holdings are separately and exactly resolved.
WORK_000573,55,115.5,17.5,03528416,SABMiller,SAB,2008,1585316169,,allotted incl treasury,TREASURY_TREATMENT_REQUIRED,REVIEW,https://find-and-update.company-information.service.gov.uk/company/03528416/filing-history/MjAzMTk5MDQ4OGFkaXF6a2N4/document?format=pdf&download=0,"CH annual return, filing dated 2009-05-01; allotted incl. treasury; par US$0.10; agg 158531616.90; VISUAL READ: SABMiller ORDINARY US$0.10 1,585,316,169; deferred GBP1 50,000 excl; adj 2009=1.654bn",Whole-list annual-report pass: Full-remainder review: Candidate is issued/allotted shares including treasury; not equivalent to required shares outstanding unless treasury holdings are separately and exactly resolved.
WORK_000574,55,115.5,17.5,03528416,SABMiller,SAB,2009,1654238178,,allotted incl treasury,TREASURY_TREATMENT_REQUIRED,REVIEW,https://find-and-update.company-information.service.gov.uk/company/03528416/filing-history/MzAxMzcyOTkwOWFkaXF6a2N4/document?format=pdf&download=0,"statement of capital, filing dated 2010-03-17; ADJUDICATED 2026-07-20: total box shows 50,000 + 1,654,238,178: the 50,000 are deferred shares, ordinary = 1,654,238,178 | prior OCR note: TOTAL-shares box, class mix unknown — vfy: Total number of share",Whole-list annual-report pass: Full-remainder review: Candidate is issued/allotted shares including treasury; not equivalent to required shares outstanding unless treasury holdings are separately and exactly resolved.
WORK_000575,55,115.5,17.5,03528416,SABMiller,SAB,2010,1658991914,,allotted incl treasury,TREASURY_TREATMENT_REQUIRED,REVIEW,https://find-and-update.company-information.service.gov.uk/company/03528416/filing-history/MzAzNjgyMjAzNmFkaXF6a2N4/document?format=pdf&download=0,"statement of capital, filing dated 2011-03-18; ADJUDICATED 2026-07-20: same form structure as 2009; ordinary = 1,658,991,914 excl 50,000 deferred | prior OCR note: TOTAL-shares box, class mix unknown — vfy: Total number of shares |59 990 + 1,658,991,914 example £100  [confirmed at 240+300dpi] [jmp vs adjacent year — vfy]",Whole-list annual-report pass: Full-remainder review: Candidate is issued/allotted shares including treasury; not equivalent to required shares outstanding unless treasury holdings are separately and exactly resolved.
WORK_000576,55,115.5,17.5,03528416,SABMiller,SAB,2011,1664117903,,allotted incl treasury,TREASURY_TREATMENT_REQUIRED,REVIEW,https://find-and-update.company-information.service.gov.uk/company/03528416/filing-history/MzA1NjA4OTkzMWFkaXF6a2N4/document?format=pdf&download=0,"statement of capital, filing dated 2012-03-18; ADJUDICATED 2026-07-20: stored 16,641,179,030 = count x10 trailing shift; fits 2009 1.654bn / 2010 1.659bn progression | prior OCR note: line: (Eg Ordinary/Preference etc } each share @ on each share @ [confirmed at 240+300dpi] [jmp vs adjacent year — vfy]",Whole-list annual-report pass: Full-remainder review: Candidate is issued/allotted shares including treasury; not equivalent to required shares outstanding unless treasury holdings are separately and exactly resolved.
WORK_000577,55,115.5,17.5,03528416,SABMiller,SAB,2012,1669563832,,allotted incl treasury,TREASURY_TREATMENT_REQUIRED,REVIEW,https://find-and-update.company-information.service.gov.uk/company/03528416/filing-history/MzA3NjY1NjM2OGFkaXF6a2N4/document?format=pdf&download=0,"CORRECTION of x10 OCR shift (was 16,695,638,320): re-OCR 2026-07-20, p22: ORDINARY 1,669,563,832 | 166,956,383.20 = US$0.10 x count exact; filing dated 2013-03-18",Whole-list annual-report pass: Full-remainder review: Candidate is issued/allotted shares including treasury; not equivalent to required shares outstanding unless treasury holdings are separately and exactly resolved.
WORK_000578,55,115.5,17.5,03528416,SABMiller,SAB,2013,1672944430,,allotted incl treasury,TREASURY_TREATMENT_REQUIRED,REVIEW,https://find-and-update.company-information.service.gov.uk/company/03528416/filing-history/MzA5ODIwMTk5NGFkaXF6a2N4/document?format=pdf&download=0,"statement of capital, filing dated 2014-03-18; ADJUDICATED 2026-07-20: stored 16,729,444,300 = count x10 shift; fits 2011=1,664,117,903 progression | prior OCR note: SUM of 2 ordinary lines — vfy: (Eg Ordinary/Preference etc ) each share @ on each share @; (Eg Ordinary/Preference etc } each share @ on each share",Whole-list annual-report pass: Full-remainder review: Candidate is issued/allotted shares including treasury; not equivalent to required shares outstanding unless treasury holdings are separately and exactly resolved.
WORK_000579,55,115.5,17.5,03528416,SABMiller,SAB,2014,1675544684,,allotted incl treasury,TREASURY_TREATMENT_REQUIRED,REVIEW,https://find-and-update.company-information.service.gov.uk/company/03528416/filing-history/MzEyMTMzNTEwM2FkaXF6a2N4/document?format=pdf&download=0,"CORRECTION of x10 OCR shift (was 16,755,446,840): re-OCR 2026-07-20, p21: Ordinary 1,675,544,684 | US$167,554,468.40 = US$0.10 x count exact; filing dated 2015-03-18",Whole-list annual-report pass: Full-remainder review: Candidate is issued/allotted shares including treasury; not equivalent to required shares outstanding unless treasury holdings are separately and exactly resolved.
WORK_000580,55,115.5,17.5,03528416,SABMiller,SAB,2015,1679555424,,allotted incl treasury,TREASURY_TREATMENT_REQUIRED,REVIEW,https://find-and-update.company-information.service.gov.uk/company/03528416/filing-history/MzE0ODUzNTA4OWFkaXF6a2N4/document?format=pdf&download=0,"CH annual return, filing dated 2016-03-18; allotted incl. treasury; par US$0.10; agg 167955542.40; VISUAL READ: SABMiller AR01 F2 ORDINARY US$0.10 1,679,555,424; deferred excl; adj 2014=1.676bn",Whole-list annual-report pass: Full-remainder review: Candidate is issued/allotted shares including treasury; not equivalent to required shares outstanding unless treasury holdings are separately and exactly resolved.
WORK_000581,56,113.5,15.9,00527217,RECKITT BENCKISER GROUP PLC,RKT,2000,629720208,2000-12-31,"allotted, called up and fully paid (ordinary shares, incl any treasury)",CANDIDATE_REJECTED_REPLACEMENT_REQUIRED,REVIEW,https://find-and-update.company-information.service.gov.uk/company/00527217,Company 00527217 was RECKITT BENCKISER PLC from 3 December 1999 to 14 August 2020.,"Rejected-candidate remediation confirms 00527217 was the relevant Reckitt Benckiser plc legal entity for this period, but no primary same-date evidence has yet recovered an exact treasury-excluded outstanding-share count. The inherited candidate remains rejected rather than being rescued by identity evidence alone."
WORK_000582,56,113.5,15.9,00527217,RECKITT BENCKISER GROUP PLC,RKT,2001,634116196,2001-12-31,"allotted, called up and fully paid (ordinary shares, incl any treasury)",CANDIDATE_REJECTED_REPLACEMENT_REQUIRED,REVIEW,https://find-and-update.company-information.service.gov.uk/company/00527217,Company 00527217 was RECKITT BENCKISER PLC from 3 December 1999 to 14 August 2020.,"Rejected-candidate remediation confirms 00527217 was the relevant Reckitt Benckiser plc legal entity for this period, but no primary same-date evidence has yet recovered an exact treasury-excluded outstanding-share count. The inherited candidate remains rejected rather than being rescued by identity evidence alone."
WORK_000583,56,113.5,15.9,00527217,RECKITT BENCKISER GROUP PLC,RKT,2002,705462977,2002-12-31,"allotted, called up and fully paid (ordinary shares, incl any treasury)",CANDIDATE_REJECTED_REPLACEMENT_REQUIRED,REVIEW,https://find-and-update.company-information.service.gov.uk/company/00527217,Company 00527217 was RECKITT BENCKISER PLC from 3 December 1999 to 14 August 2020.,"Rejected-candidate remediation confirms 00527217 was the relevant Reckitt Benckiser plc legal entity for this period, but no primary same-date evidence has yet recovered an exact treasury-excluded outstanding-share count. The inherited candidate remains rejected rather than being rescued by identity evidence alone."
WORK_000584,56,113.5,15.9,00527217,RECKITT BENCKISER GROUP PLC,RKT,2003,707718372,2003-12-31,"allotted, called up and fully paid (ordinary shares, incl any treasury)",CANDIDATE_REJECTED_REPLACEMENT_REQUIRED,REVIEW,https://find-and-update.company-information.service.gov.uk/company/00527217,Company 00527217 was RECKITT BENCKISER PLC from 3 December 1999 to 14 August 2020.,"Rejected-candidate remediation confirms 00527217 was the relevant Reckitt Benckiser plc legal entity for this period, but no primary same-date evidence has yet recovered an exact treasury-excluded outstanding-share count. The inherited candidate remains rejected rather than being rescued by identity evidence alone."
WORK_000585,56,113.5,15.9,00527217,RECKITT BENCKISER GROUP PLC,RKT,2004,724535944,2004-12-31,"allotted, called up and fully paid (ordinary shares, incl any treasury)",CANDIDATE_REJECTED_REPLACEMENT_REQUIRED,REVIEW,https://find-and-update.company-information.service.gov.uk/company/00527217,Company 00527217 was RECKITT BENCKISER PLC from 3 December 1999 to 14 August 2020.,"Rejected-candidate remediation confirms 00527217 was the relevant Reckitt Benckiser plc legal entity for this period, but no primary same-date evidence has yet recovered an exact treasury-excluded outstanding-share count. The inherited candidate remains rejected rather than being rescued by identity evidence alone."
WORK_000586,56,113.5,15.9,00527217,RECKITT BENCKISER GROUP PLC,RKT,2005,722160934,2005-12-31,"allotted, called up and fully paid (ordinary shares, incl any treasury)",CANDIDATE_REJECTED_REPLACEMENT_REQUIRED,REVIEW,https://find-and-update.company-information.service.gov.uk/company/00527217,Company 00527217 was RECKITT BENCKISER PLC from 3 December 1999 to 14 August 2020.,"Rejected-candidate remediation confirms 00527217 was the relevant Reckitt Benckiser plc legal entity for this period, but no primary same-date evidence has yet recovered an exact treasury-excluded outstanding-share count. The inherited candidate remains rejected rather than being rescued by identity evidence alone."
WORK_000587,56,113.5,15.9,00527217,RECKITT BENCKISER GROUP PLC,RKT,2006,719541771,2006-12-31,"allotted, called up and fully paid (ordinary shares, incl any treasury)",CANDIDATE_REJECTED_REPLACEMENT_REQUIRED,REVIEW,https://find-and-update.company-information.service.gov.uk/company/00527217,Company 00527217 was RECKITT BENCKISER PLC from 3 December 1999 to 14 August 2020.,"Rejected-candidate remediation confirms 00527217 was the relevant Reckitt Benckiser plc legal entity for this period, but no primary same-date evidence has yet recovered an exact treasury-excluded outstanding-share count. The inherited candidate remains rejected rather than being rescued by identity evidence alone."
WORK_000588,57,112.0,16.0,02081330,Capita Group,CPI,2000,216066439,2000-04-18,"Ordinary 2p shares issued (allotted, incl. treasury) at 18 April 2000 (annual return made-up date, closest available to calendar year 2000); not the EPS weighted average",TREASURY_TREATMENT_REQUIRED,REVIEW,https://find-and-update.company-information.service.gov.uk/company/02081330/filing-history,"Number of shares issued: 216,066,439.",Whole-list annual-report pass: Full-remainder review: Source may establish issued/allotted shares but does not unambiguously establish shares outstanding excluding treasury.
WORK_000589,57,112.0,16.0,02081330,Capita Group,CPI,2001,656872807,2001-04-18,"Ordinary 2p shares issued (allotted, incl. treasury) at 18 April 2001 (annual return made-up date, closest available to calendar year 2001); not the EPS weighted average",TREASURY_TREATMENT_REQUIRED,REVIEW,https://find-and-update.company-information.service.gov.uk/company/02081330/filing-history,"Number of shares issued: 656,872,807.",Whole-list annual-report pass: Full-remainder review: Source may establish issued/allotted shares but does not unambiguously establish shares outstanding excluding treasury.
WORK_000590,57,112.0,16.0,02081330,Capita Group,CPI,2002,663505227,2002-04-18,"Ordinary 2p shares issued (allotted, incl. treasury) at 18 April 2002 (annual return made-up date, closest available to calendar year 2002); not the EPS weighted average",TREASURY_TREATMENT_REQUIRED,REVIEW,https://find-and-update.company-information.service.gov.uk/company/02081330/filing-history,"Corrected total Number of shares issued: 663,505,227.",Whole-list annual-report pass: Full-remainder review: Source may establish issued/allotted shares but does not unambiguously establish shares outstanding excluding treasury.
WORK_000591,57,112.0,16.0,02081330,Capita Group,CPI,2004,667375336,2004-04-18,"Ordinary 2p shares issued (allotted, incl. treasury) at 18 April 2004 (annual return made-up date, closest available to calendar year 2004); not the EPS weighted average",TREASURY_TREATMENT_REQUIRED,REVIEW,https://find-and-update.company-information.service.gov.uk/company/02081330/filing-history,"Number of shares issued: 667,375,336.",Whole-list annual-report pass: Full-remainder review: Observation cannot be mapped unambiguously to a frozen V1.0 membership record.
WORK_000592,57,112.0,16.0,02081330,Capita Group,CPI,2005,672433132,2005-04-18,"Ordinary 2p shares issued (allotted, incl. treasury) at 18 April 2005 (annual return made-up date, closest available to calendar year 2005); not the EPS weighted average",TREASURY_TREATMENT_REQUIRED,REVIEW,https://find-and-update.company-information.service.gov.uk/company/02081330/filing-history,"Number of shares issued: 672,433,132.",Whole-list annual-report pass: Full-remainder review: Source may establish issued/allotted shares but does not unambiguously establish shares outstanding excluding treasury.
WORK_000593,57,112.0,16.0,02081330,Capita Group,CPI,2006,664684632,2006-04-18,"Ordinary 2p shares issued (allotted, incl. treasury) at 18 April 2006 (annual return made-up date, closest available to calendar year 2006); not the EPS weighted average",TREASURY_TREATMENT_REQUIRED,REVIEW,https://find-and-update.company-information.service.gov.uk/company/02081330/filing-history,"Number of shares issued: 664,684,632.",Whole-list annual-report pass: Full-remainder review: Source may establish issued/allotted shares but does not unambiguously establish shares outstanding excluding treasury.
WORK_000594,57,112.0,16.0,02081330,Capita Group,CPI,2007,618074499,2007-04-18,"Ordinary 2p shares issued (allotted, incl. treasury) at 18 April 2007 (annual return made-up date, closest available to calendar year 2007); not the EPS weighted average",TREASURY_TREATMENT_REQUIRED,REVIEW,https://find-and-update.company-information.service.gov.uk/company/02081330/filing-history,"Ordinary 2p 618,074,499 12,361,489 98",Whole-list annual-report pass: Full-remainder review: Source may establish issued/allotted shares but does not unambiguously establish shares outstanding excluding treasury.
WORK_000595,57,112.0,16.0,02081330,Capita Group,CPI,2008,613196409,2008-04-18,"Ordinary shares issued (allotted, incl. treasury) at 18 April 2008 (annual return made-up date, closest available to calendar year 2008); not the EPS weighted average",TREASURY_TREATMENT_REQUIRED,REVIEW,https://find-and-update.company-information.service.gov.uk/company/02081330/filing-history,"Totals 613,196,409 12,672 725 79 a",Whole-list annual-report pass: Full-remainder review: Source may establish issued/allotted shares but does not unambiguously establish shares outstanding excluding treasury.
WORK_000596,57,112.0,16.0,02081330,Capita Group,CPI,2009,627244915,,allotted incl treasury,TREASURY_TREATMENT_REQUIRED,REVIEW,https://find-and-update.company-information.service.gov.uk/company/02081330/filing-history/MzAxNDY3ODAxMWFkaXF6a2N4/document?format=pdf&download=0,"Total number of shares [627,244,915 example £100 + 6100 + Seen",Whole-list annual-report pass: Full-remainder review: Candidate is issued/allotted shares including treasury; not equivalent to required shares outstanding unless treasury holdings are separately and exactly resolved.
WORK_000597,57,112.0,16.0,02081330,Capita Group,CPI,2010,627477695,,allotted incl treasury,TREASURY_TREATMENT_REQUIRED,REVIEW,https://find-and-update.company-information.service.gov.uk/company/02081330/filing-history/MzAzMjI2NzYxMGFkaXF6a2N4/document?format=pdf&download=0,"Total number of shares [627,477,695 example £100 + e100 + $10 etc",Whole-list annual-report pass: Full-remainder review: Candidate is issued/allotted shares including treasury; not equivalent to required shares outstanding unless treasury holdings are separately and exactly resolved.
WORK_000598,57,112.0,16.0,02081330,Capita Group,CPI,2011,627638143,,allotted incl treasury,TREASURY_TREATMENT_REQUIRED,REVIEW,https://find-and-update.company-information.service.gov.uk/company/02081330/filing-history/MzA1MjgxODYwOGFkaXF6a2N4/document?format=pdf&download=0,"Totals 627,638,143 |£ 12,973,280 42",Whole-list annual-report pass: Full-remainder review: Candidate is issued/allotted shares including treasury; not equivalent to required shares outstanding unless treasury holdings are separately and exactly resolved.
WORK_000599,57,112.0,16.0,02081330,Capita Group,CPI,2012,668473015,,allotted incl treasury,TREASURY_TREATMENT_REQUIRED,REVIEW,https://find-and-update.company-information.service.gov.uk/company/02081330/filing-history/MzA3MjcwOTkxNmFkaXF6a2N4/document?format=pdf&download=0,"Ordinary 0.73 | 0.00 | 668,473,015 | GBP13,817,337.22 (explicit class row)",Whole-list annual-report pass: Full-remainder review: Candidate is issued/allotted shares including treasury; not equivalent to required shares outstanding unless treasury holdings are separately and exactly resolved.
WORK_000600,57,112.0,16.0,02081330,Capita Group,CPI,2013,668473015,2013-01-31,"Ordinary shares issued (allotted, incl. treasury) at made-up date closest to calendar year 2013, per Part 3 Statement of capital; not the EPS weighted average",TREASURY_TREATMENT_REQUIRED,REVIEW,https://find-and-update.company-information.service.gov.uk/company/02081330/filing-history/9mWwrBjscsx-9zQxR1-Sf6q6Ea0jqValwtk1NgRHCnI,"Ordinary 0 73 0 00 668,473,015/£ 13,817,337 22",Whole-list annual-report pass: Full-remainder review: Source may establish issued/allotted shares but does not unambiguously establish shares outstanding excluding treasury.
WORK_000601,57,112.0,16.0,02081330,Capita Group,CPI,2014,669875734,2014-01-31,"Ordinary shares issued (allotted, incl. treasury) at made-up date closest to calendar year 2014, per Part 3 Statement of capital; not the EPS weighted average",TREASURY_TREATMENT_REQUIRED,REVIEW,https://find-and-update.company-information.service.gov.uk/company/02081330/filing-history/FNGA30qSYcOMvQ-HUf6mgWqLSB4zUkTTbWYIu6L1k5s,"Ordinary 0 75 QO 00 669,875, 734/£ 13,846,331 42",Whole-list annual-report pass: Full-remainder review: Source may establish issued/allotted shares but does not unambiguously establish shares outstanding excluding treasury.
WORK_000602,57,112.0,16.0,02081330,Capita Group,CPI,2015,670088933,2015-01-31,"Ordinary shares issued (allotted, incl. treasury) at made-up date closest to calendar year 2015, per Part 3 Statement of capital; not the EPS weighted average",TREASURY_TREATMENT_REQUIRED,REVIEW,https://find-and-update.company-information.service.gov.uk/company/02081330/filing-history/MzExNzIxMjU3NmFkaXF6a2N4,"Ordinary 0.75 0.00 670,088,933/£ 13,850,738.25",Whole-list annual-report pass: Full-remainder review: Source may establish issued/allotted shares but does not unambiguously establish shares outstanding excluding treasury.
WORK_000603,57,112.0,16.0,02081330,Capita Group,CPI,2016,670110205,2016-01-31,"Ordinary shares issued (allotted, incl. treasury) at made-up date closest to calendar year 2016, per Part 4 Statement of capital; not the EPS weighted average",TREASURY_TREATMENT_REQUIRED,REVIEW,https://find-and-update.company-information.service.gov.uk/company/02081330/filing-history/MzE0MzU5NDU5MmFkaXF6a2N4,"Ordinary 0 76 0 00 670,110,205/£ 13,851,177 94",Whole-list annual-report pass: Full-remainder review: Source may establish issued/allotted shares but does not unambiguously establish shares outstanding excluding treasury.
WORK_000604,58,111.0,19.4,03909886,Schroders,SDR,2000,296948794,,allotted incl treasury,TREASURY_TREATMENT_REQUIRED,REVIEW,https://find-and-update.company-information.service.gov.uk/company/03909886/filing-history/MTAxMzE5Nzk5YWRpcXprY3g/document?format=pdf&download=0,"Keyword lines show: 'NON-VOTING ORDINARY 70,926,394' and 'ORDINARY x 226,022,400' totaling 296,948,794","Whole-list annual-report pass: Full-remainder review: Batch 13 REVIEW: REVIEW: candidate combines voting and non-voting ordinary classes as issued/allotted shares. Treasury holdings for the same date/classes are not established, and the exact observation date is absent."
WORK_000605,58,111.0,19.4,03909886,Schroders,SDR,2001,299017551,,allotted incl treasury,TREASURY_TREATMENT_REQUIRED,REVIEW,https://find-and-update.company-information.service.gov.uk/company/03909886/filing-history/MTE1NDgzNDQ1YWRpcXprY3g/document?format=pdf&download=0,"Keyword lines show: 'NON-VOTING ORDINARY 72,995,151' and 'ORDINARY 226,022,400' totaling 299,017,551","Whole-list annual-report pass: Full-remainder review: Batch 13 REVIEW: REVIEW: candidate combines voting and non-voting ordinary classes as issued/allotted shares. Treasury holdings for the same date/classes are not established, and the exact observation date is absent."
WORK_000606,58,111.0,19.4,03909886,Schroders,SDR,2002,295657270,,allotted incl treasury,TREASURY_TREATMENT_REQUIRED,REVIEW,https://find-and-update.company-information.service.gov.uk/company/03909886/filing-history/MTA2NDc1Njk4YWRpcXprY3g/document?format=pdf&download=0,"Keyword lines show: 'NON-VOTING ORDINARY 69,634,870' and 'ORDINARY 226,022,400' totaling 295,657,270","Whole-list annual-report pass: Full-remainder review: Batch 13 REVIEW: REVIEW: candidate combines voting and non-voting ordinary classes as issued/allotted shares. Treasury holdings for the same date/classes are not established, and the exact observation date is absent."
WORK_000607,58,111.0,19.4,03909886,SCHRODERS PLC,SDR,2011,282528000,,allotted incl treasury,TREASURY_TREATMENT_REQUIRED,REVIEW,https://find-and-update.company-information.service.gov.uk/company/03909886/filing-history/MzA1MjM2MzUzM2FkaXF6a2N4/document?format=pdf&download=0,"Keyword lines show: 'Non-voting ordinary 56,505,600' and 'Ordinary 226,022,400' with 'Totals| 282,528,000'","Whole-list annual-report pass: Full-remainder review: Batch 13 REVIEW: REVIEW: candidate combines voting and non-voting ordinary classes as issued/allotted shares. Treasury holdings for the same date/classes are not established, and the exact observation date is absent."
WORK_000608,58,111.0,19.4,03909886,SCHRODERS PLC,SDR,2012,282528000,,allotted incl treasury,TREASURY_TREATMENT_REQUIRED,REVIEW,https://find-and-update.company-information.service.gov.uk/company/03909886/filing-history/MzA3MTk5NDE3N2FkaXF6a2N4/document?format=pdf&download=0,"Keyword lines show: '[Non-voting ordinary 56,505,600' and '| Ordinary 226,022,400' with '| Totals| 282,528,000'","Whole-list annual-report pass: Full-remainder review: Batch 13 REVIEW: REVIEW: candidate combines voting and non-voting ordinary classes as issued/allotted shares. Treasury holdings for the same date/classes are not established, and the exact observation date is absent."
WORK_000609,58,111.0,19.4,03909886,SCHRODERS PLC,SDR,2013,282699870,,allotted incl treasury,TREASURY_TREATMENT_REQUIRED,REVIEW,https://find-and-update.company-information.service.gov.uk/company/03909886/filing-history/MzA5NDcwMDM5MWFkaXF6a2N4/document?format=pdf&download=0,"Keyword lines show: '[Non-voting ordinary 56,677,470' and '(ordinary 226,022,400' with 'Totals' showing 282,699,870","Whole-list annual-report pass: Full-remainder review: Batch 13 REVIEW: REVIEW: candidate combines voting and non-voting ordinary classes as issued/allotted shares. Treasury holdings for the same date/classes are not established, and the exact observation date is absent."
WORK_000610,58,111.0,19.4,03909886,SCHRODERS PLC,SDR,2015,282528000,,allotted incl treasury,TREASURY_TREATMENT_REQUIRED,REVIEW,https://find-and-update.company-information.service.gov.uk/company/03909886/filing-history/MzE0MDY1MzgwNWFkaXF6a2N4/document?format=pdf&download=0,ORDINARY: 226022400; © NON-VOTING ORDINARY: 56505600,"Whole-list annual-report pass: Full-remainder review: Batch 13 REVIEW: REVIEW: candidate combines voting and non-voting ordinary classes as issued/allotted shares. Treasury holdings for the same date/classes are not established, and the exact observation date is absent."
WORK_000611,59,110.0,20.0,00360632,Hammerson Property,HMSO,2007,290828892,,allotted incl treasury,TREASURY_TREATMENT_REQUIRED,REVIEW,https://find-and-update.company-information.service.gov.uk/company/00360632/filing-history/MjAwOTkyODc3NGFkaXF6a2N4/document?format=pdf&download=0,"ORDINARY 25P | 290,828,892 |",Whole-list annual-report pass: Full-remainder review: Candidate is issued/allotted shares including treasury; not equivalent to required shares outstanding unless treasury holdings are separately and exactly resolved.
WORK_000612,59,110.0,20.0,00360632,Hammerson Property,HMSO,2008,696681170,,allotted incl treasury,TREASURY_TREATMENT_REQUIRED,REVIEW,https://find-and-update.company-information.service.gov.uk/company/00360632/filing-history/MjAzNzM0MjcwOWFkaXF6a2N4/document?format=pdf&download=0,"[ORDINARY 25P | 696,681,170",Whole-list annual-report pass: Full-remainder review: Candidate is issued/allotted shares including treasury; not equivalent to required shares outstanding unless treasury holdings are separately and exactly resolved.
WORK_000613,59,110.0,20.0,00360632,Hammerson Property,HMSO,2009,707575725,,allotted incl treasury,TREASURY_TREATMENT_REQUIRED,REVIEW,https://find-and-update.company-information.service.gov.uk/company/00360632/filing-history/MzAxOTQwMjY1OWFkaXF6a2N4/document?format=pdf&download=0,"Part 3 Statement of capital section shows 'ORDINARY 5P ... 707,575,725'; Total number of shares line confirms '[707,575,725'",Whole-list annual-report pass: Full-remainder review: Candidate is issued/allotted shares including treasury; not equivalent to required shares outstanding unless treasury holdings are separately and exactly resolved.
WORK_000614,59,110.0,20.0,00360632,Hammerson Property,HMSO,2010,712610347,,allotted incl treasury,TREASURY_TREATMENT_REQUIRED,REVIEW,https://find-and-update.company-information.service.gov.uk/company/00360632/filing-history/MzA0MDA3NDg5MWFkaXF6a2N4/document?format=pdf&download=0,"Part 3 Statement of capital shows 'ORDINARY 25P lr96 P | [712,610,347'; Totals row confirms '712,610,347'",Whole-list annual-report pass: Full-remainder review: Candidate is issued/allotted shares including treasury; not equivalent to required shares outstanding unless treasury holdings are separately and exactly resolved.
WORK_000615,59,110.0,20.0,00360632,Hammerson Property,HMSO,2016,793219275,,allotted incl treasury,TREASURY_TREATMENT_REQUIRED,REVIEW,https://find-and-update.company-information.service.gov.uk/company/00360632/filing-history/MzE4MDI3NDI2MGFkaXF6a2N4/document?format=pdf&download=0,Statement of Capital shows 'Class of Shares: ORDINARY Number allotted 793219275' and 'Total number of shares: 793219275',Whole-list annual-report pass: Full-remainder review: Candidate is issued/allotted shares including treasury; not equivalent to required shares outstanding unless treasury holdings are separately and exactly resolved.
WORK_000616,60,109.5,17.1,00191285,Rexam,REX,2002,458037013,,allotted incl treasury,TREASURY_TREATMENT_REQUIRED,REVIEW,https://find-and-update.company-information.service.gov.uk/company/00191285/filing-history/Nzc5NTAwNzRhZGlxemtjeA/document?format=pdf&download=0,"CH annual return, filing dated 2003-07-02; allotted incl. treasury; par 64 2/7p (9/14); agg GBP294452365.50; VISUAL READ: Rexam co 00191285 ORDINARY 64 2/7p 458,037,013; pref 69,459,498 excl",Whole-list annual-report pass: Full-remainder review: Candidate is issued/allotted shares including treasury; not equivalent to required shares outstanding unless treasury holdings are separately and exactly resolved.
WORK_000617,60,109.5,17.1,00191285,Rexam,REX,2003,549856971,,allotted incl treasury,TREASURY_TREATMENT_REQUIRED,REVIEW,https://find-and-update.company-information.service.gov.uk/company/00191285/filing-history/MTA5ODMzODQzYWRpcXprY3g/document?format=pdf&download=0,"CH annual return, filing dated 2004-06-25; allotted incl. treasury; par 64 2/7p; agg GBP353479481.36; VISUAL READ: Rexam ORDINARY 64 2/7p 549,856,971; pref 69,417,018 excl; jump=Latasa acq",Whole-list annual-report pass: Full-remainder review: Candidate is issued/allotted shares including treasury; not equivalent to required shares outstanding unless treasury holdings are separately and exactly resolved.
WORK_000618,60,109.5,17.1,00191285,Rexam,REX,2004,551773143,,allotted incl treasury,TREASURY_TREATMENT_REQUIRED,REVIEW,https://find-and-update.company-information.service.gov.uk/company/00191285/filing-history/MTAyMDU2MTM5YWRpcXprY3g/document?format=pdf&download=0,"CH annual return, filing dated 2005-07-04; allotted incl. treasury; par 64 2/7p; agg GBP354711306.21; VISUAL READ: Rexam ORDINARY 64 2/7p 551,773,143; pref 69,397,435 excl",Whole-list annual-report pass: Full-remainder review: Candidate is issued/allotted shares including treasury; not equivalent to required shares outstanding unless treasury holdings are separately and exactly resolved.
WORK_000619,60,109.5,17.1,00191285,Rexam,REX,2005,553590000,2005-12-31,allotted incl treasury,TREASURY_TREATMENT_REQUIRED,REVIEW,https://find-and-update.company-information.service.gov.uk/company/00191285/filing-history,"At 31 December 2005 794,534 553,590 69,399 69,397",Whole-list annual-report pass: Full-remainder review: Candidate is issued/allotted shares including treasury; not equivalent to required shares outstanding unless treasury holdings are separately and exactly resolved.
WORK_000620,60,109.5,17.1,00191285,Rexam,REX,2006,583538894,,allotted incl treasury,TREASURY_TREATMENT_REQUIRED,REVIEW,https://find-and-update.company-information.service.gov.uk/company/00191285/filing-history/MTgxNDM2OTI5YWRpcXprY3g/document?format=pdf&download=0,"CH annual return, filing dated 2007-06-11; allotted incl. treasury; par 64 2/7p; agg GBP375132146.14; VISUAL READ: Rexam ORDINARY 64 2/7p 583,538,894",Whole-list annual-report pass: Full-remainder review: Candidate is issued/allotted shares including treasury; not equivalent to required shares outstanding unless treasury holdings are separately and exactly resolved.
WORK_000621,60,109.5,17.1,00191285,Rexam,REX,2007,642737583,,allotted incl treasury,TREASURY_TREATMENT_REQUIRED,REVIEW,https://find-and-update.company-information.service.gov.uk/company/00191285/filing-history/MjAwODc2NjEwN2FkaXF6a2N4/document?format=pdf&download=0,"CH annual return, filing dated 2008-07-10; allotted incl. treasury; par 64 2/7p; agg GBP413188446.21; VISUAL READ: Rexam ORDINARY 64 2/7p 642,737,583",Whole-list annual-report pass: Full-remainder review: Candidate is issued/allotted shares including treasury; not equivalent to required shares outstanding unless treasury holdings are separately and exactly resolved.
WORK_000622,60,109.5,17.1,00191285,Rexam,REX,2008,642948513,,allotted incl treasury,TREASURY_TREATMENT_REQUIRED,REVIEW,https://find-and-update.company-information.service.gov.uk/company/00191285/filing-history/MjAzNTE0MjA1NmFkaXF6a2N4/document?format=pdf&download=0,"CH annual return, filing dated 2009-06-16; allotted incl. treasury; par 64 2/7p; agg GBP413324044.07; VISUAL READ: Rexam 363a ORDINARY 64 2/7p 642,948,513",Whole-list annual-report pass: Full-remainder review: Candidate is issued/allotted shares including treasury; not equivalent to required shares outstanding unless treasury holdings are separately and exactly resolved.
WORK_000623,60,109.5,17.1,00191285,Rexam,REX,2009,876852430,,allotted incl treasury,TREASURY_TREATMENT_REQUIRED,REVIEW,https://find-and-update.company-information.service.gov.uk/company/00191285/filing-history/MzAxNzExNzgwN2FkaXF6a2N4/document?format=pdf&download=0,"CH annual return, filing dated 2010-05-25; allotted incl. treasury; par 64 2/7p; agg GBP563690847.86; VISUAL READ: Rexam AR01 ORDINARY 64 2/7p 876,852,430; jump=2009 rights issue",Whole-list annual-report pass: Full-remainder review: Candidate is issued/allotted shares including treasury; not equivalent to required shares outstanding unless treasury holdings are separately and exactly resolved.
WORK_000624,60,109.5,17.1,00191285,Rexam,REX,2010,876864000,2010-12-31,allotted incl treasury,TREASURY_TREATMENT_REQUIRED,REVIEW,https://www.annualreports.com/HostedData/AnnualReportArchive/r/LSE_REX.L_2010.pdf,"At 31 December                                                                                                          876,864               876,829",Whole-list annual-report pass: Full-remainder review: Candidate is issued/allotted shares including treasury; not equivalent to required shares outstanding unless treasury holdings are separately and exactly resolved.
WORK_000625,60,109.5,17.1,00191285,Rexam,REX,2011,877236133,,allotted incl treasury,TREASURY_TREATMENT_REQUIRED,REVIEW,https://find-and-update.company-information.service.gov.uk/company/00191285/filing-history/MzA1OTQ1NjIxMWFkaXF6a2N4/document?format=pdf&download=0,"CH annual return, filing dated 2012-05-25; allotted incl. treasury; par 64 2/7p; agg GBP563937514.07; VISUAL READ: Rexam AR01 ORDINARY 64 2/7p 877,236,133",Whole-list annual-report pass: Full-remainder review: Candidate is issued/allotted shares including treasury; not equivalent to required shares outstanding unless treasury holdings are separately and exactly resolved.
WORK_000626,60,109.5,17.1,00191285,Rexam,REX,2012,791529219,,allotted incl treasury,TREASURY_TREATMENT_REQUIRED,REVIEW,https://find-and-update.company-information.service.gov.uk/company/00191285/filing-history/MzA4MDg5NTMwOWFkaXF6a2N4/document?format=pdf&download=0,,Whole-list annual-report pass: Full-remainder review: Candidate is issued/allotted shares including treasury; not equivalent to required shares outstanding unless treasury holdings are separately and exactly resolved.
WORK_000627,60,109.5,17.1,00191285,Rexam,REX,2013,791978018,,allotted incl treasury,TREASURY_TREATMENT_REQUIRED,REVIEW,https://find-and-update.company-information.service.gov.uk/company/00191285/filing-history/MzEwMjk2NjY2M2FkaXF6a2N4/document?format=pdf&download=0,,Whole-list annual-report pass: Full-remainder review: Candidate is issued/allotted shares including treasury; not equivalent to required shares outstanding unless treasury holdings are separately and exactly resolved.
WORK_000628,61,107.0,18.6,03849958,ADMIRAL GROUP PLC,ADM,2007,262721426,,allotted incl treasury,TREASURY_TREATMENT_REQUIRED,REVIEW,https://find-and-update.company-information.service.gov.uk/company/03849958/filing-history/MTg2NDkxOTAxYWRpcXprY3g/document?format=pdf&download=0,"Ordinary | 262,721,426 | £262,721.43 (other Ordinary classes A-E all zero)",Whole-list annual-report pass: Full-remainder review: Candidate is issued/allotted shares including treasury; not equivalent to required shares outstanding unless treasury holdings are separately and exactly resolved.
WORK_000629,61,107.0,18.6,03849958,ADMIRAL GROUP PLC,ADM,2008,264541810,,allotted incl treasury,TREASURY_TREATMENT_REQUIRED,REVIEW,https://find-and-update.company-information.service.gov.uk/company/03849958/filing-history/MjAxNDcyNDkyM2FkaXF6a2N4/document?format=pdf&download=0,"Ordinary | 264,541,810 | £264,541.81",Whole-list annual-report pass: Full-remainder review: Candidate is issued/allotted shares including treasury; not equivalent to required shares outstanding unless treasury holdings are separately and exactly resolved.
WORK_000630,61,107.0,18.6,03849958,ADMIRAL GROUP PLC,ADM,2013,274441432,,allotted incl treasury,TREASURY_TREATMENT_REQUIRED,REVIEW,https://find-and-update.company-information.service.gov.uk/company/03849958/filing-history/MzA4NjM2NTAwMmFkaXF6a2N4/document?format=pdf&download=0,Class of shares ORDINARY Number allotted 274441432,Whole-list annual-report pass: Full-remainder review: Candidate is issued/allotted shares including treasury; not equivalent to required shares outstanding unless treasury holdings are separately and exactly resolved.
WORK_000631,61,107.0,18.6,03849958,ADMIRAL GROUP PLC,ADM,2014,276889742,,allotted incl treasury,TREASURY_TREATMENT_REQUIRED,REVIEW,https://find-and-update.company-information.service.gov.uk/company/03849958/filing-history/MzEwOTcwOTA0MGFkaXF6a2N4/document?format=pdf&download=0,Class of shares ORDINARY Number allotted 276889742,Whole-list annual-report pass: Full-remainder review: Candidate is issued/allotted shares including treasury; not equivalent to required shares outstanding unless treasury holdings are separately and exactly resolved.
WORK_000632,61,107.0,18.6,03849958,ADMIRAL GROUP PLC,ADM,2015,279637953,,allotted incl treasury,TREASURY_TREATMENT_REQUIRED,REVIEW,https://find-and-update.company-information.service.gov.uk/company/03849958/filing-history/MzEzMjkzMTA3OWFkaXF6a2N4/document?format=pdf&download=0,Class of shares ORDINARY Number allotted 279637953,Whole-list annual-report pass: Full-remainder review: Candidate is issued/allotted shares including treasury; not equivalent to required shares outstanding unless treasury holdings are separately and exactly resolved.
WORK_000633,61,107.0,18.6,03849958,ADMIRAL GROUP PLC,ADM,2016,282352270,,allotted incl treasury,TREASURY_TREATMENT_REQUIRED,REVIEW,https://find-and-update.company-information.service.gov.uk/company/03849958/filing-history/MzE1OTExNTc3NWFkaXF6a2N4/document?format=pdf&download=0,Class of shares ORDINARY Number allotted 282352270,Whole-list annual-report pass: Full-remainder review: Candidate is issued/allotted shares including treasury; not equivalent to required shares outstanding unless treasury holdings are separately and exactly resolved.
WORK_000634,61,107.0,18.6,03849958,ADMIRAL GROUP PLC,ADM,2017,285164262,,allotted incl treasury,TREASURY_TREATMENT_REQUIRED,REVIEW,https://find-and-update.company-information.service.gov.uk/company/03849958/filing-history/MzE4NzA5NTI4MWFkaXF6a2N4/document?format=pdf&download=0,Class of shares ORDINARY Number allotted 285164262,Whole-list annual-report pass: Full-remainder review: Candidate is issued/allotted shares including treasury; not equivalent to required shares outstanding unless treasury holdings are separately and exactly resolved.
WORK_000635,62,105.5,18.7,01970855,BAA,BAA,2000,1060278132,,allotted incl treasury,TREASURY_TREATMENT_REQUIRED,REVIEW,https://find-and-update.company-information.service.gov.uk/company/01970855/filing-history/NjkxOTczNjhhZGlxemtjeA/document?format=pdf&download=0,"statement of capital, filing dated 2000-10-25; status=OCR_EXTRACTED",Whole-list annual-report pass: Full-remainder review: Candidate is issued/allotted shares including treasury; not equivalent to required shares outstanding unless treasury holdings are separately and exactly resolved.
WORK_000636,62,105.5,18.7,01970855,BAA,BAA,2001,1063149032,,allotted incl treasury,TREASURY_TREATMENT_REQUIRED,REVIEW,https://find-and-update.company-information.service.gov.uk/company/01970855/filing-history/MTI1NjY0NjE1YWRpcXprY3g/document?format=pdf&download=0,"statement of capital (allotted incl. treasury), filing dated 2001-09-14; VISUAL READ of page image: Ordinary GBP1, nominal GBP1,063,149,032 exact; 1 special share excluded; entity via URL; fits 2000=1,060,278,132",Whole-list annual-report pass: Full-remainder review: Candidate is issued/allotted shares including treasury; not equivalent to required shares outstanding unless treasury holdings are separately and exactly resolved.
WORK_000637,62,105.5,18.7,01970855,BAA,BAA,2002,1065654387,,allotted incl treasury,TREASURY_TREATMENT_REQUIRED,REVIEW,https://find-and-update.company-information.service.gov.uk/company/01970855/filing-history/Nzc0OTI3OTBhZGlxemtjeA/document?format=pdf&download=0,"statement of capital (allotted incl. treasury), filing dated 2002-09-12; VISUAL READ of page image: Ordinary GBP1, nominal exact; special excluded; entity via URL",Whole-list annual-report pass: Full-remainder review: Candidate is issued/allotted shares including treasury; not equivalent to required shares outstanding unless treasury holdings are separately and exactly resolved.
WORK_000638,62,105.5,18.7,01970855,BAA,BAA,2003,1070042690,,allotted incl treasury,TREASURY_TREATMENT_REQUIRED,REVIEW,https://find-and-update.company-information.service.gov.uk/company/01970855/filing-history/NTM0NTE5NTdhZGlxemtjeA/document?format=pdf&download=0,"statement of capital (allotted incl. treasury), filing dated 2003-09-11; VISUAL READ of page image: Ordinary GBP1, nominal exact; special excluded; entity via URL",Whole-list annual-report pass: Full-remainder review: Candidate is issued/allotted shares including treasury; not equivalent to required shares outstanding unless treasury holdings are separately and exactly resolved.
WORK_000639,62,105.5,18.7,01970855,BAA,BAA,2004,1071093798,,allotted incl treasury,TREASURY_TREATMENT_REQUIRED,REVIEW,https://find-and-update.company-information.service.gov.uk/company/01970855/filing-history/MTMxNjcxMTY5YWRpcXprY3g/document?format=pdf&download=0,"statement of capital (allotted incl. treasury), filing dated 2004-10-20; VISUAL READ of page image: Ordinary GBP1 only class; nominal exact; entity via URL; mcap GBP6.3bn at 584.5p",Whole-list annual-report pass: Full-remainder review: Candidate is issued/allotted shares including treasury; not equivalent to required shares outstanding unless treasury holdings are separately and exactly resolved.
WORK_000640,62,105.5,18.7,01970855,BAA,BAA,2005,1076596649,,allotted incl treasury,TREASURY_TREATMENT_REQUIRED,REVIEW,https://find-and-update.company-information.service.gov.uk/company/01970855/filing-history/NTgzMzk5NzJhZGlxemtjeA/document?format=pdf&download=0,"statement of capital (allotted incl. treasury), filing dated 2005-09-22; VISUAL READ of page image: Ordinary GBP1; nominal exact; entity via URL",Whole-list annual-report pass: Full-remainder review: Candidate is issued/allotted shares including treasury; not equivalent to required shares outstanding unless treasury holdings are separately and exactly resolved.
WORK_000641,63,102.5,19.3,00913450,Bass,BASS,2000,866513911,,allotted incl treasury,TREASURY_TREATMENT_REQUIRED,REVIEW,https://find-and-update.company-information.service.gov.uk/company/00913450/filing-history/ODk4NDQwOTNhZGlxemtjeA/document?format=pdf&download=0,"statement of capital, filing dated 2001-03-02; status=OCR_EXTRACTED",Whole-list annual-report pass: Full-remainder review: Candidate is issued/allotted shares including treasury; not equivalent to required shares outstanding unless treasury holdings are separately and exactly resolved.
WORK_000642,63,102.5,19.3,00913450,Six Continents Hotel Group,SIX,2001,866379760,,allotted incl treasury,TREASURY_TREATMENT_REQUIRED,REVIEW,https://find-and-update.company-information.service.gov.uk/company/00913450/filing-history/MTQzODE2MjQ0YWRpcXprY3g/document?format=pdf&download=0,"OCR statement of capital, filing 2002-03-15; line: ORDINARY fase) 866,379,760 £242,586, 332,80",Whole-list annual-report pass: Full-remainder review: Candidate is issued/allotted shares including treasury; not equivalent to required shares outstanding unless treasury holdings are separately and exactly resolved.
WORK_000643,63,102.5,19.3,00913450,Six Continents Hotel Group,SIX,2002,866641320,,allotted incl treasury,TREASURY_TREATMENT_REQUIRED,REVIEW,https://find-and-update.company-information.service.gov.uk/company/00913450/filing-history/OTUwMjQ5MDNhZGlxemtjeA/document?format=pdf&download=0,"CH annual return, filing dated 2003-03-13; allotted incl. treasury; par 28p; agg 242659569.60; VISUAL READ: Six Continents (ex-Bass) co 00913450 ORDINARY 28p 866,641,320 x0.28=GBP242,659,569.60",Whole-list annual-report pass: Full-remainder review: Candidate is issued/allotted shares including treasury; not equivalent to required shares outstanding unless treasury holdings are separately and exactly resolved.
WORK_000644,64,97.5,18.7,00229231,EMI Group,EMI,2000,788502912,,allotted incl treasury,TREASURY_TREATMENT_REQUIRED,REVIEW,https://find-and-update.company-information.service.gov.uk/company/00229231/filing-history/NDgwNTY3NTVhZGlxemtjeA/document?format=pdf&download=0,"OCR statement of capital, filing 2000-10-11; line: Ordinary shares of 14p i",Whole-list annual-report pass: Full-remainder review: Candidate is issued/allotted shares including treasury; not equivalent to required shares outstanding unless treasury holdings are separately and exactly resolved.
WORK_000645,64,97.5,18.7,00229231,EMI Group,EMI,2001,788581137,,allotted incl treasury,TREASURY_TREATMENT_REQUIRED,REVIEW,https://find-and-update.company-information.service.gov.uk/company/00229231/filing-history/OTE0MjM3OTBhZGlxemtjeA/document?format=pdf&download=0,"OCR statement of capital, filing 2001-09-19; line: Ordinary shares of 14p each 788,581,137  £110,401,359.180",Whole-list annual-report pass: Full-remainder review: Candidate is issued/allotted shares including treasury; not equivalent to required shares outstanding unless treasury holdings are separately and exactly resolved.
WORK_000646,65,97.5,15.1,04967001,ITV,ITV,2004,4093111161,2004-12-31,allotted incl treasury,TREASURY_TREATMENT_REQUIRED,REVIEW,https://find-and-update.company-information.service.gov.uk/company/04967001/filing-history,"Allotted, issued and fully paid: 4,093,111,161 409","Whole-list annual-report pass: Full-remainder review: Batch 14 REVIEW: Do not publish the queued value as shares_outstanding without same-date primary evidence for treasury treatment (including explicit zero treasury, if applicable). Missing retained rather than assuming issued equals outstanding."
WORK_000647,65,97.5,15.1,04967001,ITV,ITV,2005,4108483836,2005-12-31,allotted incl treasury,TREASURY_TREATMENT_REQUIRED,REVIEW,https://find-and-update.company-information.service.gov.uk/company/04967001/filing-history,"At 31 December 2005 - 4,108,483,836 123,772,488 -","Whole-list annual-report pass: Full-remainder review: Batch 14 REVIEW: Do not publish the queued value as shares_outstanding without same-date primary evidence for treasury treatment (including explicit zero treasury, if applicable). Missing retained rather than assuming issued equals outstanding."
WORK_000648,65,97.5,15.1,04967001,ITV,ITV,2006,3889129751,2006-12-31,allotted incl treasury,TREASURY_TREATMENT_REQUIRED,REVIEW,https://find-and-update.company-information.service.gov.uk/company/04967001/filing-history,"At 31 December 2006 3,889,129,751 - 123,772,488","Whole-list annual-report pass: Full-remainder review: Batch 14 REVIEW: Do not publish the queued value as shares_outstanding without same-date primary evidence for treasury treatment (including explicit zero treasury, if applicable). Missing retained rather than assuming issued equals outstanding."
WORK_000649,65,97.5,15.1,04967001,ITV,ITV,2007,3889129751,,allotted incl treasury,TREASURY_TREATMENT_REQUIRED,REVIEW,https://find-and-update.company-information.service.gov.uk/company/04967001/filing-history/MTg5MjU5MjYwYWRpcXprY3g/document?format=pdf&download=0,"Ordinary 10p shares ~~ 3, 889,129,751 4 388,912,975 10","Whole-list annual-report pass: Full-remainder review: Batch 14 REVIEW: Do not publish the queued value as shares_outstanding without same-date primary evidence for treasury treatment (including explicit zero treasury, if applicable). Missing retained rather than assuming issued equals outstanding."
WORK_000650,65,97.5,15.1,04967001,ITV,ITV,2011,3889129751,2011-12-31,allotted incl treasury,TREASURY_TREATMENT_REQUIRED,REVIEW,https://find-and-update.company-information.service.gov.uk/company/04967001/filing-history,"Allotted, issued and fully paid 3,889,129,751 (2010 3,889,129,751) 389 389","Whole-list annual-report pass: Full-remainder review: Batch 14 REVIEW: Do not publish the queued value as shares_outstanding without same-date primary evidence for treasury treatment (including explicit zero treasury, if applicable). Missing retained rather than assuming issued equals outstanding."
WORK_000651,65,97.5,15.1,04967001,ITV,ITV,2012,3912026854,2012-12-31,allotted incl treasury,TREASURY_TREATMENT_REQUIRED,REVIEW,https://find-and-update.company-information.service.gov.uk/company/04967001/filing-history,"Allotted, issued and fully paid 3,912,026,854 (2071 3,889129,751) 391 389","Whole-list annual-report pass: Full-remainder review: Batch 14 REVIEW: Do not publish the queued value as shares_outstanding without same-date primary evidence for treasury treatment (including explicit zero treasury, if applicable). Missing retained rather than assuming issued equals outstanding."
WORK_000652,65,97.5,15.1,04967001,ITV,ITV,2013,4025409194,2013-12-31,allotted incl treasury,TREASURY_TREATMENT_REQUIRED,REVIEW,https://find-and-update.company-information.service.gov.uk/company/04967001/filing-history,"Allotted, issued and fully paid 4,025,409194 (2012 3,912,026,854) 403 391","Whole-list annual-report pass: Full-remainder review: Batch 14 REVIEW: Do not publish the queued value as shares_outstanding without same-date primary evidence for treasury treatment (including explicit zero treasury, if applicable). Missing retained rather than assuming issued equals outstanding."
WORK_000653,65,97.5,15.1,04967001,ITV,ITV,2014,4025409194,2014-12-31,allotted incl treasury,TREASURY_TREATMENT_REQUIRED,REVIEW,https://find-and-update.company-information.service.gov.uk/company/04967001/filing-history,"Allotted, issued and fully paid 4,025,409,194 403","Whole-list annual-report pass: Full-remainder review: Batch 14 REVIEW: Do not publish the queued value as shares_outstanding without same-date primary evidence for treasury treatment (including explicit zero treasury, if applicable). Missing retained rather than assuming issued equals outstanding."
WORK_000654,65,97.5,15.1,04967001,ITV,ITV,2015,4025409194,2015-12-31,allotted incl treasury,TREASURY_TREATMENT_REQUIRED,REVIEW,https://find-and-update.company-information.service.gov.uk/company/04967001/filing-history,"Allotted, issued and fully paid ordinary shares of 10 pence each 4,025,409,194 403","Whole-list annual-report pass: Full-remainder review: Batch 14 REVIEW: Do not publish the queued value as shares_outstanding without same-date primary evidence for treasury treatment (including explicit zero treasury, if applicable). Missing retained rather than assuming issued equals outstanding."
WORK_000655,65,97.5,15.1,04967001,ITV,ITV,2016,4025409194,,allotted incl treasury,TREASURY_TREATMENT_REQUIRED,REVIEW,https://find-and-update.company-information.service.gov.uk/company/04967001/filing-history/MzE2MjM3MTU3MGFkaXF6a2N4/document?format=pdf&download=0,Class of Shares: ORDINARY Number allotted 4025409194,"Whole-list annual-report pass: Full-remainder review: Batch 14 REVIEW: Do not publish the queued value as shares_outstanding without same-date primary evidence for treasury treatment (including explicit zero treasury, if applicable). Missing retained rather than assuming issued equals outstanding."
WORK_000656,65,97.5,15.1,04967001,ITV,ITV,2017,4025409194,2017-12-31,allotted incl treasury,TREASURY_TREATMENT_REQUIRED,REVIEW,https://find-and-update.company-information.service.gov.uk/company/04967001/filing-history,"Ailotted, issued and fully paid ordinary shares of 10 pence each 4,025,409,194 403","Whole-list annual-report pass: Full-remainder review: Batch 14 REVIEW: Do not publish the queued value as shares_outstanding without same-date primary evidence for treasury treatment (including explicit zero treasury, if applicable). Missing retained rather than assuming issued equals outstanding."
WORK_000657,66,97.0,17.4,04267576,INTERTEK GROUP PLC,ITRK,2009,158562990,,allotted incl treasury,TREASURY_TREATMENT_REQUIRED,REVIEW,https://find-and-update.company-information.service.gov.uk/company/04267576/filing-history/MjA0MDg3NjEyOGFkaXF6a2N4/document?format=pdf&download=0,"| Ordinary | 158,562,990 £1,585,629.90",Whole-list annual-report pass: Full-remainder review: Candidate is issued/allotted shares including treasury; not equivalent to required shares outstanding unless treasury holdings are separately and exactly resolved.
WORK_000658,66,97.0,17.4,04267576,INTERTEK GROUP PLC,ITRK,2010,159561814,,allotted incl treasury,TREASURY_TREATMENT_REQUIRED,REVIEW,https://find-and-update.company-information.service.gov.uk/company/04267576/filing-history/MzAzMjk3NTIwN2FkaXF6a2N4/document?format=pdf&download=0,"[Ordinary \ | 1 61| 0 00] 159,561,814] £ 1,595,618 14",Whole-list annual-report pass: Full-remainder review: Candidate is issued/allotted shares including treasury; not equivalent to required shares outstanding unless treasury holdings are separately and exactly resolved.
WORK_000659,66,97.0,17.4,04267576,INTERTEK GROUP PLC,ITRK,2014,161361777,,allotted incl treasury,TREASURY_TREATMENT_REQUIRED,REVIEW,https://find-and-update.company-information.service.gov.uk/company/04267576/filing-history/MzExODE1Nzk2MWFkaXF6a2N4/document?format=pdf&download=0,"Class of shares ORDINARY Number allotted 161361777; Statement of Capital (Totals) Total number 161361777; 161361777 x GBP0.01 = GBP1,613,617.77 matches printed aggregate",Whole-list annual-report pass: Full-remainder review: Candidate is issued/allotted shares including treasury; not equivalent to required shares outstanding unless treasury holdings are separately and exactly resolved.
WORK_000660,66,97.0,17.4,04267576,INTERTEK GROUP PLC,ITRK,2015,161386775,,allotted incl treasury,TREASURY_TREATMENT_REQUIRED,REVIEW,https://find-and-update.company-information.service.gov.uk/company/04267576/filing-history/MzE0MzA0NjMwNGFkaXF6a2N4/document?format=pdf&download=0,Class of shares (c) ORDINARY Number allotted 161386775,Whole-list annual-report pass: Full-remainder review: Candidate is issued/allotted shares including treasury; not equivalent to required shares outstanding unless treasury holdings are separately and exactly resolved.
WORK_000661,66,97.0,17.4,04267576,INTERTEK GROUP PLC,ITRK,2016,161386775,,allotted incl treasury,TREASURY_TREATMENT_REQUIRED,REVIEW,https://find-and-update.company-information.service.gov.uk/company/04267576/filing-history/MzE2OTQyMzQwMmFkaXF6a2N4/document?format=pdf&download=0,Class of Shares: ORDINARY Number allotted 161386775,Whole-list annual-report pass: Full-remainder review: Candidate is issued/allotted shares including treasury; not equivalent to required shares outstanding unless treasury holdings are separately and exactly resolved.
WORK_000662,67,94.0,17.2,01299733,Safeway,SFW,2000,1048593465,,allotted incl treasury,TREASURY_TREATMENT_REQUIRED,REVIEW,https://find-and-update.company-information.service.gov.uk/company/01299733/filing-history/MTA5MjU5MzE3YWRpcXprY3g/document?format=pdf&download=0,"CH annual return, filing dated 2000-08-11; allotted incl. treasury; par 0.25; agg 262148366.25; VISUAL READ: Safeway plc co 01299733 (URL) ORDINARY 25p 1,048,593,465; reg office 6 Millington Rd Hayes UB3 4AY confirms entity (number not printed on page)",Whole-list annual-report pass: Full-remainder review: Candidate is issued/allotted shares including treasury; not equivalent to required shares outstanding unless treasury holdings are separately and exactly resolved.
WORK_000663,67,94.0,17.2,01299733,Safeway,SFW,2001,1051584645,,allotted incl treasury,TREASURY_TREATMENT_REQUIRED,REVIEW,https://find-and-update.company-information.service.gov.uk/company/01299733/filing-history/MTUwMDA1NDc2YWRpcXprY3g/document?format=pdf&download=0,"CH annual return, filing dated 2001-08-30; allotted incl. treasury; par 0.25; agg 262896161.25; VISUAL READ: Safeway plc co 01299733 (URL) ORDINARY 25p 1,051,584,645; Hayes reg office; dated 24/7/01",Whole-list annual-report pass: Full-remainder review: Candidate is issued/allotted shares including treasury; not equivalent to required shares outstanding unless treasury holdings are separately and exactly resolved.
WORK_000664,67,94.0,17.2,01299733,Safeway,SFW,2002,1053829480,,allotted incl treasury,TREASURY_TREATMENT_REQUIRED,REVIEW,https://find-and-update.company-information.service.gov.uk/company/01299733/filing-history/MTAwOTgyMDIyYWRpcXprY3g/document?format=pdf&download=0,"CH annual return, filing dated 2002-08-23; allotted incl. treasury; par 0.25; agg 263457370.00; VISUAL READ: Safeway plc co 01299733 (URL) ORDINARY 25p 1,053,829,480; Hayes reg office; dated 26/7/02",Whole-list annual-report pass: Full-remainder review: Candidate is issued/allotted shares including treasury; not equivalent to required shares outstanding unless treasury holdings are separately and exactly resolved.
WORK_000665,67,94.0,17.2,01299733,Safeway,SFW,2003,1057620896,,allotted incl treasury,TREASURY_TREATMENT_REQUIRED,REVIEW,https://find-and-update.company-information.service.gov.uk/company/01299733/filing-history/NjQwNjYwMjhhZGlxemtjeA/document?format=pdf&download=0,"CH annual return, filing dated 2003-08-20; allotted incl. treasury; par 0.25; agg 264405224.00; VISUAL READ: Safeway plc co 01299733 (URL) ORDINARY 25p 1,057,620,896; Hayes reg office; dated 6/8/03",Whole-list annual-report pass: Full-remainder review: Candidate is issued/allotted shares including treasury; not equivalent to required shares outstanding unless treasury holdings are separately and exactly resolved.
WORK_000666,68,93.0,17.4,06344120,Fresnillo,FRES,2011,717160159,,allotted incl treasury,TREASURY_TREATMENT_REQUIRED,REVIEW,https://find-and-update.company-information.service.gov.uk/company/06344120/filing-history/MzA0NDM5NDM0MmFkaXF6a2N4/document?format=pdf&download=0,"Ordinary | 0.50 0 00| 717,160,159",Whole-list annual-report pass: Full-remainder review: Candidate is issued/allotted shares including treasury; not equivalent to required shares outstanding unless treasury holdings are separately and exactly resolved.
WORK_000667,68,93.0,17.4,06344120,Fresnillo,FRES,2015,736893589,,allotted incl treasury,TREASURY_TREATMENT_REQUIRED,REVIEW,https://find-and-update.company-information.service.gov.uk/company/06344120/filing-history/MzEzMDMyMTYxMmFkaXF6a2N4/document?format=pdf&download=0,Sum of ORDINARY: 19733430+717160159,Whole-list annual-report pass: Full-remainder review: Candidate is issued/allotted shares including treasury; not equivalent to required shares outstanding unless treasury holdings are separately and exactly resolved.
WORK_000668,68,93.0,17.4,06344120,Fresnillo,FRES,2016,736893589,,allotted incl treasury,TREASURY_TREATMENT_REQUIRED,REVIEW,https://find-and-update.company-information.service.gov.uk/company/06344120/filing-history/MzE1NTI4NzU4OWFkaXF6a2N4/document?format=pdf&download=0,Class of Shares: ORDINARY Number allotted 736893589,Whole-list annual-report pass: Full-remainder review: Candidate is issued/allotted shares including treasury; not equivalent to required shares outstanding unless treasury holdings are separately and exactly resolved.
WORK_000669,69,90.5,17.7,00067307,Marconi,MONI,2000,2866250735,,allotted incl treasury,TREASURY_TREATMENT_REQUIRED,REVIEW,https://find-and-update.company-information.service.gov.uk/company/00067307/filing-history/MTQzNjYzOTY4YWRpcXprY3g/document?format=pdf&download=0,"CH annual return, filing dated 2000-10-26; allotted incl. treasury; VISUAL READ: Co 00067307 (Marconi, ex-GEC, crosswalked) ORDINARY GBP0.05 2,866,250,735 x0.05=GBP143,312,536.75",Whole-list annual-report pass: Full-remainder review: Candidate is issued/allotted shares including treasury; not equivalent to required shares outstanding unless treasury holdings are separately and exactly resolved.
WORK_000670,70,87.5,15.9,03458224,Burberry Group,BRBY,2013,2217138375,,allotted incl treasury,TREASURY_TREATMENT_REQUIRED,REVIEW,https://find-and-update.company-information.service.gov.uk/company/03458224/filing-history/MzA5MzQzMjExOWFkaXF6a2N4/document?format=pdf&download=0,2217138375,Whole-list annual-report pass: Full-remainder review: Candidate is issued/allotted shares including treasury; not equivalent to required shares outstanding unless treasury holdings are separately and exactly resolved.
WORK_000671,70,87.5,15.9,03458224,Burberry Group,BRBY,2015,444971892,,allotted incl treasury,TREASURY_TREATMENT_REQUIRED,REVIEW,https://find-and-update.company-information.service.gov.uk/company/03458224/filing-history/MzE0MTgyMzMwN2FkaXF6a2N4/document?format=pdf&download=0,444971892,Whole-list annual-report pass: Full-remainder review: Candidate is issued/allotted shares including treasury; not equivalent to required shares outstanding unless treasury holdings are separately and exactly resolved.
WORK_000672,70,87.5,15.9,03458224,Burberry Group,BRBY,2016,445126376,,allotted incl treasury,TREASURY_TREATMENT_REQUIRED,REVIEW,https://find-and-update.company-information.service.gov.uk/company/03458224/filing-history/MzE2NjQ2NDcyNmFkaXF6a2N4/document?format=pdf&download=0,1 classes: 445126376...,Whole-list annual-report pass: Full-remainder review: Candidate is issued/allotted shares including treasury; not equivalent to required shares outstanding unless treasury holdings are separately and exactly resolved.
WORK_000673,70,87.5,15.9,03458224,Burberry Group,BRBY,2017,427093678,,allotted incl treasury,TREASURY_TREATMENT_REQUIRED,REVIEW,https://find-and-update.company-information.service.gov.uk/company/03458224/filing-history/MzE5NTMwMzY5N2FkaXF6a2N4/document?format=pdf&download=0,1 classes: 427093678...,Whole-list annual-report pass: Full-remainder review: Candidate is issued/allotted shares including treasury; not equivalent to required shares outstanding unless treasury holdings are separately and exactly resolved.
WORK_000674,71,87.0,17.0,01800000,British Telecommunications,BT.A,2000,6543351236,,allotted incl treasury,TREASURY_TREATMENT_REQUIRED,REVIEW,https://find-and-update.company-information.service.gov.uk/company/01800000/filing-history/NjEyNjgzNTBhZGlxemtjeA/document?format=pdf&download=0,"statement of capital, filing 2000-10-03; Claude-adjudicated: British Telecommunications plc pre-demerger",Whole-list annual-report pass: Full-remainder review: Candidate is issued/allotted shares including treasury; not equivalent to required shares outstanding unless treasury holdings are separately and exactly resolved.
WORK_000675,72,86.0,16.8,00066558,Blue Circle Industries,BCL,2000,635272020,,allotted incl treasury,TREASURY_TREATMENT_REQUIRED,REVIEW,https://find-and-update.company-information.service.gov.uk/company/00066558/filing-history/NzMxNzg0NzZhZGlxemtjeA/document?format=pdf&download=0,"statement of capital, filing dated 2001-07-13; status=OCR_EXTRACTED",Whole-list annual-report pass: Full-remainder review: Candidate is issued/allotted shares including treasury; not equivalent to required shares outstanding unless treasury holdings are separately and exactly resolved.
WORK_000676,73,86.0,13.2,03685527,Liberty International,LII,2002,312578570,,allotted incl treasury,TREASURY_TREATMENT_REQUIRED,REVIEW,https://find-and-update.company-information.service.gov.uk/company/03685527/filing-history/NTc1MzMwMjZhZGlxemtjeA/document?format=pdf&download=0,"CH annual return, filing dated 2003-01-30; allotted incl. treasury; VISUAL READ: Co 03685527 (Liberty Intl) ORDINARY 50p 312,578,570 x0.50=GBP156,289,285",Whole-list annual-report pass: Full-remainder review: Batch 13 REVIEW: REVIEW: Companies House annual-return/statement-of-capital count is issued/allotted and explicitly includes any treasury shares; exact outstanding count requires same-date treasury evidence. Exact observation date is not populated in the queue.
WORK_000677,73,86.0,13.2,03685527,Liberty International,LII,2003,312407256,,allotted incl treasury,TREASURY_TREATMENT_REQUIRED,REVIEW,https://find-and-update.company-information.service.gov.uk/company/03685527/filing-history/MTE4NzYwNTMyYWRpcXprY3g/document?format=pdf&download=0,"statement of capital, filing dated 2004-01-23; status=OCR_EXTRACTED",Whole-list annual-report pass: Full-remainder review: Batch 13 REVIEW: REVIEW: Companies House annual-return/statement-of-capital count is issued/allotted and explicitly includes any treasury shares; exact outstanding count requires same-date treasury evidence. Exact observation date is not populated in the queue.
WORK_000678,73,86.0,13.2,03685527,Liberty International,LII,2004,321688298,,allotted incl treasury,TREASURY_TREATMENT_REQUIRED,REVIEW,https://find-and-update.company-information.service.gov.uk/company/03685527/filing-history/MTA0ODY0MjQ5YWRpcXprY3g/document?format=pdf&download=0,"CH annual return, filing dated 2005-01-17; allotted incl. treasury; VISUAL READ: ORDINARY 50p 321,688,298 x0.50=GBP160,844,149",Whole-list annual-report pass: Full-remainder review: Batch 13 REVIEW: REVIEW: Companies House annual-return/statement-of-capital count is issued/allotted and explicitly includes any treasury shares; exact outstanding count requires same-date treasury evidence. Exact observation date is not populated in the queue.
WORK_000679,73,86.0,13.2,03685527,Liberty International,LII,2005,321688298,,allotted incl treasury,TREASURY_TREATMENT_REQUIRED,REVIEW,https://find-and-update.company-information.service.gov.uk/company/03685527/filing-history/MTQ0NTIzNTI4YWRpcXprY3g/document?format=pdf&download=0,"statement of capital, filing dated 2006-01-11; status=OCR_EXTRACTED",Whole-list annual-report pass: Full-remainder review: Batch 13 REVIEW: REVIEW: Companies House annual-return/statement-of-capital count is issued/allotted and explicitly includes any treasury shares; exact outstanding count requires same-date treasury evidence. Exact observation date is not populated in the queue.
WORK_000680,73,86.0,13.2,03685527,Liberty International,LII,2006,362772673,,allotted incl treasury,TREASURY_TREATMENT_REQUIRED,REVIEW,https://find-and-update.company-information.service.gov.uk/company/03685527/filing-history/MTc0NjAwMzE1YWRpcXprY3g/document?format=pdf&download=0,"statement of capital, filing dated 2007-02-02; status=OCR_EXTRACTED",Whole-list annual-report pass: Full-remainder review: Batch 13 REVIEW: REVIEW: Companies House annual-return/statement-of-capital count is issued/allotted and explicitly includes any treasury shares; exact outstanding count requires same-date treasury evidence. Exact observation date is not populated in the queue.
WORK_000681,73,86.0,13.2,03685527,Liberty International,LII,2007,362772673,,allotted incl treasury,TREASURY_TREATMENT_REQUIRED,REVIEW,https://find-and-update.company-information.service.gov.uk/company/03685527/filing-history/MTkwNDc3NzIxYWRpcXprY3g/document?format=pdf&download=0,"statement of capital, filing dated 2008-01-11; status=OCR_EXTRACTED",Whole-list annual-report pass: Full-remainder review: Batch 13 REVIEW: REVIEW: Companies House annual-return/statement-of-capital count is issued/allotted and explicitly includes any treasury shares; exact outstanding count requires same-date treasury evidence. Exact observation date is not populated in the queue.
WORK_000682,73,86.0,13.2,03685527,Liberty International,LII,2008,363022798,,allotted incl treasury,TREASURY_TREATMENT_REQUIRED,REVIEW,https://find-and-update.company-information.service.gov.uk/company/03685527/filing-history/MjAyMjQzOTU2M2FkaXF6a2N4/document?format=pdf&download=0,"statement of capital, filing dated 2009-01-05; status=OCR_EXTRACTED",Whole-list annual-report pass: Full-remainder review: Batch 13 REVIEW: REVIEW: Companies House annual-return/statement-of-capital count is issued/allotted and explicitly includes any treasury shares; exact outstanding count requires same-date treasury evidence. Exact observation date is not populated in the queue.
WORK_000683,73,86.0,13.2,03685527,Liberty International,LII,2009,622878501,,allotted incl treasury,TREASURY_TREATMENT_REQUIRED,REVIEW,https://find-and-update.company-information.service.gov.uk/company/03685527/filing-history/MzAwNzY1MDU3MGFkaXF6a2N4/document?format=pdf&download=0,"CH annual return, filing dated 2009-11-30; allotted incl. treasury; VISUAL READ: AR01 Ordinary 50p 622,878,501 x0.50=GBP311,439,250.50; 2009 rights issue drove rise from ~363M",Whole-list annual-report pass: Full-remainder review: Batch 13 REVIEW: REVIEW: Companies House annual-return/statement-of-capital count is issued/allotted and explicitly includes any treasury shares; exact outstanding count requires same-date treasury evidence. Exact observation date is not populated in the queue.
WORK_000684,73,86.0,13.2,03685527,Capital Shopping Centres Group,CMCS,2012,868473001,,allotted incl treasury,TREASURY_TREATMENT_REQUIRED,REVIEW,https://find-and-update.company-information.service.gov.uk/company/03685527/filing-history/MzA3MDA1ODAyOWFkaXF6a2N4/document?format=pdf&download=0,868473001,Whole-list annual-report pass: Full-remainder review: Batch 13 REVIEW: REVIEW: Companies House annual-return/statement-of-capital count is issued/allotted and explicitly includes any treasury shares; exact outstanding count requires same-date treasury evidence. Exact observation date is not populated in the queue.
WORK_000685,73,86.0,13.2,03685527,Intu Properties,INTU,2015,1344661827,,allotted incl treasury,TREASURY_TREATMENT_REQUIRED,REVIEW,https://find-and-update.company-information.service.gov.uk/company/03685527/filing-history/MzE0Mjg0MDI4N2FkaXF6a2N4/document?format=pdf&download=0,Statement of Capital (Share Capital) shows 'Class of shares - ORDINARY Number allotted 1344661827' and 'Total number 1344661827 of shares',Whole-list annual-report pass: Full-remainder review: Batch 13 REVIEW: REVIEW: Companies House annual-return/statement-of-capital count is issued/allotted and explicitly includes any treasury shares; exact outstanding count requires same-date treasury evidence. Exact observation date is not populated in the queue.
WORK_000686,74,84.5,15.3,02294747,Abbey National,ANL,2000,1432095084,,allotted incl treasury,TREASURY_TREATMENT_REQUIRED,REVIEW,https://find-and-update.company-information.service.gov.uk/company/02294747/filing-history/NTI0NjcyNDZhZGlxemtjeA/document?format=pdf&download=0,"OCR statement of capital, filing 2001-05-15; line: Ordinary Shares of 10 pence each 1, 432,095,084 £143, 209,50",Whole-list annual-report pass: Full-remainder review: Candidate is issued/allotted shares including treasury; not equivalent to required shares outstanding unless treasury holdings are separately and exactly resolved.
WORK_000687,74,84.5,15.3,02294747,Abbey National,ANL,2001,1446336653,,allotted incl treasury,TREASURY_TREATMENT_REQUIRED,REVIEW,https://find-and-update.company-information.service.gov.uk/company/02294747/filing-history/MTI0ODExMjI0YWRpcXprY3g/document?format=pdf&download=0,"OCR statement of capital, filing 2002-04-24; line: ORDINARY 1, 446,336, 653. £144, 633, 865.30",Whole-list annual-report pass: Full-remainder review: Candidate is issued/allotted shares including treasury; not equivalent to required shares outstanding unless treasury holdings are separately and exactly resolved.
WORK_000688,74,84.5,15.3,02294747,Abbey National,ANL,2002,1458031779,,allotted incl treasury,TREASURY_TREATMENT_REQUIRED,REVIEW,https://find-and-update.company-information.service.gov.uk/company/02294747/filing-history/OTIxMjQyODhhZGlxemtjeA/document?format=pdf&download=0,"OCR statement of capital, filing 2003-06-02; line: ORDINARY 1,458,031,779 £145, 803,177.90",Whole-list annual-report pass: Full-remainder review: Candidate is issued/allotted shares including treasury; not equivalent to required shares outstanding unless treasury holdings are separately and exactly resolved.
WORK_000689,74,84.5,15.3,02294747,Abbey National,ANL,2003,1462912088,,allotted incl treasury,TREASURY_TREATMENT_REQUIRED,REVIEW,https://find-and-update.company-information.service.gov.uk/company/02294747/filing-history/NTgyNzUyNzJhZGlxemtjeA/document?format=pdf&download=0,"OCR statement of capital, filing 2004-05-11; line: ORDINARY 1,462,912, 088 £146,291, 208.80",Whole-list annual-report pass: Full-remainder review: Candidate is issued/allotted shares including treasury; not equivalent to required shares outstanding unless treasury holdings are separately and exactly resolved.
WORK_000690,75,84.0,12.8,00029846,Wolseley,WOS,2001,576494362,,allotted incl treasury,TREASURY_TREATMENT_REQUIRED,REVIEW,https://find-and-update.company-information.service.gov.uk/company/00029846/filing-history/MTAwNDQ1OTMxYWRpcXprY3g/document?format=pdf&download=0,"statement of capital, filing 2001-12-12; Claude-adjudicated: ordinary class total",Whole-list annual-report pass: Full-remainder review: Batch 15 REVIEW: REVIEW: primary candidate evidence does not establish the preferred shares_outstanding definition at an exact effective date. Candidate value withheld from shares_outstanding rather than assumed.
WORK_000691,75,84.0,12.8,00029846,Wolseley,WOS,2002,577969907,,allotted incl treasury,TREASURY_TREATMENT_REQUIRED,REVIEW,https://find-and-update.company-information.service.gov.uk/company/00029846/filing-history/OTcyNTUyMTBhZGlxemtjeA/document?format=pdf&download=0,"statement of capital, filing 2002-11-25; Claude-adjudicated: ordinary class total",Whole-list annual-report pass: Full-remainder review: Batch 15 REVIEW: REVIEW: primary candidate evidence does not establish the preferred shares_outstanding definition at an exact effective date. Candidate value withheld from shares_outstanding rather than assumed.
WORK_000692,75,84.0,12.8,00029846,Wolseley,WOS,2003,581011217,,allotted incl treasury,TREASURY_TREATMENT_REQUIRED,REVIEW,https://find-and-update.company-information.service.gov.uk/company/00029846/filing-history/OTAyMzA1MjZhZGlxemtjeA/document?format=pdf&download=0,"statement of capital, filing 2003-11-25; Claude-adjudicated: ordinary class total",Whole-list annual-report pass: Full-remainder review: Batch 15 REVIEW: REVIEW: primary candidate evidence does not establish the preferred shares_outstanding definition at an exact effective date. Candidate value withheld from shares_outstanding rather than assumed.
WORK_000693,75,84.0,12.8,00029846,Wolseley,WOS,2004,585835580,,allotted incl treasury,TREASURY_TREATMENT_REQUIRED,REVIEW,https://find-and-update.company-information.service.gov.uk/company/00029846/filing-history/NTYxNzMwMjhhZGlxemtjeA/document?format=pdf&download=0,"statement of capital, filing 2004-12-09; Claude-adjudicated: ordinary class total",Whole-list annual-report pass: Full-remainder review: Batch 15 REVIEW: REVIEW: primary candidate evidence does not establish the preferred shares_outstanding definition at an exact effective date. Candidate value withheld from shares_outstanding rather than assumed.
WORK_000694,75,84.0,12.8,00029846,Wolseley,WOS,2005,592161564,,allotted incl treasury,TREASURY_TREATMENT_REQUIRED,REVIEW,https://find-and-update.company-information.service.gov.uk/company/00029846/filing-history/MTMxNzQ5NjU3YWRpcXprY3g/document?format=pdf&download=0,"statement of capital, filing 2005-12-08; Claude-adjudicated: ordinary class total",Whole-list annual-report pass: Full-remainder review: Batch 15 REVIEW: REVIEW: primary candidate evidence does not establish the preferred shares_outstanding definition at an exact effective date. Candidate value withheld from shares_outstanding rather than assumed.
WORK_000695,75,84.0,12.8,00029846,Wolseley,WOS,2006,657303997,,allotted incl treasury,TREASURY_TREATMENT_REQUIRED,REVIEW,https://find-and-update.company-information.service.gov.uk/company/00029846/filing-history/MTcxNDk1NDE4YWRpcXprY3g/document?format=pdf&download=0,"statement of capital, filing 2006-11-28; Claude-adjudicated: ordinary class total",Whole-list annual-report pass: Full-remainder review: Batch 15 REVIEW: REVIEW: primary candidate evidence does not establish the preferred shares_outstanding definition at an exact effective date. Candidate value withheld from shares_outstanding rather than assumed.
WORK_000696,75,84.0,12.8,00029846,Wolseley,WOS,2007,661213784,,allotted incl treasury,TREASURY_TREATMENT_REQUIRED,REVIEW,https://find-and-update.company-information.service.gov.uk/company/00029846/filing-history/MTg4NDMyOTgwYWRpcXprY3g/document?format=pdf&download=0,"statement of capital, filing 2007-11-20; Claude-adjudicated: ordinary class total",Whole-list annual-report pass: Full-remainder review: Batch 15 REVIEW: REVIEW: primary candidate evidence does not establish the preferred shares_outstanding definition at an exact effective date. Candidate value withheld from shares_outstanding rather than assumed.
WORK_000697,75,84.0,12.8,00029846,Wolseley,WOS,2008,661988537,,allotted incl treasury,TREASURY_TREATMENT_REQUIRED,REVIEW,https://find-and-update.company-information.service.gov.uk/company/00029846/filing-history/MjAxOTM1ODU0M2FkaXF6a2N4/document?format=pdf&download=0,"statement of capital, filing 2008-12-04; Claude-adjudicated: ordinary class total",Whole-list annual-report pass: Full-remainder review: Batch 15 REVIEW: REVIEW: primary candidate evidence does not establish the preferred shares_outstanding definition at an exact effective date. Candidate value withheld from shares_outstanding rather than assumed.
WORK_000698,75,84.0,12.8,00029846,Wolseley,WOS,2009,283836332,,allotted incl treasury,TREASURY_TREATMENT_REQUIRED,REVIEW,https://find-and-update.company-information.service.gov.uk/company/00029846/filing-history/MzAwNTI3MjIyMGFkaXF6a2N4/document?format=pdf&download=0,"statement of capital, filing 2009-11-05; Claude-adjudicated: sum of visible 10p classes",Whole-list annual-report pass: Full-remainder review: Batch 15 REVIEW: REVIEW: primary candidate evidence does not establish the preferred shares_outstanding definition at an exact effective date. Candidate value withheld from shares_outstanding rather than assumed.
WORK_000699,75,84.0,12.8,00029846,Wolseley,WOS,2010,284418219,,allotted incl treasury,TREASURY_TREATMENT_REQUIRED,REVIEW,https://find-and-update.company-information.service.gov.uk/company/00029846/filing-history/MzA0OTA1ODU4N2FkaXF6a2N4/document?format=pdf&download=0,"statement of capital, filing 2010-11-05; Claude-adjudicated: sum of visible 10p classes",Whole-list annual-report pass: Full-remainder review: Batch 15 REVIEW: REVIEW: primary candidate evidence does not establish the preferred shares_outstanding definition at an exact effective date. Candidate value withheld from shares_outstanding rather than assumed.
WORK_000700,76,83.0,14.2,00166023,Invensys,ISYS,2000,3499632708,,allotted incl treasury,TREASURY_TREATMENT_REQUIRED,REVIEW,https://find-and-update.company-information.service.gov.uk/company/00166023/filing-history/MTQ1OTEzNTg1YWRpcXprY3g/document?format=pdf&download=0,"CH annual return, filing dated 2000-10-19; allotted incl. treasury; VISUAL READ: 363a ORDINARY 25p: 3,499,632,708 x 0.25 = GBP874,908,177.00; Co.No 00166023 (Invensys)",Whole-list annual-report pass: Full-remainder review: Candidate is issued/allotted shares including treasury; not equivalent to required shares outstanding unless treasury holdings are separately and exactly resolved.
WORK_000701,76,83.0,14.2,00166023,Invensys,ISYS,2001,3499780822,,allotted incl treasury,TREASURY_TREATMENT_REQUIRED,REVIEW,https://find-and-update.company-information.service.gov.uk/company/00166023/filing-history/MTA5NTI2NTgwYWRpcXprY3g/document?format=pdf&download=0,"CH annual return, filing dated 2001-10-26; allotted incl. treasury; VISUAL READ: 363a Ordinary 25p: 3,499,780,822 x 0.25 = GBP874,945,205.50; contact Invensys plc",Whole-list annual-report pass: Full-remainder review: Candidate is issued/allotted shares including treasury; not equivalent to required shares outstanding unless treasury holdings are separately and exactly resolved.
WORK_000702,76,83.0,14.2,00166023,Invensys,ISYS,2002,3499780822,,allotted incl treasury,TREASURY_TREATMENT_REQUIRED,REVIEW,https://find-and-update.company-information.service.gov.uk/company/00166023/filing-history/MTEzMjkzMDM1YWRpcXprY3g/document?format=pdf&download=0,"CH annual return, filing dated 2002-10-25; allotted incl. treasury; VISUAL READ: 363a Ordinary 25p: 3,499,780,822 x 0.25 = GBP874,945,205.50; contact Invensys plc",Whole-list annual-report pass: Full-remainder review: Candidate is issued/allotted shares including treasury; not equivalent to required shares outstanding unless treasury holdings are separately and exactly resolved.
WORK_000703,76,83.0,14.2,00166023,Invensys,ISYS,2008,800604266,,allotted incl treasury,TREASURY_TREATMENT_REQUIRED,REVIEW,https://find-and-update.company-information.service.gov.uk/company/00166023/filing-history/MjAxNzE5OTUxNGFkaXF6a2N4/document?format=pdf&download=0,"CH annual return, filing dated 2008-11-04; allotted incl. treasury; VISUAL READ: AR01 Ordinary 10p: 800,604,266 x 0.10 = GBP80,060,426.60; contact Invensys, Portland House",Whole-list annual-report pass: Full-remainder review: Candidate is issued/allotted shares including treasury; not equivalent to required shares outstanding unless treasury holdings are separately and exactly resolved.
WORK_000704,76,83.0,14.2,00166023,Invensys,ISYS,2009,806234178,,allotted incl treasury,TREASURY_TREATMENT_REQUIRED,REVIEW,https://find-and-update.company-information.service.gov.uk/company/00166023/filing-history/MzAwMzQ0OTE0M2FkaXF6a2N4/document?format=pdf&download=0,"CH annual return, filing dated 2009-09-22; allotted incl. treasury; VISUAL READ: AR01 Ordinary 10p: 806,234,178 x 0.10 = GBP80,623,417.80; contact Invensys, Portland House",Whole-list annual-report pass: Full-remainder review: Candidate is issued/allotted shares including treasury; not equivalent to required shares outstanding unless treasury holdings are separately and exactly resolved.
WORK_000705,76,83.0,14.2,00166023,Invensys,ISYS,2010,809238314,,allotted incl treasury,TREASURY_TREATMENT_REQUIRED,REVIEW,https://find-and-update.company-information.service.gov.uk/company/00166023/filing-history/MzAyNjY3NDM3MWFkaXF6a2N4/document?format=pdf&download=0,"OCR statement of capital, filing 2010-09-22; line: (Eg Ordinary/Preference etc) each share @ ‘on each share @",Whole-list annual-report pass: Full-remainder review: Candidate is issued/allotted shares including treasury; not equivalent to required shares outstanding unless treasury holdings are separately and exactly resolved.
WORK_000706,77,78.5,10.9,SC286832,Standard Life,SL.,2006,2106341147,,allotted incl treasury,TREASURY_TREATMENT_REQUIRED,REVIEW,https://find-and-update.company-information.service.gov.uk/company/SC286832/filing-history/MTgyNDE2NDc0YWRpcXprY3g/document?format=pdf&download=0,"CH annual return, filing dated 2007-07-26; allotted incl. treasury; par 10p; agg 210634114.70; VISUAL READ: Standard Life co SC286832 ORDINARY 10p 2,106,341,147",Whole-list annual-report pass: Full-remainder review: Candidate is issued/allotted shares including treasury; not equivalent to required shares outstanding unless treasury holdings are separately and exactly resolved.
WORK_000707,77,78.5,10.9,SC286832,Standard Life,SL.,2007,2177491877,,allotted incl treasury,TREASURY_TREATMENT_REQUIRED,REVIEW,https://find-and-update.company-information.service.gov.uk/company/SC286832/filing-history/MjAwOTUwODcwOGFkaXF6a2N4/document?format=pdf&download=0,"statement of capital, filing dated 2008-07-23; status=OCR_EXTRACTED",Whole-list annual-report pass: Full-remainder review: Candidate is issued/allotted shares including treasury; not equivalent to required shares outstanding unless treasury holdings are separately and exactly resolved.
WORK_000708,77,78.5,10.9,SC286832,Standard Life,SL.,2008,2213029061,,allotted incl treasury,TREASURY_TREATMENT_REQUIRED,REVIEW,https://find-and-update.company-information.service.gov.uk/company/SC286832/filing-history/MjAzODEzODM3M2FkaXF6a2N4/document?format=pdf&download=0,"statement of capital, filing dated 2009-07-29; status=OCR_EXTRACTED",Whole-list annual-report pass: Full-remainder review: Candidate is issued/allotted shares including treasury; not equivalent to required shares outstanding unless treasury holdings are separately and exactly resolved.
WORK_000709,77,78.5,10.9,SC286832,Standard Life,SL.,2009,2259889428,,allotted incl treasury,TREASURY_TREATMENT_REQUIRED,REVIEW,https://find-and-update.company-information.service.gov.uk/company/SC286832/filing-history/MzAxOTgzMzM0NWFkaXF6a2N4/document?format=pdf&download=0,"CH annual return, filing dated 2010-06-30; allotted incl. treasury; par 10p; agg 225988942.80; VISUAL READ: Std Life 5 Ordinary tranches (diff paid-up) sum 2,259,889,428 = printed grand total GBP225,988,942.80",Whole-list annual-report pass: Full-remainder review: Candidate is issued/allotted shares including treasury; not equivalent to required shares outstanding unless treasury holdings are separately and exactly resolved.
WORK_000710,77,78.5,10.9,SC286832,Standard Life,SL.,2010,2328079260,,allotted incl treasury,TREASURY_TREATMENT_REQUIRED,REVIEW,https://find-and-update.company-information.service.gov.uk/company/SC286832/filing-history/MzA0MDg0NTkxMmFkaXF6a2N4/document?format=pdf&download=0,"statement of capital, filing dated 2011-06-30; ADJUDICATED 2026-07-20: fits trusted 2008=2,213,029,061 | prior OCR note: line: {E.g. Ordinary/Preference etc.} each share @ on each share @ [confirmed at 240+300dpi] [jmp vs adjacent year — vfy]",Whole-list annual-report pass: Full-remainder review: Candidate is issued/allotted shares including treasury; not equivalent to required shares outstanding unless treasury holdings are separately and exactly resolved.
WORK_000711,77,78.5,10.9,SC286832,Standard Life,SL.,2011,2357777490,,allotted incl treasury,TREASURY_TREATMENT_REQUIRED,REVIEW,https://find-and-update.company-information.service.gov.uk/company/SC286832/filing-history/MzA2MDk5MTM2NmFkaXF6a2N4/document?format=pdf&download=0,"statement of capital, filing dated 2012-06-30; ADJUDICATED 2026-07-20: stored 23,577,774,900 = count x10 shift; fits 2010=2,328,079,260 | prior OCR note: line: {E.g. Ordinary/Preference etc.) each share @ on each share @ [confirmed at 240+300dpi] [jmp vs adjacent year — vfy]",Whole-list annual-report pass: Full-remainder review: Candidate is issued/allotted shares including treasury; not equivalent to required shares outstanding unless treasury holdings are separately and exactly resolved.
WORK_000712,77,78.5,10.9,SC286832,Standard Life,SL.,2012,2376363069,,allotted incl treasury,TREASURY_TREATMENT_REQUIRED,REVIEW,https://find-and-update.company-information.service.gov.uk/company/SC286832/filing-history/MzA4MjU4OTkwOWFkaXF6a2N4/document?format=pdf&download=0,"CH annual return, filing dated 2013-06-30; allotted incl. treasury; par 10p; agg 237636306.90; VISUAL READ: Std Life AR01 Ordinary 10p 2,376,363,069",Whole-list annual-report pass: Full-remainder review: Candidate is issued/allotted shares including treasury; not equivalent to required shares outstanding unless treasury holdings are separately and exactly resolved.
WORK_000713,77,78.5,10.9,SC286832,Standard Life,SL.,2013,2390667047,,allotted incl treasury,TREASURY_TREATMENT_REQUIRED,REVIEW,https://find-and-update.company-information.service.gov.uk/company/SC286832/filing-history/MzEwNDE2NzYxN2FkaXF6a2N4/document?format=pdf&download=0,"statement of capital, filing dated 2014-06-30; ADJUDICATED 2026-07-20: stored 23,906,670,470 = count x10 shift; fits 2010-2011 progression | prior OCR note: line: {E.g. Ordinary/Preference etc.) each share @ oneach share @ [confirmed at 240+300dpi] [jmp vs adjacent year — vfy]",Whole-list annual-report pass: Full-remainder review: Candidate is issued/allotted shares including treasury; not equivalent to required shares outstanding unless treasury holdings are separately and exactly resolved.
WORK_000714,77,78.5,10.9,SC286832,Standard Life,SL.,2014,2394373744,2014-12-31,allotted incl treasury; ordinary shares in issue per Directors' Report share capital statement,TREASURY_TREATMENT_REQUIRED,REVIEW,https://www.annualreports.com/HostedData/AnnualReportArchive/s/LSE_SL_2014.pdf,"As at 31 December 2014, there were 2,394,373,744 ordinary shares in issue held by 106,666 registered members.",Whole-list annual-report pass: Full-remainder review: Candidate is issued/allotted shares including treasury; not equivalent to required shares outstanding unless treasury holdings are separately and exactly resolved.
WORK_000715,77,78.5,10.9,SC286832,Standard Life,SL.,2015,1975467467,,allotted incl treasury,TREASURY_TREATMENT_REQUIRED,REVIEW,https://find-and-update.company-information.service.gov.uk/company/SC286832/filing-history/MzE1NDk1ODE2MWFkaXF6a2N4/document?format=pdf&download=0,,Whole-list annual-report pass: Full-remainder review: Candidate is issued/allotted shares including treasury; not equivalent to required shares outstanding unless treasury holdings are separately and exactly resolved.
WORK_000716,77,78.5,10.9,SC286832,Standard Life,SL.,2016,1978884437,2016-12-31,"allotted incl treasury; issued ordinary share capital per Note 28 (12 2/9p shares, post March-2015 share consolidation)",TREASURY_TREATMENT_REQUIRED,REVIEW,https://www.annualreports.com/HostedData/AnnualReportArchive/a/LSE_ABDN_2016.pdf,"At 31 December 2016: 1,978,884,437",Whole-list annual-report pass: Full-remainder review: Candidate is issued/allotted shares including treasury; not equivalent to required shares outstanding unless treasury holdings are separately and exactly resolved.
WORK_000717,77,78.5,10.9,SC286832,Standard Life Aberdeen,ABDN,2017,2978936877,2017-12-31,"Number of ordinary shares in issue at 31 December 2017 (balance sheet date), not weighted average",IDENTITY_MAPPING_REQUIRED,REVIEW,https://find-and-update.company-information.service.gov.uk/company/SC286832,"At 31 December 2,978,936,877","Identity remediation: Companies House proves SC286832 is the same legal entity and changed name from Standard Life plc to Standard Life Aberdeen plc on 14 August 2017. However, the frozen Standard Life membership episode ends on 2017-08-14 and this observation is 2017-12-31, so it cannot be joined to that frozen episode without a separate post-merger membership crosswalk."
WORK_000718,78,78.0,13.6,02122142,Hargreaves Lansdown,HL.,2011,474318625,,allotted incl treasury,TREASURY_TREATMENT_REQUIRED,REVIEW,https://find-and-update.company-information.service.gov.uk/company/02122142/filing-history/MzA2MjUzMzYxOGFkaXF6a2N4/document?format=pdf&download=0,"statement of capital, filing 2012-08-01; Claude-adjudicated: ordinary class total",Whole-list annual-report pass: Full-remainder review: Candidate is issued/allotted shares including treasury; not equivalent to required shares outstanding unless treasury holdings are separately and exactly resolved.
WORK_000719,78,78.0,13.6,02122142,Hargreaves Lansdown,HL.,2012,474318625,,allotted incl treasury,TREASURY_TREATMENT_REQUIRED,REVIEW,https://find-and-update.company-information.service.gov.uk/company/02122142/filing-history/MzA2NjA0NzI3NWFkaXF6a2N4/document?format=pdf&download=0,"statement of capital, filing 2012-10-15; Claude-adjudicated: ordinary class total",Whole-list annual-report pass: Full-remainder review: Candidate is issued/allotted shares including treasury; not equivalent to required shares outstanding unless treasury holdings are separately and exactly resolved.
WORK_000720,78,78.0,13.6,02122142,Hargreaves Lansdown,HL.,2013,474318625,,allotted incl treasury,TREASURY_TREATMENT_REQUIRED,REVIEW,https://find-and-update.company-information.service.gov.uk/company/02122142/filing-history/MzA4NzAwNTE3NmFkaXF6a2N4/document?format=pdf&download=0,"statement of capital, filing 2013-10-15; Claude-adjudicated: ordinary class total",Whole-list annual-report pass: Full-remainder review: Candidate is issued/allotted shares including treasury; not equivalent to required shares outstanding unless treasury holdings are separately and exactly resolved.
WORK_000721,78,78.0,13.6,02122142,Hargreaves Lansdown,HL.,2014,474318625,,allotted incl treasury,TREASURY_TREATMENT_REQUIRED,REVIEW,https://find-and-update.company-information.service.gov.uk/company/02122142/filing-history/MzExMDE1NzE4N2FkaXF6a2N4/document?format=pdf&download=0,,Whole-list annual-report pass: Full-remainder review: Candidate is issued/allotted shares including treasury; not equivalent to required shares outstanding unless treasury holdings are separately and exactly resolved.
WORK_000722,78,78.0,13.6,02122142,Hargreaves Lansdown,HL.,2015,474318625,,allotted incl treasury,TREASURY_TREATMENT_REQUIRED,REVIEW,https://find-and-update.company-information.service.gov.uk/company/02122142/filing-history/MzEzMzgyODA3OWFkaXF6a2N4/document?format=pdf&download=0,,Whole-list annual-report pass: Full-remainder review: Candidate is issued/allotted shares including treasury; not equivalent to required shares outstanding unless treasury holdings are separately and exactly resolved.
WORK_000723,79,77.5,9.9,SC082015,Aberdeen Asset Management,ADN,2012,1198405457,,allotted incl treasury,TREASURY_TREATMENT_REQUIRED,REVIEW,https://find-and-update.company-information.service.gov.uk/company/SC082015/filing-history/MzA3NzA4OTY1MWFkaXF6a2N4/document?format=pdf&download=0,"statement of capital (allotted incl. treasury), filing dated 2013-04-06; VISUAL READ of page image: Ordinary 10p 1,198,405,457, nominal GBP119,840,545.70 exact; entity via filing-history URL",Whole-list annual-report pass: Full-remainder review: Candidate is issued/allotted shares including treasury; not equivalent to required shares outstanding unless treasury holdings are separately and exactly resolved.
WORK_000724,79,77.5,9.9,SC082015,Aberdeen Asset Management,ADN,2013,1308351666,,allotted incl treasury,TREASURY_TREATMENT_REQUIRED,REVIEW,https://find-and-update.company-information.service.gov.uk/company/SC082015/filing-history/MzA5OTU3ODU1N2FkaXF6a2N4/document?format=pdf&download=0,,Whole-list annual-report pass: Full-remainder review: Candidate is issued/allotted shares including treasury; not equivalent to required shares outstanding unless treasury holdings are separately and exactly resolved.
WORK_000725,79,77.5,9.9,SC082015,Aberdeen Asset Management,ADN,2014,1331614657,,allotted incl treasury,TREASURY_TREATMENT_REQUIRED,REVIEW,https://find-and-update.company-information.service.gov.uk/company/SC082015/filing-history/MzEyMjUzODc1MmFkaXF6a2N4/document?format=pdf&download=0,"statement of capital, filing dated 2015-04-06; ADJUDICATED 2026-07-20: line shows 1,331,614,657 with nominal GBP133,161,465.70 = 10p x count exactly; stored value was garbled | prior OCR note: line: ORDINARY 0.10 0.00 1,331 ,614,657 £ 133,161,465.70 [jmp vs adjacent year — vfy]",Whole-list annual-report pass: Full-remainder review: Candidate is issued/allotted shares including treasury; not equivalent to required shares outstanding unless treasury holdings are separately and exactly resolved.
WORK_000726,79,77.5,9.9,SC082015,Aberdeen Asset Management,ADN,2015,1317914440,,allotted incl treasury,TREASURY_TREATMENT_REQUIRED,REVIEW,https://find-and-update.company-information.service.gov.uk/company/SC082015/filing-history/MzI0OTkxMzY0NmFkaXF6a2N4/document?format=pdf&download=0,"statement of capital (allotted incl. treasury), filing dated 2016-04-06; VISUAL READ: Ordinary 10p 1,317,914,440; totals row 1,517,914,440 incl 200m pref reconciles exactly (pref excluded); written nominal has filer's GBP4 slip",Whole-list annual-report pass: Full-remainder review: Candidate is issued/allotted shares including treasury; not equivalent to required shares outstanding unless treasury holdings are separately and exactly resolved.
WORK_000727,80,76.5,10.9,04345939,Xstrata,XTA,2002,252601000,,allotted incl treasury,TREASURY_TREATMENT_REQUIRED,REVIEW,https://find-and-update.company-information.service.gov.uk/company/04345939/filing-history/ODE0Nzc0OTNhZGlxemtjeA/document?format=pdf&download=0,"CH annual return, filing dated 2003-02-27; allotted incl. treasury; par US$0.50; agg 126300500.00; VISUAL READ: Xstrata co 04345939 ORDINARY US$0.50 252,601,000 (US$); deferred/special excl; registrar confirms",Whole-list annual-report pass: Full-remainder review: Batch 15 REVIEW: REVIEW: primary candidate evidence does not establish the preferred shares_outstanding definition at an exact effective date. Candidate value withheld from shares_outstanding rather than assumed.
WORK_000728,80,76.5,10.9,04345939,Xstrata,XTA,2003,631502416,,allotted incl treasury,TREASURY_TREATMENT_REQUIRED,REVIEW,https://find-and-update.company-information.service.gov.uk/company/04345939/filing-history/MTMwOTU4OTkzYWRpcXprY3g/document?format=pdf&download=0,"CH annual return, filing dated 2004-02-03; allotted incl. treasury; par US$0.50; agg 315751208.00; VISUAL READ: Xstrata ORDINARY US$0.50 631,502,416 (class-line glyph messy; agg+Totals+2004 filing reconcile); deferred/special excl",Whole-list annual-report pass: Full-remainder review: Batch 15 REVIEW: REVIEW: primary candidate evidence does not establish the preferred shares_outstanding definition at an exact effective date. Candidate value withheld from shares_outstanding rather than assumed.
WORK_000729,80,76.5,10.9,04345939,Xstrata,XTA,2004,631502416,,allotted incl treasury,TREASURY_TREATMENT_REQUIRED,REVIEW,https://find-and-update.company-information.service.gov.uk/company/04345939/filing-history/NjA2NzE2NjRhZGlxemtjeA/document?format=pdf&download=0,"CH annual return, filing dated 2005-01-26; allotted incl. treasury; par US$0.50; agg 315751208.00; VISUAL READ: Xstrata ORDINARY US$0.50 631,502,416; deferred/special excl",Whole-list annual-report pass: Full-remainder review: Batch 15 REVIEW: REVIEW: primary candidate evidence does not establish the preferred shares_outstanding definition at an exact effective date. Candidate value withheld from shares_outstanding rather than assumed.
WORK_000730,80,76.5,10.9,04345939,Xstrata,XTA,2005,632502416,,allotted incl treasury,TREASURY_TREATMENT_REQUIRED,REVIEW,https://find-and-update.company-information.service.gov.uk/company/04345939/filing-history/NjM2NTQxNjJhZGlxemtjeA/document?format=pdf&download=0,"CH annual return, filing dated 2006-01-31; allotted incl. treasury; par US$0.50; agg 316251208.00; VISUAL READ: Xstrata ORDINARY US$0.50 632,502,416; deferred/special excl",Whole-list annual-report pass: Full-remainder review: Batch 15 REVIEW: REVIEW: primary candidate evidence does not establish the preferred shares_outstanding definition at an exact effective date. Candidate value withheld from shares_outstanding rather than assumed.
WORK_000731,80,76.5,10.9,04345939,Xstrata,XTA,2006,943150383,,allotted incl treasury,TREASURY_TREATMENT_REQUIRED,REVIEW,https://find-and-update.company-information.service.gov.uk/company/04345939/filing-history/MTc2MjQxNTM2YWRpcXprY3g/document?format=pdf&download=0,"CH annual return, filing dated 2007-02-12; allotted incl. treasury; par US$0.50; agg 471575191.50; VISUAL READ: Xstrata ORDINARY US$0.50 943,150,383 (class-line reads ...883 but agg+Totals reconcile to ...383); deferred/special excl (Falconbridge acq)",Whole-list annual-report pass: Full-remainder review: Batch 15 REVIEW: REVIEW: primary candidate evidence does not establish the preferred shares_outstanding definition at an exact effective date. Candidate value withheld from shares_outstanding rather than assumed.
WORK_000732,80,76.5,10.9,04345939,Xstrata,XTA,2007,971666920,,allotted incl treasury,TREASURY_TREATMENT_REQUIRED,REVIEW,https://find-and-update.company-information.service.gov.uk/company/04345939/filing-history/MTkwNDgyMzMwYWRpcXprY3g/document?format=pdf&download=0,"CH annual return, filing dated 2008-01-17; allotted incl. treasury; par US$0.50; agg 485833460.00; VISUAL READ: Xstrata ORDINARY US$0.50 971,666,920; deferred/special excl",Whole-list annual-report pass: Full-remainder review: Batch 15 REVIEW: REVIEW: primary candidate evidence does not establish the preferred shares_outstanding definition at an exact effective date. Candidate value withheld from shares_outstanding rather than assumed.
WORK_000733,80,76.5,10.9,04345939,Xstrata,XTA,2008,977670540,,allotted incl treasury,TREASURY_TREATMENT_REQUIRED,REVIEW,https://find-and-update.company-information.service.gov.uk/company/04345939/filing-history/MjAyMzA4OTgwNGFkaXF6a2N4/document?format=pdf&download=0,"statement of capital, filing 2009-01-12; Claude-adjudicated: ordinary class total",Whole-list annual-report pass: Full-remainder review: Batch 15 REVIEW: REVIEW: primary candidate evidence does not establish the preferred shares_outstanding definition at an exact effective date. Candidate value withheld from shares_outstanding rather than assumed.
WORK_000734,80,76.5,10.9,04345939,Xstrata,XTA,2009,2939011621,,allotted incl treasury,TREASURY_TREATMENT_REQUIRED,REVIEW,https://find-and-update.company-information.service.gov.uk/company/04345939/filing-history/MzAwODA2Njg3M2FkaXF6a2N4/document?format=pdf&download=0,"statement of capital, filing 2009-12-31; Claude-adjudicated: US$ aggregate / $0.50 nominal",Whole-list annual-report pass: Full-remainder review: Batch 15 REVIEW: REVIEW: primary candidate evidence does not establish the preferred shares_outstanding definition at an exact effective date. Candidate value withheld from shares_outstanding rather than assumed.
WORK_000735,80,76.5,10.9,04345939,Xstrata,XTA,2010,2929898000,2010-12-31,"total issued share capital at 31 December 2010 (balance-sheet date), per Share data note; not the EPS weighted average",PRIMARY_SOURCE_RECHECK_REQUIRED,REVIEW,https://www.glencore.com/publications,"Total issued share capital as at 31.12.10 2,929,898","Primary-source replacement completed via Glencore's successor publication archive, which identifies Xstrata's audited 2010 annual reporting. The exact 31 December 2010 treasury-excluded ordinary-share count has not yet been recovered from a primary report, so the candidate remains unpublished."
WORK_000736,80,76.5,10.9,04345939,Xstrata,XTA,2011,2964742077,,allotted incl treasury,TREASURY_TREATMENT_REQUIRED,REVIEW,https://find-and-update.company-information.service.gov.uk/company/04345939/filing-history/MzA1MjA5NzQxMmFkaXF6a2N4/document?format=pdf&download=0,"statement of capital, filing dated 2012-01-01; ADJUDICATED 2026-07-20: total-box but Xstrata single ordinary class; fits trusted 2009=2,939,011,621 | prior OCR note: TOTAL-shares box, class mix unknown — vfy: | otal number of shares 2,964,742,077 example £100 + €100 +  [confirmed at 240+300dpi] [jmp vs adjacent year — vfy]",Whole-list annual-report pass: Full-remainder review: Batch 15 REVIEW: REVIEW: primary candidate evidence does not establish the preferred shares_outstanding definition at an exact effective date. Candidate value withheld from shares_outstanding rather than assumed.
WORK_000737,80,76.5,10.9,04345939,Xstrata,XTA,2012,3002692076,,allotted incl treasury,TREASURY_TREATMENT_REQUIRED,REVIEW,https://find-and-update.company-information.service.gov.uk/company/04345939/filing-history/MzA3MTEzNDQzMGFkaXF6a2N4/document?format=pdf&download=0,"CH annual return, filing dated 2013-01-01; allotted incl. treasury; par US$0.50; agg 1501346038.00; VISUAL READ: Xstrata AR01 15 Ord US$0.50 tranches sum 3,002,692,076; deferred 50,000 & special 1 excl; registrar confirms",Whole-list annual-report pass: Full-remainder review: Batch 15 REVIEW: REVIEW: primary candidate evidence does not establish the preferred shares_outstanding definition at an exact effective date. Candidate value withheld from shares_outstanding rather than assumed.
WORK_000738,81,75.5,10.7,02921462,Man Group,EMG,2001,267520172,2001-04-22,allotted incl treasury,TREASURY_TREATMENT_REQUIRED,REVIEW,https://find-and-update.company-information.service.gov.uk/company/02921462/filing-history/MTI4NDY2MjMwYWRpcXprY3g/document?format=pdf&download=0,"ORDINARY SHARES OF 10p EACH — Number of shares issued 267,520,172",Whole-list annual-report pass: Full-remainder review: Candidate is issued/allotted shares including treasury; not equivalent to required shares outstanding unless treasury holdings are separately and exactly resolved.
WORK_000739,81,75.5,10.7,02921462,Man Group,EMG,2002,267220172,2002-04-22,allotted incl treasury,TREASURY_TREATMENT_REQUIRED,REVIEW,https://find-and-update.company-information.service.gov.uk/company/02921462/filing-history/NzI2MTM2MjdhZGlxemtjeA/document?format=pdf&download=0,"ORDINARY SHARES OF 10p EACH — Number of shares issued 267,220,172",Whole-list annual-report pass: Full-remainder review: Candidate is issued/allotted shares including treasury; not equivalent to required shares outstanding unless treasury holdings are separately and exactly resolved.
WORK_000740,81,75.5,10.7,02921462,Man Group,EMG,2003,306701388,2003-04-22,allotted incl treasury,TREASURY_TREATMENT_REQUIRED,REVIEW,https://find-and-update.company-information.service.gov.uk/company/02921462/filing-history/MTQ5NjQ1ODQxYWRpcXprY3g/document?format=pdf&download=0,"ORDINARY SHARES OF 10p EACH — Number of shares issued 306,701,388",Whole-list annual-report pass: Full-remainder review: Candidate is issued/allotted shares including treasury; not equivalent to required shares outstanding unless treasury holdings are separately and exactly resolved.
WORK_000741,81,75.5,10.7,02921462,Man Group,EMG,2004,310303937,2004-04-22,allotted incl treasury,TREASURY_TREATMENT_REQUIRED,REVIEW,https://find-and-update.company-information.service.gov.uk/company/02921462/filing-history/MTM4NDY5NTk5YWRpcXprY3g/document?format=pdf&download=0,"ORDINARY SHARES OF 10p EACH — Number of shares issued 310,303,937",Whole-list annual-report pass: Full-remainder review: Candidate is issued/allotted shares including treasury; not equivalent to required shares outstanding unless treasury holdings are separately and exactly resolved.
WORK_000742,81,75.5,10.7,02921462,Man Group,EMG,2005,307517013,2005-04-22,allotted incl treasury,TREASURY_TREATMENT_REQUIRED,REVIEW,https://find-and-update.company-information.service.gov.uk/company/02921462/filing-history/ODMwNDYwMDJhZGlxemtjeA/document?format=pdf&download=0,"ORDINARY SHARES OF 18 US CENTS EACH — Number of shares issued 307,517,013",Whole-list annual-report pass: Full-remainder review: Candidate is issued/allotted shares including treasury; not equivalent to required shares outstanding unless treasury holdings are separately and exactly resolved.
WORK_000743,81,75.5,10.7,02921462,Man Group,EMG,2006,307656444,2006-04-22,allotted incl treasury,TREASURY_TREATMENT_REQUIRED,REVIEW,https://find-and-update.company-information.service.gov.uk/company/02921462/filing-history/MTYxMTkwODY4YWRpcXprY3g/document?format=pdf&download=0,"ORDINARY SHARES OF 18 US CENTS EACH — Number of shares issued 307,656,444",Whole-list annual-report pass: Full-remainder review: Candidate is issued/allotted shares including treasury; not equivalent to required shares outstanding unless treasury holdings are separately and exactly resolved.
WORK_000744,81,75.5,10.7,02921462,Man Group,EMG,2007,1880025330,2007-04-22,allotted incl treasury,TREASURY_TREATMENT_REQUIRED,REVIEW,https://find-and-update.company-information.service.gov.uk/company/02921462/filing-history/MTgwNDI4NTg5YWRpcXprY3g/document?format=pdf&download=0,"Number of shares issued 1,880,025,330",Whole-list annual-report pass: Full-remainder review: Candidate is issued/allotted shares including treasury; not equivalent to required shares outstanding unless treasury holdings are separately and exactly resolved.
WORK_000745,81,75.5,10.7,02921462,Man Group,EMG,2008,1715269486,2008-04-22,allotted incl treasury,TREASURY_TREATMENT_REQUIRED,REVIEW,https://find-and-update.company-information.service.gov.uk/company/02921462/filing-history/MjAwNjU1MzA1MmFkaXF6a2N4/document?format=pdf&download=0,"ORDINARY (3 3/7 US CENTS SHARES) — Number of shares issued 1,715,269,486",Whole-list annual-report pass: Full-remainder review: Candidate is issued/allotted shares including treasury; not equivalent to required shares outstanding unless treasury holdings are separately and exactly resolved.
WORK_000746,81,75.5,10.7,02921462,Man Group,EMG,2009,1707896491,2009-04-22,allotted incl treasury,TREASURY_TREATMENT_REQUIRED,REVIEW,https://find-and-update.company-information.service.gov.uk/company/02921462/filing-history/MjAzMzk4MjgxMWFkaXF6a2N4/document?format=pdf&download=0,"ORDINARY (3 3/7 US CENTS SHARES) — Number of shares issued 1,707,896,491",Whole-list annual-report pass: Full-remainder review: Candidate is issued/allotted shares including treasury; not equivalent to required shares outstanding unless treasury holdings are separately and exactly resolved.
WORK_000747,81,75.5,10.7,02921462,Man Group,EMG,2010,1712341544,2010-04-22,allotted incl treasury,TREASURY_TREATMENT_REQUIRED,REVIEW,https://find-and-update.company-information.service.gov.uk/company/02921462/filing-history/MzAxNjE0OTYyOGFkaXF6a2N4/document?format=pdf&download=0,"Number of shares 1,712,341,544",Whole-list annual-report pass: Full-remainder review: Candidate is issued/allotted shares including treasury; not equivalent to required shares outstanding unless treasury holdings are separately and exactly resolved.
WORK_000748,81,75.5,10.7,02921462,Man Group,EMG,2011,1881597970,2011-04-22,allotted incl treasury,TREASURY_TREATMENT_REQUIRED,REVIEW,https://find-and-update.company-information.service.gov.uk/company/02921462/filing-history/MzAzNzYzNDEzMGFkaXF6a2N4/document?format=pdf&download=0,"Number of shares 1,881,597,970",Whole-list annual-report pass: Full-remainder review: Candidate is issued/allotted shares including treasury; not equivalent to required shares outstanding unless treasury holdings are separately and exactly resolved.
WORK_000749,82,73.0,9.0,SC095000,LLOYDS BANKING GROUP PLC,LLOY,2000,5507000000,2000-12-31,"number of ordinary shares in issue at 31 December 2000 (balance-sheet date), per Five year financial summary; not the EPS weighted average",PRIMARY_SOURCE_RECHECK_REQUIRED,REVIEW,https://www.sec.gov/Archives/edgar/data/1160106/000119163803000884/lloy2003061320f.txt,"Number of ordinary shares in issue (millions)7                                                          5,594        5,583         5,564        5,507         5,475",Identity remediation: SC095000 continuity is proven (TSB Group plc -> Lloyds TSB Group plc -> Lloyds Banking Group plc). The retained candidate is only a rounded million-share summary and is not publishable as an exact share count. Find an exact primary year-end outstanding-share disclosure.
WORK_000750,82,73.0,9.0,SC095000,LLOYDS BANKING GROUP PLC,LLOY,2001,5564000000,2001-12-31,"number of ordinary shares in issue at 31 December 2001 (balance-sheet date), per Five year financial summary; not the EPS weighted average",PRIMARY_SOURCE_RECHECK_REQUIRED,REVIEW,https://www.sec.gov/Archives/edgar/data/1160106/000119163803000884/lloy2003061320f.txt,"Number of ordinary shares in issue (millions)7                                                          5,594        5,583         5,564        5,507         5,475",Identity remediation: SC095000 continuity is proven (TSB Group plc -> Lloyds TSB Group plc -> Lloyds Banking Group plc). The retained candidate is only a rounded million-share summary and is not publishable as an exact share count. Find an exact primary year-end outstanding-share disclosure.
WORK_000751,82,73.0,9.0,SC095000,LLOYDS BANKING GROUP PLC,LLOY,2003,5594000000,2003-12-31,"number of ordinary shares in issue at 31 December 2003 (balance-sheet date), per Five year financial summary; not the EPS weighted average",PRIMARY_SOURCE_RECHECK_REQUIRED,REVIEW,https://www.sec.gov/Archives/edgar/data/1160106/000119163803000884/lloy2003061320f.txt,"Number of ordinary shares in issue (millions)7                                                          5,594        5,583         5,564        5,507         5,475",Identity remediation: SC095000 continuity is proven (TSB Group plc -> Lloyds TSB Group plc -> Lloyds Banking Group plc). The retained candidate is only a rounded million-share summary and is not publishable as an exact share count. Find an exact primary year-end outstanding-share disclosure.
WORK_000752,82,73.0,9.0,SC095000,LLOYDS BANKING GROUP PLC,LLOY,2017,72385962900,,outstanding (cover statement),DATE_RECONSTRUCTION_REQUIRED,REVIEW,https://www.sec.gov/cgi-bin/browse-edgar?action=getcompany&CIK=0001160106&type=20-F,,Whole-list annual-report pass: Full-remainder review: No explicit as-of date stored; publication rule requires a defined observation date.
WORK_000753,83,72.5,12.9,06209386,MONDI PLC,MNDI,2013,367240805,,allotted incl treasury,TREASURY_TREATMENT_REQUIRED,REVIEW,https://find-and-update.company-information.service.gov.uk/company/06209386/filing-history/MzEwMDAzMjM3NmFkaXF6a2N4/document?format=pdf&download=0,Class of shares Amount paid up on Amount (if any) unpard Number of shares @ Aggregate nominal value © {Eg OrdinaryiPrefe,Whole-list annual-report pass: Full-remainder review: Candidate is issued/allotted shares including treasury; not equivalent to required shares outstanding unless treasury holdings are separately and exactly resolved.
WORK_000754,83,72.5,12.9,06209386,MONDI PLC,MNDI,2015,367240805,,allotted incl treasury,TREASURY_TREATMENT_REQUIRED,REVIEW,https://find-and-update.company-information.service.gov.uk/company/06209386/filing-history/MzE0ODE4NzI1NmFkaXF6a2N4/document?format=pdf&download=0,Class of shares Amount paid up on Amount (if any) unpaid Number of shares ® Aggregate nominal value O | (Eg Ordinary/Pre,Whole-list annual-report pass: Full-remainder review: Candidate is issued/allotted shares including treasury; not equivalent to required shares outstanding unless treasury holdings are separately and exactly resolved.
WORK_000755,83,72.5,12.9,06209386,MONDI PLC,MNDI,2016,367240805,,allotted incl treasury,TREASURY_TREATMENT_REQUIRED,REVIEW,https://find-and-update.company-information.service.gov.uk/company/06209386/filing-history/MzE0ODE4NzI1NmFkaXF6a2N4/document?format=pdf&download=0,Class of shares Amount paid up on Amount (if any) unpaid Number of shares ® Aggregate nominal value O | (Eg Ordinary/Pre,Whole-list annual-report pass: Full-remainder review: Candidate is issued/allotted shares including treasury; not equivalent to required shares outstanding unless treasury holdings are separately and exactly resolved.
WORK_000756,83,72.5,12.9,06209386,MONDI PLC,MNDI,2017,367240805,,allotted incl treasury,TREASURY_TREATMENT_REQUIRED,REVIEW,https://find-and-update.company-information.service.gov.uk/company/06209386/filing-history/MzIwMzMzMDkzOGFkaXF6a2N4/document?format=pdf&download=0,VOTE AT GENERAL MEETINGS. Class of Shares: ORDINARY Number allotted 367240805 Currency: EUR Aggregate nominal value: 734,Whole-list annual-report pass: Full-remainder review: Candidate is issued/allotted shares including treasury; not equivalent to required shares outstanding unless treasury holdings are separately and exactly resolved.
WORK_000757,84,71.0,11.0,03263713,Alliance & Leicester,AL,2000,522585928,,allotted incl treasury,TREASURY_TREATMENT_REQUIRED,REVIEW,https://find-and-update.company-information.service.gov.uk/company/03263713/filing-history/MTA4MjEzOTcyYWRpcXprY3g/document?format=pdf&download=0,"statement of capital (allotted incl. treasury), filing dated 2000-11-02; VISUAL READ of page image: Ordinary 50p, nominal 261,292,964 exact; co# 3263713",Whole-list annual-report pass: Full-remainder review: Candidate is issued/allotted shares including treasury; not equivalent to required shares outstanding unless treasury holdings are separately and exactly resolved.
WORK_000758,84,71.0,11.0,03263713,Alliance & Leicester,AL,2001,504754293,,allotted incl treasury,TREASURY_TREATMENT_REQUIRED,REVIEW,https://find-and-update.company-information.service.gov.uk/company/03263713/filing-history/NTMwMjQ5MTdhZGlxemtjeA/document?format=pdf&download=0,"statement of capital (allotted incl. treasury), filing dated 2001-11-06; VISUAL READ of page image: Ordinary 50p, nominal GBP252,377,146.50 exact; co# 3263713; form total box has clerical miswrite",Whole-list annual-report pass: Full-remainder review: Candidate is issued/allotted shares including treasury; not equivalent to required shares outstanding unless treasury holdings are separately and exactly resolved.
WORK_000759,84,71.0,11.0,03263713,Alliance & Leicester,AL,2002,492182113,,allotted incl treasury,TREASURY_TREATMENT_REQUIRED,REVIEW,https://find-and-update.company-information.service.gov.uk/company/03263713/filing-history/NTYyNzQwMTVhZGlxemtjeA/document?format=pdf&download=0,"statement of capital (allotted incl. treasury), filing dated 2002-11-15; VISUAL READ of page image: Ordinary 50p; filer truncated .50 off nominal; co# 3263713",Whole-list annual-report pass: Full-remainder review: Candidate is issued/allotted shares including treasury; not equivalent to required shares outstanding unless treasury holdings are separately and exactly resolved.
WORK_000760,84,71.0,11.0,03263713,Alliance & Leicester,AL,2003,475128778,,allotted incl treasury,TREASURY_TREATMENT_REQUIRED,REVIEW,https://find-and-update.company-information.service.gov.uk/company/03263713/filing-history/MTMyNDgxMjc3YWRpcXprY3g/document?format=pdf&download=0,"statement of capital, filing 2003-10-29; Claude-adjudicated: ordinary class total",Whole-list annual-report pass: Full-remainder review: Candidate is issued/allotted shares including treasury; not equivalent to required shares outstanding unless treasury holdings are separately and exactly resolved.
WORK_000761,84,71.0,11.0,03263713,Alliance & Leicester,AL,2004,453562774,,allotted incl treasury,TREASURY_TREATMENT_REQUIRED,REVIEW,https://find-and-update.company-information.service.gov.uk/company/03263713/filing-history/Nzc0OTE1MTNhZGlxemtjeA/document?format=pdf&download=0,"statement of capital (allotted incl. treasury), filing dated 2004-11-23; VISUAL READ of page image: Ordinary 50p, nominal GBP226,781,387 exact; co# 3263713; mcap GBP4.15bn at 913.89p",Whole-list annual-report pass: Full-remainder review: Candidate is issued/allotted shares including treasury; not equivalent to required shares outstanding unless treasury holdings are separately and exactly resolved.
WORK_000762,84,71.0,11.0,03263713,Alliance & Leicester,AL,2005,447049262,,allotted incl treasury,TREASURY_TREATMENT_REQUIRED,REVIEW,https://find-and-update.company-information.service.gov.uk/company/03263713/filing-history/OTIyNDg1NzdhZGlxemtjeA/document?format=pdf&download=0,"statement of capital (allotted incl. treasury), filing dated 2005-11-25; VISUAL READ of page image: Ordinary 50p, nominal 223,524,631.00 exact; co# 3263713",Whole-list annual-report pass: Full-remainder review: Candidate is issued/allotted shares including treasury; not equivalent to required shares outstanding unless treasury holdings are separately and exactly resolved.
WORK_000763,84,71.0,11.0,03263713,Alliance & Leicester,AL,2006,446418012,,allotted incl treasury,TREASURY_TREATMENT_REQUIRED,REVIEW,https://find-and-update.company-information.service.gov.uk/company/03263713/filing-history/MTc0MjEzMDkwYWRpcXprY3g/document?format=pdf&download=0,"statement of capital (allotted incl. treasury), filing dated 2006-12-19; VISUAL READ of page image: Ordinary 50p only; GBP1 pref 300m excluded (total 746,418,012 confirms); co# 3263713",Whole-list annual-report pass: Full-remainder review: Candidate is issued/allotted shares including treasury; not equivalent to required shares outstanding unless treasury holdings are separately and exactly resolved.
WORK_000764,84,71.0,11.0,03263713,Alliance & Leicester,AL,2007,420628413,,,DATE_RECONSTRUCTION_REQUIRED,REVIEW,https://find-and-update.company-information.service.gov.uk/company/03263713/filing-history/MjAwMjI2NDQwNWFkaXF6a2N4/document?format=pdf&download=0,"Shareholder analysis as at 31 December 2007 ... 563,880 holders 100.00% / 420,628,413 shares 100.00% of ordinary share capital",Whole-list annual-report pass: Full-remainder review: No explicit as-of date stored; publication rule requires a defined observation date.
WORK_000765,85,70.0,12.8,00296805,TAYLOR WIMPEY PLC,TW.,2014,3253461531,,allotted incl treasury,TREASURY_TREATMENT_REQUIRED,REVIEW,https://find-and-update.company-information.service.gov.uk/company/00296805/filing-history/MzEyNjQ5MDM4MWFkaXF6a2N4/document?format=pdf&download=0,"'Ordinary | 1p | 3,253,461,531 | GBP32,534,615.31' vs 'Deferred | 24p | 1,065,566,274 | GBP255,735,905.76'; Totals| 4,319,027,805; 3,253,461,531 x GBP0.01 = GBP32,534,615.31 exact",Whole-list annual-report pass: Full-remainder review: Candidate is issued/allotted shares including treasury; not equivalent to required shares outstanding unless treasury holdings are separately and exactly resolved.
WORK_000766,85,70.0,12.8,00296805,TAYLOR WIMPEY PLC,TW.,2015,3264961115,,allotted incl treasury,TREASURY_TREATMENT_REQUIRED,REVIEW,https://find-and-update.company-information.service.gov.uk/company/00296805/filing-history/MzE1NDA5NDA5MmFkaXF6a2N4/document?format=pdf&download=0,"Sterling [Deferred 1,065,566,274  |£255,735,90576 £63, 72 ps | Sterling [ordinary [3,264,961 115 £32,649,611 15 E fue Te | Totals [4,330,527,389 le2g8",Whole-list annual-report pass: Full-remainder review: Candidate is issued/allotted shares including treasury; not equivalent to required shares outstanding unless treasury holdings are separately and exactly resolved.
WORK_000767,85,70.0,12.8,00296805,TAYLOR WIMPEY PLC,TW.,2016,3271983845,,allotted incl treasury,TREASURY_TREATMENT_REQUIRED,REVIEW,https://find-and-update.company-information.service.gov.uk/company/00296805/filing-history/MzE3OTQwNTU1NGFkaXF6a2N4/document?format=pdf&download=0, | Class of Shares: ORDINARY Number allotted 327 1983845 | ,Whole-list annual-report pass: Full-remainder review: Candidate is issued/allotted shares including treasury; not equivalent to required shares outstanding unless treasury holdings are separately and exactly resolved.
WORK_000768,86,65.0,12.2,01807982,ASHTEAD GROUP PLC,AHT,2014,553325554,,allotted incl treasury,TREASURY_TREATMENT_REQUIRED,REVIEW,https://find-and-update.company-information.service.gov.uk/company/01807982/filing-history/MzExMTU1NTY0MWFkaXF6a2N4/document?format=pdf&download=0,Class of shares ORDINARY Number allotted 553325554,Whole-list annual-report pass: Full-remainder review: Candidate is issued/allotted shares including treasury; not equivalent to required shares outstanding unless treasury holdings are separately and exactly resolved.
WORK_000769,86,65.0,12.2,01807982,ASHTEAD GROUP PLC,AHT,2015,553325554,,allotted incl treasury,TREASURY_TREATMENT_REQUIRED,REVIEW,https://find-and-update.company-information.service.gov.uk/company/01807982/filing-history/MzEzNDE3NzQ5MWFkaXF6a2N4/document?format=pdf&download=0,Class of shares ORDINARY Number allotted 553325554,Whole-list annual-report pass: Full-remainder review: Candidate is issued/allotted shares including treasury; not equivalent to required shares outstanding unless treasury holdings are separately and exactly resolved.
WORK_000770,87,64.0,9.2,02366963,International Power,IPR,2000,1116957194,,allotted incl treasury,TREASURY_TREATMENT_REQUIRED,REVIEW,https://find-and-update.company-information.service.gov.uk/company/02366963/filing-history/MTEyMTAwMjA1YWRpcXprY3g/document?format=pdf&download=0,"statement of capital, filing dated 2000-10-09; status=OCR_EXTRACTED","Whole-list annual-report pass: Full-remainder review: Batch 14 REVIEW: Do not publish the queued value as shares_outstanding without same-date primary evidence for treasury treatment (including explicit zero treasury, if applicable). Missing retained rather than assuming issued equals outstanding."
WORK_000771,87,64.0,9.2,02366963,International Power,IPR,2001,1117558463,,allotted incl treasury,TREASURY_TREATMENT_REQUIRED,REVIEW,https://find-and-update.company-information.service.gov.uk/company/02366963/filing-history/MTQyNzk4Mzc1YWRpcXprY3g/document?format=pdf&download=0,"CH annual return, filing dated 2001-09-14; allotted incl. treasury; VISUAL READ: 50p ORDINARY: 1,117,558,463 x 0.50 = GBP558,779,231.50 (GBP1 special-rights redeemable pref excluded); contact International Power plc; matches 2000 (1,116,...","Whole-list annual-report pass: Full-remainder review: Batch 14 REVIEW: Do not publish the queued value as shares_outstanding without same-date primary evidence for treasury treatment (including explicit zero treasury, if applicable). Missing retained rather than assuming issued equals outstanding."
WORK_000772,87,64.0,9.2,02366963,International Power,IPR,2005,1473410063,,allotted incl treasury,TREASURY_TREATMENT_REQUIRED,REVIEW,https://find-and-update.company-information.service.gov.uk/company/02366963/filing-history/MTUzMjQ5NDkxYWRpcXprY3g/document?format=pdf&download=0,"CH annual return, filing dated 2005-09-22; allotted incl. treasury; VISUAL READ: 50p Ordinary: 1,473,410,063 x 0.50 = GBP736,705,031.50 (1p deferred excluded); International Power plc","Whole-list annual-report pass: Full-remainder review: Batch 14 REVIEW: Do not publish the queued value as shares_outstanding without same-date primary evidence for treasury treatment (including explicit zero treasury, if applicable). Missing retained rather than assuming issued equals outstanding."
WORK_000773,87,64.0,9.2,02366963,International Power,IPR,2006,1490033669,,allotted incl treasury,TREASURY_TREATMENT_REQUIRED,REVIEW,https://find-and-update.company-information.service.gov.uk/company/02366963/filing-history/MTY5MTk0NTM3YWRpcXprY3g/document?format=pdf&download=0,"statement of capital, filing dated 2006-10-02; status=OCR_EXTRACTED","Whole-list annual-report pass: Full-remainder review: Batch 14 REVIEW: Do not publish the queued value as shares_outstanding without same-date primary evidence for treasury treatment (including explicit zero treasury, if applicable). Missing retained rather than assuming issued equals outstanding."
WORK_000774,87,64.0,9.2,02366963,International Power,IPR,2007,1500163974,,allotted incl treasury,TREASURY_TREATMENT_REQUIRED,REVIEW,https://find-and-update.company-information.service.gov.uk/company/02366963/filing-history/MTg0OTIyNTM1YWRpcXprY3g/document?format=pdf&download=0,"CH annual return, filing dated 2007-09-05; allotted incl. treasury; VISUAL READ: 50p Ordinary: 1,500,163,974 x 0.50 = GBP750,081,987.00; Co.No 02366963 (deferred/special pref excluded)","Whole-list annual-report pass: Full-remainder review: Batch 14 REVIEW: Do not publish the queued value as shares_outstanding without same-date primary evidence for treasury treatment (including explicit zero treasury, if applicable). Missing retained rather than assuming issued equals outstanding."
WORK_000775,87,64.0,9.2,02366963,International Power,IPR,2008,1509357579,,allotted incl treasury,TREASURY_TREATMENT_REQUIRED,REVIEW,https://find-and-update.company-information.service.gov.uk/company/02366963/filing-history/MjAxMzY1MTMyMWFkaXF6a2N4/document?format=pdf&download=0,"statement of capital, filing dated 2008-09-18; status=OCR_EXTRACTED","Whole-list annual-report pass: Full-remainder review: Batch 14 REVIEW: Do not publish the queued value as shares_outstanding without same-date primary evidence for treasury treatment (including explicit zero treasury, if applicable). Missing retained rather than assuming issued equals outstanding."
WORK_000776,87,64.0,9.2,02366963,International Power,IPR,2009,1521993870,,allotted incl treasury,TREASURY_TREATMENT_REQUIRED,REVIEW,https://find-and-update.company-information.service.gov.uk/company/02366963/filing-history/MjA0MjI4NjU4NWFkaXF6a2N4/document?format=pdf&download=0,"CH annual return, filing dated 2009-09-28; allotted incl. treasury; VISUAL READ: 50p Ordinary: 1,521,993,870 x 0.50 = GBP760,996,935.00; Co.No 02366963 (1p deferred excluded)","Whole-list annual-report pass: Full-remainder review: Batch 14 REVIEW: Do not publish the queued value as shares_outstanding without same-date primary evidence for treasury treatment (including explicit zero treasury, if applicable). Missing retained rather than assuming issued equals outstanding."
WORK_000777,87,64.0,9.2,02366963,International Power,IPR,2010,1523692361,,allotted incl treasury,TREASURY_TREATMENT_REQUIRED,REVIEW,https://find-and-update.company-information.service.gov.uk/company/02366963/filing-history/MzAyMjIzMzY0OGFkaXF6a2N4/document?format=pdf&download=0,"statement of capital, filing dated 2010-08-16; status=OCR_EXTRACTED","Whole-list annual-report pass: Full-remainder review: Batch 14 REVIEW: Do not publish the queued value as shares_outstanding without same-date primary evidence for treasury treatment (including explicit zero treasury, if applicable). Missing retained rather than assuming issued equals outstanding."
WORK_000778,87,64.0,9.2,02366963,International Power,IPR,2011,5093792843,,allotted incl treasury,TREASURY_TREATMENT_REQUIRED,REVIEW,https://find-and-update.company-information.service.gov.uk/company/02366963/filing-history/MzA0MzkzNzI5NGFkaXF6a2N4/document?format=pdf&download=0,"CH annual return, filing dated 2011-08-16; allotted incl. treasury; VISUAL READ: 50p Ordinary: 5,093,792,843 x 0.50 = GBP2,546,896,421.50 (deferred excluded); jump from 2010 (1.52bn) = Feb-2011 GDF Suez merger (~70% new issuance) - recon...","Whole-list annual-report pass: Full-remainder review: Batch 14 REVIEW: Do not publish the queued value as shares_outstanding without same-date primary evidence for treasury treatment (including explicit zero treasury, if applicable). Missing retained rather than assuming issued equals outstanding."
WORK_000779,88,63.5,9.9,00308372,Amvescap,AVZ,2000,676386778,,allotted incl treasury,TREASURY_TREATMENT_REQUIRED,REVIEW,https://find-and-update.company-information.service.gov.uk/company/00308372/filing-history/OTc1NjgyNTVhZGlxemtjeA/document?format=pdf&download=0,"statement of capital (allotted incl. treasury), filing dated 2000-09-04; VISUAL READ of page image: Ordinary 25p sole class, nominal GBP169,096,694.50 exact; co# 308372",Whole-list annual-report pass: Full-remainder review: Candidate is issued/allotted shares including treasury; not equivalent to required shares outstanding unless treasury holdings are separately and exactly resolved.
WORK_000780,88,63.5,9.9,00308372,Amvescap,AVZ,2001,782080454,,allotted incl treasury,TREASURY_TREATMENT_REQUIRED,REVIEW,https://find-and-update.company-information.service.gov.uk/company/00308372/filing-history/MTUzMjI3NjE4YWRpcXprY3g/document?format=pdf&download=0,"statement of capital (allotted incl. treasury), filing dated 2001-08-23; VISUAL READ of page image: Ordinary 25p, nominal GBP195,520,113.50 exact; co# 308372",Whole-list annual-report pass: Full-remainder review: Candidate is issued/allotted shares including treasury; not equivalent to required shares outstanding unless treasury holdings are separately and exactly resolved.
WORK_000781,88,63.5,9.9,00308372,Amvescap,AVZ,2002,794456221,,outstanding (cover statement),DATE_RECONSTRUCTION_REQUIRED,REVIEW,https://www.sec.gov/Archives/edgar/data/914208/000091420803000054/form20f-2002.txt,"Cover: 'Outstanding at December 31, 2002 ... Ordinary Shares 794,456,221' (footnote: includes ordinary shares represented by ADSs)",Whole-list annual-report pass: Full-remainder review: No explicit as-of date stored; publication rule requires a defined observation date.
WORK_000782,88,63.5,9.9,00308372,Amvescap,AVZ,2003,810095207,,allotted incl treasury,TREASURY_TREATMENT_REQUIRED,REVIEW,https://find-and-update.company-information.service.gov.uk/company/00308372/filing-history/NTg1ODgyMjNhZGlxemtjeA/document?format=pdf&download=0,"statement of capital (allotted incl. treasury), filing dated 2004-06-30; VISUAL READ of page image: Ordinary 25p, nominal GBP202,523,801.75 exact; co# 308372; AR signed 7/6/04 (made-up date in filing_date)",Whole-list annual-report pass: Full-remainder review: Candidate is issued/allotted shares including treasury; not equivalent to required shares outstanding unless treasury holdings are separately and exactly resolved.
WORK_000783,88,63.5,9.9,00308372,Amvescap,AVZ,2004,811262475,,allotted incl treasury,TREASURY_TREATMENT_REQUIRED,REVIEW,https://find-and-update.company-information.service.gov.uk/company/00308372/filing-history/ODQwNzc5OTVhZGlxemtjeA/document?format=pdf&download=0,"statement of capital (allotted incl. treasury), filing dated 2005-07-20; VISUAL READ of page image: Ordinary 25p, nominal GBP202,815,618.75 exact; co# 308372; AR signed 21/6/05",Whole-list annual-report pass: Full-remainder review: Candidate is issued/allotted shares including treasury; not equivalent to required shares outstanding unless treasury holdings are separately and exactly resolved.
WORK_000784,88,63.5,9.9,00308372,Amvescap,AVZ,2005,823845061,,allotted incl treasury,TREASURY_TREATMENT_REQUIRED,REVIEW,https://find-and-update.company-information.service.gov.uk/company/00308372/filing-history/MTYzNzQ5MTIzYWRpcXprY3g/document?format=pdf&download=0,"statement of capital (allotted incl. treasury), filing dated 2006-07-26; VISUAL READ of page image: Ordinary US$0.10, nominal USD82,384,506.10 exact; special voting + 50,000 deferred excluded; co# 308372",Whole-list annual-report pass: Full-remainder review: Candidate is issued/allotted shares including treasury; not equivalent to required shares outstanding unless treasury holdings are separately and exactly resolved.
WORK_000785,88,63.5,9.9,00308372,Amvescap,AVZ,2006,840781783,,allotted incl treasury,TREASURY_TREATMENT_REQUIRED,REVIEW,https://find-and-update.company-information.service.gov.uk/company/00308372/filing-history/MTgxNDk3OTQ3YWRpcXprY3g/document?format=pdf&download=0,"statement of capital (allotted incl. treasury), filing dated 2007-06-27; VISUAL READ of page image: Ordinary US$0.10, nominal USD84,078,178.30 exact; special/deferred excluded; co# 308372; mcap GBP5.0bn at 596p",Whole-list annual-report pass: Full-remainder review: Candidate is issued/allotted shares including treasury; not equivalent to required shares outstanding unless treasury holdings are separately and exactly resolved.
WORK_000786,89,62.0,11.6,00206132,CRODA INTERNATIONAL PLC,CRDA,2016,135124108,,allotted incl treasury,TREASURY_TREATMENT_REQUIRED,REVIEW,https://find-and-update.company-information.service.gov.uk/company/00206132/filing-history/MzE3MzQzNDgyNWFkaXF6a2N4/document?format=pdf&download=0,Class of Shares: ORDINARY Number allotted 135124108,Whole-list annual-report pass: Full-remainder review: Candidate is issued/allotted shares including treasury; not equivalent to required shares outstanding unless treasury holdings are separately and exactly resolved.
WORK_000787,89,62.0,11.6,00206132,CRODA INTERNATIONAL PLC,CRDA,2017,135124108,,allotted incl treasury,TREASURY_TREATMENT_REQUIRED,REVIEW,https://find-and-update.company-information.service.gov.uk/company/00206132/filing-history/MzIwMzA0MDMxOGFkaXF6a2N4/document?format=pdf&download=0,Class of Shares: ORDINARY Number allotted 135124108,Whole-list annual-report pass: Full-remainder review: Candidate is issued/allotted shares including treasury; not equivalent to required shares outstanding unless treasury holdings are separately and exactly resolved.
WORK_000788,90,61.5,11.9,03183415,St. James Place,STJ,2017,529099906,,allotted incl treasury,TREASURY_TREATMENT_REQUIRED,REVIEW,https://find-and-update.company-information.service.gov.uk/company/03183415/filing-history/MzIwMTc4NTY5OWFkaXF6a2N4/document?format=pdf&download=0,Class of Shares: ORDINARY Number allotted 529099906,Whole-list annual-report pass: Full-remainder review: Candidate is issued/allotted shares including treasury; not equivalent to required shares outstanding unless treasury holdings are separately and exactly resolved.
WORK_000789,91,61.5,11.9,01682048,Enterprise Oil,ETP,2001,481108776,,allotted incl treasury,TREASURY_TREATMENT_REQUIRED,REVIEW,https://find-and-update.company-information.service.gov.uk/company/01682048/filing-history/OTg4ODA0ODJhZGlxemtjeA/document?format=pdf&download=0,"statement of capital (allotted incl. treasury), filing dated 2002-06-11; VISUAL READ: Ordinary 25p; typed figures struck and corrected on form, corrected pair exact at 25p; Enterprise Oil plc in contact box; entity via URL",Whole-list annual-report pass: Full-remainder review: Candidate is issued/allotted shares including treasury; not equivalent to required shares outstanding unless treasury holdings are separately and exactly resolved.
WORK_000790,92,61.0,9.0,04992207,G4S,GFS,2007,1280710738,,allotted incl treasury,TREASURY_TREATMENT_REQUIRED,REVIEW,https://find-and-update.company-information.service.gov.uk/company/04992207/filing-history/MTkxNzIzMjE0YWRpcXprY3g/document?format=pdf&download=0,"statement of capital (allotted incl. treasury), filing dated 2008-02-05; VISUAL READ: Ordinary 25p, nominal GBP320,177,684.50 exact; mcap GBP3.13bn at 244.75p; co# 4992207",Whole-list annual-report pass: Full-remainder review: Batch 15 REVIEW: REVIEW: primary candidate evidence does not establish the preferred shares_outstanding definition at an exact effective date. Candidate value withheld from shares_outstanding rather than assumed.
WORK_000791,92,61.0,9.0,04992207,G4S,GFS,2008,1408288639,,allotted incl treasury,TREASURY_TREATMENT_REQUIRED,REVIEW,https://find-and-update.company-information.service.gov.uk/company/04992207/filing-history/MjAyMzI1OTI5M2FkaXF6a2N4/document?format=pdf&download=0,"statement of capital, filing dated 2009-01-14; status=OCR_EXTRACTED",Whole-list annual-report pass: Full-remainder review: Batch 15 REVIEW: REVIEW: primary candidate evidence does not establish the preferred shares_outstanding definition at an exact effective date. Candidate value withheld from shares_outstanding rather than assumed.
WORK_000792,92,61.0,9.0,04992207,G4S,GFS,2009,1410448639,,allotted incl treasury,TREASURY_TREATMENT_REQUIRED,REVIEW,https://find-and-update.company-information.service.gov.uk/company/04992207/filing-history/MzAwNjEzMDk3OWFkaXF6a2N4/document?format=pdf&download=0,"OCR statement of capital, filing 2009-12-11; line: {E.g, Ordinary/Preference etc.) each share © on each share @",Whole-list annual-report pass: Full-remainder review: Batch 15 REVIEW: REVIEW: primary candidate evidence does not establish the preferred shares_outstanding definition at an exact effective date. Candidate value withheld from shares_outstanding rather than assumed.
WORK_000793,92,61.0,9.0,04992207,G4S,GFS,2010,1410598639,,allotted incl treasury,TREASURY_TREATMENT_REQUIRED,REVIEW,https://find-and-update.company-information.service.gov.uk/company/04992207/filing-history/MzAzNDQ5MTQ1NmFkaXF6a2N4/document?format=pdf&download=0,"OCR statement of capital, filing 2010-12-12; line: {Eg Ordinary/Preference etc } each share @ cn each share @",Whole-list annual-report pass: Full-remainder review: Batch 15 REVIEW: REVIEW: primary candidate evidence does not establish the preferred shares_outstanding definition at an exact effective date. Candidate value withheld from shares_outstanding rather than assumed.
WORK_000794,92,61.0,9.0,04992207,G4S,GFS,2011,1410668639,,allotted incl treasury,TREASURY_TREATMENT_REQUIRED,REVIEW,https://find-and-update.company-information.service.gov.uk/company/04992207/filing-history/MzA1MDc1OTcxMmFkaXF6a2N4/document?format=pdf&download=0,"OCR statement of capital, filing 2011-12-11; line: (Eg Ordinary/Preference etc } each share @ on each share @",Whole-list annual-report pass: Full-remainder review: Batch 15 REVIEW: REVIEW: primary candidate evidence does not establish the preferred shares_outstanding definition at an exact effective date. Candidate value withheld from shares_outstanding rather than assumed.
WORK_000795,92,61.0,9.0,04992207,G4S,GFS,2012,1410668639,,allotted incl treasury,TREASURY_TREATMENT_REQUIRED,REVIEW,https://find-and-update.company-information.service.gov.uk/company/04992207/filing-history/MzA3MDgxNzU2N2FkaXF6a2N4/document?format=pdf&download=0,"OCR statement of capital, filing 2012-12-11; line: (Eg Ordinary/Preference etc ) each share @ on each share ©",Whole-list annual-report pass: Full-remainder review: Batch 15 REVIEW: REVIEW: primary candidate evidence does not establish the preferred shares_outstanding definition at an exact effective date. Candidate value withheld from shares_outstanding rather than assumed.
WORK_000796,92,61.0,9.0,04992207,G4S,GFS,2013,1551594436,,allotted incl treasury,TREASURY_TREATMENT_REQUIRED,REVIEW,https://find-and-update.company-information.service.gov.uk/company/04992207/filing-history/MzA5MjYwODc0OWFkaXF6a2N4/document?format=pdf&download=0,"OCR statement of capital, filing 2013-12-11; line: (Eg Ordinary/Preference etc ) each share @ on each share",Whole-list annual-report pass: Full-remainder review: Batch 15 REVIEW: REVIEW: primary candidate evidence does not establish the preferred shares_outstanding definition at an exact effective date. Candidate value withheld from shares_outstanding rather than assumed.
WORK_000797,92,61.0,9.0,04992207,G4S,GFS,2014,1551594436,,allotted incl treasury,TREASURY_TREATMENT_REQUIRED,REVIEW,https://find-and-update.company-information.service.gov.uk/company/04992207/filing-history/MzExNTYyMTQ1MWFkaXF6a2N4/document?format=pdf&download=0,"OCR statement of capital, filing 2014-12-11; line: {Eg Ordinary/Preferance etc ) each share @ ‘on each share @",Whole-list annual-report pass: Full-remainder review: Batch 15 REVIEW: REVIEW: primary candidate evidence does not establish the preferred shares_outstanding definition at an exact effective date. Candidate value withheld from shares_outstanding rather than assumed.
WORK_000798,93,59.0,11.4,00076535,Tate & Lyle,TATE,2012,470586900,,allotted incl treasury,TREASURY_TREATMENT_REQUIRED,REVIEW,https://find-and-update.company-information.service.gov.uk/company/00076535/filing-history/MzA3NjYzOTc3NGFkaXF6a2N4/document?format=pdf&download=0,"Total number of shares 470,586,900 (multiple ordinary classes summed)",Whole-list annual-report pass: Full-remainder review: Candidate is issued/allotted shares including treasury; not equivalent to required shares outstanding unless treasury holdings are separately and exactly resolved.
WORK_000799,94,58.5,11.3,00167591,Slough Estates,SLOU,2006,472053450,,allotted incl treasury,TREASURY_TREATMENT_REQUIRED,REVIEW,https://find-and-update.company-information.service.gov.uk/company/00167591/filing-history/MTgxNTYxOTU4YWRpcXprY3g/document?format=pdf&download=0,"CH annual return, filing dated 2007-06-14; allotted incl. treasury; par 25p; agg 118013362.50; VISUAL READ: Slough Estates (=SEGRO) co 00167591 ORDINARY 25p 472,053,450 x0.25=GBP118,013,362.50",Whole-list annual-report pass: Full-remainder review: Candidate is issued/allotted shares including treasury; not equivalent to required shares outstanding unless treasury holdings are separately and exactly resolved.
WORK_000800,95,56.0,10.8,00348312,Carlton Communication,CCM,2000,671683098,,allotted incl treasury,TREASURY_TREATMENT_REQUIRED,REVIEW,https://find-and-update.company-information.service.gov.uk/company/00348312/filing-history/NzA2MDMwNzNhZGlxemtjeA/document?format=pdf&download=0,"OCR statement of capital, filing 2001-01-18; line: Ordinary 5p shares 671,683,098 £33,584,154.90",Whole-list annual-report pass: Full-remainder review: Candidate is issued/allotted shares including treasury; not equivalent to required shares outstanding unless treasury holdings are separately and exactly resolved.
WORK_000801,96,55.5,10.3,05393279,Rentokil Initial,RTO,2007,1814831011,,allotted incl treasury,TREASURY_TREATMENT_REQUIRED,REVIEW,https://find-and-update.company-information.service.gov.uk/company/05393279/filing-history/MjAwMzQxODgxMmFkaXF6a2N4/document?format=pdf&download=0,"Keyword line shows: '| ordinary \ 1,814,831,011_' and 'Totals | 1,814, 831,011'",Whole-list annual-report pass: Full-remainder review: Candidate is issued/allotted shares including treasury; not equivalent to required shares outstanding unless treasury holdings are separately and exactly resolved.
WORK_000802,96,55.5,10.3,05393279,RENTOKIL INITIAL PLC,RTO,2017,1843332965,,allotted incl treasury,TREASURY_TREATMENT_REQUIRED,REVIEW,https://find-and-update.company-information.service.gov.uk/company/05393279/filing-history/MzIwMTc5NzQ0NmFkaXF6a2N4/document?format=pdf&download=0,Confirmation Statement shows: 'Class of Shares: ORDINARY Number allotted 1843332965' and 'Total number of shares: 1843332965',Whole-list annual-report pass: Full-remainder review: Candidate is issued/allotted shares including treasury; not equivalent to required shares outstanding unless treasury holdings are separately and exactly resolved.
WORK_000803,97,55.5,9.1,02548782,ARM Holdings,ARM,2011,1351315597,,outstanding (cover statement),DATE_RECONSTRUCTION_REQUIRED,REVIEW,https://www.sec.gov/Archives/edgar/data/1057997/000095010312001071/dp28928_20f.htm,"Cover: 'outstanding shares ... as of December 31, 2011: Ordinary Shares of 0.05p each 1,351,315,597'",Whole-list annual-report pass: Full-remainder review: No explicit as-of date stored; publication rule requires a defined observation date.
WORK_000804,97,55.5,9.1,02548782,ARM Holdings,ARM,2012,1379147194,,allotted incl treasury,TREASURY_TREATMENT_REQUIRED,REVIEW,https://find-and-update.company-information.service.gov.uk/company/02548782/filing-history/MzA2Njc0NjQ3N2FkaXF6a2N4/document?format=pdf&download=0,"statement of capital, filing dated 2012-10-23; ADJUDICATED 2026-07-20: line ORDINARY 0.05 PENCE 1,379,147,194 nominal GBP689,573.55 consistent; fits 2014/2015 progression | prior OCR note: line: ORDINARY 005 PENCE 1,379,147,194 £ 689,573 55 [jmp vs adjacent year — vfy]",Whole-list annual-report pass: Full-remainder review: Candidate is issued/allotted shares including treasury; not equivalent to required shares outstanding unless treasury holdings are separately and exactly resolved.
WORK_000805,97,55.5,9.1,02548782,ARM Holdings,ARM,2013,1399483480,,allotted incl treasury,TREASURY_TREATMENT_REQUIRED,REVIEW,https://find-and-update.company-information.service.gov.uk/company/02548782/filing-history/MzA4OTM3NzU5NmFkaXF6a2N4/document?format=pdf&download=0,"statement of capital (allotted incl. treasury), filing dated 2013-10-23; VISUAL READ of page image: Ordinary 0.05p, nominal GBP699,741.74 exact; fits 1.379bn(2012)/1.411bn(2014); entity via URL",Whole-list annual-report pass: Full-remainder review: Candidate is issued/allotted shares including treasury; not equivalent to required shares outstanding unless treasury holdings are separately and exactly resolved.
WORK_000806,97,55.5,9.1,02548782,ARM Holdings,ARM,2014,1411279847,,allotted incl treasury,TREASURY_TREATMENT_REQUIRED,REVIEW,https://find-and-update.company-information.service.gov.uk/company/02548782/filing-history/MzExMjE2ODkwNmFkaXF6a2N4/document?format=pdf&download=0,"statement of capital, filing dated 2014-10-23; ADJUDICATED 2026-07-20: total-box but ARM single ordinary class (0.05p); fits 2012=1,379,147,194 and 2015 progression | prior OCR note: TOTAL-shares box, class mix unknown — vfy: Total number of shares | 1,411,279,847 example: £100 + €100  [confirmed at 240+300dpi]",Whole-list annual-report pass: Full-remainder review: Candidate is issued/allotted shares including treasury; not equivalent to required shares outstanding unless treasury holdings are separately and exactly resolved.
WORK_000807,97,55.5,9.1,02548782,ARM Holdings,ARM,2015,1412175842,,allotted incl treasury,TREASURY_TREATMENT_REQUIRED,REVIEW,https://find-and-update.company-information.service.gov.uk/company/02548782/filing-history/MzEzNTk0ODY1NGFkaXF6a2N4/document?format=pdf&download=0,"statement of capital, filing dated 2015-10-23; ADJUDICATED 2026-07-20: total-box but ARM single ordinary class; fits 2014=1,411,279,847 | prior OCR note: TOTAL-shares box, class mix unknown — vfy: Total number of shares 1 412,175,842 example £100 + €100 + $ [confirmed at 240+300dpi]",Whole-list annual-report pass: Full-remainder review: Candidate is issued/allotted shares including treasury; not equivalent to required shares outstanding unless treasury holdings are separately and exactly resolved.
WORK_000808,98,54.0,10.4,08860726,INFORMA PLC,INF,2017,824005051,,allotted incl treasury,TREASURY_TREATMENT_REQUIRED,REVIEW,https://find-and-update.company-information.service.gov.uk/company/08860726/filing-history/MzE5ODE4MjI1MmFkaXF6a2N4/document?format=pdf&download=0,Statement of Capital shows 'Class of Shares: ORDINARY Number allotted 824005051' and 'Total number of shares: 824005051',Whole-list annual-report pass: Full-remainder review: Candidate is issued/allotted shares including treasury; not equivalent to required shares outstanding unless treasury holdings are separately and exactly resolved.
WORK_000809,99,52.5,8.1,00184594,Daily Mail & General Trust,DMGT,2000,400877920,,allotted incl treasury,TREASURY_TREATMENT_REQUIRED,REVIEW,https://find-and-update.company-information.service.gov.uk/company/00184594/filing-history/MTQzMDE5MTkzYWRpcXprY3g/document?format=pdf&download=0,"statement of capital (allotted incl. treasury), filing dated 2001-03-27; VISUAL READ: SUM of two ordinary classes: Ordinary 19,886,472 + A Ordinary non-voting 380,991,448; both exact at 12.5p; note dual-class for market_cap_basis; co# 184594",Whole-list annual-report pass: Full-remainder review: Candidate is issued/allotted shares including treasury; not equivalent to required shares outstanding unless treasury holdings are separately and exactly resolved.
WORK_000810,99,52.5,8.1,00184594,Daily Mail & General Trust,DMGT,2001,400974120,,allotted incl treasury,TREASURY_TREATMENT_REQUIRED,REVIEW,https://find-and-update.company-information.service.gov.uk/company/00184594/filing-history/MTM4MDY1NTkwYWRpcXprY3g/document?format=pdf&download=0,"statement of capital (allotted incl. treasury), filing dated 2002-03-21; VISUAL READ: SUM 2 ordinary classes: ORD 19,886,472 + A ORD NV 381,087,648, both exact at 12.5p; dual-class note for market_cap_basis; co# 184594",Whole-list annual-report pass: Full-remainder review: Candidate is issued/allotted shares including treasury; not equivalent to required shares outstanding unless treasury holdings are separately and exactly resolved.
WORK_000811,99,52.5,8.1,00184594,Daily Mail & General Trust,DMGT,2002,401272120,,allotted incl treasury,TREASURY_TREATMENT_REQUIRED,REVIEW,https://find-and-update.company-information.service.gov.uk/company/00184594/filing-history/NTc5NTQ4MTVhZGlxemtjeA/document?format=pdf&download=0,"statement of capital (allotted incl. treasury), filing dated 2003-04-02; VISUAL READ: SUM: ORD 19,886,472 + A ORD NV 381,385,648; totals row exact; co# 184594",Whole-list annual-report pass: Full-remainder review: Candidate is issued/allotted shares including treasury; not equivalent to required shares outstanding unless treasury holdings are separately and exactly resolved.
WORK_000812,99,52.5,8.1,00184594,Daily Mail & General Trust,DMGT,2003,401272120,,allotted incl treasury,TREASURY_TREATMENT_REQUIRED,REVIEW,https://find-and-update.company-information.service.gov.uk/company/00184594/filing-history/ODk0NTgyMzBhZGlxemtjeA/document?format=pdf&download=0,"statement of capital (allotted incl. treasury), filing dated 2004-04-19; VISUAL READ: Same two classes as 2002, exact; co# 184594",Whole-list annual-report pass: Full-remainder review: Candidate is issued/allotted shares including treasury; not equivalent to required shares outstanding unless treasury holdings are separately and exactly resolved.
WORK_000813,99,52.5,8.1,00184594,Daily Mail & General Trust,DMGT,2004,401373962,,allotted incl treasury,TREASURY_TREATMENT_REQUIRED,REVIEW,https://find-and-update.company-information.service.gov.uk/company/00184594/filing-history/NjExOTk1MDhhZGlxemtjeA/document?format=pdf&download=0,"statement of capital (allotted incl. treasury), filing dated 2005-03-22; VISUAL READ: SUM: ORD 19,886,472 + A ORD 381,487,490; totals 401,373,962/GBP50,171,745.25 exact; co# 184594",Whole-list annual-report pass: Full-remainder review: Candidate is issued/allotted shares including treasury; not equivalent to required shares outstanding unless treasury holdings are separately and exactly resolved.
WORK_000814,99,52.5,8.1,00184594,Daily Mail & General Trust,DMGT,2005,491672108,,allotted incl treasury,TREASURY_TREATMENT_REQUIRED,REVIEW,https://find-and-update.company-information.service.gov.uk/company/00184594/filing-history/MTU4NTc0OTc1YWRpcXprY3g/document?format=pdf&download=0,,Whole-list annual-report pass: Full-remainder review: Candidate is issued/allotted shares including treasury; not equivalent to required shares outstanding unless treasury holdings are separately and exactly resolved.
WORK_000815,100,51.5,9.5,00203531,Tomkins,TOMK,2002,772969839,,allotted incl treasury,TREASURY_TREATMENT_REQUIRED,REVIEW,https://find-and-update.company-information.service.gov.uk/company/00203531/filing-history/MTQ1NDQxMTU5YWRpcXprY3g/document?format=pdf&download=0,"CH annual return, filing dated 2002-12-17; allotted incl. treasury; par 5p; agg 38648491.95; VISUAL READ: Tomkins co 00203531 ORDINARY 5p 772,969,839",Whole-list annual-report pass: Full-remainder review: Candidate is issued/allotted shares including treasury; not equivalent to required shares outstanding unless treasury holdings are separately and exactly resolved.
WORK_000816,100,51.5,9.5,00203531,Tomkins,TOMK,2003,773213474,,allotted incl treasury,TREASURY_TREATMENT_REQUIRED,REVIEW,https://find-and-update.company-information.service.gov.uk/company/00203531/filing-history/ODY0ODMwMzNhZGlxemtjeA/document?format=pdf&download=0,"CH annual return, filing dated 2003-12-09; allotted incl. treasury; par 5p; agg 38660673.70; VISUAL READ: Tomkins ORDINARY 5p 773,213,474; USD perpetual/redeemable pref excl",Whole-list annual-report pass: Full-remainder review: Candidate is issued/allotted shares including treasury; not equivalent to required shares outstanding unless treasury holdings are separately and exactly resolved.
WORK_000817,101,51.5,7.5,04740415,Vedanta Resources,VED,2006,287515622,,allotted incl treasury,TREASURY_TREATMENT_REQUIRED,REVIEW,https://find-and-update.company-information.service.gov.uk/company/04740415/filing-history/MTc5NjM2MDE0YWRpcXprY3g/document?format=pdf&download=0,"statement of capital, filing 2007-05-08; Claude-adjudicated: ordinary class total",Whole-list annual-report pass: Full-remainder review: Candidate is issued/allotted shares including treasury; not equivalent to required shares outstanding unless treasury holdings are separately and exactly resolved.
WORK_000818,101,51.5,7.5,04740415,Vedanta Resources,VED,2007,288130685,,allotted incl treasury,TREASURY_TREATMENT_REQUIRED,REVIEW,https://find-and-update.company-information.service.gov.uk/company/04740415/filing-history/MjAwNjI1MjYxM2FkaXF6a2N4/document?format=pdf&download=0,"CH annual return, filing dated 2008-05-29; allotted incl. treasury; par US$0.10; agg 28813068.50; VISUAL READ: Vedanta co 04740415 ORDINARY US$0.10 288,130,685 (US$); deferred GBP1 50,000 excl",Whole-list annual-report pass: Full-remainder review: Candidate is issued/allotted shares including treasury; not equivalent to required shares outstanding unless treasury holdings are separately and exactly resolved.
WORK_000819,101,51.5,7.5,04740415,Vedanta Resources,VED,2008,278197853,,allotted incl treasury,TREASURY_TREATMENT_REQUIRED,REVIEW,https://find-and-update.company-information.service.gov.uk/company/04740415/filing-history/MjAzNDUxMTA2OGFkaXF6a2N4/document?format=pdf&download=0,"statement of capital, filing 2009-06-06; Claude-adjudicated: ordinary class total",Whole-list annual-report pass: Full-remainder review: Candidate is issued/allotted shares including treasury; not equivalent to required shares outstanding unless treasury holdings are separately and exactly resolved.
WORK_000820,101,51.5,7.5,04740415,Vedanta Resources,VED,2009,296153746,,allotted incl treasury,TREASURY_TREATMENT_REQUIRED,REVIEW,https://find-and-update.company-information.service.gov.uk/company/04740415/filing-history/MzAxNTc2MTk0OWFkaXF6a2N4/document?format=pdf&download=0,"statement of capital, filing 2010-04-22; Claude-adjudicated: ordinary class total",Whole-list annual-report pass: Full-remainder review: Candidate is issued/allotted shares including treasury; not equivalent to required shares outstanding unless treasury holdings are separately and exactly resolved.
WORK_000821,101,51.5,7.5,04740415,Vedanta Resources,VED,2010,296635573,,allotted incl treasury,TREASURY_TREATMENT_REQUIRED,REVIEW,https://find-and-update.company-information.service.gov.uk/company/04740415/filing-history/MzAzMzM5OTM3M2FkaXF6a2N4/document?format=pdf&download=0,"statement of capital, filing 2011-02-18; Claude-adjudicated: ordinary class total",Whole-list annual-report pass: Full-remainder review: Candidate is issued/allotted shares including treasury; not equivalent to required shares outstanding unless treasury holdings are separately and exactly resolved.
WORK_000822,101,51.5,7.5,04740415,Vedanta Resources,VED,2011,296958045,,allotted incl treasury,TREASURY_TREATMENT_REQUIRED,REVIEW,https://find-and-update.company-information.service.gov.uk/company/04740415/filing-history/MzA1NDMxNDY1MmFkaXF6a2N4/document?format=pdf&download=0,"statement of capital, filing 2012-02-18; Claude-adjudicated: ordinary class total",Whole-list annual-report pass: Full-remainder review: Candidate is issued/allotted shares including treasury; not equivalent to required shares outstanding unless treasury holdings are separately and exactly resolved.
WORK_000823,101,51.5,7.5,04740415,Vedanta Resources,VED,2012,297533330,,allotted incl treasury,TREASURY_TREATMENT_REQUIRED,REVIEW,https://find-and-update.company-information.service.gov.uk/company/04740415/filing-history/MzA3NDEwODkzNGFkaXF6a2N4/document?format=pdf&download=0,"statement of capital, filing 2013-02-18; Claude-adjudicated: ordinary class total",Whole-list annual-report pass: Full-remainder review: Candidate is issued/allotted shares including treasury; not equivalent to required shares outstanding unless treasury holdings are separately and exactly resolved.
WORK_000824,102,51.0,7.4,SC218813,HBOS,HBOS,2001,3741705561,,allotted incl treasury,TREASURY_TREATMENT_REQUIRED,REVIEW,https://find-and-update.company-information.service.gov.uk/company/SC218813/filing-history/NzM2MTkxMzFhZGlxemtjeA/document?format=pdf&download=0,"statement of capital, filing 2002-06-06; Claude-adjudicated: ordinary 25p; prefs excluded","Whole-list annual-report pass: Full-remainder review: Batch 14 REVIEW: Do not publish the queued value as shares_outstanding without same-date primary evidence for treasury treatment (including explicit zero treasury, if applicable). Missing retained rather than assuming issued equals outstanding."
WORK_000825,102,51.0,7.4,SC218813,HBOS,HBOS,2002,3787870989,,allotted incl treasury,TREASURY_TREATMENT_REQUIRED,REVIEW,https://find-and-update.company-information.service.gov.uk/company/SC218813/filing-history/ODU1MzYyNTVhZGlxemtjeA/document?format=pdf&download=0,"OCR statement of capital, filing 2003-05-20; line: ORDINARY 3,787,870, 989 £946, 967,747.25 wv","Whole-list annual-report pass: Full-remainder review: Batch 14 REVIEW: Do not publish the queued value as shares_outstanding without same-date primary evidence for treasury treatment (including explicit zero treasury, if applicable). Missing retained rather than assuming issued equals outstanding."
WORK_000826,102,51.0,7.4,SC218813,HBOS,HBOS,2003,3857502132,,allotted incl treasury,TREASURY_TREATMENT_REQUIRED,REVIEW,https://find-and-update.company-information.service.gov.uk/company/SC218813/filing-history/NDgxMjM1ODBhZGlxemtjeA/document?format=pdf&download=0,"OCR statement of capital, filing 2004-05-19; line: ORDINARY 3,857,502,132 £964,375,533.00","Whole-list annual-report pass: Full-remainder review: Batch 14 REVIEW: Do not publish the queued value as shares_outstanding without same-date primary evidence for treasury treatment (including explicit zero treasury, if applicable). Missing retained rather than assuming issued equals outstanding."
WORK_000827,102,51.0,7.4,SC218813,HBOS,HBOS,2004,3909057069,,allotted incl treasury,TREASURY_TREATMENT_REQUIRED,REVIEW,https://find-and-update.company-information.service.gov.uk/company/SC218813/filing-history/MTMyNDM1NjQ3YWRpcXprY3g/document?format=pdf&download=0,"OCR statement of capital, filing 2005-05-13; line: ORDINARY 3,909,057,069 £977,264,267.25","Whole-list annual-report pass: Full-remainder review: Batch 14 REVIEW: Do not publish the queued value as shares_outstanding without same-date primary evidence for treasury treatment (including explicit zero treasury, if applicable). Missing retained rather than assuming issued equals outstanding."
WORK_000828,102,51.0,7.4,SC218813,HBOS,HBOS,2005,3818449579,,allotted incl treasury,TREASURY_TREATMENT_REQUIRED,REVIEW,https://find-and-update.company-information.service.gov.uk/company/SC218813/filing-history/MTYwODQ0OTMwYWRpcXprY3g/document?format=pdf&download=0,"statement of capital, filing 2006-05-26; Claude-adjudicated: ordinary; prefs excluded","Whole-list annual-report pass: Full-remainder review: Batch 14 REVIEW: Do not publish the queued value as shares_outstanding without same-date primary evidence for treasury treatment (including explicit zero treasury, if applicable). Missing retained rather than assuming issued equals outstanding."
WORK_000829,102,51.0,7.4,SC218813,HBOS,HBOS,2007,3751282564,,allotted incl treasury,TREASURY_TREATMENT_REQUIRED,REVIEW,https://find-and-update.company-information.service.gov.uk/company/SC218813/filing-history/MjAwNjMxNTUxN2FkaXF6a2N4/document?format=pdf&download=0,"statement of capital, filing 2008-05-30; Claude-adjudicated: ordinary; prefs excluded","Whole-list annual-report pass: Full-remainder review: Batch 14 REVIEW: Do not publish the queued value as shares_outstanding without same-date primary evidence for treasury treatment (including explicit zero treasury, if applicable). Missing retained rather than assuming issued equals outstanding."
WORK_000830,102,51.0,7.4,SC218813,HBOS,HBOS,2008,12889046837,,allotted incl treasury,TREASURY_TREATMENT_REQUIRED,REVIEW,https://find-and-update.company-information.service.gov.uk/company/SC218813/filing-history/MjAzNDExMDE5NWFkaXF6a2N4/document?format=pdf&download=0,"statement of capital, filing dated 2009-06-01; ADJUDICATED 2026-07-20: line ORDINARY 12,889,046,837 (stray trailing 5); level explained by 2008 rights + placing/open offer (3.75bn + 1.5bn + 7.5bn); AR made-up date in provenance | prior O...","Whole-list annual-report pass: Full-remainder review: Batch 14 REVIEW: Do not publish the queued value as shares_outstanding without same-date primary evidence for treasury treatment (including explicit zero treasury, if applicable). Missing retained rather than assuming issued equals outstanding."
WORK_000831,103,49.0,9.4,SC007058,SCOTTISH MORTGAGE INV TST PLC,SMT,2017,1430505880,,allotted incl treasury,TREASURY_TREATMENT_REQUIRED,REVIEW,https://find-and-update.company-information.service.gov.uk/company/SC007058/filing-history/MzIxMDEzMzM5N2FkaXF6a2N4/document?format=pdf&download=0,Currency: GBP Total number of shares: 1430505880,Whole-list annual-report pass: Full-remainder review: Candidate is issued/allotted shares including treasury; not equivalent to required shares outstanding unless treasury holdings are separately and exactly resolved.
WORK_000832,104,48.0,8.8,03959649,Easyjet,EZJ,2014,397208133,,allotted incl treasury,TREASURY_TREATMENT_REQUIRED,REVIEW,https://document-api.company-information.service.gov.uk/document/14meWVLBPzT36eN52dWczszpyScvwaSTxrOEfqOS_9M/content,"ORDINARY 27 2/7p | 397,208,133",Whole-list annual-report pass: Full-remainder review: Candidate is issued/allotted shares including treasury; not equivalent to required shares outstanding unless treasury holdings are separately and exactly resolved.
WORK_000833,104,48.0,8.8,03959649,Easyjet,EZJ,2016,397208133,,allotted incl treasury,TREASURY_TREATMENT_REQUIRED,REVIEW,https://find-and-update.company-information.service.gov.uk/company/03959649/filing-history/MzE3MTg4NjI0MmFkaXF6a2N4/document?format=pdf&download=0,Class of Shares: ORDINARY Number allotted 397208133,Whole-list annual-report pass: Full-remainder review: Candidate is issued/allotted shares including treasury; not equivalent to required shares outstanding unless treasury holdings are separately and exactly resolved.
WORK_000834,105,48.0,7.2,05180783,Kazakhmys,KAZ,2006,467474200,,allotted incl treasury,TREASURY_TREATMENT_REQUIRED,REVIEW,https://find-and-update.company-information.service.gov.uk/company/05180783/filing-history/MTY0MTkxNDYwYWRpcXprY3g/document?format=pdf&download=0,"CH annual return, filing dated 2006-08-23; allotted incl. treasury; VISUAL READ: AR/363a ORDINARY 20p 467,474,200 x0.20=GBP93,494,840; Co 05180783 Kazakhmys; post-IPO 20p shares",Whole-list annual-report pass: Full-remainder review: Candidate is issued/allotted shares including treasury; not equivalent to required shares outstanding unless treasury holdings are separately and exactly resolved.
WORK_000835,105,48.0,7.2,05180783,Kazakhmys,KAZ,2008,454954288,,allotted incl treasury,TREASURY_TREATMENT_REQUIRED,REVIEW,https://find-and-update.company-information.service.gov.uk/company/05180783/filing-history/MjAxMTEzMDYzMmFkaXF6a2N4/document?format=pdf&download=0,"CH annual return, filing dated 2008-08-15; allotted incl. treasury; VISUAL READ: 363a ORDINARY 20p 454,954,288 x0.20=GBP90,990,857.60",Whole-list annual-report pass: Full-remainder review: Candidate is issued/allotted shares including treasury; not equivalent to required shares outstanding unless treasury holdings are separately and exactly resolved.
WORK_000836,105,48.0,7.2,05180783,Kazakhmys,KAZ,2009,535240338,,allotted incl treasury,TREASURY_TREATMENT_REQUIRED,REVIEW,https://find-and-update.company-information.service.gov.uk/company/05180783/filing-history/MzAyMTQzMTY5MGFkaXF6a2N4/document?format=pdf&download=0,"CH annual return, filing dated 2010-07-15; allotted incl. treasury; VISUAL READ: AR01 F1 Ordinary 20p 535,240,338 x0.20=GBP107,048,067.60",Whole-list annual-report pass: Full-remainder review: Candidate is issued/allotted shares including treasury; not equivalent to required shares outstanding unless treasury holdings are separately and exactly resolved.
WORK_000837,105,48.0,7.2,05180783,Kazakhmys,KAZ,2010,535240338,,allotted incl treasury,TREASURY_TREATMENT_REQUIRED,REVIEW,https://find-and-update.company-information.service.gov.uk/company/05180783/filing-history/MzA0MjAwNjk0N2FkaXF6a2N4/document?format=pdf&download=0,"CH annual return, filing dated 2011-07-15; allotted incl. treasury; VISUAL READ: AR01 Ordinary 20p 535,240,338 x0.20=GBP107,048,067.60",Whole-list annual-report pass: Full-remainder review: Candidate is issued/allotted shares including treasury; not equivalent to required shares outstanding unless treasury holdings are separately and exactly resolved.
WORK_000838,105,48.0,7.2,05180783,Kazakhmys,KAZ,2011,535420180,,allotted incl treasury,TREASURY_TREATMENT_REQUIRED,REVIEW,https://find-and-update.company-information.service.gov.uk/company/05180783/filing-history/MzA2MjIzMzE3OWFkaXF6a2N4/document?format=pdf&download=0,"CH annual return, filing dated 2012-07-15; allotted incl. treasury; VISUAL READ: AR01(filed 2012-07-15) Ordinary 20p 535,420,180 x0.20=GBP107,084,036",Whole-list annual-report pass: Full-remainder review: Candidate is issued/allotted shares including treasury; not equivalent to required shares outstanding unless treasury holdings are separately and exactly resolved.
WORK_000839,105,48.0,7.2,05180783,Kazakhmys,KAZ,2012,535420180,,allotted incl treasury,TREASURY_TREATMENT_REQUIRED,REVIEW,https://find-and-update.company-information.service.gov.uk/company/05180783/filing-history/MzA4MzQ3ODU0MmFkaXF6a2N4/document?format=pdf&download=0,"CH annual return, filing dated 2013-07-15; allotted incl. treasury; VISUAL READ: AR01(filed 2013-07-15, distinct filing) Ordinary 20p 535,420,180 x0.20=GBP107,084,036",Whole-list annual-report pass: Full-remainder review: Candidate is issued/allotted shares including treasury; not equivalent to required shares outstanding unless treasury holdings are separately and exactly resolved.
WORK_000840,106,47.5,7.5,03919249,Tullow Oil,TLW,2007,719620522,,allotted incl treasury,TREASURY_TREATMENT_REQUIRED,REVIEW,https://find-and-update.company-information.service.gov.uk/company/03919249/filing-history/MjAwMTU1NTE5MWFkaXF6a2N4/document?format=pdf&download=0,"| Ordinary 10p | 719620522 | £ 71,962,052 20",Whole-list annual-report pass: Full-remainder review: Candidate is issued/allotted shares including treasury; not equivalent to required shares outstanding unless treasury holdings are separately and exactly resolved.
WORK_000841,106,47.5,7.5,03919249,Tullow Oil,TLW,2010,888363389,,allotted incl treasury,TREASURY_TREATMENT_REQUIRED,REVIEW,https://find-and-update.company-information.service.gov.uk/company/03919249/filing-history/MzAzMzc4MDQ3OGFkaXF6a2N4/document?format=pdf&download=0,"[ordinary 10p 0 00 lo 00 [888,363,389 vw | 88,836,338 90",Whole-list annual-report pass: Full-remainder review: Candidate is issued/allotted shares including treasury; not equivalent to required shares outstanding unless treasury holdings are separately and exactly resolved.
WORK_000842,106,47.5,7.5,03919249,Tullow Oil,TLW,2012,907763327,,allotted incl treasury,TREASURY_TREATMENT_REQUIRED,REVIEW,https://find-and-update.company-information.service.gov.uk/company/03919249/filing-history/MzA3NDMyMzkwNWFkaXF6a2N4/document?format=pdf&download=0,"Ordinary 10p 0 00 [o 00 907,763,327 00 £ 90,776,332 70",Whole-list annual-report pass: Full-remainder review: Candidate is issued/allotted shares including treasury; not equivalent to required shares outstanding unless treasury holdings are separately and exactly resolved.
WORK_000843,106,47.5,7.5,03919249,Tullow Oil,TLW,2013,909973957,,allotted incl treasury,TREASURY_TREATMENT_REQUIRED,REVIEW,https://find-and-update.company-information.service.gov.uk/company/03919249/filing-history/MzA5NTUyMzU5OWFkaXF6a2N4/document?format=pdf&download=0,Class of shares ORDINARY Number allotted 909973957,Whole-list annual-report pass: Full-remainder review: Candidate is issued/allotted shares including treasury; not equivalent to required shares outstanding unless treasury holdings are separately and exactly resolved.
WORK_000844,106,47.5,7.5,03919249,Tullow Oil,TLW,2014,910661631,,allotted incl treasury,TREASURY_TREATMENT_REQUIRED,REVIEW,https://find-and-update.company-information.service.gov.uk/company/03919249/filing-history/MzExOTA0NDQ3NmFkaXF6a2N4/document?format=pdf&download=0,Class of shares ORDINARY Number allotted 910661631,Whole-list annual-report pass: Full-remainder review: Candidate is issued/allotted shares including treasury; not equivalent to required shares outstanding unless treasury holdings are separately and exactly resolved.
WORK_000845,107,46.5,2.9,04256886,Marks and Spencer Group,MKS,2002,2306951943,2002-03-30,"allotted, called up and fully paid (incl treasury)",TREASURY_TREATMENT_REQUIRED,REVIEW,https://www.annualreports.com/HostedData/AnnualReportArchive/m/OTC_MAKSF_2002.pdf,"Allotted, called up and fully paid: 2,306,951,943 ordinary shares of 25p each (last year 2,867,383,731)",Whole-list annual-report pass: Full-remainder review: Candidate is issued/allotted shares including treasury; not equivalent to required shares outstanding unless treasury holdings are separately and exactly resolved.
WORK_000846,107,46.5,2.9,04256886,Marks and Spencer Group,MKS,2003,2270018288,2003-03-29,"allotted, called up and fully paid (incl treasury)",TREASURY_TREATMENT_REQUIRED,REVIEW,https://www.annualreports.com/HostedData/AnnualReportArchive/m/OTC_MAKSF_2003.pdf,"Allotted, called up and fully paid: 2,270,018,288 ordinary shares of 25p each (last year 2,306,951,943)",Whole-list annual-report pass: Full-remainder review: Candidate is issued/allotted shares including treasury; not equivalent to required shares outstanding unless treasury holdings are separately and exactly resolved.
WORK_000847,107,46.5,2.9,04256886,Marks and Spencer Group,MKS,2004,2265144934,2004-04-03,"allotted, called up and fully paid (incl treasury)",TREASURY_TREATMENT_REQUIRED,REVIEW,https://www.annualreports.com/HostedData/AnnualReportArchive/m/OTC_MAKSF_2004.pdf,"Allotted, called up and fully paid: 2,265,144,934 ordinary shares of 25p each (last year 2,270,018,288)",Whole-list annual-report pass: Full-remainder review: Candidate is issued/allotted shares including treasury; not equivalent to required shares outstanding unless treasury holdings are separately and exactly resolved.
WORK_000848,107,46.5,2.9,04256886,Marks and Spencer Group,MKS,2005,1658095142,2005-04-02,"allotted, called up and fully paid (incl treasury)",TREASURY_TREATMENT_REQUIRED,REVIEW,https://www.annualreports.com/HostedData/AnnualReportArchive/m/OTC_MAKSF_2005.pdf,"Allotted, called up and fully paid: 1,658,095,142 ordinary shares of 25p each (last year 2,265,144,934)",Whole-list annual-report pass: Full-remainder review: Candidate is issued/allotted shares including treasury; not equivalent to required shares outstanding unless treasury holdings are separately and exactly resolved.
WORK_000849,107,46.5,2.9,04256886,Marks and Spencer Group,MKS,2006,1682437014,2006-04-01,"allotted, called up and fully paid ordinary shares (incl treasury)",TREASURY_TREATMENT_REQUIRED,REVIEW,https://www.annualreports.com/HostedData/AnnualReportArchive/m/OTC_MAKSF_2006.pdf,"At end of year 1,682,437,014 420.6 1,658,095,142 414.5",Whole-list annual-report pass: Full-remainder review: Candidate is issued/allotted shares including treasury; not equivalent to required shares outstanding unless treasury holdings are separately and exactly resolved.
WORK_000850,107,46.5,2.9,04256886,Marks and Spencer Group,MKS,2007,1699773100,2007-03-31,"allotted, called up and fully paid (incl treasury)",TREASURY_TREATMENT_REQUIRED,REVIEW,https://www.annualreports.com/HostedData/AnnualReportArchive/m/OTC_MAKSF_2007.pdf,"Allotted, called up and fully paid ordinary shares of 25p each: At start of year 1,682,437,014 420.6 1,658,095,142 414.5 Shares issued on exercise of share options 17,336,086 4.3 24,341,872 6.1 At end of year 1,699,773,100 424.9 1,682,437,014 420.6",Whole-list annual-report pass: Full-remainder review: Candidate is issued/allotted shares including treasury; not equivalent to required shares outstanding unless treasury holdings are separately and exactly resolved.
WORK_000851,107,46.5,2.9,04256886,Marks and Spencer Group,MKS,2008,1586478423,2008-03-29,"allotted, called-up and fully paid ordinary shares (incl treasury)",TREASURY_TREATMENT_REQUIRED,REVIEW,https://www.annualreports.com/HostedData/AnnualReportArchive/m/OTC_MAKSF_2008.pdf,"At end of year 1,586,478,423 396.6 1,699,773,100 424.9",Whole-list annual-report pass: Full-remainder review: Candidate is issued/allotted shares including treasury; not equivalent to required shares outstanding unless treasury holdings are separately and exactly resolved.
WORK_000852,107,46.5,2.9,04256886,Marks and Spencer Group,MKS,2009,1577794919,2009-03-28,"allotted, called up and fully paid (incl treasury)",TREASURY_TREATMENT_REQUIRED,REVIEW,https://www.annualreports.com/HostedData/AnnualReportArchive/m/OTC_MAKSF_2009.pdf,"Allotted, called up and fully paid ordinary shares of 25p each: At start of year 1,586,478,423 396.6 1,699,773,100 424.9 Shares issued on exercise of share options 2,217,763 0.5 12,447,224 3.1 Shares purchased in buy-back (10,901,267) (2.7) (125,741,901) (31.4) At end of year 1,577,794,919 394.4 1,586,478,423 396.6",Whole-list annual-report pass: Full-remainder review: Candidate is issued/allotted shares including treasury; not equivalent to required shares outstanding unless treasury holdings are separately and exactly resolved.
WORK_000853,107,46.5,2.9,04256886,Marks and Spencer Group,MKS,2010,1582316581,2010-04-03,"allotted, called up and fully paid (incl treasury)",TREASURY_TREATMENT_REQUIRED,REVIEW,https://www.annualreports.com/HostedData/AnnualReportArchive/m/OTC_MAKSF_2010.pdf,"Allotted, called up and fully paid ordinary shares of 25p each: At start of year 1,577,794,919 394.4 1,586,478,423 396.6 Shares issued on exercise of share options 4,521,662 1.1 2,217,763 0.5 Shares purchased in buy-back – – (10,901,267) (2.7) At end of year 1,582,316,581 395.5 1,577,794,919 394.4",Whole-list annual-report pass: Full-remainder review: Candidate is issued/allotted shares including treasury; not equivalent to required shares outstanding unless treasury holdings are separately and exactly resolved.
WORK_000854,107,46.5,2.9,04256886,Marks and Spencer Group,MKS,2011,1584863882,2011-04-02,"allotted, called up and fully paid ordinary shares (incl treasury)",TREASURY_TREATMENT_REQUIRED,REVIEW,https://www.annualreports.com/HostedData/AnnualReportArchive/m/OTC_MAKSF_2011.pdf,"At end of year 1,584,863,882 396.2 1,582,316,581 395.5",Whole-list annual-report pass: Full-remainder review: Candidate is issued/allotted shares including treasury; not equivalent to required shares outstanding unless treasury holdings are separately and exactly resolved.
WORK_000855,107,46.5,2.9,04256886,Marks and Spencer Group,MKS,2012,1605507102,2012-03-31,"allotted, called up and fully paid ordinary shares (incl treasury)",TREASURY_TREATMENT_REQUIRED,REVIEW,https://www.annualreports.com/HostedData/AnnualReportArchive/m/OTC_MAKSF_2012.pdf,"At end of year 1,605,507,102 401.4 1,584,863,882 396.2",Whole-list annual-report pass: Full-remainder review: Candidate is issued/allotted shares including treasury; not equivalent to required shares outstanding unless treasury holdings are separately and exactly resolved.
WORK_000856,107,46.5,2.9,04256886,Marks and Spencer Group,MKS,2013,1613888192,2013-03-30,"allotted, called up and fully paid ordinary shares (incl treasury)",TREASURY_TREATMENT_REQUIRED,REVIEW,https://www.annualreports.com/HostedData/AnnualReportArchive/m/OTC_MAKSF_2013.pdf,"At end of year 1,613,888,192 403.5 1,605,507,102 401.4",Whole-list annual-report pass: Full-remainder review: Candidate is issued/allotted shares including treasury; not equivalent to required shares outstanding unless treasury holdings are separately and exactly resolved.
WORK_000857,107,46.5,2.9,04256886,Marks and Spencer Group,MKS,2014,1648612137,,allotted incl treasury,TREASURY_TREATMENT_REQUIRED,REVIEW,https://find-and-update.company-information.service.gov.uk/company/04256886/filing-history/MzEyNzYyODc5NWFkaXF6a2N4/document?format=pdf&download=0,Statement of Capital (Share Capital) Class of shares © ORDINARY Number allotted 1648612137,Whole-list annual-report pass: Full-remainder review: Candidate is issued/allotted shares including treasury; not equivalent to required shares outstanding unless treasury holdings are separately and exactly resolved.
WORK_000858,107,46.5,2.9,04256886,Marks and Spencer Group,MKS,2015,1624675579,,allotted incl treasury,TREASURY_TREATMENT_REQUIRED,REVIEW,https://find-and-update.company-information.service.gov.uk/company/04256886/filing-history/MzE1Mzg5NDI5OGFkaXF6a2N4/document?format=pdf&download=0, Class of Shares: ORDINARY Number allotted 1624675579 ,Whole-list annual-report pass: Full-remainder review: Candidate is issued/allotted shares including treasury; not equivalent to required shares outstanding unless treasury holdings are separately and exactly resolved.
WORK_000859,107,46.5,2.9,04256886,Marks and Spencer Group,MKS,2016,1622964807,2016-04-02,"allotted, called up and fully paid ordinary shares (incl treasury)",TREASURY_TREATMENT_REQUIRED,REVIEW,https://www.annualreports.com/HostedData/AnnualReportArchive/m/OTC_MAKSF_2016.pdf,"At end of year 1,622,964,807 405.8 1,647,814,746 412.0",Whole-list annual-report pass: Full-remainder review: Candidate is issued/allotted shares including treasury; not equivalent to required shares outstanding unless treasury holdings are separately and exactly resolved.
WORK_000860,107,46.5,2.9,04256886,Marks and Spencer Group,MKS,2017,1624727846,2017-04-01,"allotted, called up and fully paid ordinary shares (incl treasury)",TREASURY_TREATMENT_REQUIRED,REVIEW,https://www.annualreports.com/HostedData/AnnualReportArchive/m/OTC_MAKSF_2017.pdf,"At end of year 1,624,727,846 406.2 1,622,964,807 405.8",Whole-list annual-report pass: Full-remainder review: Candidate is issued/allotted shares including treasury; not equivalent to required shares outstanding unless treasury holdings are separately and exactly resolved.
WORK_000861,108,46.0,0.0,04031152,NATIONAL GRID PLC,NG.,2001,1776932870,,outstanding (cover statement),TREASURY_TREATMENT_REQUIRED,REVIEW,https://www.sec.gov/Archives/edgar/data/1004315/000115697302000303/u45031e20vf.htm,,Whole-list annual-report pass: National Grid has material treasury shares in these periods. The retained candidate is total issued shares; promotion requires an exact same-date primary treasury balance so the treasury-excluded year-end count can be reconstructed.
WORK_000862,108,46.0,0.0,04031152,NATIONAL GRID PLC,NG.,2003,3076903379,,outstanding (cover statement),TREASURY_TREATMENT_REQUIRED,REVIEW,https://www.sec.gov/Archives/edgar/data/1004315/000102123103000668/b711854-20f.htm,,Whole-list annual-report pass: National Grid has material treasury shares in these periods. The retained candidate is total issued shares; promotion requires an exact same-date primary treasury balance so the treasury-excluded year-end count can be reconstructed.
WORK_000863,108,46.0,0.0,04031152,NATIONAL GRID PLC,NG.,2004,3076903379,,outstanding (cover statement),TREASURY_TREATMENT_REQUIRED,REVIEW,https://www.sec.gov/Archives/edgar/data/1004315/000112528204002765/b332461_20f.htm,,Whole-list annual-report pass: National Grid has material treasury shares in these periods. The retained candidate is total issued shares; promotion requires an exact same-date primary treasury balance so the treasury-excluded year-end count can be reconstructed.
WORK_000864,108,46.0,0.0,04031152,NATIONAL GRID PLC,NG.,2005,3090202955,,outstanding (cover statement),TREASURY_TREATMENT_REQUIRED,REVIEW,https://www.sec.gov/Archives/edgar/data/1004315/000104746905017356/a2159198z20-f.htm,,Whole-list annual-report pass: National Grid has material treasury shares in these periods. The retained candidate is total issued shares; promotion requires an exact same-date primary treasury balance so the treasury-excluded year-end count can be reconstructed.
WORK_000865,108,46.0,0.0,04031152,NATIONAL GRID PLC,NG.,2006,2719699118,,outstanding (cover statement),TREASURY_TREATMENT_REQUIRED,REVIEW,https://www.sec.gov/Archives/edgar/data/1004315/000095012306007886/u50268e20vf.htm,,Whole-list annual-report pass: National Grid has material treasury shares in these periods. The retained candidate is total issued shares; promotion requires an exact same-date primary treasury balance so the treasury-excluded year-end count can be reconstructed.
WORK_000866,108,46.0,0.0,04031152,NATIONAL GRID PLC,NG.,2007,2701058872,,outstanding (cover statement),TREASURY_TREATMENT_REQUIRED,REVIEW,https://www.sec.gov/Archives/edgar/data/1004315/000095012307008896/y35178e20vf.htm,,Whole-list annual-report pass: National Grid has material treasury shares in these periods. The retained candidate is total issued shares; promotion requires an exact same-date primary treasury balance so the treasury-excluded year-end count can be reconstructed.
WORK_000867,108,46.0,0.0,04031152,NATIONAL GRID PLC,NG.,2009,2581974851,,outstanding (cover statement),TREASURY_TREATMENT_REQUIRED,REVIEW,https://www.sec.gov/Archives/edgar/data/1004315/000095012309014200/y77492e20vf.htm,,Whole-list annual-report pass: National Grid has material treasury shares in these periods. The retained candidate is total issued shares; promotion requires an exact same-date primary treasury balance so the treasury-excluded year-end count can be reconstructed.
WORK_000868,108,46.0,0.0,04031152,NATIONAL GRID PLC,NG.,2010,2617190095,,outstanding (cover statement),TREASURY_TREATMENT_REQUIRED,REVIEW,https://www.sec.gov/Archives/edgar/data/1004315/000095012310052651/y84347e20vf.htm,,Whole-list annual-report pass: National Grid has material treasury shares in these periods. The retained candidate is total issued shares; promotion requires an exact same-date primary treasury balance so the treasury-excluded year-end count can be reconstructed.
WORK_000869,108,46.0,0.0,04031152,NATIONAL GRID PLC,NG.,2011,3648339475,,outstanding (cover statement),TREASURY_TREATMENT_REQUIRED,REVIEW,https://www.sec.gov/Archives/edgar/data/1004315/000095012311058451/y91576e20vf.htm,,Whole-list annual-report pass: National Grid has material treasury shares in these periods. The retained candidate is total issued shares; promotion requires an exact same-date primary treasury balance so the treasury-excluded year-end count can be reconstructed.
WORK_000870,108,46.0,0.0,04031152,NATIONAL GRID PLC,NG.,2012,3700949542,,outstanding (cover statement),TREASURY_TREATMENT_REQUIRED,REVIEW,https://www.sec.gov/Archives/edgar/data/1004315/000119312512267777/d360489d20f.htm,,Whole-list annual-report pass: National Grid has material treasury shares in these periods. The retained candidate is total issued shares; promotion requires an exact same-date primary treasury balance so the treasury-excluded year-end count can be reconstructed.
WORK_000871,108,46.0,0.0,04031152,NATIONAL GRID PLC,NG.,2013,3794575998,,outstanding (cover statement),TREASURY_TREATMENT_REQUIRED,REVIEW,https://www.sec.gov/Archives/edgar/data/1004315/000119312513252366/d536809d20f.htm,,Whole-list annual-report pass: National Grid has material treasury shares in these periods. The retained candidate is total issued shares; promotion requires an exact same-date primary treasury balance so the treasury-excluded year-end count can be reconstructed.
WORK_000872,108,46.0,0.0,04031152,NATIONAL GRID PLC,NG.,2016,3924038086,,outstanding (cover statement),TREASURY_TREATMENT_REQUIRED,REVIEW,https://www.sec.gov/Archives/edgar/data/1004315/000119312516614641/d360371d20f.htm,,Whole-list annual-report pass: National Grid has material treasury shares in these periods. The retained candidate is total issued shares; promotion requires an exact same-date primary treasury balance so the treasury-excluded year-end count can be reconstructed.
WORK_000873,108,46.0,0.0,04031152,NATIONAL GRID PLC,NG.,2017,3942983447,,outstanding (cover statement),TREASURY_TREATMENT_REQUIRED,REVIEW,https://www.sec.gov/Archives/edgar/data/1004315/000119312517195204/d406115d20f.htm,,Whole-list annual-report pass: National Grid has material treasury shares in these periods. The retained candidate is total issued shares; promotion requires an exact same-date primary treasury balance so the treasury-excluded year-end count can be reconstructed.
WORK_000874,109,45.5,6.3,01675285,Amec,AMEC,2007,337924634,,allotted incl treasury,TREASURY_TREATMENT_REQUIRED,REVIEW,https://find-and-update.company-information.service.gov.uk/company/01675285/filing-history/MjAwODQ1NTgxMmFkaXF6a2N4/document?format=pdf&download=0,"statement of capital (allotted incl. treasury), filing dated 2008-07-04; VISUAL READ of page image: Ordinary 50p, nominal GBP168,962,317.00 exact; co# 1675285; mcap GBP2.83bn at 838.5p",Whole-list annual-report pass: Full-remainder review: Candidate is issued/allotted shares including treasury; not equivalent to required shares outstanding unless treasury holdings are separately and exactly resolved.
WORK_000875,109,45.5,6.3,01675285,Amec,AMEC,2008,337985871,,allotted incl treasury,TREASURY_TREATMENT_REQUIRED,REVIEW,https://find-and-update.company-information.service.gov.uk/company/01675285/filing-history/MjAzNzQ0NjcwNmFkaXF6a2N4/document?format=pdf&download=0,"statement of capital, filing dated 2009-07-20; status=OCR_EXTRACTED",Whole-list annual-report pass: Full-remainder review: Candidate is issued/allotted shares including treasury; not equivalent to required shares outstanding unless treasury holdings are separately and exactly resolved.
WORK_000876,109,45.5,6.3,01675285,Amec,AMEC,2009,337965871,,allotted incl treasury,TREASURY_TREATMENT_REQUIRED,REVIEW,https://find-and-update.company-information.service.gov.uk/company/01675285/filing-history/MzAxOTU5OTU2M2FkaXF6a2N4/document?format=pdf&download=0,"statement of capital (allotted incl. treasury), filing dated 2010-06-08; VISUAL READ of page image: Ordinary 50p, nominal GBP168,982,935.50 exact; entity via URL",Whole-list annual-report pass: Full-remainder review: Candidate is issued/allotted shares including treasury; not equivalent to required shares outstanding unless treasury holdings are separately and exactly resolved.
WORK_000877,109,45.5,6.3,01675285,Amec,AMEC,2010,337965871,,allotted incl treasury,TREASURY_TREATMENT_REQUIRED,REVIEW,https://find-and-update.company-information.service.gov.uk/company/01675285/filing-history/MzAzMzAwMDM5NWFkaXF6a2N4/document?format=pdf&download=0,"statement of capital (allotted incl. treasury), filing dated 2011-02-07; VISUAL READ of page image: Same as 2009 filing figures; nominal exact; entity via URL",Whole-list annual-report pass: Full-remainder review: Candidate is issued/allotted shares including treasury; not equivalent to required shares outstanding unless treasury holdings are separately and exactly resolved.
WORK_000878,109,45.5,6.3,01675285,Amec,AMEC,2011,328017842,,allotted incl treasury,TREASURY_TREATMENT_REQUIRED,REVIEW,https://find-and-update.company-information.service.gov.uk/company/01675285/filing-history/MzA2MTYxNjYyNWFkaXF6a2N4/document?format=pdf&download=0,"statement of capital (allotted incl. treasury), filing dated 2012-06-08; VISUAL READ of page image: Ordinary 50p, nominal GBP164,008,921.00 exact; between 2010 338.0m and 2012 303.8m; entity via URL",Whole-list annual-report pass: Full-remainder review: Candidate is issued/allotted shares including treasury; not equivalent to required shares outstanding unless treasury holdings are separately and exactly resolved.
WORK_000879,109,45.5,6.3,01675285,Amec,AMEC,2012,303822854,,allotted incl treasury,TREASURY_TREATMENT_REQUIRED,REVIEW,https://find-and-update.company-information.service.gov.uk/company/01675285/filing-history/MzA4MTMyNDk2MGFkaXF6a2N4/document?format=pdf&download=0,"statement of capital, filing dated 2013-06-08; status=OCR_EXTRACTED",Whole-list annual-report pass: Full-remainder review: Candidate is issued/allotted shares including treasury; not equivalent to required shares outstanding unless treasury holdings are separately and exactly resolved.
WORK_000880,109,45.5,6.3,01675285,Amec,AMEC,2013,303822854,,allotted incl treasury,TREASURY_TREATMENT_REQUIRED,REVIEW,https://find-and-update.company-information.service.gov.uk/company/01675285/filing-history/MzEwNDAwMjg1NWFkaXF6a2N4/document?format=pdf&download=0,"statement of capital, filing dated 2014-06-08; status=OCR_EXTRACTED",Whole-list annual-report pass: Full-remainder review: Candidate is issued/allotted shares including treasury; not equivalent to required shares outstanding unless treasury holdings are separately and exactly resolved.
WORK_000881,110,45.0,8.2,02150950,Hays,HAS,2000,1729655554,,allotted incl treasury,TREASURY_TREATMENT_REQUIRED,REVIEW,https://find-and-update.company-information.service.gov.uk/company/02150950/filing-history/NzcyODQ0MDVhZGlxemtjeA/document?format=pdf&download=0,"Ordinary shares 1,729, 655,554",Whole-list annual-report pass: Full-remainder review: Candidate is issued/allotted shares including treasury; not equivalent to required shares outstanding unless treasury holdings are separately and exactly resolved.
WORK_000882,110,45.0,8.2,02150950,Hays,HAS,2002,1735042342,,allotted incl treasury,TREASURY_TREATMENT_REQUIRED,REVIEW,https://find-and-update.company-information.service.gov.uk/company/02150950/filing-history/OTAyMTE1OTVhZGlxemtjeA/document?format=pdf&download=0,"Ordinary shares | . 1,735, 042,342",Whole-list annual-report pass: Full-remainder review: Candidate is issued/allotted shares including treasury; not equivalent to required shares outstanding unless treasury holdings are separately and exactly resolved.
WORK_000883,111,43.0,6.2,03273685,Northern Rock,NRK,2001,421226000,,allotted incl treasury,TREASURY_TREATMENT_REQUIRED,REVIEW,https://find-and-update.company-information.service.gov.uk/company/03273685/filing-history/MTEyNzIzMjE4YWRpcXprY3g/document?format=pdf&download=0,"CH annual return, filing dated 2001-12-04; allotted incl. treasury; VISUAL READ: Co 03273685 Northern Rock ORDINARY 25p 421,226,000 x0.25=GBP105,306,500; Foundation 25p 74,333,500 excl",Whole-list annual-report pass: Full-remainder review: Candidate is issued/allotted shares including treasury; not equivalent to required shares outstanding unless treasury holdings are separately and exactly resolved.
WORK_000884,111,43.0,6.2,03273685,Northern Rock,NRK,2002,421226000,,allotted incl treasury,TREASURY_TREATMENT_REQUIRED,REVIEW,https://find-and-update.company-information.service.gov.uk/company/03273685/filing-history/NTQ1MTc1MDZhZGlxemtjeA/document?format=pdf&download=0,"CH annual return, filing dated 2002-11-15; allotted incl. treasury; VISUAL READ: ORDINARY 25p 421,226,000 x0.25=GBP105,306,500; Foundation 25p excl",Whole-list annual-report pass: Full-remainder review: Candidate is issued/allotted shares including treasury; not equivalent to required shares outstanding unless treasury holdings are separately and exactly resolved.
WORK_000885,111,43.0,6.2,03273685,Northern Rock,NRK,2003,421226000,,allotted incl treasury,TREASURY_TREATMENT_REQUIRED,REVIEW,https://find-and-update.company-information.service.gov.uk/company/03273685/filing-history/NTExNjM2OThhZGlxemtjeA/document?format=pdf&download=0,"CH annual return, filing dated 2003-11-27; allotted incl. treasury; VISUAL READ: ORDINARY 25p 421,226,000 x0.25=GBP105,306,500; Foundation 25p excl",Whole-list annual-report pass: Full-remainder review: Candidate is issued/allotted shares including treasury; not equivalent to required shares outstanding unless treasury holdings are separately and exactly resolved.
WORK_000886,111,43.0,6.2,03273685,Northern Rock,NRK,2004,421226000,2004-10-30,allotted incl treasury,TREASURY_TREATMENT_REQUIRED,REVIEW,https://find-and-update.company-information.service.gov.uk/company/03273685/filing-history/NjUzNzM3MjlhZGlxemtjeA/document?format=pdf&download=0,"Class of Share: ORDINARY 25p — Number of shares issued 421,226,000 — Aggregate Nominal Value of issued shares £105,306,500",Whole-list annual-report pass: Full-remainder review: Candidate is issued/allotted shares including treasury; not equivalent to required shares outstanding unless treasury holdings are separately and exactly resolved.
WORK_000887,111,43.0,6.2,03273685,Northern Rock,NRK,2005,421226000,,allotted incl treasury,TREASURY_TREATMENT_REQUIRED,REVIEW,https://find-and-update.company-information.service.gov.uk/company/03273685/filing-history/MTE5NDU3NjE5YWRpcXprY3g/document?format=pdf&download=0,"CH annual return, filing dated 2005-12-01; allotted incl. treasury; VISUAL READ: ORDINARY 25p 421,226,000 x0.25=GBP105,306,500; Foundation 25p excl",Whole-list annual-report pass: Full-remainder review: Candidate is issued/allotted shares including treasury; not equivalent to required shares outstanding unless treasury holdings are separately and exactly resolved.
WORK_000888,111,43.0,6.2,03273685,Northern Rock,NRK,2006,421226000,,allotted incl treasury,TREASURY_TREATMENT_REQUIRED,REVIEW,https://find-and-update.company-information.service.gov.uk/company/03273685/filing-history/MTczNjE3NDc0YWRpcXprY3g/document?format=pdf&download=0,"CH annual return, filing dated 2006-12-11; allotted incl. treasury; VISUAL READ: ORDINARY 25p 421,226,000 x0.25=GBP105,306,500; Foundation 25p 74,333,500 & pref 400,000 excl",Whole-list annual-report pass: Full-remainder review: Candidate is issued/allotted shares including treasury; not equivalent to required shares outstanding unless treasury holdings are separately and exactly resolved.
WORK_000889,112,43.0,6.2,03611426,ICAP,IAP,2006,646766808,,allotted incl treasury,TREASURY_TREATMENT_REQUIRED,REVIEW,https://find-and-update.company-information.service.gov.uk/company/03611426/filing-history/MTY0MzkxNzQ3YWRpcXprY3g/document?format=pdf&download=0,"statement of capital, filing dated 2006-08-22; status=OCR_EXTRACTED",Whole-list annual-report pass: Full-remainder review: Candidate is issued/allotted shares including treasury; not equivalent to required shares outstanding unless treasury holdings are separately and exactly resolved.
WORK_000890,112,43.0,6.2,03611426,ICAP,IAP,2007,646976168,,allotted incl treasury,TREASURY_TREATMENT_REQUIRED,REVIEW,https://find-and-update.company-information.service.gov.uk/company/03611426/filing-history/MTg0NzA3NTEwYWRpcXprY3g/document?format=pdf&download=0,"statement of capital, filing dated 2007-09-03; status=OCR_EXTRACTED",Whole-list annual-report pass: Full-remainder review: Candidate is issued/allotted shares including treasury; not equivalent to required shares outstanding unless treasury holdings are separately and exactly resolved.
WORK_000891,112,43.0,6.2,03611426,ICAP,IAP,2008,649647192,,allotted incl treasury,TREASURY_TREATMENT_REQUIRED,REVIEW,https://find-and-update.company-information.service.gov.uk/company/03611426/filing-history/MjAxMTkxMTQ3NGFkaXF6a2N4/document?format=pdf&download=0,"CH annual return, filing dated 2008-08-27; allotted incl. treasury; VISUAL READ: 363a Ordinary 10p: 649,647,192 x 0.10 = GBP64,964,719.20 (agg corrected on form); no separate treasury line; contact ICAP, 2 Broadgate",Whole-list annual-report pass: Full-remainder review: Candidate is issued/allotted shares including treasury; not equivalent to required shares outstanding unless treasury holdings are separately and exactly resolved.
WORK_000892,112,43.0,6.2,03611426,ICAP,IAP,2009,651118062,,allotted incl treasury,TREASURY_TREATMENT_REQUIRED,REVIEW,https://find-and-update.company-information.service.gov.uk/company/03611426/filing-history/MjA0MDM3OTM4NmFkaXF6a2N4/document?format=pdf&download=0,"CH annual return AR01, filing dated 2009-09-01; allotted incl. treasury (per Shaamini decision 2026-07-21); VISUAL READ: Ordinary 10p 649,083,323 + Treasury Shares 2,034,739 = Total 651,118,062 x GBP0.10 = GBP65,111,806.20 (form F3/Totals). shares_outstanding excl. treasury would be 649,083,323.",Whole-list annual-report pass: Full-remainder review: Candidate is issued/allotted shares including treasury; not equivalent to required shares outstanding unless treasury holdings are separately and exactly resolved.
WORK_000893,112,43.0,6.2,03611426,ICAP,IAP,2010,664341955,,allotted incl treasury,TREASURY_TREATMENT_REQUIRED,REVIEW,https://find-and-update.company-information.service.gov.uk/company/03611426/filing-history/MzA0MzI0NTMzOWFkaXF6a2N4/document?format=pdf&download=0,"statement of capital, filing dated 2011-08-03; ADJUDICATED 2026-07-20: two-render agreed 664,341,955; plausible vs trusted 2006/2007 ~647m | prior OCR note: line: {Eg Ordinary/Preference etc ) each share @ on each share @ [confirmed at 240+300dpi] [jmp vs adjacent year — vfy]",Whole-list annual-report pass: Full-remainder review: Candidate is issued/allotted shares including treasury; not equivalent to required shares outstanding unless treasury holdings are separately and exactly resolved.
WORK_000894,112,43.0,6.2,03611426,ICAP,IAP,2011,664427161,,allotted incl treasury,TREASURY_TREATMENT_REQUIRED,REVIEW,https://find-and-update.company-information.service.gov.uk/company/03611426/filing-history/MzA2MjcxMzUzMWFkaXF6a2N4/document?format=pdf&download=0,"statement of capital, filing dated 2012-08-03; ADJUDICATED 2026-07-20: stored 6,644,271,610 = count x10 trailing shift; 664,427,161 fits 2010=664,341,955 | prior OCR note: line: (Eg Ordinary/Preference etc ) each share O on each share @ [confirmed at 240+300dpi] [jmp vs adjacent year — vfy]",Whole-list annual-report pass: Full-remainder review: Candidate is issued/allotted shares including treasury; not equivalent to required shares outstanding unless treasury holdings are separately and exactly resolved.
WORK_000895,113,42.5,6.9,02342138,Babcock International Group,BAB,2012,362073932,,allotted incl treasury,TREASURY_TREATMENT_REQUIRED,REVIEW,https://find-and-update.company-information.service.gov.uk/company/02342138/filing-history/MzA4MzI2Mjk0NWFkaXF6a2N4/document?format=pdf&download=0,"ORDINARY|3.01|0.00|362,073,932|£217,244,359.20; Totals 362,073,932",Whole-list annual-report pass: Full-remainder review: Candidate is issued/allotted shares including treasury; not equivalent to required shares outstanding unless treasury holdings are separately and exactly resolved.
WORK_000896,113,42.5,6.9,02342138,Babcock International Group,BAB,2014,504196597,,allotted incl treasury,TREASURY_TREATMENT_REQUIRED,REVIEW,https://find-and-update.company-information.service.gov.uk/company/02342138/filing-history/MzEyOTg1MjkxMGFkaXF6a2N4/document?format=pdf&download=0,"ORDINARY|2.33|0.00|504,196,597|£302,517,958.20; Totals 504,196,597",Whole-list annual-report pass: Full-remainder review: Candidate is issued/allotted shares including treasury; not equivalent to required shares outstanding unless treasury holdings are separately and exactly resolved.
WORK_000897,113,42.5,6.9,02342138,Babcock International Group,BAB,2015,505596597,,allotted incl treasury,TREASURY_TREATMENT_REQUIRED,REVIEW,https://find-and-update.company-information.service.gov.uk/company/02342138/filing-history/MzE1MTcwNzIzM2FkaXF6a2N4/document?format=pdf&download=0,Class of shares © ORDINARY Number allotted 505596597,Whole-list annual-report pass: Full-remainder review: Candidate is issued/allotted shares including treasury; not equivalent to required shares outstanding unless treasury holdings are separately and exactly resolved.
WORK_000898,113,42.5,6.9,02342138,Babcock International Group,BAB,2016,505596597,,allotted incl treasury,TREASURY_TREATMENT_REQUIRED,REVIEW,https://find-and-update.company-information.service.gov.uk/company/02342138/filing-history/MzE3Njc2NTcwMmFkaXF6a2N4/document?format=pdf&download=0,Number allotted 505596597,Whole-list annual-report pass: Full-remainder review: Candidate is issued/allotted shares including treasury; not equivalent to required shares outstanding unless treasury holdings are separately and exactly resolved.
WORK_000899,114,42.0,8.0,05557934,Hikma Pharmaceuticals,HIK,2015,199334215,,allotted incl treasury,TREASURY_TREATMENT_REQUIRED,REVIEW,https://find-and-update.company-information.service.gov.uk/company/05557934/filing-history/MzEzMDc1MjQ1N2FkaXF6a2N4/document?format=pdf&download=0,Class of shares © ORDINARY Number allotted 199334215,Whole-list annual-report pass: Full-remainder review: Candidate is issued/allotted shares including treasury; not equivalent to required shares outstanding unless treasury holdings are separately and exactly resolved.
WORK_000900,115,42.0,0.0,06270876,RECKITT BENCKISER GROUP PLC,RKT,2007,722368512,2007-12-31,"allotted, called up and fully paid (ordinary shares, incl any treasury)",TREASURY_TREATMENT_REQUIRED,REVIEW,https://www.annualreports.com/HostedData/AnnualReportArchive/r/LSE_RB_2007.pdf,"At 31 December 2007                                                    722,368,512              72        50,000               –                  2               –","Whole-list annual-report pass: Full-remainder review: Batch 13 REVIEW: REVIEW: annual-report copy is hosted at annualreports.com rather than an issuer/regulator primary URL, and the cited figure is allotted/called-up shares, not issued less treasury shares."
WORK_000901,115,42.0,0.0,06270876,RECKITT BENCKISER GROUP PLC,RKT,2008,722568512,2008-12-31,"allotted, called up and fully paid (ordinary shares, incl any treasury) — note: this year's own report shows no allotments/redemptions of ordinary shares between the 722,368,512 opening balance and this closing figure, a ~200,000-share step the FY2009 report's comparative column does not reproduce (it shows FY2008 opening=closing=722,368,512); verified visually against the FY2008 report page image, using the FY2008 report's own contemporaneous statement",TREASURY_TREATMENT_REQUIRED,REVIEW,https://www.annualreports.com/HostedData/AnnualReportArchive/r/LSE_RB_2008.pdf,"At 31 December 2008 722,568,512 72 - - 2 -","Whole-list annual-report pass: Full-remainder review: Batch 13 REVIEW: REVIEW: annual-report copy is hosted at annualreports.com rather than an issuer/regulator primary URL, and the cited figure is allotted/called-up shares, not issued less treasury shares."
WORK_000902,115,42.0,0.0,06270876,RECKITT BENCKISER GROUP PLC,RKT,2009,722368512,2009-12-31,"allotted, called up and fully paid (ordinary shares, incl any treasury)",TREASURY_TREATMENT_REQUIRED,REVIEW,https://www.annualreports.com/HostedData/AnnualReportArchive/r/LSE_RB_2009.pdf,"At 31 December 2009						                                                                                722,368,512            72            2            –","Whole-list annual-report pass: Full-remainder review: Batch 13 REVIEW: REVIEW: annual-report copy is hosted at annualreports.com rather than an issuer/regulator primary URL, and the cited figure is allotted/called-up shares, not issued less treasury shares."
WORK_000903,115,42.0,0.0,06270876,RECKITT BENCKISER GROUP PLC,RKT,2010,725853970,2010-12-31,"allotted, called up and fully paid (ordinary shares, incl any treasury)",TREASURY_TREATMENT_REQUIRED,REVIEW,https://www.annualreports.com/HostedData/AnnualReportArchive/r/LSE_RB_2010.pdf,"At 31 December 2010							                                                                               725,853,970            73            2            –","Whole-list annual-report pass: Full-remainder review: Batch 13 REVIEW: REVIEW: annual-report copy is hosted at annualreports.com rather than an issuer/regulator primary URL, and the cited figure is allotted/called-up shares, not issued less treasury shares."
WORK_000904,115,42.0,0.0,06270876,RECKITT BENCKISER GROUP PLC,RKT,2011,728621602,2011-12-31,"allotted, called up and fully paid (ordinary shares, incl any treasury)",TREASURY_TREATMENT_REQUIRED,REVIEW,https://www.annualreports.com/HostedData/AnnualReportArchive/r/LSE_RB_2011.pdf,"At 31 December 2011                                                                                       728,621,602           73             2            –","Whole-list annual-report pass: Full-remainder review: Batch 13 REVIEW: REVIEW: annual-report copy is hosted at annualreports.com rather than an issuer/regulator primary URL, and the cited figure is allotted/called-up shares, not issued less treasury shares."
WORK_000905,115,42.0,0.0,06270876,RECKITT BENCKISER GROUP PLC,RKT,2012,734210757,2012-12-31,"allotted, called up and fully paid (ordinary shares, incl any treasury)",TREASURY_TREATMENT_REQUIRED,REVIEW,https://www.annualreports.com/HostedData/AnnualReportArchive/r/LSE_RB_2012.pdf,"At 31 December 2012							734,210,757                                                                                           73            2            –","Whole-list annual-report pass: Full-remainder review: Batch 13 REVIEW: REVIEW: annual-report copy is hosted at annualreports.com rather than an issuer/regulator primary URL, and the cited figure is allotted/called-up shares, not issued less treasury shares."
WORK_000906,115,42.0,0.0,06270876,RECKITT BENCKISER GROUP PLC,RKT,2013,736535179,2013-12-31,"allotted, called up and fully paid (ordinary shares, incl any treasury)",TREASURY_TREATMENT_REQUIRED,REVIEW,https://www.annualreports.com/HostedData/AnnualReportArchive/r/LSE_RB_2013.pdf,"At 31 December 2013							736,535,179                                                                                                  74            2           –","Whole-list annual-report pass: Full-remainder review: Batch 13 REVIEW: REVIEW: annual-report copy is hosted at annualreports.com rather than an issuer/regulator primary URL, and the cited figure is allotted/called-up shares, not issued less treasury shares."
WORK_000907,115,42.0,0.0,06270876,RECKITT BENCKISER GROUP PLC,RKT,2014,736535179,2014-12-31,"allotted, called up and fully paid (ordinary shares, incl any treasury)",TREASURY_TREATMENT_REQUIRED,REVIEW,https://www.annualreports.com/HostedData/AnnualReportArchive/r/LSE_RB_2014.pdf,"At 31 December 2014                                                                                          736,535,179           74              –             –","Whole-list annual-report pass: Full-remainder review: Batch 13 REVIEW: REVIEW: annual-report copy is hosted at annualreports.com rather than an issuer/regulator primary URL, and the cited figure is allotted/called-up shares, not issued less treasury shares."
WORK_000908,115,42.0,0.0,06270876,RECKITT BENCKISER GROUP PLC,RKT,2015,736535179,2015-12-31,"allotted, called up and fully paid (ordinary shares, incl any treasury)",TREASURY_TREATMENT_REQUIRED,REVIEW,https://www.annualreports.com/HostedData/AnnualReportArchive/r/LSE_RB_2015.pdf,"At 31 December 2015                                                                             736,535,179                74             –               –","Whole-list annual-report pass: Full-remainder review: Batch 13 REVIEW: REVIEW: annual-report copy is hosted at annualreports.com rather than an issuer/regulator primary URL, and the cited figure is allotted/called-up shares, not issued less treasury shares."
WORK_000909,115,42.0,0.0,06270876,RECKITT BENCKISER GROUP PLC,RKT,2016,736535179,2016-12-31,"allotted, called up and fully paid (ordinary shares, incl any treasury)",TREASURY_TREATMENT_REQUIRED,REVIEW,https://www.annualreports.com/HostedData/AnnualReportArchive/r/LSE_RB_2016.pdf,"At 31 December 2016                                                                                                                    736,535,179                   74","Whole-list annual-report pass: Full-remainder review: Batch 13 REVIEW: REVIEW: annual-report copy is hosted at annualreports.com rather than an issuer/regulator primary URL, and the cited figure is allotted/called-up shares, not issued less treasury shares."
WORK_000910,115,42.0,0.0,06270876,RECKITT BENCKISER GROUP PLC,RKT,2017,736535179,2017-12-31,"allotted, called up and fully paid (ordinary shares, incl any treasury)",TREASURY_TREATMENT_REQUIRED,REVIEW,https://www.annualreports.com/HostedData/AnnualReportArchive/r/LSE_RB_2017.pdf,"At 31 December 2017                                                                                                                   736,535,179                  74","Whole-list annual-report pass: Full-remainder review: Batch 13 REVIEW: REVIEW: annual-report copy is hosted at annualreports.com rather than an issuer/regulator primary URL, and the cited figure is allotted/called-up shares, not issued less treasury shares."
WORK_000911,116,41.5,7.1,04113107,Friends Provident,FP.,2005,2139144959,2005-12-31,"allotted, called up and fully paid ordinary shares, incl Treasury shares; figure is the '1 January 2006' opening balance in Note 38, which by definition equals the 31 December 2005 closing balance - no share-count change occurred between 1 Jan 2006 and 31 Dec 2006 per the same note",TREASURY_TREATMENT_REQUIRED,REVIEW,https://www.annualreports.com/HostedData/AnnualReports/PDF/Friends%20Provident.pdf,"At 1 January 2006                                        40,108,255         2,099,036,704      2,139,144,959             214             2,038",Whole-list annual-report pass: Full-remainder review: Candidate is issued/allotted shares including treasury; not equivalent to required shares outstanding unless treasury holdings are separately and exactly resolved.
WORK_000912,116,41.5,7.1,04113107,Friends Provident,FP.,2006,2139144959,2006-12-31,"allotted, called up and fully paid ordinary shares, incl Treasury shares",TREASURY_TREATMENT_REQUIRED,REVIEW,https://www.annualreports.com/HostedData/AnnualReports/PDF/Friends%20Provident.pdf,"At 31 December 2006                                                      22,630,083         2,116,514,876      2,139,144,959             214             2,051",Whole-list annual-report pass: Full-remainder review: Candidate is issued/allotted shares including treasury; not equivalent to required shares outstanding unless treasury holdings are separately and exactly resolved.
WORK_000913,116,41.5,7.1,04113107,Friends Provident,FP.,2007,2341118083,2007-12-31,"allotted, called up and fully paid ordinary shares, incl Treasury shares",TREASURY_TREATMENT_REQUIRED,REVIEW,https://www.annualreports.com/HostedData/AnnualReports/PDF/Friends%20Provident.pdf,"At 31 December 2007                                        18,124,284         2,322,993,799      2,341,118,083             234             2,372",Whole-list annual-report pass: Full-remainder review: Candidate is issued/allotted shares including treasury; not equivalent to required shares outstanding unless treasury holdings are separately and exactly resolved.
WORK_000914,117,41.0,5.8,03299793,Gallaher Group,GLH,2001,644732691,,allotted incl treasury,TREASURY_TREATMENT_REQUIRED,REVIEW,https://find-and-update.company-information.service.gov.uk/company/03299793/filing-history/OTEyMDQ1MDhhZGlxemtjeA/document?format=pdf&download=0,"statement of capital, filing dated 2002-01-24; ADJUDICATED 2026-07-20: OCR captured nominal GBP64,473,269.10; at 10p par count=644,732,691, exact arithmetic; line shows 644,732,69] | prior OCR note: line: capital by class (eg. ORDINARY lOp SHARES 644, 732 69] [jmp vs adjacent year — vfy]",Whole-list annual-report pass: Full-remainder review: Candidate is issued/allotted shares including treasury; not equivalent to required shares outstanding unless treasury holdings are separately and exactly resolved.
WORK_000915,117,41.0,5.8,03299793,Gallaher Group,GLH,2002,651590464,,allotted incl treasury,TREASURY_TREATMENT_REQUIRED,REVIEW,https://find-and-update.company-information.service.gov.uk/company/03299793/filing-history/MTQxMDc3NTY1YWRpcXprY3g/document?format=pdf&download=0,"statement of capital, filing dated 2003-02-12; ADJUDICATED 2026-07-20: line 651,590,464 with nominal GBP65,159,046.40 = 10p x count exactly; stored value had trailing shift | prior OCR note: line: ORDINARY \o¢ AIV, | 651,590,464 | 65,159,046.40 [confirmed at 240+300dpi] [jmp vs adjacent year — vfy]",Whole-list annual-report pass: Full-remainder review: Candidate is issued/allotted shares including treasury; not equivalent to required shares outstanding unless treasury holdings are separately and exactly resolved.
WORK_000916,117,41.0,5.8,03299793,Gallaher Group,GLH,2003,653596274,,allotted incl treasury,TREASURY_TREATMENT_REQUIRED,REVIEW,https://find-and-update.company-information.service.gov.uk/company/03299793/filing-history/MTM3NDg0OTE3YWRpcXprY3g/document?format=pdf&download=0,"CORRECTION of x10 OCR shift (was 6,535,962,740): re-OCR 2026-07-20 at 300dpi, p9: ORDINARY 10p 653,596,274 | GBP65,359,627.40 = 10p x count exact; filing dated 2004-02-03",Whole-list annual-report pass: Full-remainder review: Candidate is issued/allotted shares including treasury; not equivalent to required shares outstanding unless treasury holdings are separately and exactly resolved.
WORK_000917,117,41.0,5.8,03299793,Gallaher Group,GLH,2004,655100000,,outstanding (cover statement),DATE_RECONSTRUCTION_REQUIRED,REVIEW,https://www.sec.gov/Archives/edgar/data/1037333/000102123105000306/b78649x-20f.htm,Cover: 'as of the close of 31 December 2004: Ordinary Shares nominal value 10p per share — 655.1 million shares' (stated to 0.1M),Whole-list annual-report pass: Full-remainder review: No explicit as-of date stored; publication rule requires a defined observation date.
WORK_000918,117,41.0,5.8,03299793,Gallaher Group,GLH,2005,655966722,,allotted incl treasury,TREASURY_TREATMENT_REQUIRED,REVIEW,https://find-and-update.company-information.service.gov.uk/company/03299793/filing-history/OTg2NzEwOTZhZGlxemtjeA/document?format=pdf&download=0,"statement of capital (allotted incl. treasury), filing dated 2006-01-31; VISUAL READ: Ordinary 10p, nominal GBP65,596,672.20 exact; sits between corrected 2003 (653.6m) and 2006 (657.3m); co# 3299793",Whole-list annual-report pass: Full-remainder review: Candidate is issued/allotted shares including treasury; not equivalent to required shares outstanding unless treasury holdings are separately and exactly resolved.
WORK_000919,117,41.0,5.8,03299793,Gallaher Group,GLH,2006,657278177,,allotted incl treasury,TREASURY_TREATMENT_REQUIRED,REVIEW,https://find-and-update.company-information.service.gov.uk/company/03299793/filing-history/MTgyMjA2MDUxYWRpcXprY3g/document?format=pdf&download=0,"CORRECTION of x10 OCR shift (was 6,572,781,770): re-OCR 2026-07-20, p6: ORDINARY 657,278,177 | GBP65,727,817.70 = 10p x count exact; filing dated 2007-07-23",Whole-list annual-report pass: Full-remainder review: Candidate is issued/allotted shares including treasury; not equivalent to required shares outstanding unless treasury holdings are separately and exactly resolved.
WORK_000920,118,40.0,7.2,00714275,IMI,IMI,2010,340072938,,allotted incl treasury,TREASURY_TREATMENT_REQUIRED,REVIEW,https://find-and-update.company-information.service.gov.uk/company/00714275/filing-history/MzA0MDMxMzcxNmFkaXF6a2N4/document?format=pdf&download=0,"Part 3 Statement of capital shows '| Ordinary leo 75 (average - | 340,072,938 £ 85,018,234 50 |' for sterling shares",Whole-list annual-report pass: Full-remainder review: Candidate is issued/allotted shares including treasury; not equivalent to required shares outstanding unless treasury holdings are separately and exactly resolved.
WORK_000921,118,40.0,7.2,00714275,IMI,IMI,2013,285644304,,allotted incl treasury,TREASURY_TREATMENT_REQUIRED,REVIEW,https://find-and-update.company-information.service.gov.uk/company/00714275/filing-history/MzEwMzA2NTk2MmFkaXF6a2N4/document?format=pdf&download=0,Part 3 Statement of capital shows '| Ordinary 0.32* 285644304 £ 81612658.27' matching proposed exactly,Whole-list annual-report pass: Full-remainder review: Candidate is issued/allotted shares including treasury; not equivalent to required shares outstanding unless treasury holdings are separately and exactly resolved.
WORK_000922,119,39.5,5.5,06072876,TUI Travel,TT.,2007,1118010670,,allotted incl treasury,TREASURY_TREATMENT_REQUIRED,REVIEW,https://find-and-update.company-information.service.gov.uk/company/06072876/filing-history/MjAwMDkwNzE5MWFkaXF6a2N4/document?format=pdf&download=0,"OCR statement of capital, filing 2008-03-06; line: Ordinary 1Op- 1,118,010, 670 £111,801, 067 00",Whole-list annual-report pass: Full-remainder review: Candidate is issued/allotted shares including treasury; not equivalent to required shares outstanding unless treasury holdings are separately and exactly resolved.
WORK_000923,119,39.5,5.5,06072876,TUI Travel,TT.,2008,1118010670,,allotted incl treasury,TREASURY_TREATMENT_REQUIRED,REVIEW,https://find-and-update.company-information.service.gov.uk/company/06072876/filing-history/MjAzMzgzNzQ1NWFkaXF6a2N4/document?format=pdf&download=0,"OCR statement of capital, filing 2009-05-27; line: Ordinary 1,118,010,670 £111,801, 067.00",Whole-list annual-report pass: Full-remainder review: Candidate is issued/allotted shares including treasury; not equivalent to required shares outstanding unless treasury holdings are separately and exactly resolved.
WORK_000924,119,39.5,5.5,06072876,TUI Travel,TT.,2009,1118010670,,allotted incl treasury,TREASURY_TREATMENT_REQUIRED,REVIEW,https://find-and-update.company-information.service.gov.uk/company/06072876/filing-history/MzAxNjUwOTA5NGFkaXF6a2N4/document?format=pdf&download=0,"statement of capital, filing 2010-05-11; Claude-adjudicated: ordinary class total",Whole-list annual-report pass: Full-remainder review: Candidate is issued/allotted shares including treasury; not equivalent to required shares outstanding unless treasury holdings are separately and exactly resolved.
WORK_000925,119,39.5,5.5,06072876,TUI Travel,TT.,2010,1118010670,,allotted incl treasury,TREASURY_TREATMENT_REQUIRED,REVIEW,https://find-and-update.company-information.service.gov.uk/company/06072876/filing-history/MzAzODMzNjg3OGFkaXF6a2N4/document?format=pdf&download=0,"statement of capital, filing 2011-05-11; Claude-adjudicated: ordinary class total",Whole-list annual-report pass: Full-remainder review: Candidate is issued/allotted shares including treasury; not equivalent to required shares outstanding unless treasury holdings are separately and exactly resolved.
WORK_000926,119,39.5,5.5,06072876,TUI Travel,TT.,2012,1118010670,,allotted incl treasury,TREASURY_TREATMENT_REQUIRED,REVIEW,https://find-and-update.company-information.service.gov.uk/company/06072876/filing-history/MzA3OTUwMTkzOWFkaXF6a2N4/document?format=pdf&download=0,"statement of capital, filing 2013-05-11; Claude-adjudicated: ordinary class total",Whole-list annual-report pass: Full-remainder review: Candidate is issued/allotted shares including treasury; not equivalent to required shares outstanding unless treasury holdings are separately and exactly resolved.
WORK_000927,119,39.5,5.5,06072876,TUI Travel,TT.,2013,1118010670,,allotted incl treasury,TREASURY_TREATMENT_REQUIRED,REVIEW,https://find-and-update.company-information.service.gov.uk/company/06072876/filing-history/MzEwMDAzODY1NWFkaXF6a2N4/document?format=pdf&download=0,"OCR statement of capital, filing 2014-05-11; line: Class of shares ORDINARY Number allotted + 1118010670 ‘",Whole-list annual-report pass: Full-remainder review: Candidate is issued/allotted shares including treasury; not equivalent to required shares outstanding unless treasury holdings are separately and exactly resolved.
WORK_000928,120,37.5,7.1,01377658,Smith (DS),SMDS,2017,1067367243,,allotted incl treasury,TREASURY_TREATMENT_REQUIRED,REVIEW,https://find-and-update.company-information.service.gov.uk/company/01377658/filing-history/MzE4NzE5MjA1MGFkaXF6a2N4/document?format=pdf&download=0,ORDINARY: 1067367243,Whole-list annual-report pass: Full-remainder review: Candidate is issued/allotted shares including treasury; not equivalent to required shares outstanding unless treasury holdings are separately and exactly resolved.
WORK_000929,121,37.5,5.9,00432989,Meggitt,MGGT,2011,782108320,,allotted incl treasury,TREASURY_TREATMENT_REQUIRED,REVIEW,https://find-and-update.company-information.service.gov.uk/company/00432989/filing-history/MzA1Nzk1MzkwNGFkaXF6a2N4/document?format=pdf&download=0,"OCR statement of capital, filing 2012-05-10; line: Class of shares © ORDINARY SHARES OF SP Number allotted 7821",Whole-list annual-report pass: Full-remainder review: Candidate is issued/allotted shares including treasury; not equivalent to required shares outstanding unless treasury holdings are separately and exactly resolved.
WORK_000930,121,37.5,5.9,00432989,Meggitt,MGGT,2012,787565247,,allotted incl treasury,TREASURY_TREATMENT_REQUIRED,REVIEW,https://find-and-update.company-information.service.gov.uk/company/00432989/filing-history/MzA3OTUwMTU4NGFkaXF6a2N4/document?format=pdf&download=0,"statement of capital, filing dated 2013-05-10; status=OCR_EXTRACTED",Whole-list annual-report pass: Full-remainder review: Candidate is issued/allotted shares including treasury; not equivalent to required shares outstanding unless treasury holdings are separately and exactly resolved.
WORK_000931,121,37.5,5.9,00432989,Meggitt,MGGT,2013,805548533,,allotted incl treasury,TREASURY_TREATMENT_REQUIRED,REVIEW,https://find-and-update.company-information.service.gov.uk/company/00432989/filing-history/MzEwMTc0Mzk3N2FkaXF6a2N4/document?format=pdf&download=0,"OCR statement of capital, filing 2014-05-10; line: Ordinary Shares of 5p each 145 [o 805,548,533 £ 40277427",Whole-list annual-report pass: Full-remainder review: Candidate is issued/allotted shares including treasury; not equivalent to required shares outstanding unless treasury holdings are separately and exactly resolved.
WORK_000932,121,37.5,5.9,00432989,Meggitt,MGGT,2014,789128081,,allotted incl treasury,TREASURY_TREATMENT_REQUIRED,REVIEW,https://find-and-update.company-information.service.gov.uk/company/00432989/filing-history/MzEyMzczMjkwMmFkaXF6a2N4/document?format=pdf&download=0,"statement of capital, filing dated 2015-05-10; status=OCR_EXTRACTED",Whole-list annual-report pass: Full-remainder review: Candidate is issued/allotted shares including treasury; not equivalent to required shares outstanding unless treasury holdings are separately and exactly resolved.
WORK_000933,122,37.5,5.5,SC177553,Aggreko,AGK,2009,266017581,,allotted incl treasury,TREASURY_TREATMENT_REQUIRED,REVIEW,https://find-and-update.company-information.service.gov.uk/company/SC177553/filing-history/MzAyMTUyMTI4NmFkaXF6a2N4/document?format=pdf&download=0,"statement of capital, filing 2010-07-21; Claude-adjudicated: 20p ordinary classes only; odd option classes excluded",Whole-list annual-report pass: Full-remainder review: Candidate is issued/allotted shares including treasury; not equivalent to required shares outstanding unless treasury holdings are separately and exactly resolved.
WORK_000934,122,37.5,5.5,SC177553,Aggreko,AGK,2010,266658807,,allotted incl treasury,TREASURY_TREATMENT_REQUIRED,REVIEW,https://find-and-update.company-information.service.gov.uk/company/SC177553/filing-history/MzA0MjM1MTMxNWFkaXF6a2N4/document?format=pdf&download=0,"statement of capital, filing dated 2011-07-21; ADJUDICATED 2026-07-20: fits trusted 2009=266,017,581 and 2012=269,024,524 | prior OCR note: line: (E.g. Ordinary/Preference etc.) each share @ on each share @ [jmp vs adjacent year — vfy]",Whole-list annual-report pass: Full-remainder review: Candidate is issued/allotted shares including treasury; not equivalent to required shares outstanding unless treasury holdings are separately and exactly resolved.
WORK_000935,122,37.5,5.5,SC177553,Aggreko,AGK,2012,269024524,,allotted incl treasury,TREASURY_TREATMENT_REQUIRED,REVIEW,https://find-and-update.company-information.service.gov.uk/company/SC177553/filing-history/MzA4MjYzOTUxMWFkaXF6a2N4/document?format=pdf&download=0,"statement of capital, filing 2013-07-21; Claude-adjudicated: ordinary class total",Whole-list annual-report pass: Full-remainder review: Candidate is issued/allotted shares including treasury; not equivalent to required shares outstanding unless treasury holdings are separately and exactly resolved.
WORK_000936,122,37.5,5.5,SC177553,Aggreko,AGK,2013,256118395,,allotted incl treasury,TREASURY_TREATMENT_REQUIRED,REVIEW,https://find-and-update.company-information.service.gov.uk/company/SC177553/filing-history/MzEwNDU1MDc3MmFkaXF6a2N4/document?format=pdf&download=0,"statement of capital, filing 2014-07-21; Claude-adjudicated: ordinary only; deferred+B pref excluded",Whole-list annual-report pass: Full-remainder review: Candidate is issued/allotted shares including treasury; not equivalent to required shares outstanding unless treasury holdings are separately and exactly resolved.
WORK_000937,122,37.5,5.5,SC177553,Aggreko,AGK,2014,256128201,,allotted incl treasury,TREASURY_TREATMENT_REQUIRED,REVIEW,https://find-and-update.company-information.service.gov.uk/company/SC177553/filing-history/MzEyOTA5MzM0NWFkaXF6a2N4/document?format=pdf&download=0,"statement of capital (allotted incl. treasury), filing dated 2015-07-21; VISUAL READ of page image: Sum of two New Ordinary classes 9,806 + 256,118,395; deferred excluded; fits 2013=256,118,395",Whole-list annual-report pass: Full-remainder review: Candidate is issued/allotted shares including treasury; not equivalent to required shares outstanding unless treasury holdings are separately and exactly resolved.
WORK_000938,123,37.5,5.5,06023510,Eurasian Natural Resources Corporation,ENRC,2008,1287750000,,allotted incl treasury,TREASURY_TREATMENT_REQUIRED,REVIEW,https://find-and-update.company-information.service.gov.uk/company/06023510/filing-history/MjA0MTA4MjU4OGFkaXF6a2N4/document?format=pdf&download=0,"statement of capital (allotted incl. treasury), filing dated 2009-09-10; VISUAL READ: Ordinary US$0.20, form shows 1,287,750,000 x $0.20 = 257,550,000 exact; equals 2010/11 known; entity via URL",Whole-list annual-report pass: Full-remainder review: Candidate is issued/allotted shares including treasury; not equivalent to required shares outstanding unless treasury holdings are separately and exactly resolved.
WORK_000939,123,37.5,5.5,06023510,Eurasian Natural Resources Corporation,ENRC,2009,1287750000,,allotted incl treasury,TREASURY_TREATMENT_REQUIRED,REVIEW,https://find-and-update.company-information.service.gov.uk/company/06023510/filing-history/MzAwNjQyMTY4MmFkaXF6a2N4/document?format=pdf&download=0,"statement of capital (allotted incl. treasury), filing dated 2009-12-08; VISUAL READ: AR01 F2 USD sole class ORDINARY, totals equal; matches adjacents; entity via URL",Whole-list annual-report pass: Full-remainder review: Candidate is issued/allotted shares including treasury; not equivalent to required shares outstanding unless treasury holdings are separately and exactly resolved.
WORK_000940,123,37.5,5.5,06023510,Eurasian Natural Resources Corporation,ENRC,2010,1287750000,,allotted incl treasury,TREASURY_TREATMENT_REQUIRED,REVIEW,https://find-and-update.company-information.service.gov.uk/company/06023510/filing-history/MzAzMzI5MjUxMWFkaXF6a2N4/document?format=pdf&download=0,"statement of capital, filing 2010-12-09; Claude-adjudicated: ordinary class total",Whole-list annual-report pass: Full-remainder review: Candidate is issued/allotted shares including treasury; not equivalent to required shares outstanding unless treasury holdings are separately and exactly resolved.
WORK_000941,123,37.5,5.5,06023510,Eurasian Natural Resources Corporation,ENRC,2011,1287750000,,allotted incl treasury,TREASURY_TREATMENT_REQUIRED,REVIEW,https://find-and-update.company-information.service.gov.uk/company/06023510/filing-history/MzA0OTExNjQ4N2FkaXF6a2N4/document?format=pdf&download=0,"statement of capital, filing 2011-12-08; Claude-adjudicated: ordinary class total",Whole-list annual-report pass: Full-remainder review: Candidate is issued/allotted shares including treasury; not equivalent to required shares outstanding unless treasury holdings are separately and exactly resolved.
WORK_000942,123,37.5,5.5,06023510,Eurasian Natural Resources Corporation,ENRC,2012,1287750000,,allotted incl treasury,TREASURY_TREATMENT_REQUIRED,REVIEW,https://find-and-update.company-information.service.gov.uk/company/06023510/filing-history/MzA3MDg1Mjk4NWFkaXF6a2N4/document?format=pdf&download=0,"statement of capital, filing dated 2012-12-08; ADJUDICATED 2026-07-20: OCR line shows ORDINARY 1,287,750,000; equals trusted 2010 and 2011 values; SUM logic had erred | prior OCR note: SUM of 2 ordinary lines — vfy: (Eg Ordinary/Preterence etc } each share @ on each share @; ORDINARY $2 53 1,287,750,000 257,550,000 [jmp vs adjacent year — vfy]",Whole-list annual-report pass: Full-remainder review: Candidate is issued/allotted shares including treasury; not equivalent to required shares outstanding unless treasury holdings are separately and exactly resolved.
WORK_000943,124,36.0,5.2,03771147,Allied Domecq,ALLD,2000,1087940364,,allotted incl treasury,TREASURY_TREATMENT_REQUIRED,REVIEW,https://find-and-update.company-information.service.gov.uk/company/03771147/filing-history/MTI1NzQ4MTA3YWRpcXprY3g/document?format=pdf&download=0,"OCR statement of capital, filing 2001-07-19; line: 25P ORDINARY 1087940 364 £QbbL, BIZ, FT 7S. 50",Whole-list annual-report pass: Full-remainder review: Candidate is issued/allotted shares including treasury; not equivalent to required shares outstanding unless treasury holdings are separately and exactly resolved.
WORK_000944,124,36.0,5.2,03771147,Allied Domecq,ALLD,2001,1106570314,,allotted incl treasury,TREASURY_TREATMENT_REQUIRED,REVIEW,https://find-and-update.company-information.service.gov.uk/company/03771147/filing-history/NTg1MDc3MTBhZGlxemtjeA/document?format=pdf&download=0,"statement of capital (allotted incl. treasury), filing dated 2002-07-02; VISUAL READ of page image: Ordinary 25p, nominal GBP276,642,578.50 exact; co# 3771147",Whole-list annual-report pass: Full-remainder review: Candidate is issued/allotted shares including treasury; not equivalent to required shares outstanding unless treasury holdings are separately and exactly resolved.
WORK_000945,124,36.0,5.2,03771147,Allied Domecq,ALLD,2002,1106570314,,allotted incl treasury,TREASURY_TREATMENT_REQUIRED,REVIEW,https://find-and-update.company-information.service.gov.uk/company/03771147/filing-history/Njc5MjQ0NDZhZGlxemtjeA/document?format=pdf&download=0,"statement of capital (allotted incl. treasury), filing dated 2003-07-02; VISUAL READ of page image: Unchanged vs 2001; nominal exact; co# 3771147",Whole-list annual-report pass: Full-remainder review: Candidate is issued/allotted shares including treasury; not equivalent to required shares outstanding unless treasury holdings are separately and exactly resolved.
WORK_000946,124,36.0,5.2,03771147,Allied Domecq,ALLD,2003,1106570314,,allotted incl treasury,TREASURY_TREATMENT_REQUIRED,REVIEW,https://find-and-update.company-information.service.gov.uk/company/03771147/filing-history/OTYyNTk4NzRhZGlxemtjeA/document?format=pdf&download=0,"statement of capital, filing 2004-06-18; Claude-adjudicated: ordinary class total",Whole-list annual-report pass: Full-remainder review: Candidate is issued/allotted shares including treasury; not equivalent to required shares outstanding unless treasury holdings are separately and exactly resolved.
WORK_000947,124,36.0,5.2,03771147,Allied Domecq,ALLD,2004,1106570314,,allotted incl treasury,TREASURY_TREATMENT_REQUIRED,REVIEW,https://find-and-update.company-information.service.gov.uk/company/03771147/filing-history/MTMwNzY1ODQwYWRpcXprY3g/document?format=pdf&download=0,"statement of capital, filing 2005-06-20; Claude-adjudicated: ordinary class total",Whole-list annual-report pass: Full-remainder review: Candidate is issued/allotted shares including treasury; not equivalent to required shares outstanding unless treasury holdings are separately and exactly resolved.
WORK_000948,125,34.5,5.3,00103002,Lonmin,LMI,2006,154537670,,allotted incl treasury,TREASURY_TREATMENT_REQUIRED,REVIEW,https://find-and-update.company-information.service.gov.uk/company/00103002/filing-history/MTgwMTk2Mjc0YWRpcXprY3g/document?format=pdf&download=0,"CH annual return, filing dated 2007-05-15; allotted incl. treasury; VISUAL READ: Co 00103002 Lonmin ORDINARY US$1 154,537,670 (par US$1; agg US$); GBP1 deferred 50,000 excl",Whole-list annual-report pass: Full-remainder review: Candidate is issued/allotted shares including treasury; not equivalent to required shares outstanding unless treasury holdings are separately and exactly resolved.
WORK_000949,125,34.5,5.3,00103002,Lonmin,LMI,2007,156360315,,allotted incl treasury,TREASURY_TREATMENT_REQUIRED,REVIEW,https://find-and-update.company-information.service.gov.uk/company/00103002/filing-history/MjAwNTEwNzI0M2FkaXF6a2N4/document?format=pdf&download=0,"CH annual return, filing dated 2008-05-09; allotted incl. treasury; VISUAL READ: Lonmin ORDINARY US$1 156,360,315 (par US$1); GBP1 deferred 50,000 excl",Whole-list annual-report pass: Full-remainder review: Candidate is issued/allotted shares including treasury; not equivalent to required shares outstanding unless treasury holdings are separately and exactly resolved.
WORK_000950,125,34.5,5.3,00103002,Lonmin,LMI,2009,193137215,,allotted incl treasury,TREASURY_TREATMENT_REQUIRED,REVIEW,https://find-and-update.company-information.service.gov.uk/company/00103002/filing-history/MzAxNTY1MjcyMWFkaXF6a2N4/document?format=pdf&download=0,"CH annual return, filing dated 2010-04-12; allotted incl. treasury; VISUAL READ: AR01 F2 ORDINARY US$1 193,137,215 (par US$1); deferred 50,000 excl; 2009 rights issue",Whole-list annual-report pass: Full-remainder review: Candidate is issued/allotted shares including treasury; not equivalent to required shares outstanding unless treasury holdings are separately and exactly resolved.
WORK_000951,125,34.5,5.3,00103002,Lonmin,LMI,2010,202493773,,allotted incl treasury,TREASURY_TREATMENT_REQUIRED,REVIEW,https://find-and-update.company-information.service.gov.uk/company/00103002/filing-history/MzAzNzI2NzI5NWFkaXF6a2N4/document?format=pdf&download=0,"CH annual return, filing dated 2011-04-12; allotted incl. treasury; VISUAL READ: AR01 F2 ORDINARY US$1 202,493,773 (par US$1); deferred 50,000 excl",Whole-list annual-report pass: Full-remainder review: Candidate is issued/allotted shares including treasury; not equivalent to required shares outstanding unless treasury holdings are separately and exactly resolved.
WORK_000952,126,32.0,0.0,04706930,ROLLS-ROYCE HOLDINGS PLC,RR.,2003,1666619843,2003-12-31,allotted incl treasury,TREASURY_TREATMENT_REQUIRED,REVIEW,https://find-and-update.company-information.service.gov.uk/company/04706930/filing-history/MTUwNzc5NDMyYWRpcXprY3g/document?format=pdf&download=0,"At December 31, 2003 — 1,666,619,843 / 333",Whole-list annual-report pass: Full-remainder review: Batch 15 REVIEW: REVIEW: primary candidate evidence does not establish the preferred shares_outstanding definition at an exact effective date. Candidate value withheld from shares_outstanding rather than assumed.
WORK_000953,126,32.0,0.0,04706930,ROLLS-ROYCE HOLDINGS PLC,RR.,2004,1704772288,2004-12-31,allotted incl treasury,TREASURY_TREATMENT_REQUIRED,REVIEW,https://find-and-update.company-information.service.gov.uk/company/04706930/filing-history/ODI3NzAxNTVhZGlxemtjeA/document?format=pdf&download=0,"At December 31, 2004 — 1,704,772,288 / 341",Whole-list annual-report pass: Full-remainder review: Batch 15 REVIEW: REVIEW: primary candidate evidence does not establish the preferred shares_outstanding definition at an exact effective date. Candidate value withheld from shares_outstanding rather than assumed.
WORK_000954,126,32.0,0.0,04706930,ROLLS-ROYCE HOLDINGS PLC,RR.,2005,1758701301,2005-12-31,allotted incl treasury,TREASURY_TREATMENT_REQUIRED,REVIEW,https://find-and-update.company-information.service.gov.uk/company/04706930/filing-history/MTYxMTI3NjkwYWRpcXprY3g/document?format=pdf&download=0,"At December 31, 2005 — 1,758,701,301 / 352",Whole-list annual-report pass: Full-remainder review: Batch 15 REVIEW: REVIEW: primary candidate evidence does not establish the preferred shares_outstanding definition at an exact effective date. Candidate value withheld from shares_outstanding rather than assumed.
WORK_000955,126,32.0,0.0,04706930,ROLLS-ROYCE HOLDINGS PLC,RR.,2006,1781304985,2006-12-31,allotted incl treasury,TREASURY_TREATMENT_REQUIRED,REVIEW,https://find-and-update.company-information.service.gov.uk/company/04706930/filing-history/MTgxNTc0MTE4YWRpcXprY3g/document?format=pdf&download=0,"At December 31, 2006 — 1,781,304,985 / 356",Whole-list annual-report pass: Full-remainder review: Batch 15 REVIEW: REVIEW: primary candidate evidence does not establish the preferred shares_outstanding definition at an exact effective date. Candidate value withheld from shares_outstanding rather than assumed.
WORK_000956,126,32.0,0.0,04706930,ROLLS-ROYCE HOLDINGS PLC,RR.,2007,1819812347,2007-12-31,allotted incl treasury,TREASURY_TREATMENT_REQUIRED,REVIEW,https://find-and-update.company-information.service.gov.uk/company/04706930/filing-history/MjAwNTE5OTY1MmFkaXF6a2N4/document?format=pdf&download=0,"On December 31, 2007, the following shares were in issue (proportion of total by nominal value): ordinary shares 1,819,812,347 (96 per cent) and B Shares 15,858,712,652 (4 per cent)",Whole-list annual-report pass: Full-remainder review: Batch 15 REVIEW: REVIEW: primary candidate evidence does not establish the preferred shares_outstanding definition at an exact effective date. Candidate value withheld from shares_outstanding rather than assumed.
WORK_000957,126,32.0,0.0,04706930,ROLLS-ROYCE HOLDINGS PLC,RR.,2008,1843740136,2008-12-31,allotted incl treasury,TREASURY_TREATMENT_REQUIRED,REVIEW,https://find-and-update.company-information.service.gov.uk/company/04706930/filing-history/MjAzNjMzNDg1NGFkaXF6a2N4/document?format=pdf&download=0,"On December 31, 2008, there were 1,843,740,136 ordinary shares and one Special Share in issue",Whole-list annual-report pass: Full-remainder review: Batch 15 REVIEW: REVIEW: primary candidate evidence does not establish the preferred shares_outstanding definition at an exact effective date. Candidate value withheld from shares_outstanding rather than assumed.
WORK_000958,127,28.0,0.0,07524813,ROLLS-ROYCE HOLDINGS PLC,RR.,2011,1872240012,2011-12-31,allotted incl treasury,TREASURY_TREATMENT_REQUIRED,REVIEW,https://find-and-update.company-information.service.gov.uk/company/07524813/filing-history/MzA1NjI4MzkxMGFkaXF6a2N4/document?format=pdf&download=0,"On December 31, 2011 there were 1,872,240,012 ordinary shares, 6,371,021,124 C Shares and one Special Share in issue",Whole-list annual-report pass: Full-remainder review: Batch 15 REVIEW: REVIEW: primary candidate evidence does not establish the preferred shares_outstanding definition at an exact effective date. Candidate value withheld from shares_outstanding rather than assumed.
WORK_000959,127,28.0,0.0,07524813,ROLLS-ROYCE HOLDINGS PLC,RR.,2012,1872303563,2012-12-31,allotted incl treasury,TREASURY_TREATMENT_REQUIRED,REVIEW,https://find-and-update.company-information.service.gov.uk/company/07524813/filing-history/MzA3Nzg4ODk0MGFkaXF6a2N4/document?format=pdf&download=0,"On 31 December 2012, there were 1,872,303,563 ordinary shares of 20 pence each, 10,417,658,475 C Shares of 0.1 pence each and one Special Share of £1 in issue",Whole-list annual-report pass: Full-remainder review: Batch 15 REVIEW: REVIEW: primary candidate evidence does not establish the preferred shares_outstanding definition at an exact effective date. Candidate value withheld from shares_outstanding rather than assumed.
WORK_000960,127,28.0,0.0,07524813,ROLLS-ROYCE HOLDINGS PLC,RR.,2013,1880301654,2013-12-31,allotted incl treasury,TREASURY_TREATMENT_REQUIRED,REVIEW,https://find-and-update.company-information.service.gov.uk/company/07524813/filing-history/MzA5OTMyNTc5OWFkaXF6a2N4/document?format=pdf&download=0,"On 31 December 2013, there were 1,880,301,654 ordinary shares of 20 pence each, 16,286,039,565 redeemable C Shares of 0.1 pence each and one Special Share of £1 in issue",Whole-list annual-report pass: Full-remainder review: Batch 15 REVIEW: REVIEW: primary candidate evidence does not establish the preferred shares_outstanding definition at an exact effective date. Candidate value withheld from shares_outstanding rather than assumed.
WORK_000961,127,28.0,0.0,07524813,ROLLS-ROYCE HOLDINGS PLC,RR.,2014,1866652706,,allotted incl treasury,TREASURY_TREATMENT_REQUIRED,REVIEW,https://find-and-update.company-information.service.gov.uk/company/07524813/filing-history/MzEyMDY3NTkxMWFkaXF6a2N4/document?format=pdf&download=0,"AR01 F1: ""[Ordinary] 0 20 0 00 1,866,652,706 GBP373,330,541.20"" vs preference class ""non-cumulative redeemable preference shares - C Shares ... 26,169,818,937""; 1,866,652,706 x GBP0.20 = GBP373,330,541.20 exact.",Whole-list annual-report pass: Full-remainder review: Batch 15 REVIEW: REVIEW: primary candidate evidence does not establish the preferred shares_outstanding definition at an exact effective date. Candidate value withheld from shares_outstanding rather than assumed.
WORK_000962,128,4.0,0.0,03690065,BG Group,BG.,2012,3614000000,2012-12-31,"issued and fully paid ordinary shares of 10p each, in issue at 31 December 2012 (balance-sheet date), per Note 23; not the EPS weighted average",PRIMARY_SOURCE_RECHECK_REQUIRED,REVIEW,https://find-and-update.company-information.service.gov.uk/company/03690065,Ordinary shares of 0p each 3614 3613 578 577,"Identity remediation: Companies House proves 03690065 was BG GROUP PLC throughout this observation year, so the entity mapping is solved. The retained candidate is rounded and does not meet the exact-value publication gate; obtain the exact primary year-end outstanding-share count."
WORK_000963,128,4.0,0.0,03690065,BG Group,BG.,2013,3619000000,2013-12-31,"issued and fully paid ordinary shares of 10p each, in issue at 31 December 2013 (balance-sheet date), per Note 21; not the EPS weighted average",PRIMARY_SOURCE_RECHECK_REQUIRED,REVIEW,https://find-and-update.company-information.service.gov.uk/company/03690065,Ordinary shares of 10p each 3619 3614 S79 578,"Identity remediation: Companies House proves 03690065 was BG GROUP PLC throughout this observation year, so the entity mapping is solved. The retained candidate is rounded and does not meet the exact-value publication gate; obtain the exact primary year-end outstanding-share count."
