symbol,cik,fiscal_year,need_market_cap,need_shares,need_employees
A,1090872,2000,True,True,True
A,1090872,2001,True,True,True
A,1090872,2002,True,True,True
A,1090872,2003,True,True,True
A,1090872,2004,True,True,True
A,1090872,2005,True,True,True
A,1090872,2006,True,True,True
A,1090872,2007,True,True,True
A,1090872,2008,True,True,True
A,1090872,2009,False,False,True
A,1090872,2010,False,False,True
A,1090872,2011,False,False,True
A,1090872,2012,False,False,True
A,1090872,2013,False,False,True
A,1090872,2014,False,False,True
A,1090872,2015,False,False,True
A,1090872,2016,False,False,True
A,1090872,2017,False,False,True
A,1090872,2018,False,False,True
A,1090872,2019,False,False,True
A,1090872,2020,False,False,True
A,1090872,2021,False,False,True
A,1090872,2022,False,False,True
A,1090872,2023,False,False,True
A,1090872,2024,False,False,True
A,1090872,2025,False,False,True
AABA,1011006,2001,True,True,True
AABA,1011006,2002,True,True,True
AABA,1011006,2003,True,True,True
AABA,1011006,2004,True,True,True
AABA,1011006,2005,True,True,True
AABA,1011006,2006,True,True,True
AABA,1011006,2007,True,True,True
AABA,1011006,2008,True,True,True
AABA,1011006,2009,True,False,True
AABA,1011006,2010,True,False,True
AABA,1011006,2011,True,False,True
AABA,1011006,2012,True,False,True
AABA,1011006,2013,True,False,True
AABA,1011006,2014,True,False,True
AABA,1011006,2015,True,False,True
AABA,1011006,2016,True,False,True
AAL,6201,2008,True,True,True
AAL,6201,2009,False,False,True
AAL,6201,2010,False,False,True
AAL,6201,2011,False,False,True
AAL,6201,2012,False,False,True
AAL,6201,2013,False,False,True
AAL,6201,2020,False,False,True
AAL,6201,2021,False,False,True
AAL,6201,2022,False,False,True
AAL,6201,2023,False,False,True
AAL,6201,2024,False,False,True
AAL,6201,2025,True,False,True
AAMRQ,6201,2001,True,True,True
AAMRQ,6201,2002,True,True,True
AAMRQ,6201,2003,True,True,True
AAMRQ,6201,2004,True,True,True
AAMRQ,6201,2005,True,True,True
AAMRQ,6201,2006,True,True,True
AAP,1158449,2009,False,False,True
AAP,1158449,2010,False,False,True
AAP,1158449,2011,False,False,True
AAP,1158449,2012,False,False,True
AAP,1158449,2013,False,False,True
AAP,1158449,2015,False,False,True
AAP,1158449,2016,False,False,True
AAP,1158449,2017,False,False,True
AAP,1158449,2018,False,False,True
AAP,1158449,2019,False,False,True
AAP,1158449,2020,True,False,True
AAP,1158449,2021,False,False,True
AAP,1158449,2022,False,False,True
AAP,1158449,2023,False,False,True
AAP,1158449,2024,False,False,True
AAP,1158449,2026,False,False,True
AAPL,320193,2000,True,True,True
AAPL,320193,2001,True,True,True
AAPL,320193,2002,True,True,True
AAPL,320193,2003,True,True,True
AAPL,320193,2004,True,True,True
AAPL,320193,2005,True,True,True
AAPL,320193,2006,True,True,True
AAPL,320193,2007,True,True,False
AAPL,320193,2008,True,True,False
AAPL,320193,2025,True,False,False
ABBV,1551152,2011,True,True,True
ABBV,1551152,2012,True,True,False
ABBV,1551152,2025,True,False,False
ABC,1140859,2002,True,True,True
ABC,1140859,2003,True,True,True
ABC,1140859,2004,True,True,True
ABC,1140859,2005,True,True,True
ABC,1140859,2006,True,True,True
ABC,1140859,2007,True,True,True
ABI,77551,2000,True,True,True
ABI,77551,2001,True,True,True
ABI,77551,2003,True,True,True
ABI,77551,2004,True,True,True
ABI,77551,2005,True,True,True
ABI,77551,2006,True,True,True
ABI,77551,2007,True,True,True
ABI,77551,2008,True,True,True
ABKFQ,874501,2001,True,True,True
ABKFQ,874501,2002,True,True,True
ABKFQ,874501,2003,True,True,True
ABKFQ,874501,2004,True,True,True
ABKFQ,874501,2005,True,True,True
ABKFQ,874501,2006,True,True,True
ABKFQ,874501,2007,True,True,True
ABKFQ,874501,2008,True,True,True
ABMD,815094,2018,True,False,True
ABMD,815094,2019,True,False,True
ABMD,815094,2020,True,False,True
ABMD,815094,2021,True,False,True
ABMD,815094,2022,True,False,True
ABNB,1559720,2019,True,True,True
ABNB,1559720,2020,False,False,True
ABNB,1559720,2021,False,False,True
ABNB,1559720,2022,False,False,True
ABNB,1559720,2023,False,False,True
ABNB,1559720,2024,False,False,True
ABNB,1559720,2025,False,False,True
ABS,3333,2000,True,True,True
ABS,3333,2001,True,True,True
ABS,3333,2005,True,True,True
ABS,3333,2006,True,True,True
ABT,1800,2000,True,True,True
ABT,1800,2002,True,True,True
ABT,1800,2003,True,True,True
ABT,1800,2004,True,True,True
ABT,1800,2005,True,True,True
ABT,1800,2006,True,True,True
ABT,1800,2007,True,True,True
ABT,1800,2008,True,True,True
ABT,1800,2009,False,False,True
ABT,1800,2010,False,False,True
ABT,1800,2011,False,False,True
ABT,1800,2012,False,False,True
ABT,1800,2013,False,False,True
ABT,1800,2014,False,False,True
ABT,1800,2015,False,False,True
ABT,1800,2016,False,False,True
ABT,1800,2017,False,False,True
ABT,1800,2018,False,False,True
ABT,1800,2019,False,False,True
ABT,1800,2020,False,False,True
ABT,1800,2021,False,False,True
ABT,1800,2022,False,False,True
ABT,1800,2023,False,False,True
ABT,1800,2024,False,False,True
ABT,1800,2025,False,False,True
ABX,1814287,2020,False,False,True
ABX,1814287,2021,False,False,True
ABX,1814287,2022,False,False,True
ABX,1814287,2023,False,False,True
ABX,1814287,2024,False,False,True
ABX,1814287,2025,False,False,True
ACAS,817473,2001,True,True,True
ACAS,817473,2002,True,True,True
ACAS,817473,2003,True,True,True
ACAS,817473,2004,True,True,True
ACAS,817473,2005,True,True,True
ACAS,817473,2006,True,True,True
ACAS,817473,2007,True,True,True
ACAS,817473,2008,True,True,True
ACGL,947484,2008,True,True,True
ACGL,947484,2009,False,False,True
ACGL,947484,2010,False,False,True
ACGL,947484,2011,False,False,True
ACGL,947484,2012,False,False,True
ACGL,947484,2013,False,False,True
ACGL,947484,2014,False,False,True
ACGL,947484,2015,False,False,True
ACGL,947484,2016,False,False,True
ACGL,947484,2017,False,False,True
ACGL,947484,2018,False,False,True
ACGL,947484,2019,False,False,True
ACGL,947484,2020,False,False,True
ACGL,947484,2021,False,False,True
ACGL,947484,2022,False,False,True
ACGL,947484,2023,False,False,True
ACGL,947484,2024,False,False,True
ACGL,947484,2025,False,False,True
ACKH,7431,2000,True,True,True
ACKH,7431,2003,True,True,True
ACKH,7431,2004,True,True,True
ACKH,7431,2005,True,True,True
ACKH,7431,2006,True,True,True
ACKH,7431,2007,True,True,True
ACKH,7431,2008,True,True,True
ACN,1467373,2008,True,True,True
ACN,1467373,2009,False,False,True
ACN,1467373,2010,False,False,True
ACN,1467373,2011,False,False,True
ACN,1467373,2012,False,False,True
ACN,1467373,2013,False,False,True
ACN,1467373,2014,False,False,True
ACN,1467373,2015,False,False,True
ACN,1467373,2016,False,False,True
ACN,1467373,2017,False,False,True
ACN,1467373,2018,False,False,True
ACN,1467373,2019,False,False,True
ACN,1467373,2020,False,False,True
ACN,1467373,2021,False,False,True
ACN,1467373,2022,False,False,True
ACN,1467373,2023,False,False,True
ACN,1467373,2024,False,False,True
ACN,1467373,2025,False,False,True
ACS,2135,2001,True,True,True
ACS,2135,2002,True,True,True
ACS,2135,2003,True,True,True
ACS,2135,2004,True,True,True
ACS,2135,2005,True,True,True
ACS,2135,2006,True,True,True
ACS,2135,2007,True,True,True
ACS,2135,2008,True,True,True
ADBE,796343,2002,True,True,True
ADBE,796343,2006,True,True,True
ADBE,796343,2007,True,True,False
ADBE,796343,2008,True,True,False
ADBE,796343,2025,True,False,False
ADCT,1771910,2022,False,False,True
ADCT,1771910,2023,False,False,True
ADCT,1771910,2024,False,False,True
ADCT,1771910,2025,False,False,True
ADI,6281,2000,True,True,True
ADI,6281,2006,True,True,True
ADI,6281,2007,True,True,True
ADI,6281,2008,True,True,True
ADI,6281,2009,False,False,True
ADI,6281,2010,False,False,True
ADI,6281,2011,False,False,True
ADI,6281,2012,False,False,True
ADI,6281,2013,False,False,True
ADI,6281,2014,False,False,True
ADI,6281,2015,False,False,True
ADI,6281,2016,False,False,True
ADI,6281,2017,False,False,True
ADI,6281,2018,False,False,True
ADI,6281,2019,False,False,True
ADI,6281,2020,False,False,True
ADI,6281,2021,False,False,True
ADI,6281,2022,False,False,True
ADI,6281,2023,False,False,True
ADI,6281,2024,False,False,True
ADI,6281,2025,False,False,True
ADM,7084,2000,True,True,True
ADM,7084,2001,True,True,True
ADM,7084,2002,True,True,True
ADM,7084,2003,True,True,True
ADM,7084,2004,True,True,True
ADM,7084,2005,True,True,True
ADM,7084,2006,True,True,True
ADM,7084,2007,True,True,True
ADM,7084,2008,True,True,True
ADM,7084,2009,False,False,True
ADM,7084,2010,False,False,True
ADM,7084,2011,False,False,True
ADM,7084,2012,False,False,True
ADM,7084,2013,False,False,True
ADM,7084,2014,False,False,True
ADM,7084,2015,False,False,True
ADM,7084,2016,False,False,True
ADM,7084,2017,False,False,True
ADM,7084,2018,False,False,True
ADM,7084,2019,False,False,True
ADM,7084,2020,False,False,True
ADM,7084,2021,False,False,True
ADM,7084,2022,False,False,True
ADM,7084,2023,False,False,True
ADM,7084,2024,False,False,True
ADM,7084,2025,False,False,True
ADP,8670,2000,True,True,True
ADP,8670,2001,True,True,True
ADP,8670,2006,True,True,True
ADP,8670,2007,True,True,True
ADP,8670,2008,True,True,True
ADP,8670,2009,False,False,True
ADP,8670,2010,False,False,True
ADP,8670,2011,False,False,True
ADP,8670,2012,False,False,True
ADP,8670,2013,False,False,True
ADP,8670,2014,False,False,True
ADP,8670,2015,False,False,True
ADP,8670,2016,False,False,True
ADP,8670,2017,False,False,True
ADP,8670,2018,False,False,True
ADP,8670,2019,False,False,True
ADP,8670,2020,False,False,True
ADP,8670,2021,False,False,True
ADP,8670,2022,False,False,True
ADP,8670,2023,False,False,True
ADP,8670,2024,False,False,True
ADP,8670,2025,False,False,True
ADS,1101215,2013,True,False,True
ADS,1101215,2014,True,False,True
ADS,1101215,2015,True,False,True
ADS,1101215,2016,True,False,True
ADS,1101215,2017,True,False,True
ADS,1101215,2018,True,False,True
ADS,1101215,2019,True,False,True
ADS,1101215,2020,True,False,True
ADSK,769397,2001,True,True,True
ADSK,769397,2002,True,True,True
ADSK,769397,2003,True,True,True
ADSK,769397,2004,True,True,True
ADSK,769397,2005,True,True,True
ADSK,769397,2006,True,True,True
ADSK,769397,2007,True,True,True
ADSK,769397,2008,True,True,True
ADSK,769397,2009,False,False,True
ADSK,769397,2010,False,False,True
ADSK,769397,2011,False,False,True
ADSK,769397,2012,False,False,True
ADSK,769397,2013,False,False,True
ADSK,769397,2014,False,False,True
ADSK,769397,2015,False,False,True
ADSK,769397,2016,False,False,True
ADSK,769397,2017,False,False,True
ADSK,769397,2018,False,False,True
ADSK,769397,2019,False,False,True
ADSK,769397,2020,False,False,True
ADSK,769397,2021,False,False,True
ADSK,769397,2022,False,False,True
ADSK,769397,2023,False,False,True
ADSK,769397,2024,False,False,True
ADSK,769397,2025,False,False,True
ADSK,769397,2026,False,False,True
ADT,1703056,2016,True,True,True
ADT,1703056,2017,True,True,True
ADT,1703056,2018,False,False,True
ADT,1703056,2019,False,False,True
ADT,1703056,2020,False,False,True
ADT,1703056,2021,False,False,True
ADT,1703056,2022,False,False,True
ADT,1703056,2023,False,False,True
ADT,1703056,2024,False,False,True
ADT,1703056,2025,False,False,True
AEE,1002910,2001,True,True,True
AEE,1002910,2004,True,True,True
AEE,1002910,2005,True,True,True
AEE,1002910,2006,True,True,True
AEE,1002910,2007,True,True,True
AEE,1002910,2008,True,True,True
AEE,1002910,2009,False,False,True
AEE,1002910,2010,False,False,True
AEE,1002910,2011,False,False,True
AEE,1002910,2012,False,False,True
AEE,1002910,2013,False,False,True
AEE,1002910,2014,False,False,True
AEE,1002910,2015,False,False,True
AEE,1002910,2016,False,False,True
AEE,1002910,2017,False,False,True
AEE,1002910,2018,False,False,True
AEE,1002910,2019,False,False,True
AEE,1002910,2020,False,False,True
AEE,1002910,2021,False,False,True
AEE,1002910,2022,False,False,True
AEE,1002910,2023,False,False,True
AEE,1002910,2024,False,False,True
AEE,1002910,2025,False,False,True
AEP,4904,2001,True,True,True
AEP,4904,2004,True,True,True
AEP,4904,2005,True,True,True
AEP,4904,2006,True,True,True
AEP,4904,2007,True,True,True
AEP,4904,2008,True,True,True
AEP,4904,2009,False,False,True
AEP,4904,2010,False,False,True
AEP,4904,2011,False,False,True
AEP,4904,2012,False,False,True
AEP,4904,2013,False,False,True
AEP,4904,2014,False,False,True
AEP,4904,2015,False,False,True
AEP,4904,2016,False,False,True
AEP,4904,2017,False,False,True
AEP,4904,2018,False,False,True
AEP,4904,2019,False,False,True
AEP,4904,2020,False,False,True
AEP,4904,2021,False,False,True
AEP,4904,2022,False,False,True
AEP,4904,2023,False,False,True
AEP,4904,2024,False,False,True
AEP,4904,2025,False,False,True
AES,874761,2001,True,True,True
AES,874761,2002,True,True,True
AES,874761,2003,True,True,True
AES,874761,2004,True,True,True
AES,874761,2005,True,True,True
AES,874761,2006,True,True,True
AES,874761,2007,True,True,True
AES,874761,2008,True,False,True
AES,874761,2009,False,False,True
AES,874761,2010,False,False,True
AES,874761,2011,False,False,True
AES,874761,2012,False,False,True
AES,874761,2013,False,False,True
AES,874761,2014,False,False,True
AES,874761,2015,False,False,True
AES,874761,2016,False,False,True
AES,874761,2017,False,False,True
AES,874761,2018,False,False,True
AES,874761,2019,False,False,True
AES,874761,2020,False,False,True
AES,874761,2021,False,False,True
AES,874761,2022,False,False,True
AES,874761,2023,False,False,True
AES,874761,2024,False,False,True
AES,874761,2025,False,False,True
AET,1122304,2001,True,True,True
AET,1122304,2002,True,True,True
AET,1122304,2003,True,True,True
AET,1122304,2004,True,True,True
AET,1122304,2005,True,True,True
AET,1122304,2006,True,True,True
AET,1122304,2007,True,True,True
AET,1122304,2008,True,True,True
AET,1122304,2009,True,False,True
AET,1122304,2010,True,False,True
AET,1122304,2011,True,False,True
AET,1122304,2012,True,False,True
AET,1122304,2013,True,False,True
AET,1122304,2014,True,False,True
AET,1122304,2015,True,False,True
AET,1122304,2016,True,False,True
AET,1122304,2017,True,False,True
AFL,4977,2000,True,True,True
AFL,4977,2006,True,True,True
AFL,4977,2007,True,True,True
AFL,4977,2008,True,True,True
AFL,4977,2009,False,False,True
AFL,4977,2010,False,False,True
AFL,4977,2011,False,False,True
AFL,4977,2012,False,False,True
AFL,4977,2013,False,False,True
AFL,4977,2014,False,False,True
AFL,4977,2015,False,False,True
AFL,4977,2016,False,False,True
AFL,4977,2017,False,False,True
AFL,4977,2018,False,False,True
AFL,4977,2019,False,False,True
AFL,4977,2020,False,False,True
AFL,4977,2021,False,False,True
AFL,4977,2022,False,False,True
AFL,4977,2023,False,False,True
AFL,4977,2024,False,False,True
AFL,4977,2025,False,False,True
AGN,850693,2002,True,True,True
AGN,850693,2003,True,True,True
AGN,850693,2004,True,True,True
AGN,850693,2005,True,True,True
AGN,850693,2006,True,True,True
AGN,850693,2007,True,True,True
AGN,850693,2008,True,True,True
AGN,850693,2009,True,False,True
AGN,850693,2010,True,False,True
AGN,850693,2011,True,False,True
AGN,850693,2012,True,False,True
AGN,850693,2013,True,False,True
AGN,850693,2014,True,False,True
AIG,5272,2000,True,True,True
AIG,5272,2001,True,True,True
AIG,5272,2003,True,True,True
AIG,5272,2004,True,True,True
AIG,5272,2005,True,True,True
AIG,5272,2006,True,True,True
AIG,5272,2007,True,True,True
AIG,5272,2008,True,True,True
AIG,5272,2009,False,False,True
AIG,5272,2010,False,False,True
AIG,5272,2011,False,False,True
AIG,5272,2012,False,False,True
AIG,5272,2013,False,False,True
AIG,5272,2014,False,False,True
AIG,5272,2015,False,False,True
AIG,5272,2016,False,False,True
AIG,5272,2017,False,False,True
AIG,5272,2018,False,False,True
AIG,5272,2019,False,False,True
AIG,5272,2020,False,False,True
AIG,5272,2021,False,False,True
AIG,5272,2022,False,False,True
AIG,5272,2023,False,False,True
AIG,5272,2024,False,False,True
AIG,5272,2025,False,False,True
AIT,109563,2009,False,False,True
AIT,109563,2010,False,False,True
AIT,109563,2011,False,False,True
AIT,109563,2012,False,False,True
AIT,109563,2013,False,False,True
AIT,109563,2014,False,False,True
AIT,109563,2015,False,False,True
AIT,109563,2016,False,False,True
AIT,109563,2017,False,False,True
AIT,109563,2018,False,False,True
AIT,109563,2019,False,False,True
AIT,109563,2020,False,False,True
AIT,109563,2021,False,False,True
AIT,109563,2022,False,False,True
AIT,109563,2023,False,False,True
AIT,109563,2024,False,False,True
AIT,109563,2025,False,False,True
AIV,922864,2002,True,True,True
AIV,922864,2003,True,True,True
AIV,922864,2004,True,True,True
AIV,922864,2005,True,True,True
AIV,922864,2006,True,True,True
AIV,922864,2007,True,True,True
AIV,922864,2008,True,True,True
AIV,922864,2009,False,False,True
AIV,922864,2010,False,False,True
AIV,922864,2011,False,False,True
AIV,922864,2012,False,False,True
AIV,922864,2013,False,False,True
AIV,922864,2014,False,False,True
AIV,922864,2015,False,False,True
AIV,922864,2016,False,False,True
AIV,922864,2017,False,False,True
AIV,922864,2018,False,False,True
AIV,922864,2019,False,False,True
AIV,922864,2020,False,False,True
AIV,922864,2021,False,False,True
AIV,922864,2022,False,False,True
AIV,922864,2023,False,False,True
AIV,922864,2024,False,False,True
AIV,922864,2025,False,False,True
AIZ,1267238,2003,True,True,True
AIZ,1267238,2004,True,True,True
AIZ,1267238,2005,True,True,True
AIZ,1267238,2006,True,True,True
AIZ,1267238,2007,True,True,True
AIZ,1267238,2008,True,True,True
AIZ,1267238,2009,False,False,True
AIZ,1267238,2010,False,False,True
AIZ,1267238,2011,False,False,True
AIZ,1267238,2012,False,False,True
AIZ,1267238,2013,False,False,True
AIZ,1267238,2014,False,False,True
AIZ,1267238,2015,False,False,True
AIZ,1267238,2016,False,False,True
AIZ,1267238,2017,False,False,True
AIZ,1267238,2018,False,False,True
AIZ,1267238,2019,False,False,True
AIZ,1267238,2020,False,False,True
AIZ,1267238,2021,False,False,True
AIZ,1267238,2022,False,False,True
AIZ,1267238,2023,False,False,True
AIZ,1267238,2024,False,False,True
AIZ,1267238,2025,False,False,True
AJG,354190,2008,True,True,True
AJG,354190,2009,False,False,True
AJG,354190,2011,False,False,True
AJG,354190,2012,False,False,True
AJG,354190,2013,False,False,True
AJG,354190,2014,False,False,True
AJG,354190,2015,False,False,True
AJG,354190,2016,False,False,True
AJG,354190,2017,False,False,True
AJG,354190,2018,False,False,True
AJG,354190,2019,False,False,True
AJG,354190,2020,False,False,True
AJG,354190,2021,False,False,True
AJG,354190,2022,False,False,True
AJG,354190,2023,False,False,True
AJG,354190,2024,False,False,True
AJG,354190,2025,True,False,True
AKAM,1086222,2002,True,True,True
AKAM,1086222,2003,True,True,True
AKAM,1086222,2004,True,True,True
AKAM,1086222,2005,True,True,True
AKAM,1086222,2006,True,True,True
AKAM,1086222,2007,True,True,True
AKAM,1086222,2008,True,True,True
AKAM,1086222,2009,False,False,True
AKAM,1086222,2010,False,False,True
AKAM,1086222,2011,False,False,True
AKAM,1086222,2012,False,False,True
AKAM,1086222,2013,False,False,True
AKAM,1086222,2014,False,False,True
AKAM,1086222,2015,False,False,True
AKAM,1086222,2016,False,False,True
AKAM,1086222,2017,False,False,True
AKAM,1086222,2018,False,False,True
AKAM,1086222,2019,False,False,True
AKAM,1086222,2020,False,False,True
AKAM,1086222,2021,False,False,True
AKAM,1086222,2022,False,False,True
AKAM,1086222,2023,False,False,True
AKAM,1086222,2024,False,False,True
AKAM,1086222,2025,False,False,True
AKS,918160,2000,True,True,True
AKS,918160,2002,True,True,True
AKS,918160,2003,True,True,True
AKS,918160,2004,True,True,True
AKS,918160,2005,True,True,True
AKS,918160,2006,True,True,True
AKS,918160,2007,True,True,True
AKS,918160,2008,True,True,True
AKS,918160,2009,True,False,True
AKS,918160,2010,True,False,True
AKS,918160,2011,True,False,True
AL,4285,2001,True,True,True
AL,4285,2002,True,True,True
AL,4285,2003,True,True,True
AL,4285,2004,True,True,True
AL,4285,2005,True,True,True
AL,4285,2007,True,True,True
ALB,915913,2008,True,True,True
ALB,915913,2009,False,False,True
ALB,915913,2010,False,False,True
ALB,915913,2011,False,False,True
ALB,915913,2012,False,False,True
ALB,915913,2013,False,False,True
ALB,915913,2014,False,False,True
ALB,915913,2015,False,False,True
ALB,915913,2016,False,False,True
ALB,915913,2017,False,False,True
ALB,915913,2018,False,False,True
ALB,915913,2019,False,False,True
ALB,915913,2020,False,False,True
ALB,915913,2021,False,False,True
ALB,915913,2022,False,False,True
ALB,915913,2023,False,False,True
ALB,915913,2024,False,False,True
ALB,915913,2025,False,False,True
ALGN,1097149,2008,True,True,True
ALGN,1097149,2009,False,False,True
ALGN,1097149,2010,False,False,True
ALGN,1097149,2011,False,False,True
ALGN,1097149,2012,False,False,True
ALGN,1097149,2013,False,False,True
ALGN,1097149,2014,False,False,True
ALGN,1097149,2015,False,False,True
ALGN,1097149,2016,False,False,True
ALGN,1097149,2017,False,False,True
ALGN,1097149,2018,False,False,True
ALGN,1097149,2019,False,False,True
ALGN,1097149,2020,False,False,True
ALGN,1097149,2021,False,False,True
ALGN,1097149,2022,False,False,True
ALGN,1097149,2023,False,False,True
ALGN,1097149,2024,False,False,True
ALGN,1097149,2025,False,False,True
ALK,766421,2008,True,True,True
ALK,766421,2009,False,False,True
ALK,766421,2010,False,False,True
ALK,766421,2011,False,False,True
ALK,766421,2012,False,False,True
ALK,766421,2013,False,False,True
ALK,766421,2014,False,False,True
ALK,766421,2015,False,False,True
ALK,766421,2016,False,False,True
ALK,766421,2017,False,False,True
ALK,766421,2018,False,False,True
ALK,766421,2019,False,False,True
ALK,766421,2020,False,False,True
ALK,766421,2021,False,False,True
ALK,766421,2022,False,False,True
ALK,766421,2023,False,False,True
ALK,766421,2024,False,False,True
ALK,766421,2025,False,False,True
ALL,899051,2003,True,True,True
ALL,899051,2004,True,True,True
ALL,899051,2005,True,True,True
ALL,899051,2006,True,True,True
ALL,899051,2007,True,True,True
ALL,899051,2008,True,True,True
ALL,899051,2009,False,False,True
ALL,899051,2010,False,False,True
ALL,899051,2011,False,False,True
ALL,899051,2012,False,False,True
ALL,899051,2013,False,False,True
ALL,899051,2014,False,False,True
ALL,899051,2015,False,False,True
ALL,899051,2016,False,False,True
ALL,899051,2017,False,False,True
ALL,899051,2018,False,False,True
ALL,899051,2019,False,False,True
ALL,899051,2020,False,False,True
ALL,899051,2021,False,False,True
ALL,899051,2022,False,False,True
ALL,899051,2023,False,False,True
ALL,899051,2024,False,False,True
ALL,899051,2025,False,False,True
ALLE,1579241,2012,True,True,True
ALLE,1579241,2013,False,False,True
ALLE,1579241,2014,False,False,True
ALLE,1579241,2015,False,False,True
ALLE,1579241,2016,False,False,True
ALLE,1579241,2017,False,False,True
ALLE,1579241,2018,False,False,True
ALLE,1579241,2019,False,False,True
ALLE,1579241,2020,False,False,True
ALLE,1579241,2021,False,False,True
ALLE,1579241,2022,False,False,True
ALLE,1579241,2023,False,False,True
ALLE,1579241,2024,False,False,True
ALLE,1579241,2025,False,False,True
ALTR,768251,2000,True,True,True
ALTR,768251,2003,True,True,True
ALTR,768251,2004,True,True,True
ALTR,768251,2005,True,True,True
ALTR,768251,2006,True,True,True
ALTR,768251,2007,True,True,True
ALTR,768251,2008,True,True,True
ALTR,768251,2009,True,False,True
ALTR,768251,2010,True,False,True
ALTR,768251,2011,True,False,True
ALTR,768251,2012,True,False,True
ALTR,768251,2013,True,False,True
ALTR,768251,2014,True,False,True
ALXN,899866,2012,True,False,True
ALXN,899866,2013,True,False,True
ALXN,899866,2014,True,False,True
ALXN,899866,2015,True,False,True
ALXN,899866,2016,True,False,True
ALXN,899866,2017,True,False,True
ALXN,899866,2018,True,False,True
ALXN,899866,2019,True,False,True
ALXN,899866,2020,True,False,True
AM,1623925,2015,True,True,True
AM,1623925,2016,True,True,True
AM,1623925,2017,False,False,True
AM,1623925,2018,False,False,True
AM,1623925,2019,False,False,True
AM,1623925,2020,False,False,True
AM,1623925,2021,False,False,True
AM,1623925,2022,False,False,True
AM,1623925,2023,False,False,True
AM,1623925,2024,False,False,True
AM,1623925,2025,False,False,True
AMAT,6951,2003,True,True,True
AMAT,6951,2004,True,True,True
AMAT,6951,2005,True,True,True
AMAT,6951,2006,True,True,True
AMAT,6951,2007,True,True,True
AMAT,6951,2008,True,True,True
AMAT,6951,2009,False,False,True
AMAT,6951,2010,False,False,True
AMAT,6951,2011,False,False,True
AMAT,6951,2012,False,False,True
AMAT,6951,2013,False,False,True
AMAT,6951,2014,False,False,True
AMAT,6951,2015,False,False,True
AMAT,6951,2016,False,False,True
AMAT,6951,2017,False,False,True
AMAT,6951,2018,False,False,True
AMAT,6951,2019,False,False,True
AMAT,6951,2020,False,False,True
AMAT,6951,2021,False,False,True
AMAT,6951,2022,False,False,True
AMAT,6951,2023,False,False,True
AMAT,6951,2024,False,False,True
AMAT,6951,2025,False,False,True
AMCC,711065,2001,True,True,True
AMCC,711065,2002,True,True,True
AMCC,711065,2003,True,True,True
AMCC,711065,2004,True,True,True
AMCC,711065,2005,True,True,True
AMCC,711065,2006,True,True,True
AMCC,711065,2007,True,True,True
AMCC,711065,2008,True,True,True
AMCR,1748790,2017,False,False,True
AMCR,1748790,2018,False,False,True
AMCR,1748790,2020,False,False,True
AMCR,1748790,2021,False,False,True
AMCR,1748790,2022,False,False,True
AMCR,1748790,2023,False,False,True
AMCR,1748790,2024,False,False,True
AMCR,1748790,2025,True,False,True
AMD,2488,2001,True,True,True
AMD,2488,2002,True,True,True
AMD,2488,2003,True,True,True
AMD,2488,2004,True,True,True
AMD,2488,2005,True,True,True
AMD,2488,2006,True,True,True
AMD,2488,2007,True,True,True
AMD,2488,2008,True,True,False
AMD,2488,2025,True,False,False
AME,1037868,2007,True,True,True
AME,1037868,2008,True,True,True
AME,1037868,2009,False,False,True
AME,1037868,2010,False,False,True
AME,1037868,2011,False,False,True
AME,1037868,2012,False,False,True
AME,1037868,2013,False,False,True
AME,1037868,2014,False,False,True
AME,1037868,2015,False,False,True
AME,1037868,2016,False,False,True
AME,1037868,2017,False,False,True
AME,1037868,2018,False,False,True
AME,1037868,2019,False,False,True
AME,1037868,2020,False,False,True
AME,1037868,2021,False,False,True
AME,1037868,2022,False,False,True
AME,1037868,2023,False,False,True
AME,1037868,2024,False,False,True
AME,1037868,2025,False,False,True
AMG,1004434,2008,True,True,True
AMG,1004434,2009,False,False,True
AMG,1004434,2010,False,False,True
AMG,1004434,2011,False,False,True
AMG,1004434,2012,False,False,True
AMG,1004434,2013,False,False,True
AMG,1004434,2014,False,False,True
AMG,1004434,2015,False,False,True
AMG,1004434,2016,False,False,True
AMG,1004434,2017,False,False,True
AMG,1004434,2018,False,False,True
AMG,1004434,2019,False,False,True
AMG,1004434,2020,False,False,True
AMG,1004434,2021,False,False,True
AMG,1004434,2022,False,False,True
AMG,1004434,2023,False,False,True
AMG,1004434,2024,False,False,True
AMG,1004434,2025,False,False,True
AMGN,318154,2000,True,True,True
AMGN,318154,2001,True,True,True
AMGN,318154,2002,True,True,True
AMGN,318154,2003,True,True,True
AMGN,318154,2004,True,True,True
AMGN,318154,2005,True,True,True
AMGN,318154,2006,True,True,True
AMGN,318154,2007,True,True,True
AMGN,318154,2008,True,True,True
AMGN,318154,2009,False,False,True
AMGN,318154,2010,False,False,True
AMGN,318154,2011,False,False,True
AMGN,318154,2012,False,False,True
AMGN,318154,2013,False,False,True
AMGN,318154,2014,False,False,True
AMGN,318154,2015,False,False,True
AMGN,318154,2016,False,False,True
AMGN,318154,2017,False,False,True
AMGN,318154,2018,False,False,True
AMGN,318154,2019,False,False,True
AMGN,318154,2020,False,False,True
AMGN,318154,2021,False,False,True
AMGN,318154,2022,False,False,True
AMGN,318154,2023,False,False,True
AMGN,318154,2024,False,False,True
AMGN,318154,2025,False,False,True
AMH,1562401,2012,True,True,True
AMH,1562401,2013,True,True,True
AMH,1562401,2014,True,True,True
AMH,1562401,2015,False,False,True
AMH,1562401,2016,False,False,True
AMH,1562401,2017,False,False,True
AMH,1562401,2018,False,False,True
AMH,1562401,2019,False,False,True
AMH,1562401,2020,False,False,True
AMH,1562401,2021,False,False,True
AMH,1562401,2022,False,False,True
AMH,1562401,2023,False,False,True
AMH,1562401,2024,False,False,True
AMH,1562401,2025,False,False,True
AMP,820027,2005,True,True,True
AMP,820027,2006,True,True,True
AMP,820027,2007,True,True,True
AMP,820027,2008,True,True,True
AMP,820027,2009,False,False,True
AMP,820027,2010,False,False,True
AMP,820027,2011,False,False,True
AMP,820027,2012,False,False,True
AMP,820027,2013,False,False,True
AMP,820027,2014,False,False,True
AMP,820027,2015,False,False,True
AMP,820027,2016,False,False,True
AMP,820027,2017,False,False,True
AMP,820027,2018,False,False,True
AMP,820027,2019,False,False,True
AMP,820027,2020,False,False,True
AMP,820027,2021,False,False,True
AMP,820027,2022,False,False,True
AMP,820027,2023,False,False,True
AMP,820027,2024,False,False,True
AMP,820027,2025,True,False,True
AMT,1053507,2000,True,True,True
AMT,1053507,2001,True,True,True
AMT,1053507,2002,True,True,True
AMT,1053507,2003,True,True,True
AMT,1053507,2004,True,True,True
AMT,1053507,2005,True,True,True
AMT,1053507,2006,True,True,True
AMT,1053507,2007,True,True,True
AMT,1053507,2008,True,True,True
AMT,1053507,2009,False,False,True
AMT,1053507,2010,False,False,True
AMT,1053507,2011,False,False,True
AMT,1053507,2012,False,False,True
AMT,1053507,2013,False,False,True
AMT,1053507,2014,False,False,True
AMT,1053507,2015,False,False,True
AMT,1053507,2016,False,False,True
AMT,1053507,2017,False,False,True
AMT,1053507,2018,False,False,True
AMT,1053507,2019,False,False,True
AMT,1053507,2020,False,False,True
AMT,1053507,2021,False,False,True
AMT,1053507,2022,False,False,True
AMT,1053507,2023,False,False,True
AMT,1053507,2024,False,False,True
AMT,1053507,2025,True,False,True
AMTM,2011286,2022,True,True,True
AMTM,2011286,2023,True,True,True
AMTM,2011286,2024,False,False,True
AMTM,2011286,2025,True,False,True
AMZN,1018724,2001,True,True,True
AMZN,1018724,2002,True,True,True
AMZN,1018724,2003,True,True,True
AMZN,1018724,2004,True,True,True
AMZN,1018724,2005,True,True,True
AMZN,1018724,2006,True,True,True
AMZN,1018724,2007,True,True,True
AMZN,1018724,2008,True,True,True
AMZN,1018724,2009,False,False,True
AMZN,1018724,2010,False,False,True
AMZN,1018724,2011,False,False,True
AMZN,1018724,2012,False,False,True
AMZN,1018724,2013,False,False,True
AMZN,1018724,2014,False,False,True
AMZN,1018724,2015,False,False,True
AMZN,1018724,2016,False,False,True
AMZN,1018724,2017,False,False,True
AMZN,1018724,2018,False,False,True
AMZN,1018724,2019,False,False,True
AMZN,1018724,2020,False,False,True
AMZN,1018724,2021,False,False,True
AMZN,1018724,2022,False,False,True
AMZN,1018724,2023,False,False,True
AMZN,1018724,2024,False,False,True
AMZN,1018724,2025,True,False,True
AN,350698,2000,True,True,True
AN,350698,2001,True,True,True
AN,350698,2003,True,True,True
AN,350698,2004,True,True,True
AN,350698,2005,True,True,True
AN,350698,2006,True,True,True
AN,350698,2007,True,True,True
AN,350698,2008,True,True,True
AN,350698,2009,False,False,True
AN,350698,2010,False,False,True
AN,350698,2011,False,False,True
AN,350698,2012,False,False,True
AN,350698,2013,False,False,True
AN,350698,2014,False,False,True
AN,350698,2015,False,False,True
AN,350698,2016,False,False,True
AN,350698,2017,False,False,True
AN,350698,2018,False,False,True
AN,350698,2019,False,False,True
AN,350698,2020,False,False,True
AN,350698,2021,False,False,True
AN,350698,2022,False,False,True
AN,350698,2023,False,False,True
AN,350698,2024,False,False,True
AN,350698,2025,True,False,True
ANDV,50104,2003,True,True,True
ANDV,50104,2004,True,True,True
ANDV,50104,2005,True,True,True
ANDV,50104,2006,True,True,True
ANDV,50104,2007,True,True,True
ANDV,50104,2008,True,True,True
ANDV,50104,2009,True,True,True
ANDV,50104,2010,True,False,True
ANDV,50104,2011,True,False,True
ANDV,50104,2012,True,False,True
ANDV,50104,2013,True,False,True
ANDV,50104,2014,True,False,True
ANDV,50104,2015,True,False,True
ANDV,50104,2016,True,False,True
ANDV,50104,2017,True,False,True
ANDW,317093,2001,True,True,True
ANDW,317093,2002,True,True,True
ANDW,317093,2003,True,True,True
ANDW,317093,2004,True,True,True
ANDW,317093,2005,True,True,True
ANDW,317093,2006,True,True,True
ANDW,317093,2007,True,True,True
ANET,1596532,2012,True,True,True
ANET,1596532,2013,True,True,True
ANET,1596532,2014,False,False,True
ANET,1596532,2015,False,False,True
ANET,1596532,2016,False,False,True
ANET,1596532,2017,False,False,True
ANET,1596532,2018,False,False,True
ANET,1596532,2019,False,False,True
ANET,1596532,2020,False,False,True
ANET,1596532,2021,False,False,True
ANET,1596532,2022,False,False,True
ANET,1596532,2023,False,False,True
ANET,1596532,2024,False,False,True
ANET,1596532,2025,True,False,True
ANF,1018840,2000,True,True,True
ANF,1018840,2001,True,True,True
ANF,1018840,2006,True,True,True
ANF,1018840,2007,True,True,True
ANF,1018840,2008,True,True,True
ANF,1018840,2009,False,False,True
ANF,1018840,2010,False,False,True
ANF,1018840,2011,False,False,True
ANF,1018840,2012,False,False,True
ANF,1018840,2013,False,False,True
ANF,1018840,2014,False,False,True
ANF,1018840,2015,False,False,True
ANF,1018840,2016,False,False,True
ANF,1018840,2017,False,False,True
ANF,1018840,2018,False,False,True
ANF,1018840,2019,False,False,True
ANF,1018840,2020,False,False,True
ANF,1018840,2021,False,False,True
ANF,1018840,2022,False,False,True
ANF,1018840,2023,False,False,True
ANF,1018840,2024,False,False,True
ANF,1018840,2025,True,False,True
ANF,1018840,2026,True,False,True
ANRZQ,1301063,2011,True,False,True
ANRZQ,1301063,2012,True,False,True
ANSS,1013462,2017,True,False,True
ANSS,1013462,2018,True,False,True
ANSS,1013462,2019,True,False,True
ANSS,1013462,2020,True,False,True
ANSS,1013462,2021,True,False,True
ANSS,1013462,2022,True,False,True
ANSS,1013462,2023,True,False,True
ANSS,1013462,2024,True,False,True
ANTM,1156039,2001,True,True,True
ANTM,1156039,2002,True,True,True
ANTM,1156039,2003,True,True,True
ANTM,1156039,2004,True,True,True
ANTM,1156039,2005,True,True,True
ANTM,1156039,2006,True,True,True
ANTM,1156039,2007,True,True,True
AON,315293,2000,True,True,True
AON,315293,2001,True,True,True
AON,315293,2002,True,True,True
AON,315293,2007,True,True,True
AON,315293,2008,True,True,True
AON,315293,2009,False,False,True
AON,315293,2010,False,False,True
AON,315293,2011,False,False,True
AON,315293,2012,False,False,True
AON,315293,2013,False,False,True
AON,315293,2014,False,False,True
AON,315293,2015,False,False,True
AON,315293,2016,False,False,True
AON,315293,2017,False,False,True
AON,315293,2018,False,False,True
AON,315293,2019,False,False,True
AON,315293,2020,False,False,True
AON,315293,2021,False,False,True
AON,315293,2022,False,False,True
AON,315293,2023,False,False,True
AON,315293,2024,False,False,True
AON,315293,2025,True,False,True
AOS,91142,2008,True,True,True
AOS,91142,2009,False,False,True
AOS,91142,2010,False,False,True
AOS,91142,2011,False,False,True
AOS,91142,2012,False,False,True
AOS,91142,2013,False,False,True
AOS,91142,2014,False,False,True
AOS,91142,2015,False,False,True
AOS,91142,2016,False,False,True
AOS,91142,2017,False,False,True
AOS,91142,2018,False,False,True
AOS,91142,2019,False,False,True
AOS,91142,2020,False,False,True
AOS,91142,2021,False,False,True
AOS,91142,2022,False,False,True
AOS,91142,2023,False,False,True
AOS,91142,2024,False,False,True
AOS,91142,2025,True,True,True
APA,1841666,2019,False,False,True
APA,1841666,2020,False,False,True
APA,1841666,2021,False,False,True
APA,1841666,2022,False,False,True
APA,1841666,2023,False,False,True
APA,1841666,2024,False,False,True
APA,1841666,2025,True,False,True
APC,773910,2009,True,False,True
APC,773910,2010,True,False,True
APC,773910,2011,True,False,True
APC,773910,2012,True,False,True
APC,773910,2013,True,False,True
APC,773910,2014,True,False,True
APC,773910,2015,True,False,True
APC,773910,2016,True,False,True
APC,773910,2017,True,False,True
APC,773910,2018,True,False,True
APCC,835910,2000,True,True,True
APCC,835910,2003,True,True,True
APCC,835910,2004,True,True,True
APCC,835910,2005,True,True,True
APD,2969,2001,True,True,True
APD,2969,2004,True,True,True
APD,2969,2005,True,True,True
APD,2969,2006,True,True,True
APD,2969,2007,True,True,True
APD,2969,2008,True,True,True
APD,2969,2009,False,False,True
APD,2969,2010,False,False,True
APD,2969,2011,False,False,True
APD,2969,2012,False,False,True
APD,2969,2013,False,False,True
APD,2969,2014,False,False,True
APD,2969,2015,False,False,True
APD,2969,2016,False,False,True
APD,2969,2017,False,False,True
APD,2969,2018,False,False,True
APD,2969,2019,False,False,True
APD,2969,2020,False,False,True
APD,2969,2021,False,False,True
APD,2969,2022,False,False,True
APD,2969,2023,False,False,True
APD,2969,2024,False,False,True
APD,2969,2025,True,False,True
APH,820313,2000,True,True,True
APH,820313,2001,True,True,True
APH,820313,2002,True,True,True
APH,820313,2003,True,True,True
APH,820313,2004,True,True,True
APH,820313,2005,True,True,True
APH,820313,2006,True,True,True
APH,820313,2007,True,True,True
APH,820313,2008,True,True,True
APH,820313,2009,False,False,True
APH,820313,2010,False,False,True
APH,820313,2011,False,False,True
APH,820313,2012,False,False,True
APH,820313,2013,False,False,True
APH,820313,2014,False,False,True
APH,820313,2015,False,False,True
APH,820313,2016,False,False,True
APH,820313,2017,False,False,True
APH,820313,2018,False,False,True
APH,820313,2019,False,False,True
APH,820313,2020,False,False,True
APH,820313,2021,False,False,True
APH,820313,2022,False,False,True
APH,820313,2023,False,False,True
APH,820313,2024,False,False,True
APH,820313,2025,True,False,True
APO,1858681,2020,False,False,True
APO,1858681,2021,False,False,True
APO,1858681,2022,False,False,True
APO,1858681,2023,False,False,True
APO,1858681,2024,False,False,True
APO,1858681,2025,True,False,True
APOL,929887,2000,True,True,True
APOL,929887,2001,True,True,True
APOL,929887,2002,True,True,True
APOL,929887,2003,True,True,True
APOL,929887,2004,True,True,True
APOL,929887,2005,True,True,True
APOL,929887,2006,True,True,True
APOL,929887,2007,True,True,True
APOL,929887,2008,True,True,True
APOL,929887,2009,True,True,True
APOL,929887,2010,True,False,True
APOL,929887,2011,True,True,True
APOL,929887,2012,True,True,True
APOL,929887,2013,True,True,True
APP,1751008,2019,True,True,True
APP,1751008,2020,True,True,True
APP,1751008,2021,False,False,True
APP,1751008,2022,False,False,True
APP,1751008,2023,False,False,True
APP,1751008,2024,False,False,True
APP,1751008,2025,True,True,True
APTV,1521332,2010,True,True,True
APTV,1521332,2011,False,False,True
APTV,1521332,2012,False,False,True
APTV,1521332,2013,False,False,True
APTV,1521332,2014,False,False,True
APTV,1521332,2015,False,False,True
APTV,1521332,2016,False,False,True
APTV,1521332,2017,False,False,True
APTV,1521332,2018,False,False,True
APTV,1521332,2019,False,False,True
APTV,1521332,2020,False,False,True
APTV,1521332,2021,False,False,True
APTV,1521332,2022,False,False,True
APTV,1521332,2023,False,False,True
APTV,1521332,2024,False,False,True
APTV,1521332,2025,True,False,True
AR,1433270,2011,True,True,True
AR,1433270,2012,True,True,True
AR,1433270,2013,False,False,True
AR,1433270,2014,False,False,True
AR,1433270,2015,False,False,True
AR,1433270,2016,False,False,True
AR,1433270,2017,False,False,True
AR,1433270,2018,False,False,True
AR,1433270,2019,False,False,True
AR,1433270,2020,False,False,True
AR,1433270,2021,False,False,True
AR,1433270,2022,False,False,True
AR,1433270,2023,False,False,True
AR,1433270,2024,False,False,True
AR,1433270,2025,True,False,True
ARE,1035443,2008,True,True,True
ARE,1035443,2009,False,False,True
ARE,1035443,2010,False,False,True
ARE,1035443,2011,False,False,True
ARE,1035443,2012,False,False,True
ARE,1035443,2013,False,False,True
ARE,1035443,2014,False,False,True
ARE,1035443,2015,False,False,True
ARE,1035443,2016,False,False,True
ARE,1035443,2017,False,False,True
ARE,1035443,2018,False,False,True
ARE,1035443,2019,False,False,True
ARE,1035443,2020,False,False,True
ARE,1035443,2021,False,False,True
ARE,1035443,2022,False,False,True
ARE,1035443,2023,False,False,True
ARE,1035443,2024,False,False,True
ARE,1035443,2025,True,False,True
ARES,1176948,2012,True,True,True
ARES,1176948,2013,True,True,True
ARES,1176948,2014,True,False,True
ARES,1176948,2015,False,False,True
ARES,1176948,2016,False,False,True
ARES,1176948,2017,False,False,True
ARES,1176948,2018,False,False,True
ARES,1176948,2019,False,False,True
ARES,1176948,2020,False,False,True
ARES,1176948,2021,False,False,True
ARES,1176948,2022,False,False,True
ARES,1176948,2023,False,False,True
ARES,1176948,2024,False,False,True
ARES,1176948,2025,True,True,True
ARG,804212,2009,True,True,True
ARG,804212,2010,True,False,True
ARG,804212,2011,True,False,True
ARG,804212,2012,True,False,True
ARG,804212,2013,True,False,True
ARG,804212,2014,True,True,True
ARG,804212,2015,True,False,True
ARG,804212,2016,True,False,True
ARNC,4281,2001,True,True,True
ARNC,4281,2002,True,True,True
ARNC,4281,2003,True,True,True
ARNC,4281,2004,True,True,True
ARNC,4281,2005,True,True,True
ARNC,4281,2006,True,True,True
ARNC,4281,2007,True,True,True
ASH,1674862,2014,False,False,True
ASH,1674862,2015,False,False,True
ASH,1674862,2016,False,False,True
ASH,1674862,2017,False,False,True
ASH,1674862,2018,False,False,True
ASH,1674862,2019,False,False,True
ASH,1674862,2020,False,False,True
ASH,1674862,2021,False,False,True
ASH,1674862,2022,False,False,True
ASH,1674862,2023,False,False,True
ASH,1674862,2024,False,False,True
ASH,1674862,2025,True,False,True
ASN,1156826,2001,True,True,True
ASN,1156826,2002,True,True,True
ASN,1156826,2003,True,True,True
ASN,1156826,2004,True,True,True
ASN,1156826,2005,True,True,True
ASN,1156826,2006,True,True,True
ASO,1817358,2019,True,True,True
ASO,1817358,2020,True,False,True
ASO,1817358,2021,False,False,True
ASO,1817358,2022,False,False,True
ASO,1817358,2023,False,False,True
ASO,1817358,2024,False,False,True
ASO,1817358,2025,True,False,True
ASO,1817358,2026,True,False,True
AT,65873,2001,True,True,True
AT,65873,2002,True,True,True
AT,65873,2003,True,True,True
AT,65873,2004,True,True,True
AT,65873,2005,True,True,True
AT,65873,2006,True,True,True
AT,65873,2007,True,True,True
ATGE,730464,2009,True,True,True
ATGE,730464,2010,True,True,True
ATGE,730464,2011,True,False,True
ATGE,730464,2012,True,False,True
ATI,1018963,2001,True,True,True
ATI,1018963,2005,True,True,True
ATI,1018963,2006,True,True,True
ATI,1018963,2007,True,True,True
ATI,1018963,2008,True,True,True
ATI,1018963,2009,False,False,True
ATI,1018963,2010,False,False,True
ATI,1018963,2011,False,False,True
ATI,1018963,2012,False,False,True
ATI,1018963,2013,False,False,True
ATI,1018963,2025,True,False,False
ATO,731802,2008,True,True,True
ATO,731802,2009,False,False,True
ATO,731802,2010,False,False,True
ATO,731802,2011,False,False,True
ATO,731802,2012,False,False,True
ATO,731802,2013,False,False,True
ATO,731802,2014,False,False,True
ATO,731802,2015,False,False,True
ATO,731802,2016,False,False,True
ATO,731802,2017,False,False,True
ATO,731802,2018,False,False,True
ATO,731802,2019,False,False,True
ATO,731802,2020,False,False,True
ATO,731802,2021,False,False,True
ATO,731802,2022,False,False,True
ATO,731802,2023,False,False,True
ATO,731802,2024,False,False,True
ATO,731802,2025,True,False,True
ATVI,718877,2015,True,False,True
ATVI,718877,2016,True,False,True
ATVI,718877,2017,True,False,True
ATVI,718877,2018,True,False,True
ATVI,718877,2019,True,False,True
ATVI,718877,2020,True,False,True
ATVI,718877,2021,True,False,True
ATVI,718877,2022,True,False,True
AV,1116521,2001,True,True,True
AV,1116521,2003,True,True,True
AV,1116521,2004,True,True,True
AV,1116521,2005,True,True,True
AV,1116521,2006,True,True,True
AVB,915912,2001,True,True,True
AVB,915912,2003,True,True,True
AVB,915912,2004,True,True,True
AVB,915912,2005,True,True,True
AVB,915912,2006,True,True,True
AVB,915912,2007,True,True,True
AVB,915912,2008,True,True,True
AVB,915912,2009,False,False,True
AVB,915912,2010,False,False,True
AVB,915912,2011,False,False,True
AVB,915912,2012,False,False,True
AVB,915912,2013,False,False,True
AVB,915912,2014,False,False,True
AVB,915912,2015,False,False,True
AVB,915912,2016,False,False,True
AVB,915912,2017,False,False,True
AVB,915912,2018,False,False,True
AVB,915912,2019,False,False,True
AVB,915912,2020,False,False,True
AVB,915912,2021,False,False,True
AVB,915912,2022,False,False,True
AVB,915912,2023,False,False,True
AVB,915912,2024,False,False,True
AVB,915912,2025,True,False,True
AVGO,1730168,2016,False,False,True
AVGO,1730168,2017,False,False,True
AVGO,1730168,2018,False,False,True
AVGO,1730168,2019,False,False,True
AVGO,1730168,2020,False,False,True
AVGO,1730168,2021,False,False,True
AVGO,1730168,2022,False,False,True
AVGO,1730168,2023,False,False,True
AVGO,1730168,2024,False,False,True
AVGO,1730168,2025,True,False,True
AVP,8868,2000,True,True,True
AVP,8868,2001,True,True,True
AVP,8868,2003,True,True,True
AVP,8868,2004,True,True,True
AVP,8868,2005,True,True,True
AVP,8868,2006,True,True,True
AVP,8868,2007,True,True,True
AVP,8868,2008,True,True,True
AVP,8868,2009,True,False,True
AVP,8868,2010,True,False,True
AVP,8868,2011,True,False,True
AVP,8868,2012,True,False,True
AVP,8868,2013,True,False,True
AVP,8868,2014,True,False,True
AVP,8868,2015,True,False,True
AVY,8818,2000,True,True,True
AVY,8818,2001,True,True,True
AVY,8818,2003,True,True,True
AVY,8818,2005,True,True,True
AVY,8818,2006,True,True,True
AVY,8818,2007,True,True,True
AVY,8818,2008,True,True,True
AVY,8818,2009,True,True,True
AVY,8818,2010,False,False,True
AVY,8818,2011,False,False,True
AVY,8818,2012,False,False,True
AVY,8818,2013,False,False,True
AVY,8818,2014,True,False,True
AVY,8818,2015,False,False,True
AVY,8818,2016,False,False,True
AVY,8818,2017,False,False,True
AVY,8818,2018,False,False,True
AVY,8818,2019,False,False,True
AVY,8818,2020,True,False,True
AVY,8818,2021,False,False,True
AVY,8818,2022,False,False,True
AVY,8818,2023,False,False,True
AVY,8818,2024,False,False,True
AVY,8818,2025,True,False,True
AW,848865,2000,True,True,True
AW,848865,2001,True,True,True
AW,848865,2002,True,True,True
AW,848865,2003,True,True,True
AW,848865,2004,True,True,True
AW,848865,2006,True,True,True
AWE,1138234,2002,True,True,True
AWE,1138234,2003,True,True,True
AWK,1410636,2008,True,True,True
AWK,1410636,2009,False,False,True
AWK,1410636,2010,False,False,True
AWK,1410636,2011,False,False,True
AWK,1410636,2012,False,False,True
AWK,1410636,2013,False,False,True
AWK,1410636,2014,False,False,True
AWK,1410636,2015,False,False,True
AWK,1410636,2016,False,False,True
AWK,1410636,2017,False,False,True
AWK,1410636,2018,False,False,True
AWK,1410636,2019,False,False,True
AWK,1410636,2020,False,False,True
AWK,1410636,2021,False,False,True
AWK,1410636,2022,False,False,True
AWK,1410636,2023,False,False,True
AWK,1410636,2024,False,False,True
AWK,1410636,2025,True,False,True
AXON,1069183,2009,False,False,True
AXON,1069183,2010,False,False,True
AXON,1069183,2011,False,False,True
AXON,1069183,2012,False,False,True
AXON,1069183,2013,False,False,True
AXON,1069183,2014,False,False,True
AXON,1069183,2015,False,False,True
AXON,1069183,2016,False,False,True
AXON,1069183,2017,False,False,True
AXON,1069183,2018,False,False,True
AXON,1069183,2019,False,False,True
AXON,1069183,2020,False,False,True
AXON,1069183,2021,False,False,True
AXON,1069183,2022,False,False,True
AXON,1069183,2023,False,False,True
AXON,1069183,2024,False,False,True
AXON,1069183,2025,True,False,True
AXP,4962,2000,True,True,True
AXP,4962,2001,True,True,True
AXP,4962,2005,True,True,True
AXP,4962,2006,True,True,True
AXP,4962,2007,True,True,True
AXP,4962,2008,True,True,True
AXP,4962,2009,False,False,True
AXP,4962,2010,False,False,True
AXP,4962,2011,False,False,True
AXP,4962,2012,False,False,True
AXP,4962,2013,False,False,True
AXP,4962,2014,False,False,True
AXP,4962,2015,False,False,True
AXP,4962,2016,False,False,True
AXP,4962,2017,False,False,True
AXP,4962,2018,False,False,True
AXP,4962,2019,False,False,True
AXP,4962,2020,False,False,True
AXP,4962,2021,False,False,True
AXP,4962,2022,False,False,True
AXP,4962,2023,False,False,True
AXP,4962,2024,False,False,True
AXP,4962,2025,True,False,True
AYE,3673,2001,True,True,True
AYE,3673,2002,True,True,True
AYE,3673,2003,True,True,True
AYE,3673,2004,True,True,True
AYE,3673,2005,True,True,True
AYE,3673,2006,True,True,True
AYE,3673,2007,True,True,True
AYE,3673,2008,True,True,True
AYE,3673,2009,True,False,True
AYE,3673,2010,True,False,True
AYI,1144215,2009,False,False,True
AYI,1144215,2010,False,False,True
AYI,1144215,2011,False,False,True
AYI,1144215,2012,False,False,True
AYI,1144215,2013,False,False,True
AYI,1144215,2014,False,False,True
AYI,1144215,2015,False,False,True
AYI,1144215,2016,False,False,True
AYI,1144215,2017,False,False,True
AYI,1144215,2018,False,False,True
AYI,1144215,2019,False,False,True
AYI,1144215,2020,False,False,True
AYI,1144215,2021,False,False,True
AYI,1144215,2022,False,False,True
AYI,1144215,2023,False,False,True
AYI,1144215,2024,False,False,True
AYI,1144215,2025,True,False,True
AZA.A,4310,2000,True,True,True
AZO,866787,2002,True,True,True
AZO,866787,2003,True,True,True
AZO,866787,2005,True,True,True
AZO,866787,2006,True,True,True
AZO,866787,2007,True,True,True
AZO,866787,2008,True,True,True
AZO,866787,2009,False,False,True
AZO,866787,2010,False,False,True
AZO,866787,2011,False,False,True
AZO,866787,2012,False,False,True
AZO,866787,2013,False,False,True
AZO,866787,2014,False,False,True
AZO,866787,2015,False,False,True
AZO,866787,2016,False,False,True
AZO,866787,2017,False,False,True
AZO,866787,2018,False,False,True
AZO,866787,2019,False,False,True
AZO,866787,2020,False,False,True
AZO,866787,2021,False,False,True
AZO,866787,2022,False,False,True
AZO,866787,2023,False,False,True
AZO,866787,2024,False,False,True
AZO,866787,2025,True,False,True
BA,12927,2000,True,True,True
BA,12927,2002,True,True,True
BA,12927,2003,True,True,True
BA,12927,2004,True,True,True
BA,12927,2005,True,True,True
BA,12927,2006,True,True,True
BA,12927,2007,True,True,True
BA,12927,2008,True,True,True
BA,12927,2009,False,False,True
BA,12927,2010,False,False,True
BA,12927,2011,False,False,True
BA,12927,2012,False,False,True
BA,12927,2013,False,False,True
BA,12927,2014,False,False,True
BA,12927,2015,False,False,True
BA,12927,2016,False,False,True
BA,12927,2017,False,False,True
BA,12927,2018,False,False,True
BA,12927,2019,False,False,True
BA,12927,2020,False,False,True
BA,12927,2021,False,False,True
BA,12927,2022,False,False,True
BA,12927,2023,False,False,True
BA,12927,2024,False,False,True
BA,12927,2025,True,False,True
BAC,70858,2000,True,True,True
BAC,70858,2001,True,True,True
BAC,70858,2002,True,True,True
BAC,70858,2003,True,True,True
BAC,70858,2004,True,True,True
BAC,70858,2005,True,True,True
BAC,70858,2006,True,True,True
BAC,70858,2007,True,True,True
BAC,70858,2008,True,True,True
BAC,70858,2009,False,False,True
BAC,70858,2010,False,False,True
BAC,70858,2011,False,False,True
BAC,70858,2012,False,False,True
BAC,70858,2013,False,False,True
BAC,70858,2014,False,False,True
BAC,70858,2015,False,False,True
BAC,70858,2016,False,False,True
BAC,70858,2017,False,False,True
BAC,70858,2018,False,False,True
BAC,70858,2019,False,False,True
BAC,70858,2020,False,False,True
BAC,70858,2021,False,False,True
BAC,70858,2022,False,False,True
BAC,70858,2023,False,False,True
BAC,70858,2024,False,False,True
BAC,70858,2025,True,False,True
BALL,9389,2008,True,True,True
BALL,9389,2009,False,False,True
BALL,9389,2010,False,False,True
BALL,9389,2011,False,False,True
BALL,9389,2012,False,False,True
BALL,9389,2013,False,False,True
BALL,9389,2014,False,False,True
BALL,9389,2015,False,False,True
BALL,9389,2016,False,False,True
BALL,9389,2017,False,False,True
BALL,9389,2018,False,False,True
BALL,9389,2019,False,False,True
BALL,9389,2020,False,False,True
BALL,9389,2021,False,False,True
BALL,9389,2022,False,False,True
BALL,9389,2023,False,False,True
BALL,9389,2024,False,False,True
BALL,9389,2025,True,False,True
BAX,10456,2000,True,True,True
BAX,10456,2001,True,True,True
BAX,10456,2003,True,True,True
BAX,10456,2004,True,True,True
BAX,10456,2005,True,True,True
BAX,10456,2006,True,True,True
BAX,10456,2007,True,True,True
BAX,10456,2008,True,True,True
BAX,10456,2009,False,False,True
BAX,10456,2010,False,False,True
BAX,10456,2011,False,False,True
BAX,10456,2012,False,False,True
BAX,10456,2013,False,False,True
BAX,10456,2014,False,False,True
BAX,10456,2015,False,False,True
BAX,10456,2016,False,False,True
BAX,10456,2017,False,False,True
BAX,10456,2018,False,False,True
BAX,10456,2019,False,False,True
BAX,10456,2020,False,False,True
BAX,10456,2021,False,False,True
BAX,10456,2022,False,False,True
BAX,10456,2023,False,False,True
BAX,10456,2024,False,False,True
BAX,10456,2025,True,False,True
BBBY,1130713,2002,True,True,True
BBBY,1130713,2003,True,True,True
BBBY,1130713,2004,True,True,True
BBBY,1130713,2005,True,True,True
BBBY,1130713,2006,True,True,True
BBBY,1130713,2007,True,True,True
BBBY,1130713,2008,True,True,True
BBBY,1130713,2009,False,False,True
BBBY,1130713,2010,False,False,True
BBBY,1130713,2011,False,False,True
BBBY,1130713,2012,False,False,True
BBBY,1130713,2013,False,False,True
BBBY,1130713,2014,False,False,True
BBBY,1130713,2015,False,False,True
BBBY,1130713,2016,False,False,True
BBBY,1130713,2017,False,False,True
BBBY,1130713,2018,False,False,True
BBBY,1130713,2019,False,False,True
BBBY,1130713,2020,False,False,True
BBBY,1130713,2021,False,False,True
BBBY,1130713,2022,False,False,True
BBBY,1130713,2023,False,False,True
BBBY,1130713,2024,False,False,True
BBBY,1130713,2025,True,False,True
BBT,1108134,2000,True,True,True
BBT,1108134,2001,True,True,True
BBT,1108134,2005,True,True,True
BBT,1108134,2006,True,True,True
BBT,1108134,2007,True,True,True
BBT,1108134,2008,True,True,True
BBT,1108134,2009,False,False,True
BBT,1108134,2010,False,False,True
BBT,1108134,2011,False,False,True
BBT,1108134,2012,False,False,True
BBT,1108134,2013,False,False,True
BBT,1108134,2014,False,False,True
BBT,1108134,2015,False,False,True
BBT,1108134,2016,False,False,True
BBT,1108134,2017,False,False,True
BBT,1108134,2018,False,False,True
BBT,1108134,2019,False,False,True
BBT,1108134,2020,False,False,True
BBT,1108134,2021,False,False,True
BBT,1108134,2022,False,False,True
BBT,1108134,2023,False,False,True
BBT,1108134,2024,False,False,True
BBT,1108134,2025,True,False,True
BBWI,701985,2008,True,True,True
BBWI,701985,2009,False,False,True
BBWI,701985,2010,False,False,True
BBWI,701985,2011,False,False,True
BBWI,701985,2012,False,False,True
BBWI,701985,2013,False,False,True
BBWI,701985,2014,False,False,True
BBWI,701985,2015,False,False,True
BBWI,701985,2016,False,False,True
BBWI,701985,2017,False,False,True
BBWI,701985,2018,False,False,True
BBWI,701985,2019,False,False,True
BBWI,701985,2020,False,False,True
BBWI,701985,2021,False,False,True
BBWI,701985,2022,False,False,True
BBWI,701985,2023,False,False,True
BBWI,701985,2024,False,False,True
BBWI,701985,2025,True,False,True
BBWI,701985,2026,True,False,True
BBY,764478,2001,True,True,True
BBY,764478,2002,True,True,True
BBY,764478,2003,True,True,True
BBY,764478,2004,True,True,True
BBY,764478,2005,True,True,True
BBY,764478,2006,True,True,True
BBY,764478,2007,True,True,True
BBY,764478,2008,True,True,True
BBY,764478,2009,False,False,True
BBY,764478,2010,False,False,True
BBY,764478,2011,False,False,True
BBY,764478,2012,False,False,True
BBY,764478,2013,False,False,True
BBY,764478,2014,False,False,True
BBY,764478,2015,False,False,True
BBY,764478,2016,False,False,True
BBY,764478,2017,False,False,True
BBY,764478,2018,False,False,True
BBY,764478,2019,False,False,True
BBY,764478,2020,False,False,True
BBY,764478,2021,False,False,True
BBY,764478,2022,False,False,True
BBY,764478,2023,False,False,True
BBY,764478,2024,False,False,True
BBY,764478,2025,True,False,True
BBY,764478,2026,True,False,True
BC,14930,2000,True,True,True
BC,14930,2001,True,True,True
BC,14930,2003,True,True,True
BC,14930,2004,True,True,True
BC,14930,2005,True,True,True
BC,14930,2006,True,True,True
BC,14930,2007,True,True,True
BC,14930,2008,True,True,True
BC,14930,2009,False,False,True
BC,14930,2010,False,False,True
BC,14930,2011,False,False,True
BC,14930,2012,False,False,True
BC,14930,2013,False,False,True
BC,14930,2014,False,False,True
BC,14930,2015,False,False,True
BC,14930,2016,False,False,True
BC,14930,2017,False,False,True
BC,14930,2018,False,False,True
BC,14930,2019,False,False,True
BC,14930,2020,False,False,True
BC,14930,2021,False,False,True
BC,14930,2022,False,False,True
BC,14930,2023,False,False,True
BC,14930,2024,False,False,True
BC,14930,2025,True,False,True
BCO,78890,2008,True,True,True
BCO,78890,2009,False,False,True
BCO,78890,2011,False,False,True
BCO,78890,2012,False,False,True
BCO,78890,2013,False,False,True
BCO,78890,2014,False,False,True
BCO,78890,2015,False,False,True
BCO,78890,2016,False,False,True
BCO,78890,2017,False,False,True
BCO,78890,2018,False,False,True
BCO,78890,2019,False,False,True
BCO,78890,2020,False,False,True
BCO,78890,2021,False,False,True
BCO,78890,2022,False,False,True
BCO,78890,2023,False,False,True
BCO,78890,2024,False,False,True
BCO,78890,2025,True,False,True
BCR,9892,2001,True,True,True
BCR,9892,2002,True,True,True
BCR,9892,2003,True,True,True
BCR,9892,2004,True,True,True
BCR,9892,2005,True,True,True
BCR,9892,2006,True,True,True
BCR,9892,2007,True,True,True
BCR,9892,2008,True,True,True
BCR,9892,2009,True,False,True
BCR,9892,2010,True,False,True
BCR,9892,2011,True,False,True
BCR,9892,2012,True,False,True
BCR,9892,2013,True,False,True
BCR,9892,2014,True,False,True
BCR,9892,2015,True,False,True
BCR,9892,2016,True,False,True
BDK,12355,2001,True,True,True
BDK,12355,2005,True,True,True
BDK,12355,2006,True,True,True
BDK,12355,2007,True,True,True
BDK,12355,2008,True,True,True
BDX,10795,2004,True,True,True
BDX,10795,2005,True,True,True
BDX,10795,2006,True,True,True
BDX,10795,2007,True,True,True
BDX,10795,2008,True,True,True
BDX,10795,2009,False,False,True
BDX,10795,2010,False,False,True
BDX,10795,2011,False,False,True
BDX,10795,2012,False,False,True
BDX,10795,2013,False,False,True
BDX,10795,2014,False,False,True
BDX,10795,2015,False,False,True
BDX,10795,2016,False,False,True
BDX,10795,2017,False,False,True
BDX,10795,2018,False,False,True
BDX,10795,2019,False,False,True
BDX,10795,2020,False,False,True
BDX,10795,2021,False,False,True
BDX,10795,2022,False,False,True
BDX,10795,2023,False,False,True
BDX,10795,2024,False,False,True
BDX,10795,2025,True,False,True
BEAM,1745999,2019,True,True,True
BEAM,1745999,2020,False,False,True
BEAM,1745999,2021,False,False,True
BEAM,1745999,2022,False,False,True
BEAM,1745999,2023,False,False,True
BEAM,1745999,2024,False,False,True
BEAM,1745999,2025,True,False,True
BEN,38777,2000,True,True,True
BEN,38777,2001,True,True,True
BEN,38777,2005,True,True,True
BEN,38777,2006,True,True,True
BEN,38777,2007,True,True,True
BEN,38777,2008,True,True,True
BEN,38777,2009,False,False,True
BEN,38777,2010,False,False,True
BEN,38777,2011,False,False,True
BEN,38777,2012,False,False,True
BEN,38777,2013,False,False,True
BEN,38777,2014,False,False,True
BEN,38777,2015,False,False,True
BEN,38777,2016,False,False,True
BEN,38777,2017,False,False,True
BEN,38777,2018,False,False,True
BEN,38777,2019,False,False,True
BEN,38777,2020,False,False,True
BEN,38777,2021,False,False,True
BEN,38777,2022,False,False,True
BEN,38777,2023,False,False,True
BEN,38777,2024,False,False,True
BEN,38777,2025,True,False,True
BF.B,14693,2000,True,True,True
BF.B,14693,2001,True,True,True
BF.B,14693,2009,True,True,True
BF.B,14693,2010,True,True,True
BF.B,14693,2011,True,True,True
BF.B,14693,2012,True,True,True
BF.B,14693,2013,True,True,True
BF.B,14693,2014,True,True,True
BF.B,14693,2015,True,True,True
BF.B,14693,2016,True,True,True
BF.B,14693,2017,True,True,True
BF.B,14693,2018,True,True,True
BF.B,14693,2019,True,True,True
BF.B,14693,2020,True,True,True
BF.B,14693,2021,True,True,True
BF.B,14693,2022,True,True,True
BF.B,14693,2023,True,True,True
BF.B,14693,2024,True,True,True
BF.B,14693,2025,True,True,True
BF.B,14693,2026,True,True,True
BG,1996862,2021,False,False,True
BG,1996862,2022,False,False,True
BG,1996862,2023,False,False,True
BG,1996862,2024,False,False,True
BG,1996862,2025,True,False,True
BGEN,714655,2000,True,True,True
BGEN,714655,2001,True,True,True
BGEN,714655,2002,True,True,True
BGG,14195,2003,True,True,True
BGG,14195,2004,True,True,True
BGG,14195,2005,True,True,True
BGG,14195,2006,True,True,True
BGG,14195,2007,True,True,True
BGG,14195,2008,True,True,True
BHF,1685040,2015,True,True,True
BHF,1685040,2016,True,True,True
BHF,1685040,2017,False,False,True
BHF,1685040,2018,False,False,True
BHF,1685040,2019,False,False,True
BHF,1685040,2020,False,False,True
BHF,1685040,2021,False,False,True
BHF,1685040,2022,False,False,True
BHF,1685040,2023,False,False,True
BHF,1685040,2024,False,False,True
BHF,1685040,2025,True,False,True
BHGE,808362,2000,True,True,True
BHGE,808362,2001,True,True,True
BHGE,808362,2003,True,True,True
BHGE,808362,2004,True,True,True
BHGE,808362,2005,True,True,True
BHGE,808362,2006,True,True,True
BHGE,808362,2007,True,True,True
BHGE,808362,2008,True,True,True
BHGE,808362,2009,True,False,True
BHGE,808362,2010,True,False,True
BHGE,808362,2011,True,False,True
BHGE,808362,2012,True,False,True
BHGE,808362,2013,True,False,True
BHGE,808362,2014,True,False,True
BHGE,808362,2015,True,False,True
BHGE,808362,2016,True,False,True
BHGE,808362,2017,True,False,True
BHGE,808362,2018,True,False,True
BHGE,808362,2019,True,False,True
BIG,768835,2002,True,True,True
BIG,768835,2004,True,True,True
BIG,768835,2005,True,True,True
BIG,768835,2006,True,True,True
BIG,768835,2007,True,True,True
BIG,768835,2008,True,True,True
BIG,768835,2009,True,True,True
BIG,768835,2010,True,False,True
BIG,768835,2011,True,False,True
BIG,768835,2012,True,False,True
BIG,768835,2013,True,False,True
BIIB,875045,2000,True,True,True
BIIB,875045,2001,True,True,True
BIIB,875045,2002,True,True,True
BIIB,875045,2003,True,True,True
BIIB,875045,2004,True,True,True
BIIB,875045,2005,True,True,True
BIIB,875045,2006,True,True,True
BIIB,875045,2007,True,True,True
BIIB,875045,2008,True,True,True
BIIB,875045,2009,False,False,True
BIIB,875045,2010,False,False,True
BIIB,875045,2011,False,False,True
BIIB,875045,2012,False,False,True
BIIB,875045,2013,False,False,True
BIIB,875045,2014,False,False,True
BIIB,875045,2015,False,False,True
BIIB,875045,2016,False,False,True
BIIB,875045,2017,False,False,True
BIIB,875045,2018,False,False,True
BIIB,875045,2019,False,False,True
BIIB,875045,2020,False,False,True
BIIB,875045,2021,False,False,True
BIIB,875045,2022,False,False,True
BIIB,875045,2023,False,False,True
BIIB,875045,2024,False,False,True
BIIB,875045,2025,True,False,True
BIO,12208,2008,True,True,True
BIO,12208,2009,False,False,True
BIO,12208,2010,False,False,True
BIO,12208,2011,False,False,True
BIO,12208,2012,False,False,True
BIO,12208,2013,False,False,True
BIO,12208,2014,False,False,True
BIO,12208,2015,False,False,True
BIO,12208,2016,False,False,True
BIO,12208,2017,False,False,True
BIO,12208,2018,False,False,True
BIO,12208,2019,False,False,True
BIO,12208,2020,False,False,True
BIO,12208,2021,False,False,True
BIO,12208,2022,False,False,True
BIO,12208,2023,False,False,True
BIO,12208,2024,False,False,True
BIO,12208,2025,True,True,True
BJS,864328,2000,True,True,True
BJS,864328,2001,True,True,True
BJS,864328,2003,True,True,True
BJS,864328,2004,True,True,True
BJS,864328,2005,True,True,True
BJS,864328,2006,True,True,True
BJS,864328,2007,True,True,True
BJS,864328,2008,True,True,True
BJS,864328,2009,True,False,True
BK,9626,2000,True,True,True
BK,9626,2001,True,True,True
BK,9626,2002,True,True,True
BK,9626,2003,True,True,True
BK,9626,2004,True,True,True
BK,9626,2005,True,True,True
BK,9626,2006,True,True,True
BKNG,1075531,2008,True,True,True
BKNG,1075531,2009,False,False,True
BKNG,1075531,2010,False,False,True
BKNG,1075531,2011,False,False,True
BKNG,1075531,2012,False,False,True
BKNG,1075531,2013,False,False,True
BKNG,1075531,2014,False,False,True
BKNG,1075531,2015,False,False,True
BKNG,1075531,2016,False,False,True
BKNG,1075531,2017,False,False,True
BKNG,1075531,2018,False,False,True
BKNG,1075531,2019,False,False,True
BKNG,1075531,2020,False,False,True
BKNG,1075531,2021,False,False,True
BKNG,1075531,2022,False,False,True
BKNG,1075531,2023,False,False,True
BKNG,1075531,2024,False,False,True
BKNG,1075531,2025,True,False,True
BKR,1701605,2015,True,True,True
BKR,1701605,2016,True,True,True
BKR,1701605,2017,True,True,False
BKR,1701605,2018,True,True,True
BKR,1701605,2019,True,True,True
BKR,1701605,2020,True,True,True
BKR,1701605,2021,True,True,True
BKR,1701605,2022,True,False,True
BKR,1701605,2023,False,False,True
BKR,1701605,2024,False,False,True
BKR,1701605,2025,True,False,True
BLDR,1316835,2009,True,True,True
BLDR,1316835,2010,False,False,True
BLDR,1316835,2011,False,False,True
BLDR,1316835,2012,False,False,True
BLDR,1316835,2013,False,False,True
BLDR,1316835,2014,False,False,True
BLDR,1316835,2015,False,False,True
BLDR,1316835,2016,False,False,True
BLDR,1316835,2017,False,False,True
BLDR,1316835,2018,False,False,True
BLDR,1316835,2019,False,False,True
BLDR,1316835,2020,False,False,True
BLDR,1316835,2021,False,False,True
BLDR,1316835,2022,False,False,True
BLDR,1316835,2023,False,False,True
BLDR,1316835,2024,False,False,True
BLDR,1316835,2025,True,False,True
BLK,2012383,2022,False,False,True
BLK,2012383,2023,False,False,True
BLK,2012383,2024,False,False,True
BLK,2012383,2025,True,False,True
BLL,9389,2000,True,True,True
BLL,9389,2003,True,True,True
BLL,9389,2004,True,True,True
BLL,9389,2006,True,True,True
BLL,9389,2007,True,True,True
BLS,732713,2002,True,True,True
BLS,732713,2003,True,True,True
BLS,732713,2004,True,True,True
BLS,732713,2005,True,True,True
BMC,835729,2000,True,True,True
BMC,835729,2001,True,True,True
BMC,835729,2004,True,True,True
BMC,835729,2005,True,True,True
BMC,835729,2006,True,True,True
BMC,835729,2007,True,True,True
BMC,835729,2008,True,True,True
BMC,835729,2009,True,False,True
BMC,835729,2010,True,False,True
BMC,835729,2011,True,False,True
BMC,835729,2012,True,False,True
BMC,835729,2013,True,False,True
BMET,351346,2001,True,True,True
BMET,351346,2005,True,True,True
BMET,351346,2006,True,True,True
BMET,351346,2007,True,True,True
BMET,351346,2008,True,True,True
BMS,11199,2001,True,True,True
BMS,11199,2002,True,True,True
BMS,11199,2003,True,True,True
BMS,11199,2004,True,True,True
BMS,11199,2005,True,True,True
BMS,11199,2006,True,True,True
BMS,11199,2007,True,True,True
BMS,11199,2008,True,True,True
BMS,11199,2009,True,True,True
BMS,11199,2010,True,False,True
BMS,11199,2011,True,False,True
BMS,11199,2012,True,False,True
BMS,11199,2013,True,False,True
BMS,11199,2014,True,False,True
BMY,14272,2001,True,True,True
BMY,14272,2002,True,True,True
BMY,14272,2003,True,True,True
BMY,14272,2004,True,True,True
BMY,14272,2005,True,True,True
BMY,14272,2006,True,True,True
BMY,14272,2007,True,True,True
BMY,14272,2008,True,True,True
BMY,14272,2009,False,False,True
BMY,14272,2010,False,False,True
BMY,14272,2011,False,False,True
BMY,14272,2012,False,False,True
BMY,14272,2013,False,False,True
BMY,14272,2014,False,False,True
BMY,14272,2015,False,False,True
BMY,14272,2016,False,False,True
BMY,14272,2017,False,False,True
BMY,14272,2018,False,False,True
BMY,14272,2019,False,False,True
BMY,14272,2020,False,False,True
BMY,14272,2021,False,False,True
BMY,14272,2022,False,False,True
BMY,14272,2023,False,False,True
BMY,14272,2024,False,False,True
BMY,14272,2025,True,False,True
BNI,934612,2000,True,True,True
BNI,934612,2001,True,True,True
BNI,934612,2002,True,True,True
BNI,934612,2003,True,True,True
BNI,934612,2004,True,True,True
BNI,934612,2005,True,True,True
BNI,934612,2006,True,True,True
BNI,934612,2007,True,True,True
BNI,934612,2008,True,True,True
BNI,934612,2009,True,False,True
BNL,1424182,2015,True,True,True
BNL,1424182,2016,True,True,True
BNL,1424182,2017,True,False,True
BNL,1424182,2018,True,False,True
BNL,1424182,2019,True,False,True
BNL,1424182,2020,False,False,True
BNL,1424182,2021,False,False,True
BNL,1424182,2022,False,False,True
BNL,1424182,2023,False,False,True
BNL,1424182,2024,False,False,True
BNL,1424182,2025,True,False,True
BNY,1390777,2007,True,True,True
BNY,1390777,2008,True,True,True
BNY,1390777,2009,False,False,True
BNY,1390777,2010,False,False,True
BNY,1390777,2011,False,False,True
BNY,1390777,2012,False,False,True
BNY,1390777,2013,False,False,True
BNY,1390777,2014,False,False,True
BNY,1390777,2015,False,False,True
BNY,1390777,2016,False,False,True
BNY,1390777,2017,False,False,True
BNY,1390777,2018,False,False,True
BNY,1390777,2019,False,False,True
BNY,1390777,2020,False,False,True
BNY,1390777,2021,False,False,True
BNY,1390777,2022,False,False,True
BNY,1390777,2023,False,False,True
BNY,1390777,2024,False,False,True
BNY,1390777,2025,True,False,True
BOL,10427,2001,True,True,True
BOL,10427,2002,True,True,True
BOL,10427,2003,True,True,True
BOL,10427,2004,True,True,True
BOL,10427,2005,True,True,True
BOL,10427,2006,True,True,True
BR,1383312,2007,True,True,True
BR,1383312,2008,True,True,True
BR,1383312,2009,False,False,True
BR,1383312,2010,False,False,True
BR,1383312,2011,False,False,True
BR,1383312,2012,False,False,True
BR,1383312,2013,False,False,True
BR,1383312,2014,False,False,True
BR,1383312,2015,False,False,True
BR,1383312,2016,False,False,True
BR,1383312,2017,False,False,True
BR,1383312,2018,False,False,True
BR,1383312,2019,False,False,True
BR,1383312,2020,False,False,True
BR,1383312,2021,False,False,True
BR,1383312,2022,False,False,True
BR,1383312,2023,False,False,True
BR,1383312,2024,False,False,True
BR,1383312,2025,True,False,True
BRCM,1054374,2001,True,True,True
BRCM,1054374,2002,True,True,True
BRCM,1054374,2003,True,True,True
BRCM,1054374,2004,True,True,True
BRCM,1054374,2005,True,True,True
BRCM,1054374,2006,True,True,True
BRCM,1054374,2007,True,True,True
BRCM,1054374,2008,True,True,True
BRCM,1054374,2009,True,True,True
BRCM,1054374,2010,True,True,True
BRCM,1054374,2011,True,True,True
BRCM,1054374,2012,True,True,True
BRCM,1054374,2013,True,True,True
BRCM,1054374,2014,True,True,True
BRK.B,1067983,2007,True,True,True
BRK.B,1067983,2008,True,True,True
BRK.B,1067983,2009,True,False,True
BRK.B,1067983,2010,True,False,True
BRK.B,1067983,2011,True,False,True
BRK.B,1067983,2012,True,True,True
BRK.B,1067983,2013,True,True,True
BRK.B,1067983,2014,True,True,True
BRK.B,1067983,2015,True,True,True
BRK.B,1067983,2016,True,True,True
BRK.B,1067983,2017,True,True,True
BRK.B,1067983,2018,True,True,True
BRK.B,1067983,2019,True,True,True
BRK.B,1067983,2020,True,True,True
BRK.B,1067983,2021,True,True,True
BRK.B,1067983,2022,True,True,True
BRK.B,1067983,2023,True,True,True
BRK.B,1067983,2024,True,True,True
BRK.B,1067983,2025,True,True,True
BRL,10081,2001,True,True,True
BRL,10081,2004,True,True,True
BRL,10081,2005,True,True,True
BRL,10081,2006,True,True,True
BRL,10081,2007,True,True,True
BRO,79282,2008,True,True,True
BRO,79282,2009,False,False,True
BRO,79282,2010,False,False,True
BRO,79282,2011,False,False,True
BRO,79282,2012,False,False,True
BRO,79282,2013,False,False,True
BRO,79282,2014,False,False,True
BRO,79282,2015,False,False,True
BRO,79282,2016,False,False,True
BRO,79282,2017,False,False,True
BRO,79282,2018,False,False,True
BRO,79282,2019,False,False,True
BRO,79282,2020,False,False,True
BRO,79282,2021,False,False,True
BRO,79282,2022,False,False,True
BRO,79282,2023,False,False,True
BRO,79282,2024,False,False,True
BRO,79282,2025,True,False,True
BSC,777001,2001,True,True,True
BSC,777001,2004,True,True,True
BSC,777001,2005,True,True,True
BSX,885725,2000,True,True,True
BSX,885725,2001,True,True,True
BSX,885725,2005,True,True,True
BSX,885725,2006,True,True,True
BSX,885725,2007,True,True,True
BSX,885725,2008,True,True,True
BSX,885725,2009,False,False,True
BSX,885725,2010,False,False,True
BSX,885725,2011,False,False,True
BSX,885725,2012,False,False,True
BSX,885725,2013,False,False,True
BSX,885725,2014,False,False,True
BSX,885725,2015,False,False,True
BSX,885725,2016,False,False,True
BSX,885725,2017,False,False,True
BSX,885725,2018,False,False,True
BSX,885725,2019,False,False,True
BSX,885725,2020,False,False,True
BSX,885725,2021,False,False,True
BSX,885725,2022,False,False,True
BSX,885725,2023,False,False,True
BSX,885725,2024,False,False,True
BSX,885725,2025,True,False,True
BTUUQ,1064728,2001,True,True,True
BTUUQ,1064728,2003,True,True,True
BTUUQ,1064728,2005,True,True,True
BTUUQ,1064728,2006,True,True,True
BTUUQ,1064728,2007,True,True,True
BTUUQ,1064728,2008,True,True,True
BTUUQ,1064728,2009,True,False,True
BTUUQ,1064728,2010,True,False,True
BTUUQ,1064728,2011,True,False,True
BTUUQ,1064728,2012,True,False,True
BTUUQ,1064728,2013,True,False,True
BTUUQ,1064728,2014,True,False,True
BVSN,920448,2000,True,True,True
BVSN,920448,2001,True,True,True
BVSN,920448,2002,True,True,True
BVSN,920448,2003,True,True,True
BVSN,920448,2004,True,True,True
BVSN,920448,2005,True,True,True
BVSN,920448,2006,True,True,True
BVSN,920448,2007,True,True,True
BVSN,920448,2008,True,True,True
BWA,908255,2007,True,True,True
BWA,908255,2008,True,True,True
BWA,908255,2009,False,False,True
BWA,908255,2010,False,False,True
BWA,908255,2011,False,False,True
BWA,908255,2012,False,False,True
BWA,908255,2013,False,False,True
BWA,908255,2014,False,False,True
BWA,908255,2015,False,False,True
BWA,908255,2016,False,False,True
BWA,908255,2017,False,False,True
BWA,908255,2018,False,False,True
BWA,908255,2019,False,False,True
BWA,908255,2020,False,False,True
BWA,908255,2021,False,False,True
BWA,908255,2022,False,False,True
BWA,908255,2023,False,False,True
BWA,908255,2024,False,False,True
BWA,908255,2025,True,False,True
BX,1393818,2008,True,True,True
BX,1393818,2009,True,True,True
BX,1393818,2010,False,False,True
BX,1393818,2011,False,False,True
BX,1393818,2012,False,False,True
BX,1393818,2013,False,False,True
BX,1393818,2014,False,False,True
BX,1393818,2015,False,False,True
BX,1393818,2016,False,False,True
BX,1393818,2017,False,False,True
BX,1393818,2018,False,False,True
BX,1393818,2019,False,False,True
BX,1393818,2020,False,False,True
BX,1393818,2021,False,False,True
BX,1393818,2022,False,False,True
BX,1393818,2023,False,False,True
BX,1393818,2024,False,False,True
BX,1393818,2025,True,False,True
BXLT,1620546,2015,True,False,True
BXP,1037540,2003,True,True,True
BXP,1037540,2004,True,True,True
BXP,1037540,2005,True,True,True
BXP,1037540,2006,True,True,True
BXP,1037540,2007,True,True,True
BXP,1037540,2008,True,True,True
BXP,1037540,2009,False,False,True
BXP,1037540,2010,False,False,True
BXP,1037540,2011,False,False,True
BXP,1037540,2012,False,False,True
BXP,1037540,2013,False,False,True
BXP,1037540,2014,False,False,True
BXP,1037540,2015,False,False,True
BXP,1037540,2016,False,False,True
BXP,1037540,2017,False,False,True
BXP,1037540,2018,False,False,True
BXP,1037540,2019,False,False,True
BXP,1037540,2020,False,False,True
BXP,1037540,2021,False,False,True
BXP,1037540,2022,False,False,True
BXP,1037540,2023,False,False,True
BXP,1037540,2024,False,False,True
BXP,1037540,2025,True,False,True
C,831001,2001,True,True,True
C,831001,2003,True,True,True
C,831001,2004,True,True,True
C,831001,2005,True,True,True
C,831001,2006,True,True,True
C,831001,2007,True,True,True
C,831001,2008,True,True,True
C,831001,2009,False,False,True
C,831001,2010,False,False,True
C,831001,2011,False,False,True
C,831001,2012,False,False,True
C,831001,2013,False,False,True
C,831001,2014,False,False,True
C,831001,2015,False,False,True
C,831001,2016,False,False,True
C,831001,2017,False,False,True
C,831001,2018,False,False,True
C,831001,2019,False,False,True
C,831001,2020,False,False,True
C,831001,2021,False,False,True
C,831001,2022,False,False,True
C,831001,2023,False,False,True
C,831001,2024,False,False,True
C,831001,2025,True,False,True
CA,356028,2000,True,True,True
CA,356028,2001,True,True,True
CA,356028,2002,True,True,True
CA,356028,2004,True,True,True
CA,356028,2005,True,True,True
CA,356028,2006,True,True,True
CA,356028,2007,True,True,True
CA,356028,2008,True,True,True
CA,356028,2009,True,False,True
CA,356028,2010,True,False,True
CA,356028,2011,True,False,True
CA,356028,2012,True,False,True
CA,356028,2013,True,False,True
CA,356028,2014,True,False,True
CA,356028,2015,True,False,True
CA,356028,2016,True,False,True
CA,356028,2017,True,False,True
CA,356028,2018,True,False,True
CAG,23217,2000,True,True,True
CAG,23217,2002,True,True,True
CAG,23217,2003,True,True,True
CAG,23217,2004,True,True,True
CAG,23217,2005,True,True,True
CAG,23217,2006,True,True,True
CAG,23217,2007,True,True,True
CAG,23217,2008,True,True,True
CAG,23217,2009,False,False,True
CAG,23217,2010,False,False,True
CAG,23217,2011,False,False,True
CAG,23217,2013,False,False,True
CAG,23217,2014,False,False,True
CAG,23217,2015,False,False,True
CAG,23217,2016,False,False,True
CAG,23217,2017,False,False,True
CAG,23217,2018,False,False,True
CAG,23217,2019,False,False,True
CAG,23217,2020,False,False,True
CAG,23217,2021,False,False,True
CAG,23217,2022,False,False,True
CAG,23217,2023,False,False,True
CAG,23217,2024,False,False,True
CAG,23217,2025,True,False,True
CAH,721371,2000,True,True,True
CAH,721371,2001,True,True,True
CAH,721371,2005,True,True,True
CAH,721371,2006,True,True,True
CAH,721371,2007,True,True,True
CAH,721371,2008,True,True,True
CAH,721371,2009,False,False,True
CAH,721371,2010,False,False,True
CAH,721371,2011,False,False,True
CAH,721371,2012,False,False,True
CAH,721371,2013,False,False,True
CAH,721371,2014,False,False,True
CAH,721371,2015,False,False,True
CAH,721371,2016,False,False,True
CAH,721371,2017,False,False,True
CAH,721371,2018,False,False,True
CAH,721371,2019,False,False,True
CAH,721371,2020,False,False,True
CAH,721371,2021,False,False,True
CAH,721371,2022,False,False,True
CAH,721371,2023,False,False,True
CAH,721371,2024,False,False,True
CAH,721371,2025,True,False,True
CAL,14707,2010,True,True,True
CAL,14707,2011,False,False,True
CAL,14707,2012,False,False,True
CAL,14707,2013,False,False,True
CAL,14707,2014,False,False,True
CAL,14707,2015,False,False,True
CAL,14707,2016,False,False,True
CAL,14707,2017,False,False,True
CAL,14707,2018,False,False,True
CAL,14707,2019,False,False,True
CAL,14707,2020,False,False,True
CAL,14707,2021,False,False,True
CAL,14707,2022,False,False,True
CAL,14707,2023,False,False,True
CAL,14707,2024,False,False,True
CAL,14707,2025,True,False,True
CAL,14707,2026,True,False,True
CAM,941548,2003,True,True,True
CAM,941548,2004,True,True,True
CAM,941548,2005,True,True,True
CAM,941548,2006,True,True,True
CAM,941548,2008,True,True,True
CAM,941548,2009,True,False,True
CAM,941548,2010,True,False,True
CAM,941548,2011,True,False,True
CAM,941548,2012,True,False,True
CAM,941548,2013,True,False,True
CAM,941548,2014,True,False,True
CAM,941548,2015,True,False,True
CAR,723612,2000,True,True,True
CAR,723612,2001,True,True,True
CAR,723612,2002,True,True,True
CAR,723612,2003,True,True,True
CAR,723612,2004,True,True,True
CAR,723612,2005,True,True,True
CAR,723612,2006,True,True,True
CAR,723612,2007,True,True,True
CAR,723612,2008,True,True,True
CAR,723612,2009,False,False,True
CAR,723612,2010,False,False,True
CAR,723612,2011,False,False,True
CAR,723612,2012,False,False,True
CAR,723612,2013,False,False,True
CAR,723612,2014,False,False,True
CAR,723612,2015,False,False,True
CAR,723612,2016,False,False,True
CAR,723612,2017,False,False,True
CAR,723612,2018,False,False,True
CAR,723612,2019,False,False,True
CAR,723612,2020,False,False,True
CAR,723612,2021,False,False,True
CAR,723612,2022,False,False,True
CAR,723612,2023,False,False,True
CAR,723612,2024,False,False,True
CAR,723612,2025,True,False,True
CARR,1783180,2018,True,True,True
CARR,1783180,2019,True,True,True
CARR,1783180,2020,False,False,True
CARR,1783180,2021,False,False,True
CARR,1783180,2022,False,False,True
CARR,1783180,2023,False,False,True
CARR,1783180,2024,False,False,True
CARR,1783180,2025,True,False,True
CASY,726958,2009,True,True,True
CASY,726958,2010,False,False,True
CASY,726958,2011,False,False,True
CASY,726958,2012,False,False,True
CASY,726958,2013,False,False,True
CASY,726958,2014,False,False,True
CASY,726958,2015,False,False,True
CASY,726958,2016,False,False,True
CASY,726958,2017,False,False,True
CASY,726958,2018,False,False,True
CASY,726958,2019,False,False,True
CASY,726958,2020,False,False,True
CASY,726958,2021,False,False,True
CASY,726958,2022,False,False,True
CASY,726958,2023,False,False,True
CASY,726958,2024,False,False,True
CASY,726958,2025,True,False,True
CASY,726958,2026,True,False,True
CAT,18230,2001,True,True,True
CAT,18230,2002,True,True,True
CAT,18230,2003,True,True,True
CAT,18230,2005,True,True,True
CAT,18230,2006,True,True,True
CAT,18230,2007,True,True,True
CAT,18230,2008,True,True,True
CAT,18230,2009,False,False,True
CAT,18230,2010,False,False,True
CAT,18230,2011,False,False,True
CAT,18230,2012,False,False,True
CAT,18230,2013,False,False,True
CAT,18230,2014,False,False,True
CAT,18230,2015,False,False,True
CAT,18230,2016,False,False,True
CAT,18230,2017,False,False,True
CAT,18230,2018,False,False,True
CAT,18230,2019,False,False,True
CAT,18230,2020,False,False,True
CAT,18230,2021,False,False,True
CAT,18230,2022,False,False,True
CAT,18230,2023,False,False,True
CAT,18230,2024,False,False,True
CAT,18230,2025,True,False,True
CB,896159,2000,True,True,True
CB,896159,2001,True,True,True
CB,896159,2002,True,True,True
CB,896159,2003,True,True,True
CB,896159,2004,True,True,True
CB,896159,2005,True,True,True
CB,896159,2006,True,True,True
CB,896159,2007,True,True,True
CB,896159,2008,True,True,True
CB,896159,2009,False,False,True
CB,896159,2010,False,False,True
CB,896159,2011,False,False,True
CB,896159,2012,False,False,True
CB,896159,2013,False,False,True
CB,896159,2014,False,False,True
CB,896159,2015,False,False,True
CB,896159,2016,False,False,True
CB,896159,2017,False,False,True
CB,896159,2018,False,False,True
CB,896159,2019,False,False,True
CB,896159,2020,False,False,True
CB,896159,2021,False,False,True
CB,896159,2022,False,False,True
CB,896159,2023,False,False,True
CB,896159,2024,False,False,True
CB,896159,2025,True,False,True
CBE,1141982,2009,True,False,True
CBE,1141982,2011,True,False,True
CBH,715096,2005,True,True,True
CBH,715096,2006,True,True,True
CBH,715096,2007,True,True,True
CBOE,1374310,2009,True,True,True
CBOE,1374310,2010,False,False,True
CBOE,1374310,2011,False,False,True
CBOE,1374310,2012,False,False,True
CBOE,1374310,2013,False,False,True
CBOE,1374310,2014,False,False,True
CBOE,1374310,2015,False,False,True
CBOE,1374310,2016,False,False,True
CBOE,1374310,2017,False,False,True
CBOE,1374310,2018,False,False,True
CBOE,1374310,2019,False,False,True
CBOE,1374310,2020,False,False,True
CBOE,1374310,2021,False,False,True
CBOE,1374310,2022,False,False,True
CBOE,1374310,2023,False,False,True
CBOE,1374310,2024,False,False,True
CBOE,1374310,2025,True,False,True
CBRE,1138118,2001,True,True,True
CBRE,1138118,2002,True,True,True
CBRE,1138118,2003,True,True,True
CBRE,1138118,2004,True,True,True
CBRE,1138118,2005,True,True,True
CBRE,1138118,2006,True,True,True
CBRE,1138118,2007,True,True,True
CBRE,1138118,2008,True,True,True
CBRE,1138118,2009,False,False,True
CBRE,1138118,2010,False,False,True
CBRE,1138118,2011,False,False,True
CBRE,1138118,2014,False,False,True
CBRE,1138118,2015,False,False,True
CBRE,1138118,2016,False,False,True
CBRE,1138118,2017,False,False,True
CBRE,1138118,2018,False,False,True
CBRE,1138118,2019,False,False,True
CBRE,1138118,2020,False,False,True
CBRE,1138118,2021,False,False,True
CBRE,1138118,2022,False,False,True
CBRE,1138118,2023,False,False,True
CBRE,1138118,2024,False,False,True
CBRE,1138118,2025,True,False,True
CBS,813828,2000,True,True,True
CBS,813828,2002,True,True,True
CBS,813828,2003,True,True,True
CBS,813828,2004,True,True,True
CBS,813828,2005,True,True,True
CBS,813828,2006,True,True,True
CBS,813828,2008,True,True,True
CBS,813828,2009,True,False,True
CBS,813828,2010,True,False,True
CBS,813828,2011,True,True,True
CBS,813828,2012,True,True,True
CBS,813828,2013,True,True,True
CBS,813828,2014,True,True,True
CBS,813828,2015,True,True,True
CBS,813828,2016,True,True,True
CBS,813828,2017,True,True,True
CBS,813828,2018,True,True,True
CBS,813828,2019,True,True,True
CBSS,18568,2006,True,True,True
CCB,1437958,2017,True,True,True
CCB,1437958,2018,False,False,True
CCB,1437958,2019,False,False,True
CCB,1437958,2020,False,False,True
CCB,1437958,2021,False,False,True
CCB,1437958,2022,False,False,True
CCB,1437958,2023,False,False,True
CCB,1437958,2024,False,False,True
CCB,1437958,2025,True,False,True
CCE,804055,2001,True,True,True
CCE,804055,2002,True,True,True
CCE,804055,2003,True,True,True
CCE,804055,2004,True,True,True
CCE,804055,2005,True,True,True
CCE,804055,2006,True,True,True
CCE,804055,2007,True,True,True
CCE,804055,2008,True,True,True
CCE,1491675,2009,True,True,True
CCE,1491675,2010,True,False,True
CCE,1491675,2011,True,False,True
CCE,1491675,2012,True,False,True
CCE,1491675,2013,True,False,True
CCE,1491675,2014,True,False,True
CCE,1491675,2015,True,False,True
CCI,1051470,2007,True,True,True
CCI,1051470,2008,True,True,True
CCI,1051470,2009,False,False,True
CCI,1051470,2010,False,False,True
CCI,1051470,2011,False,False,True
CCI,1051470,2012,False,False,True
CCI,1051470,2013,False,False,True
CCI,1051470,2014,False,False,True
CCI,1051470,2015,False,False,True
CCI,1051470,2016,False,False,True
CCI,1051470,2017,False,False,True
CCI,1051470,2018,False,False,True
CCI,1051470,2019,False,False,True
CCI,1051470,2020,False,False,True
CCI,1051470,2021,False,False,True
CCI,1051470,2022,False,False,True
CCI,1051470,2023,False,False,True
CCI,1051470,2024,False,False,True
CCI,1051470,2025,True,False,True
CCK,1219601,2002,True,True,True
CCK,1219601,2003,True,True,True
CCK,1219601,2004,True,True,True
CCK,1219601,2005,True,True,True
CCK,1219601,2006,True,True,True
CCK,1219601,2007,True,True,True
CCK,1219601,2008,True,True,True
CCK,1219601,2009,False,False,True
CCK,1219601,2010,False,False,True
CCK,1219601,2011,False,False,True
CCK,1219601,2012,False,False,True
CCK,1219601,2013,False,False,True
CCK,1219601,2014,False,False,True
CCK,1219601,2015,False,False,True
CCK,1219601,2016,False,False,True
CCK,1219601,2017,False,False,True
CCK,1219601,2018,False,False,True
CCK,1219601,2019,False,False,True
CCK,1219601,2020,False,False,True
CCK,1219601,2021,False,False,True
CCK,1219601,2022,False,False,True
CCK,1219601,2023,False,False,True
CCK,1219601,2024,False,False,True
CCK,1219601,2025,True,False,True
CCL,815097,2000,True,True,True
CCL,815097,2001,True,True,True
CCL,815097,2007,True,True,True
CCL,815097,2008,True,True,True
CCL,815097,2009,False,False,True
CCL,815097,2010,False,False,True
CCL,815097,2011,False,False,True
CCL,815097,2012,False,False,True
CCL,815097,2013,False,False,True
CCL,815097,2014,False,False,True
CCL,815097,2015,False,False,True
CCL,815097,2016,False,False,True
CCL,815097,2017,False,False,True
CCL,815097,2018,False,False,True
CCL,815097,2019,False,False,True
CCL,815097,2020,False,False,True
CCL,815097,2021,False,False,True
CCL,815097,2022,False,False,True
CCL,815097,2023,False,False,True
CCL,815097,2024,False,False,True
CCL,815097,2025,True,False,True
CCTYQ,104599,2000,True,True,True
CCTYQ,104599,2001,True,True,True
CCTYQ,104599,2005,True,True,True
CCTYQ,104599,2006,True,True,True
CCTYQ,104599,2007,True,True,True
CCTYQ,104599,2008,True,True,True
CDAY,1725057,2021,True,False,True
CDAY,1725057,2022,True,False,True
CDAY,1725057,2023,True,False,True
CDAY,1725057,2024,True,False,True
CDNS,813672,2009,False,False,True
CDNS,813672,2010,False,False,True
CDNS,813672,2011,False,False,True
CDNS,813672,2012,False,False,True
CDNS,813672,2013,False,False,True
CDNS,813672,2015,False,False,True
CDNS,813672,2016,False,False,True
CDNS,813672,2017,False,False,True
CDNS,813672,2018,False,False,True
CDNS,813672,2019,False,False,True
CDNS,813672,2020,True,False,True
CDNS,813672,2021,False,False,True
CDNS,813672,2022,False,False,True
CDNS,813672,2023,False,False,True
CDNS,813672,2024,False,False,True
CDNS,813672,2025,True,False,True
CDW,1402057,2009,True,True,True
CDW,1402057,2010,True,True,True
CDW,1402057,2011,True,True,True
CDW,1402057,2012,True,True,True
CDW,1402057,2013,False,False,True
CDW,1402057,2014,False,False,True
CDW,1402057,2015,False,False,True
CDW,1402057,2016,False,False,True
CDW,1402057,2017,False,False,True
CDW,1402057,2018,False,False,True
CDW,1402057,2019,False,False,True
CDW,1402057,2020,False,False,True
CDW,1402057,2021,False,False,True
CDW,1402057,2022,False,False,True
CDW,1402057,2023,False,False,True
CDW,1402057,2024,False,False,True
CDW,1402057,2025,True,False,True
CE,1306830,2004,True,True,True
CE,1306830,2005,True,True,True
CE,1306830,2006,True,True,True
CE,1306830,2007,True,True,True
CE,1306830,2008,True,True,True
CE,1306830,2009,False,False,True
CE,1306830,2010,False,False,True
CE,1306830,2011,False,False,True
CE,1306830,2012,False,False,True
CE,1306830,2013,False,False,True
CE,1306830,2014,False,False,True
CE,1306830,2015,False,False,True
CE,1306830,2016,False,False,True
CE,1306830,2017,False,False,True
CE,1306830,2018,False,False,True
CE,1306830,2019,False,False,True
CE,1306830,2020,False,False,True
CE,1306830,2021,False,False,True
CE,1306830,2022,False,False,True
CE,1306830,2023,False,False,True
CE,1306830,2024,False,False,True
CE,1306830,2025,True,False,True
CEG,1868275,2020,True,True,True
CEG,1868275,2021,True,False,True
CEG,1868275,2022,False,False,True
CEG,1868275,2023,False,False,True
CEG,1868275,2024,False,False,True
CEG,1868275,2025,True,False,True
CELG,816284,2000,True,True,True
CELG,816284,2007,True,True,True
CELG,816284,2008,True,True,True
CELG,816284,2009,True,False,True
CELG,816284,2010,True,False,True
CELG,816284,2011,True,False,True
CELG,816284,2012,True,False,True
CELG,816284,2013,True,False,True
CELG,816284,2014,True,False,True
CELG,816284,2015,True,False,True
CELG,816284,2016,True,False,True
CELG,816284,2017,True,False,True
CELG,816284,2018,True,False,True
CEN,109758,2001,True,True,True
CEN,109758,2002,True,True,True
CEN,109758,2003,True,True,True
CEN,109758,2004,True,True,True
CEN,109758,2005,True,True,True
CEN,109758,2006,True,True,True
CEN,109758,2007,True,True,True
CEN,109758,2008,True,True,True
CEPH,873364,2002,True,True,True
CEPH,873364,2003,True,True,True
CEPH,873364,2004,True,True,True
CEPH,873364,2005,True,True,True
CEPH,873364,2006,True,True,True
CEPH,873364,2007,True,True,True
CEPH,873364,2008,True,True,True
CEPH,873364,2009,True,True,True
CEPH,873364,2010,True,False,True
CERN,804753,2010,True,False,True
CERN,804753,2011,True,False,True
CERN,804753,2012,True,False,True
CERN,804753,2013,True,False,True
CERN,804753,2014,True,False,True
CERN,804753,2015,True,False,True
CERN,804753,2016,True,False,True
CERN,804753,2017,True,False,True
CERN,804753,2018,True,False,True
CERN,804753,2019,True,False,True
CERN,804753,2020,True,False,True
CERN,804753,2021,True,False,True
CF,1324404,2005,True,True,True
CF,1324404,2006,True,True,True
CF,1324404,2007,True,True,True
CF,1324404,2008,True,True,True
CF,1324404,2009,False,False,True
CF,1324404,2010,False,False,True
CF,1324404,2011,False,False,True
CF,1324404,2012,False,False,True
CF,1324404,2013,False,False,True
CF,1324404,2014,False,False,True
CF,1324404,2015,False,False,True
CF,1324404,2016,False,False,True
CF,1324404,2017,False,False,True
CF,1324404,2018,False,False,True
CF,1324404,2019,False,False,True
CF,1324404,2020,False,False,True
CF,1324404,2021,False,False,True
CF,1324404,2022,False,False,True
CF,1324404,2023,False,False,True
CF,1324404,2024,False,False,True
CF,1324404,2025,True,False,True
CFC,25191,2000,True,True,True
CFC,25191,2003,True,True,True
CFC,25191,2004,True,True,True
CFC,25191,2005,True,True,True
CFC,25191,2006,True,True,True
CFC,25191,2007,True,True,True
CFG,759944,2012,True,True,True
CFG,759944,2013,True,True,True
CFG,759944,2014,False,False,True
CFG,759944,2015,False,False,True
CFG,759944,2016,False,False,True
CFG,759944,2017,False,False,True
CFG,759944,2018,False,False,True
CFG,759944,2019,False,False,True
CFG,759944,2020,False,False,True
CFG,759944,2021,False,False,True
CFG,759944,2022,False,False,True
CFG,759944,2023,False,False,True
CFG,759944,2024,False,False,True
CFG,759944,2025,True,False,True
CFN,1457543,2010,True,True,True
CFN,1457543,2011,True,True,True
CFN,1457543,2012,True,False,True
CFN,1457543,2013,True,False,True
CFN,1457543,2014,True,False,True
CG,1527166,2010,True,True,True
CG,1527166,2011,True,True,True
CG,1527166,2012,False,False,True
CG,1527166,2013,False,False,True
CG,1527166,2014,False,False,True
CG,1527166,2015,False,False,True
CG,1527166,2016,False,False,True
CG,1527166,2017,False,False,True
CG,1527166,2018,False,False,True
CG,1527166,2019,False,False,True
CG,1527166,2020,False,False,True
CG,1527166,2021,False,False,True
CG,1527166,2022,False,False,True
CG,1527166,2023,False,False,True
CG,1527166,2024,False,False,True
CG,1527166,2025,True,False,True
CGP,21267,2001,True,True,True
CGP,21267,2004,True,True,True
CHD,313927,2008,True,True,True
CHD,313927,2009,False,False,True
CHD,313927,2010,False,False,True
CHD,313927,2011,False,False,True
CHD,313927,2012,False,False,True
CHD,313927,2013,False,False,True
CHD,313927,2014,False,False,True
CHD,313927,2015,False,False,True
CHD,313927,2016,False,False,True
CHD,313927,2017,False,False,True
CHD,313927,2018,False,False,True
CHD,313927,2019,False,False,True
CHD,313927,2020,False,False,True
CHD,313927,2021,False,False,True
CHD,313927,2022,False,False,True
CHD,313927,2023,False,False,True
CHD,313927,2024,False,False,True
CHD,313927,2025,True,False,True
CHIR,706539,2000,True,True,True
CHIR,706539,2001,True,True,True
CHIR,706539,2002,True,True,True
CHIR,706539,2003,True,True,True
CHIR,706539,2004,True,True,True
CHIR,706539,2005,True,True,True
CHK,895126,2002,True,True,True
CHK,895126,2003,True,True,True
CHK,895126,2004,True,True,True
CHK,895126,2005,True,True,True
CHK,895126,2006,True,True,True
CHK,895126,2007,True,True,True
CHRS,1512762,2012,True,True,True
CHRS,1512762,2013,True,True,True
CHRS,1512762,2014,False,False,True
CHRS,1512762,2015,False,False,True
CHRS,1512762,2016,False,False,True
CHRS,1512762,2017,False,False,True
CHRS,1512762,2018,False,False,True
CHRS,1512762,2019,False,False,True
CHRS,1512762,2020,False,False,True
CHRS,1512762,2021,False,False,True
CHRS,1512762,2022,False,False,True
CHRS,1512762,2023,False,False,True
CHRS,1512762,2024,False,False,True
CHRS,1512762,2025,True,False,True
CHRW,1043277,2000,True,True,True
CHRW,1043277,2001,True,True,True
CHRW,1043277,2002,True,True,True
CHRW,1043277,2003,True,True,True
CHRW,1043277,2004,True,True,True
CHRW,1043277,2005,True,True,True
CHRW,1043277,2006,True,True,True
CHRW,1043277,2007,True,True,True
CHRW,1043277,2008,True,True,True
CHRW,1043277,2009,False,False,True
CHRW,1043277,2010,False,False,True
CHRW,1043277,2011,False,False,True
CHRW,1043277,2012,False,False,True
CHRW,1043277,2013,False,False,True
CHRW,1043277,2014,False,False,True
CHRW,1043277,2015,False,False,True
CHRW,1043277,2016,False,False,True
CHRW,1043277,2017,False,False,True
CHRW,1043277,2018,False,False,True
CHRW,1043277,2019,False,False,True
CHRW,1043277,2020,False,False,True
CHRW,1043277,2021,False,False,True
CHRW,1043277,2022,False,False,True
CHRW,1043277,2023,False,False,True
CHRW,1043277,2024,False,False,True
CHRW,1043277,2025,True,False,True
CHTR,1091667,2010,True,True,True
CHTR,1091667,2011,True,False,True
CHTR,1091667,2012,False,False,True
CHTR,1091667,2013,False,False,True
CHTR,1091667,2014,False,False,True
CHTR,1091667,2015,False,False,True
CHTR,1091667,2016,False,False,True
CHTR,1091667,2017,False,False,True
CHTR,1091667,2018,False,False,True
CHTR,1091667,2019,False,False,True
CHTR,1091667,2020,False,False,True
CHTR,1091667,2021,False,False,True
CHTR,1091667,2022,False,False,True
CHTR,1091667,2023,False,False,True
CHTR,1091667,2024,False,False,True
CHTR,1091667,2025,True,True,True
CI,1739940,2016,False,False,True
CI,1739940,2017,False,False,True
CI,1739940,2018,False,False,True
CI,1739940,2019,False,False,True
CI,1739940,2020,False,False,True
CI,1739940,2021,False,False,True
CI,1739940,2022,False,False,True
CI,1739940,2023,False,False,True
CI,1739940,2024,False,False,True
CI,1739940,2025,True,False,True
CIEN,936395,2000,True,True,True
CIEN,936395,2001,True,True,True
CIEN,936395,2002,True,True,True
CIEN,936395,2003,True,True,True
CIEN,936395,2004,True,True,True
CIEN,936395,2005,True,True,True
CIEN,936395,2006,True,True,True
CIEN,936395,2007,True,True,True
CIEN,936395,2008,True,True,True
CIEN,936395,2009,False,False,True
CIEN,936395,2010,False,False,True
CIEN,936395,2011,False,False,True
CIEN,936395,2012,False,False,True
CIEN,936395,2013,False,False,True
CIEN,936395,2014,False,False,True
CIEN,936395,2015,False,False,True
CIEN,936395,2016,False,False,True
CIEN,936395,2017,False,False,True
CIEN,936395,2018,False,False,True
CIEN,936395,2019,False,False,True
CIEN,936395,2020,False,False,True
CIEN,936395,2021,False,False,True
CIEN,936395,2022,False,False,True
CIEN,936395,2023,False,False,True
CIEN,936395,2024,False,False,True
CIEN,936395,2025,True,False,True
CIN,899652,2002,True,True,True
CIN,899652,2003,True,True,True
CIN,899652,2004,True,True,True
CIN,899652,2005,True,True,True
CINF,20286,2000,True,True,True
CINF,20286,2001,True,True,True
CINF,20286,2002,True,True,True
CINF,20286,2003,True,True,True
CINF,20286,2004,True,True,True
CINF,20286,2005,True,True,True
CINF,20286,2006,True,True,True
CINF,20286,2007,True,True,True
CINF,20286,2008,True,True,True
CINF,20286,2009,False,False,True
CINF,20286,2010,False,False,True
CINF,20286,2011,False,False,True
CINF,20286,2012,False,False,True
CINF,20286,2013,False,False,True
CINF,20286,2014,False,False,True
CINF,20286,2015,False,False,True
CINF,20286,2016,False,False,True
CINF,20286,2017,False,False,True
CINF,20286,2018,False,False,True
CINF,20286,2019,False,False,True
CINF,20286,2020,False,False,True
CINF,20286,2021,False,False,True
CINF,20286,2022,False,False,True
CINF,20286,2023,False,False,True
CINF,20286,2024,False,False,True
CINF,20286,2025,True,False,True
CIT.A,20388,2000,True,True,True
CITGQ,1171825,2005,True,True,True
CITGQ,1171825,2006,True,True,True
CITGQ,1171825,2007,True,True,True
CITGQ,1171825,2008,True,True,True
CITGQ,1171825,2009,True,True,True
CL,21665,2002,True,True,True
CL,21665,2003,True,True,True
CL,21665,2004,True,True,True
CL,21665,2005,True,True,True
CL,21665,2006,True,True,True
CL,21665,2007,True,True,True
CL,21665,2008,True,True,True
CL,21665,2009,False,False,True
CL,21665,2010,False,False,True
CL,21665,2011,False,False,True
CL,21665,2012,False,False,True
CL,21665,2013,False,False,True
CL,21665,2014,False,False,True
CL,21665,2015,False,False,True
CL,21665,2016,False,False,True
CL,21665,2017,False,False,True
CL,21665,2018,False,False,True
CL,21665,2019,False,False,True
CL,21665,2020,False,False,True
CL,21665,2021,False,False,True
CL,21665,2022,False,False,True
CL,21665,2023,False,False,True
CL,21665,2024,False,False,True
CL,21665,2025,True,False,True
CLF,764065,2007,True,True,True
CLF,764065,2008,True,True,True
CLF,764065,2009,False,False,True
CLF,764065,2010,False,False,True
CLF,764065,2011,False,False,True
CLF,764065,2012,False,False,True
CLF,764065,2013,False,False,True
CLF,764065,2014,False,False,True
CLF,764065,2015,False,False,True
CLF,764065,2016,False,False,True
CLF,764065,2017,False,False,True
CLF,764065,2018,False,False,True
CLF,764065,2019,False,False,True
CLF,764065,2021,False,False,True
CLF,764065,2022,False,False,True
CLF,764065,2023,False,False,True
CLF,764065,2024,False,False,True
CLF,764065,2025,True,False,True
CLX,21076,2000,True,True,True
CLX,21076,2001,True,True,True
CLX,21076,2002,True,True,True
CLX,21076,2003,True,True,True
CLX,21076,2004,True,True,True
CLX,21076,2005,True,True,True
CLX,21076,2006,True,True,True
CLX,21076,2007,True,True,True
CLX,21076,2008,True,True,True
CLX,21076,2009,False,False,True
CLX,21076,2010,False,False,True
CLX,21076,2011,False,False,True
CLX,21076,2012,False,False,True
CLX,21076,2013,False,False,True
CLX,21076,2014,False,False,True
CLX,21076,2015,False,False,True
CLX,21076,2016,False,False,True
CLX,21076,2017,False,False,True
CLX,21076,2018,False,False,True
CLX,21076,2019,False,False,True
CLX,21076,2020,False,False,True
CLX,21076,2021,False,False,True
CLX,21076,2022,False,False,True
CLX,21076,2023,False,False,True
CLX,21076,2024,False,False,True
CLX,21076,2025,True,False,True
CMA,28412,2000,True,True,True
CMA,28412,2001,True,True,True
CMA,28412,2002,True,True,True
CMA,28412,2003,True,True,True
CMA,28412,2004,True,True,True
CMA,28412,2005,True,True,True
CMA,28412,2006,True,True,True
CMA,28412,2007,True,True,True
CMA,28412,2008,True,True,True
CMA,28412,2009,True,True,True
CMA,28412,2010,True,False,True
CMA,28412,2011,True,False,True
CMA,28412,2012,True,False,True
CMA,28412,2013,True,False,True
CMA,28412,2014,True,False,True
CMA,28412,2015,True,False,True
CMA,28412,2016,True,False,True
CMA,28412,2017,True,False,True
CMA,28412,2018,True,False,True
CMA,28412,2019,True,False,True
CMA,28412,2020,True,False,True
CMA,28412,2021,True,False,True
CMA,28412,2022,True,False,True
CMA,28412,2023,True,False,True
CMA,28412,2024,True,False,True
CMCSA,1166691,2003,True,True,True
CMCSA,1166691,2004,True,True,True
CMCSA,1166691,2005,True,True,True
CMCSA,1166691,2006,True,True,True
CMCSA,1166691,2007,True,True,True
CMCSA,1166691,2008,True,True,True
CMCSA,1166691,2009,False,False,True
CMCSA,1166691,2010,False,False,True
CMCSA,1166691,2011,False,False,True
CMCSA,1166691,2012,False,False,True
CMCSA,1166691,2013,False,False,True
CMCSA,1166691,2014,False,False,True
CMCSA,1166691,2015,False,False,True
CMCSA,1166691,2016,False,False,True
CMCSA,1166691,2017,False,False,True
CMCSA,1166691,2018,False,False,True
CMCSA,1166691,2019,False,False,True
CMCSA,1166691,2020,False,False,True
CMCSA,1166691,2021,False,False,True
CMCSA,1166691,2022,False,False,True
CMCSA,1166691,2023,False,False,True
CMCSA,1166691,2024,False,False,True
CMCSA,1166691,2025,True,True,True
CME,1156375,2001,True,True,True
CME,1156375,2002,True,True,True
CME,1156375,2003,True,True,True
CME,1156375,2004,True,True,True
CME,1156375,2005,True,True,True
CME,1156375,2006,True,True,True
CME,1156375,2007,True,True,True
CME,1156375,2008,True,True,True
CME,1156375,2009,False,False,True
CME,1156375,2010,False,False,True
CME,1156375,2011,False,False,True
CME,1156375,2012,False,False,True
CME,1156375,2013,False,False,True
CME,1156375,2014,False,False,True
CME,1156375,2015,False,False,True
CME,1156375,2016,False,False,True
CME,1156375,2017,False,False,True
CME,1156375,2018,False,False,True
CME,1156375,2019,False,False,True
CME,1156375,2020,False,False,True
CME,1156375,2021,False,False,True
CME,1156375,2022,False,False,True
CME,1156375,2023,False,False,True
CME,1156375,2024,False,False,True
CME,1156375,2025,True,True,True
CMG,1058090,2008,True,True,True
CMG,1058090,2009,False,False,True
CMG,1058090,2010,False,False,True
CMG,1058090,2011,False,False,True
CMG,1058090,2012,False,False,True
CMG,1058090,2013,False,False,True
CMG,1058090,2014,False,False,True
CMG,1058090,2015,False,False,True
CMG,1058090,2016,False,False,True
CMG,1058090,2017,False,False,True
CMG,1058090,2018,False,False,True
CMG,1058090,2019,False,False,True
CMG,1058090,2020,False,False,True
CMG,1058090,2021,False,False,True
CMG,1058090,2022,False,False,True
CMG,1058090,2023,False,False,True
CMG,1058090,2024,False,False,True
CMG,1058090,2025,True,False,True
CMI,26172,2000,True,True,True
CMI,26172,2001,True,True,True
CMI,26172,2002,True,True,True
CMI,26172,2003,True,True,True
CMI,26172,2004,True,True,True
CMI,26172,2005,True,True,True
CMI,26172,2006,True,True,True
CMI,26172,2007,True,True,True
CMI,26172,2008,True,True,True
CMI,26172,2009,False,False,True
CMI,26172,2010,False,False,True
CMI,26172,2011,False,False,True
CMI,26172,2012,False,False,True
CMI,26172,2013,False,False,True
CMI,26172,2014,False,False,True
CMI,26172,2015,False,False,True
CMI,26172,2016,False,False,True
CMI,26172,2017,False,False,True
CMI,26172,2018,False,False,True
CMI,26172,2019,False,False,True
CMI,26172,2020,False,False,True
CMI,26172,2021,False,False,True
CMI,26172,2022,False,False,True
CMI,26172,2023,False,False,True
CMI,26172,2024,False,False,True
CMI,26172,2025,True,False,True
CMS,811156,2000,True,True,True
CMS,811156,2001,True,True,True
CMS,811156,2003,True,True,True
CMS,811156,2004,True,True,True
CMS,811156,2005,True,True,True
CMS,811156,2007,True,True,True
CMS,811156,2008,True,True,True
CMS,811156,2009,False,False,True
CMS,811156,2010,False,False,True
CMS,811156,2011,False,False,True
CMS,811156,2012,False,False,True
CMS,811156,2013,False,False,True
CMS,811156,2014,False,False,True
CMS,811156,2015,False,False,True
CMS,811156,2016,False,False,True
CMS,811156,2017,False,False,True
CMS,811156,2018,False,False,True
CMS,811156,2019,False,False,True
CMS,811156,2020,False,False,True
CMS,811156,2021,False,False,True
CMS,811156,2022,False,False,True
CMS,811156,2023,False,False,True
CMS,811156,2024,False,False,True
CMS,811156,2025,True,False,True
CMVT,803014,2001,True,True,True
CMX,1000736,2001,True,True,True
CMX,1000736,2002,True,True,True
CMX,1000736,2003,True,True,True
CMX,1000736,2004,True,True,True
CMX,1000736,2005,True,True,True
CMX,1000736,2006,True,True,True
CNC,1071739,2001,True,True,True
CNC,1071739,2003,True,True,True
CNC,1071739,2004,True,True,True
CNC,1071739,2005,True,True,True
CNC,1071739,2006,True,True,True
CNC,1071739,2007,True,True,True
CNC,1071739,2008,True,True,True
CNC,1071739,2009,False,False,True
CNC,1071739,2010,False,False,True
CNC,1071739,2011,False,False,True
CNC,1071739,2012,False,False,True
CNC,1071739,2013,False,False,True
CNC,1071739,2014,False,False,True
CNC,1071739,2015,False,False,True
CNC,1071739,2016,False,False,True
CNC,1071739,2017,False,False,True
CNC,1071739,2018,False,False,True
CNC,1071739,2019,False,False,True
CNC,1071739,2020,False,False,True
CNC,1071739,2021,False,False,True
CNC,1071739,2022,False,False,True
CNC,1071739,2023,False,False,True
CNC,1071739,2024,False,False,True
CNC,1071739,2025,True,False,True
CNG,23738,2002,True,True,True
CNG,23738,2003,True,True,True
CNG,23738,2004,True,True,True
CNG,23738,2005,True,True,True
CNG,23738,2006,True,True,True
CNP,1130310,2006,True,True,True
CNP,1130310,2007,True,True,True
CNP,1130310,2008,True,True,True
CNP,1130310,2009,False,False,True
CNP,1130310,2010,False,False,True
CNP,1130310,2011,False,False,True
CNP,1130310,2012,False,False,True
CNP,1130310,2013,False,False,True
CNP,1130310,2014,False,False,True
CNP,1130310,2015,False,False,True
CNP,1130310,2016,False,False,True
CNP,1130310,2017,False,False,True
CNP,1130310,2018,False,False,True
CNP,1130310,2019,False,False,True
CNP,1130310,2020,False,False,True
CNP,1130310,2021,False,False,True
CNP,1130310,2022,False,False,True
CNP,1130310,2023,False,False,True
CNP,1130310,2024,False,False,True
CNP,1130310,2025,True,False,True
CNX,1070412,2001,True,True,True
CNX,1070412,2002,True,True,True
CNX,1070412,2003,True,True,True
CNX,1070412,2004,True,True,True
CNX,1070412,2005,True,True,True
CNX,1070412,2006,True,True,True
CNX,1070412,2007,True,True,True
CNX,1070412,2008,True,True,True
CNX,1070412,2009,False,False,True
CNX,1070412,2010,False,False,True
CNX,1070412,2011,False,False,True
CNX,1070412,2012,False,False,True
CNX,1070412,2013,False,False,True
CNX,1070412,2014,False,False,True
CNX,1070412,2015,False,False,True
CNX,1070412,2016,False,False,True
CNX,1070412,2017,False,False,True
CNX,1070412,2018,False,False,True
CNX,1070412,2019,False,False,True
CNX,1070412,2020,False,False,True
CNX,1070412,2021,False,False,True
CNX,1070412,2022,False,False,True
CNX,1070412,2023,False,False,True
CNX,1070412,2024,False,False,True
CNX,1070412,2025,True,False,True
CNXT,1069353,2002,True,True,True
CNXT,1069353,2004,True,True,True
CNXT,1069353,2005,True,True,True
CNXT,1069353,2006,True,True,True
CNXT,1069353,2007,True,True,True
CNXT,1069353,2008,True,True,True
COC.B,1066806,2000,True,True,True
COF,927628,2000,True,True,True
COF,927628,2001,True,True,True
COF,927628,2003,True,True,True
COF,927628,2004,True,True,True
COF,927628,2005,True,True,True
COF,927628,2006,True,True,True
COF,927628,2007,True,True,True
COF,927628,2008,True,True,True
COF,927628,2009,False,False,True
COF,927628,2010,False,False,True
COF,927628,2011,False,False,True
COF,927628,2012,False,False,True
COF,927628,2013,False,False,True
COF,927628,2014,False,False,True
COF,927628,2015,False,False,True
COF,927628,2016,False,False,True
COF,927628,2017,False,False,True
COF,927628,2018,False,False,True
COF,927628,2019,False,False,True
COF,927628,2020,False,False,True
COF,927628,2021,False,False,True
COF,927628,2022,False,False,True
COF,927628,2023,False,False,True
COF,927628,2024,False,False,True
COF,927628,2025,True,False,True
COG,858470,2000,True,True,True
COG,858470,2003,True,True,True
COG,858470,2004,True,True,True
COG,858470,2005,True,True,True
COG,858470,2006,True,True,True
COG,858470,2007,True,True,True
COG,858470,2008,True,True,True
COG,858470,2009,True,False,True
COG,858470,2010,True,False,True
COG,858470,2011,True,False,True
COG,858470,2012,True,False,True
COG,858470,2013,True,False,True
COG,858470,2014,True,False,True
COG,858470,2015,True,False,True
COG,858470,2016,True,False,True
COG,858470,2017,True,False,True
COG,858470,2018,True,False,True
COG,858470,2019,True,False,True
COG,858470,2020,True,False,True
COG,858470,2021,True,False,True
COHR,820318,2009,False,False,True
COHR,820318,2010,False,False,True
COHR,820318,2011,False,False,True
COHR,820318,2012,False,False,True
COHR,820318,2013,False,False,True
COHR,820318,2014,False,False,True
COHR,820318,2015,False,False,True
COHR,820318,2016,False,False,True
COHR,820318,2017,False,False,True
COHR,820318,2018,False,False,True
COHR,820318,2019,False,False,True
COHR,820318,2020,False,False,True
COHR,820318,2021,False,False,True
COHR,820318,2022,False,False,True
COHR,820318,2023,False,False,True
COHR,820318,2024,False,False,True
COHR,820318,2025,True,False,True
COIN,1679788,2019,True,True,True
COIN,1679788,2020,True,True,True
COIN,1679788,2021,False,False,True
COIN,1679788,2022,False,False,True
COIN,1679788,2023,False,False,True
COIN,1679788,2024,False,False,True
COIN,1679788,2025,True,True,True
COL,1137411,2001,True,True,True
COL,1137411,2002,True,True,True
COL,1137411,2003,True,True,True
COL,1137411,2004,True,True,True
COL,1137411,2005,True,True,True
COL,1137411,2006,True,True,True
COL,1137411,2007,True,True,True
COL,1137411,2008,True,True,True
COL,1137411,2009,True,False,True
COL,1137411,2010,True,False,True
COL,1137411,2011,True,False,True
COL,1137411,2012,True,False,True
COL,1137411,2013,True,False,True
COL,1137411,2014,True,False,True
COL,1137411,2015,True,False,True
COL,1137411,2016,True,False,True
COL,1137411,2017,True,False,True
COL,1137411,2018,True,False,True
COMS,738076,2000,True,True,True
COMS,738076,2002,True,True,True
COMS,738076,2003,True,True,True
COMS,738076,2004,True,True,True
COMS,738076,2005,True,True,True
COMS,738076,2006,True,True,True
COMS,738076,2007,True,True,True
COMS,738076,2008,True,True,True
COO,711404,2008,True,True,True
COO,711404,2009,False,False,True
COO,711404,2010,False,False,True
COO,711404,2011,False,False,True
COO,711404,2012,False,False,True
COO,711404,2013,False,False,True
COO,711404,2014,False,False,True
COO,711404,2015,False,False,True
COO,711404,2016,False,False,True
COO,711404,2017,False,False,True
COO,711404,2018,False,False,True
COO,711404,2019,False,False,True
COO,711404,2020,False,False,True
COO,711404,2021,False,False,True
COO,711404,2022,False,False,True
COO,711404,2023,False,False,True
COO,711404,2024,False,False,True
COO,711404,2025,True,False,True
COP,1163165,2003,True,True,True
COP,1163165,2004,True,True,True
COP,1163165,2005,True,True,True
COP,1163165,2006,True,True,True
COP,1163165,2007,True,True,True
COP,1163165,2008,True,True,True
COP,1163165,2009,False,False,True
COP,1163165,2010,False,False,True
COP,1163165,2011,False,False,True
COP,1163165,2012,False,False,True
COP,1163165,2013,False,False,True
COP,1163165,2014,False,False,True
COP,1163165,2015,False,False,True
COP,1163165,2016,False,False,True
COP,1163165,2017,False,False,True
COP,1163165,2018,False,False,True
COP,1163165,2019,False,False,True
COP,1163165,2020,False,False,True
COP,1163165,2021,False,False,True
COP,1163165,2022,False,False,True
COP,1163165,2023,False,False,True
COP,1163165,2024,False,False,True
COP,1163165,2025,True,False,True
COR,1140859,2007,True,True,True
COR,1140859,2008,True,True,True
COR,1140859,2009,False,False,True
COR,1140859,2010,False,False,True
COR,1140859,2011,False,False,True
COR,1140859,2012,False,False,True
COR,1140859,2013,False,False,True
COR,1140859,2014,False,False,True
COR,1140859,2015,False,False,True
COR,1140859,2016,False,False,True
COR,1140859,2017,False,False,True
COR,1140859,2018,False,False,True
COR,1140859,2019,False,False,True
COR,1140859,2020,False,False,True
COR,1140859,2021,False,False,True
COR,1140859,2022,False,False,True
COR,1140859,2023,False,False,True
COR,1140859,2024,False,False,True
COR,1140859,2025,True,False,True
COST,909832,2002,True,True,True
COST,909832,2003,True,True,True
COST,909832,2004,True,True,True
COST,909832,2005,True,True,True
COST,909832,2006,True,True,True
COST,909832,2007,True,True,True
COST,909832,2008,True,True,True
COST,909832,2009,False,False,True
COST,909832,2010,False,False,True
COST,909832,2011,False,False,True
COST,909832,2012,False,False,True
COST,909832,2013,False,False,True
COST,909832,2014,False,False,True
COST,909832,2015,False,False,True
COST,909832,2016,False,False,True
COST,909832,2017,False,False,True
COST,909832,2018,False,False,True
COST,909832,2019,False,False,True
COST,909832,2020,False,False,True
COST,909832,2021,False,False,True
COST,909832,2022,False,False,True
COST,909832,2023,False,False,True
COST,909832,2024,False,False,True
COST,909832,2025,True,False,True
COTY,1024305,2012,True,True,True
COTY,1024305,2013,True,True,True
COTY,1024305,2014,False,False,True
COTY,1024305,2015,False,False,True
COTY,1024305,2016,False,False,True
COTY,1024305,2017,False,False,True
COTY,1024305,2018,False,False,True
COTY,1024305,2019,False,False,True
COTY,1024305,2020,False,False,True
COTY,1024305,2021,False,False,True
COTY,1024305,2022,False,False,True
COTY,1024305,2023,False,False,True
COTY,1024305,2024,False,False,True
COTY,1024305,2025,True,False,True
COV,1385187,2009,True,False,True
COV,1385187,2011,True,False,True
COV,1385187,2012,True,False,True
COV,1385187,2013,True,False,True
COV,1385187,2014,True,False,True
CPAY,1175454,2009,True,True,True
CPAY,1175454,2010,False,False,True
CPAY,1175454,2011,False,False,True
CPAY,1175454,2012,False,False,True
CPAY,1175454,2013,False,False,True
CPAY,1175454,2014,False,False,True
CPAY,1175454,2015,False,False,True
CPAY,1175454,2016,False,False,True
CPAY,1175454,2017,False,False,True
CPAY,1175454,2018,False,False,True
CPAY,1175454,2019,False,False,True
CPAY,1175454,2020,False,False,True
CPAY,1175454,2021,False,False,True
CPAY,1175454,2022,False,False,True
CPAY,1175454,2023,False,False,True
CPAY,1175454,2024,False,False,True
CPAY,1175454,2025,True,False,True
CPB,16732,2001,True,True,True
CPB,16732,2003,True,True,True
CPB,16732,2004,True,True,True
CPB,16732,2005,True,True,True
CPB,16732,2006,True,True,True
CPB,16732,2007,True,True,True
CPB,16732,2008,True,True,True
CPB,16732,2009,False,False,True
CPB,16732,2010,False,False,True
CPB,16732,2011,False,False,True
CPB,16732,2012,False,False,True
CPB,16732,2013,False,False,True
CPB,16732,2014,False,False,True
CPB,16732,2015,False,False,True
CPB,16732,2016,False,False,True
CPB,16732,2017,False,False,True
CPB,16732,2018,False,False,True
CPB,16732,2019,False,False,True
CPB,16732,2020,False,False,True
CPB,16732,2021,False,False,True
CPB,16732,2022,False,False,True
CPB,16732,2023,False,False,True
CPB,16732,2024,False,False,True
CPB,16732,2025,True,False,True
CPGX,1629995,2015,True,False,True
CPGX,1629995,2016,True,False,True
CPNLQ,916457,2000,True,True,True
CPNLQ,916457,2001,True,True,True
CPNLQ,916457,2002,True,True,True
CPNLQ,916457,2003,True,True,True
CPNLQ,916457,2004,True,True,True
CPNLQ,916457,2005,True,True,True
CPNLQ,916457,2006,True,True,True
CPNLQ,916457,2007,True,True,True
CPNLQ,916457,2008,True,True,True
CPQ,714154,2000,True,True,True
CPRI,1530721,2011,True,False,True
CPRI,1530721,2012,False,False,True
CPRI,1530721,2013,False,False,True
CPRI,1530721,2014,False,False,True
CPRI,1530721,2015,False,False,True
CPRI,1530721,2016,False,False,True
CPRI,1530721,2017,False,False,True
CPRI,1530721,2018,False,False,True
CPRI,1530721,2019,False,False,True
CPRI,1530721,2020,False,False,True
CPRI,1530721,2021,False,False,True
CPRI,1530721,2022,False,False,True
CPRI,1530721,2023,False,False,True
CPRI,1530721,2024,False,False,True
CPRI,1530721,2025,True,False,True
CPRI,1530721,2026,True,False,True
CPRT,900075,2009,False,False,True
CPRT,900075,2010,False,False,True
CPRT,900075,2011,False,False,True
CPRT,900075,2012,False,False,True
CPRT,900075,2013,False,False,True
CPRT,900075,2014,False,False,True
CPRT,900075,2015,False,False,True
CPRT,900075,2016,False,False,True
CPRT,900075,2017,False,False,True
CPRT,900075,2018,False,False,True
CPRT,900075,2019,False,False,True
CPRT,900075,2020,False,False,True
CPRT,900075,2021,False,False,True
CPRT,900075,2022,False,False,True
CPRT,900075,2023,False,False,True
CPRT,900075,2024,False,False,True
CPRT,900075,2025,True,False,True
CPT,906345,2008,True,True,True
CPT,906345,2009,False,False,True
CPT,906345,2010,False,False,True
CPT,906345,2011,False,False,True
CPT,906345,2012,False,False,True
CPT,906345,2013,False,False,True
CPT,906345,2014,False,False,True
CPT,906345,2015,False,False,True
CPT,906345,2016,False,False,True
CPT,906345,2017,False,False,True
CPT,906345,2018,False,False,True
CPT,906345,2019,False,False,True
CPT,906345,2020,False,False,True
CPT,906345,2021,False,False,True
CPT,906345,2022,False,False,True
CPT,906345,2023,False,False,True
CPT,906345,2024,False,False,True
CPT,906345,2025,True,False,True
CPWR,827099,2008,True,True,True
CPWR,859014,2009,True,True,True
CPWR,827099,2010,False,False,True
CPWR,827099,2011,False,False,True
CPWR,827099,2012,False,False,True
CPWR,827099,2013,False,False,True
CPWR,827099,2014,False,False,True
CPWR,827099,2015,False,False,True
CPWR,827099,2016,False,False,True
CPWR,827099,2017,False,False,True
CPWR,827099,2018,False,False,True
CPWR,827099,2019,False,False,True
CPWR,827099,2020,False,False,True
CPWR,827099,2021,False,False,True
CPWR,827099,2022,False,False,True
CPWR,827099,2023,False,False,True
CPWR,827099,2024,False,False,True
CPWR,827099,2025,True,False,True
CR,1944013,2021,True,True,True
CR,1944013,2022,True,True,True
CR,1944013,2023,False,False,True
CR,1944013,2024,False,False,True
CR,1944013,2025,True,False,True
CRH,849395,2021,False,False,True
CRH,849395,2022,False,False,True
CRH,849395,2023,False,False,True
CRH,849395,2024,False,False,True
CRH,849395,2025,True,False,True
CRL,1100682,2008,True,True,True
CRL,1100682,2009,False,False,True
CRL,1100682,2010,False,False,True
CRL,1100682,2011,False,False,True
CRL,1100682,2012,False,False,True
CRL,1100682,2013,False,False,True
CRL,1100682,2014,False,False,True
CRL,1100682,2015,False,False,True
CRL,1100682,2016,False,False,True
CRL,1100682,2017,False,False,True
CRL,1100682,2018,False,False,True
CRL,1100682,2019,False,False,True
CRL,1100682,2020,False,False,True
CRL,1100682,2021,False,False,True
CRL,1100682,2022,False,False,True
CRL,1100682,2023,False,False,True
CRL,1100682,2024,False,False,True
CRL,1100682,2025,True,False,True
CRM,1108524,2005,True,True,True
CRM,1108524,2006,True,True,True
CRM,1108524,2007,True,True,True
CRM,1108524,2008,True,True,True
CRM,1108524,2009,False,False,True
CRM,1108524,2010,False,False,True
CRM,1108524,2011,False,False,True
CRM,1108524,2012,False,False,True
CRM,1108524,2013,False,False,True
CRM,1108524,2014,False,False,True
CRM,1108524,2015,False,False,True
CRM,1108524,2016,False,False,True
CRM,1108524,2017,False,False,True
CRM,1108524,2018,False,False,True
CRM,1108524,2019,False,False,True
CRM,1108524,2020,False,False,True
CRM,1108524,2021,False,False,True
CRM,1108524,2022,False,False,True
CRM,1108524,2023,False,False,True
CRM,1108524,2024,False,False,True
CRM,1108524,2025,True,False,True
CRM,1108524,2026,True,False,True
CRWD,1535527,2018,True,True,True
CRWD,1535527,2019,True,True,True
CRWD,1535527,2020,False,False,True
CRWD,1535527,2021,False,False,True
CRWD,1535527,2022,False,False,True
CRWD,1535527,2023,False,False,True
CRWD,1535527,2024,False,False,True
CRWD,1535527,2025,True,False,True
CRWD,1535527,2026,True,False,True
CSCO,858877,2000,True,True,True
CSCO,858877,2001,True,True,True
CSCO,858877,2002,True,True,True
CSCO,858877,2003,True,True,True
CSCO,858877,2004,True,True,True
CSCO,858877,2005,True,True,True
CSCO,858877,2006,True,True,True
CSCO,858877,2007,True,True,True
CSCO,858877,2008,True,True,True
CSCO,858877,2009,False,False,True
CSCO,858877,2010,False,False,True
CSCO,858877,2011,False,False,True
CSCO,858877,2012,False,False,True
CSCO,858877,2013,False,False,True
CSCO,858877,2014,False,False,True
CSCO,858877,2015,False,False,True
CSCO,858877,2016,False,False,True
CSCO,858877,2017,False,False,True
CSCO,858877,2018,False,False,True
CSCO,858877,2019,False,False,True
CSCO,858877,2020,False,False,True
CSCO,858877,2021,False,False,True
CSCO,858877,2022,False,False,True
CSCO,858877,2023,False,False,True
CSCO,858877,2024,False,False,True
CSCO,858877,2025,True,False,True
CSGP,1057352,2009,False,False,True
CSGP,1057352,2010,False,False,True
CSGP,1057352,2011,False,False,True
CSGP,1057352,2012,False,False,True
CSGP,1057352,2013,False,False,True
CSGP,1057352,2014,False,False,True
CSGP,1057352,2015,False,False,True
CSGP,1057352,2016,False,False,True
CSGP,1057352,2017,False,False,True
CSGP,1057352,2018,False,False,True
CSGP,1057352,2019,False,False,True
CSGP,1057352,2020,False,False,True
CSGP,1057352,2021,False,False,True
CSGP,1057352,2022,False,False,True
CSGP,1057352,2023,False,False,True
CSGP,1057352,2024,False,False,True
CSGP,1057352,2025,True,False,True
CSR,798359,2001,True,True,True
CSR,798359,2002,True,True,True
CSR,798359,2004,True,True,True
CSR,798359,2005,True,True,True
CSR,798359,2006,True,True,True
CSR,798359,2007,True,True,True
CSR,798359,2008,True,True,True
CSR,798359,2010,True,True,True
CSR,798359,2011,False,False,True
CSR,798359,2012,False,False,True
CSR,798359,2013,False,False,True
CSR,798359,2014,False,False,True
CSR,798359,2015,False,False,True
CSR,798359,2016,False,False,True
CSR,798359,2017,False,False,True
CSR,798359,2018,False,False,True
CSR,798359,2019,False,False,True
CSR,798359,2020,False,False,True
CSR,798359,2021,False,False,True
CSR,798359,2022,False,False,True
CSR,798359,2023,False,False,True
CSR,798359,2024,False,False,True
CSR,798359,2025,True,False,True
CSRA,1646383,2015,True,True,True
CSRA,1646383,2016,True,False,True
CSRA,1646383,2017,True,False,True
CSX,277948,2000,True,True,True
CSX,277948,2001,True,True,True
CSX,277948,2002,True,True,True
CSX,277948,2003,True,True,True
CSX,277948,2004,True,True,True
CSX,277948,2005,True,True,True
CSX,277948,2006,True,True,True
CSX,277948,2007,True,True,True
CSX,277948,2008,True,True,True
CSX,277948,2009,False,False,True
CSX,277948,2010,False,False,True
CSX,277948,2011,False,False,True
CSX,277948,2012,False,False,True
CSX,277948,2013,False,False,True
CSX,277948,2014,False,False,True
CSX,277948,2015,False,False,True
CSX,277948,2025,True,False,False
CTAS,723254,2000,True,True,True
CTAS,723254,2001,True,True,True
CTAS,723254,2002,True,True,True
CTAS,723254,2003,True,True,True
CTAS,723254,2004,True,True,True
CTAS,723254,2005,True,True,True
CTAS,723254,2006,True,True,True
CTAS,723254,2007,True,True,True
CTAS,723254,2008,True,True,True
CTAS,723254,2009,True,True,True
CTAS,723254,2010,False,False,True
CTAS,723254,2011,False,False,True
CTAS,723254,2012,False,False,True
CTAS,723254,2013,False,False,True
CTAS,723254,2014,False,False,True
CTAS,723254,2015,False,False,True
CTAS,723254,2016,False,False,True
CTAS,723254,2017,False,False,True
CTAS,723254,2018,False,False,True
CTAS,723254,2019,False,False,True
CTAS,723254,2020,False,False,True
CTAS,723254,2021,False,False,True
CTAS,723254,2022,False,False,True
CTAS,723254,2023,False,False,True
CTAS,723254,2024,False,False,True
CTAS,723254,2025,True,False,True
CTB,24491,2004,True,True,True
CTB,24491,2005,True,True,True
CTB,24491,2006,True,True,True
CTB,24491,2007,True,True,True
CTB,24491,2008,True,True,True
CTL,18926,2000,True,True,True
CTL,18926,2001,True,True,True
CTL,18926,2006,True,True,True
CTL,18926,2007,True,True,True
CTLT,1596783,2020,True,False,True
CTLT,1596783,2021,True,False,True
CTLT,1596783,2022,True,False,True
CTLT,1596783,2023,True,False,True
CTLT,1596783,2024,True,False,True
CTRA,858470,2022,True,False,True
CTRA,858470,2023,True,False,True
CTRA,858470,2024,True,False,True
CTRA,858470,2025,True,False,True
CTSH,1058290,2000,True,True,True
CTSH,1058290,2001,True,True,True
CTSH,1058290,2004,True,True,True
CTSH,1058290,2005,True,True,True
CTSH,1058290,2006,True,True,True
CTSH,1058290,2007,True,True,True
CTSH,1058290,2008,True,True,True
CTSH,1058290,2009,False,False,True
CTSH,1058290,2010,False,False,True
CTSH,1058290,2011,False,False,True
CTSH,1058290,2012,False,False,True
CTSH,1058290,2013,False,False,True
CTSH,1058290,2014,False,False,True
CTSH,1058290,2015,False,False,True
CTSH,1058290,2016,False,False,True
CTSH,1058290,2017,False,False,True
CTSH,1058290,2018,False,False,True
CTSH,1058290,2019,False,False,True
CTSH,1058290,2020,False,False,True
CTSH,1058290,2021,False,False,True
CTSH,1058290,2022,False,False,True
CTSH,1058290,2023,False,False,True
CTSH,1058290,2024,False,False,True
CTSH,1058290,2025,True,False,True
CTVA,1755672,2018,True,True,True
CTVA,1755672,2019,False,False,True
CTVA,1755672,2020,False,False,True
CTVA,1755672,2021,False,False,True
CTVA,1755672,2022,False,False,True
CTVA,1755672,2023,False,False,True
CTVA,1755672,2024,False,False,True
CTVA,1755672,2025,True,False,True
CTX,18532,2001,True,True,True
CTX,18532,2002,True,True,True
CTX,18532,2003,True,True,True
CTX,18532,2004,True,True,True
CTX,18532,2005,True,True,True
CTX,18532,2006,True,True,True
CTX,18532,2007,True,True,True
CTX,18532,2008,True,True,True
CTXS,877890,2000,True,True,True
CTXS,877890,2001,True,True,True
CTXS,877890,2002,True,True,True
CTXS,877890,2003,True,True,True
CTXS,877890,2004,True,True,True
CTXS,877890,2005,True,True,True
CTXS,877890,2006,True,True,True
CTXS,877890,2007,True,True,True
CTXS,877890,2008,True,True,True
CTXS,877890,2009,True,False,True
CTXS,877890,2010,True,False,True
CTXS,877890,2011,True,False,True
CTXS,877890,2012,True,False,True
CTXS,877890,2013,True,False,True
CTXS,877890,2014,True,False,True
CTXS,877890,2015,True,False,True
CTXS,877890,2016,True,False,True
CTXS,877890,2017,True,False,True
CTXS,877890,2018,True,False,True
CTXS,877890,2019,True,False,True
CTXS,877890,2020,True,False,True
CTXS,877890,2021,True,False,True
CVC,1053112,2010,True,False,True
CVC,1053112,2011,True,True,True
CVC,1053112,2012,True,True,True
CVC,1053112,2013,True,True,True
CVC,1053112,2014,True,True,True
CVC,1053112,2015,True,True,True
CVG,1062047,2000,True,True,True
CVG,1062047,2001,True,True,True
CVG,1062047,2002,True,True,True
CVG,1062047,2003,True,True,True
CVG,1062047,2004,True,True,True
CVG,1062047,2005,True,True,True
CVG,1062047,2006,True,True,True
CVG,1062047,2007,True,True,True
CVG,1062047,2008,True,True,True
CVG,1062047,2009,True,True,True
CVH,1054833,2001,True,True,True
CVH,1054833,2002,True,True,True
CVH,1054833,2003,True,True,True
CVH,1054833,2004,True,True,True
CVH,1054833,2005,True,True,True
CVH,1054833,2006,True,True,True
CVH,1054833,2007,True,True,True
CVH,1054833,2008,True,True,True
CVH,1054833,2009,True,True,True
CVH,1054833,2010,True,False,True
CVH,1054833,2011,True,False,True
CVH,1054833,2012,True,False,True
CVNA,1690820,2015,True,True,True
CVNA,1690820,2016,True,True,True
CVNA,1690820,2017,True,True,True
CVNA,1690820,2018,True,True,True
CVNA,1690820,2019,False,False,True
CVNA,1690820,2020,False,False,True
CVNA,1690820,2021,False,False,True
CVNA,1690820,2022,False,False,True
CVNA,1690820,2023,False,False,True
CVNA,1690820,2024,False,False,True
CVNA,1690820,2025,True,True,True
CVS,64803,2000,True,True,True
CVS,64803,2001,True,True,True
CVS,64803,2002,True,True,True
CVS,64803,2004,True,True,True
CVS,64803,2005,True,True,True
CVS,64803,2007,True,True,True
CVS,64803,2008,True,True,True
CVS,64803,2009,False,False,True
CVS,64803,2010,False,False,True
CVS,64803,2011,False,False,True
CVS,64803,2012,False,False,True
CVS,64803,2013,False,False,True
CVS,64803,2014,False,False,True
CVS,64803,2015,False,False,True
CVS,64803,2016,False,False,True
CVS,64803,2017,False,False,True
CVS,64803,2018,False,False,True
CVS,64803,2019,False,False,True
CVS,64803,2020,False,False,True
CVS,64803,2021,False,False,True
CVS,64803,2022,False,False,True
CVS,64803,2023,False,False,True
CVS,64803,2024,False,False,True
CVS,64803,2025,True,False,True
CVX,93410,2000,True,True,True
CVX,93410,2002,True,True,True
CVX,93410,2003,True,True,True
CVX,93410,2004,True,True,True
CVX,93410,2005,True,True,True
CVX,93410,2006,True,True,True
CVX,93410,2007,True,True,True
CVX,93410,2008,True,True,True
CVX,93410,2009,False,False,True
CVX,93410,2010,False,False,True
CVX,93410,2011,False,False,True
CVX,93410,2012,False,False,True
CVX,93410,2013,False,False,True
CVX,93410,2014,False,False,True
CVX,93410,2015,False,False,True
CVX,93410,2016,False,False,True
CVX,93410,2017,False,False,True
CVX,93410,2018,False,False,True
CVX,93410,2019,False,False,True
CVX,93410,2020,False,False,True
CVX,93410,2021,False,False,True
CVX,93410,2022,False,False,True
CVX,93410,2023,False,False,True
CVX,93410,2024,False,False,True
CVX,93410,2025,True,False,True
CXO,1358071,2016,True,False,True
CXO,1358071,2017,True,False,True
CXO,1358071,2018,True,False,True
CXO,1358071,2019,True,False,True
CZR,1590895,2012,True,True,True
CZR,1590895,2013,True,True,True
CZR,1590895,2014,False,False,True
CZR,1590895,2015,False,False,True
CZR,1590895,2017,False,False,True
CZR,1590895,2020,False,False,True
CZR,1590895,2021,False,False,True
CZR,1590895,2022,False,False,True
CZR,1590895,2023,False,False,True
CZR,1590895,2024,False,False,True
CZR,1590895,2025,True,False,True
D,715957,2001,True,True,True
D,715957,2002,True,True,True
D,715957,2003,True,True,True
D,715957,2004,True,True,True
D,715957,2005,True,True,True
D,715957,2006,True,True,True
D,715957,2007,True,True,True
D,715957,2008,True,True,True
D,715957,2009,False,False,True
D,715957,2010,False,False,True
D,715957,2011,False,False,True
D,715957,2012,False,False,True
D,715957,2013,False,False,True
D,715957,2014,False,False,True
D,715957,2015,False,False,True
D,715957,2016,False,False,True
D,715957,2017,False,False,True
D,715957,2018,False,False,True
D,715957,2019,False,False,True
D,715957,2020,False,False,True
D,715957,2021,False,False,True
D,715957,2022,False,False,True
D,715957,2023,False,False,True
D,715957,2024,False,False,True
D,715957,2025,True,False,True
DAL,27904,2008,True,True,True
DAL,27904,2009,False,False,True
DAL,27904,2010,False,False,True
DAL,27904,2012,False,False,True
DAL,27904,2013,False,False,True
DAL,27904,2014,False,False,True
DAL,27904,2015,False,False,True
DAL,27904,2016,False,False,True
DAL,27904,2017,False,False,True
DAL,27904,2018,False,False,True
DAL,27904,2019,False,False,True
DAL,27904,2020,False,False,True
DAL,27904,2021,False,False,True
DAL,27904,2022,False,False,True
DAL,27904,2023,False,False,True
DAL,27904,2024,False,False,True
DAL,27904,2025,True,False,True
DALRQ,27904,2001,True,True,True
DALRQ,27904,2003,True,True,True
DALRQ,27904,2004,True,True,True
DALRQ,27904,2005,True,True,True
DALRQ,27904,2007,True,True,True
DASH,1792789,2018,True,True,True
DASH,1792789,2019,True,True,True
DASH,1792789,2020,False,False,True
DASH,1792789,2021,False,False,True
DASH,1792789,2022,False,False,True
DASH,1792789,2023,False,False,True
DASH,1792789,2024,False,False,True
DASH,1792789,2025,True,True,True
DCNAQ,26780,2001,True,True,True
DCNAQ,26780,2002,True,True,True
DCNAQ,26780,2003,True,True,True
DCNAQ,26780,2004,True,True,True
DCNAQ,26780,2005,True,True,True
DCNAQ,26780,2006,True,True,True
DCNAQ,26780,2007,True,True,True
DCNAQ,26780,2008,True,True,True
DD,1666700,2015,False,False,True
DD,1666700,2016,False,False,True
DD,1666700,2017,False,False,True
DD,1666700,2018,False,False,True
DD,1666700,2019,False,False,True
DD,1666700,2020,False,False,True
DD,1666700,2021,False,False,True
DD,1666700,2022,False,False,True
DD,1666700,2023,False,False,True
DD,1666700,2024,False,False,True
DD,1666700,2025,True,False,True
DDOG,1561550,2017,True,True,True
DDOG,1561550,2018,True,True,True
DDOG,1561550,2019,False,False,True
DDOG,1561550,2020,False,False,True
DDOG,1561550,2021,False,False,True
DDOG,1561550,2022,False,False,True
DDOG,1561550,2023,False,False,True
DDOG,1561550,2024,False,False,True
DDOG,1561550,2025,True,True,True
DDR,894315,2000,True,True,True
DDR,894315,2001,True,True,True
DDR,894315,2002,True,True,True
DDR,894315,2003,True,True,True
DDR,894315,2004,True,True,True
DDR,894315,2005,True,True,True
DDR,894315,2006,True,True,True
DDR,894315,2007,True,True,True
DDR,894315,2008,True,True,True
DDR,894315,2009,True,True,True
DDS,28917,2006,True,True,True
DDS,28917,2007,True,True,True
DDS,28917,2008,True,True,True
DDS,28917,2009,True,True,True
DDS,28917,2010,False,False,True
DDS,28917,2011,False,False,True
DDS,28917,2012,False,False,True
DDS,28917,2013,False,False,True
DDS,28917,2014,False,False,True
DDS,28917,2015,False,False,True
DDS,28917,2016,False,False,True
DDS,28917,2017,False,False,True
DDS,28917,2018,False,False,True
DDS,28917,2019,False,False,True
DDS,28917,2020,False,False,True
DDS,28917,2021,False,False,True
DDS,28917,2022,False,False,True
DDS,28917,2023,False,False,True
DDS,28917,2024,False,False,True
DDS,28917,2025,True,True,True
DDS,28917,2026,True,True,True
DE,315189,2001,True,True,True
DE,315189,2002,True,True,True
DE,315189,2003,True,True,True
DE,315189,2004,True,True,True
DE,315189,2005,True,True,True
DE,315189,2006,True,True,True
DE,315189,2007,True,True,True
DE,315189,2008,True,True,True
DE,315189,2009,False,False,True
DE,315189,2010,False,False,True
DE,315189,2011,False,False,True
DE,315189,2012,False,False,True
DE,315189,2013,False,False,True
DE,315189,2014,False,False,True
DE,315189,2015,False,False,True
DE,315189,2016,False,False,True
DE,315189,2017,False,False,True
DE,315189,2018,False,False,True
DE,315189,2019,False,False,True
DE,315189,2020,False,False,True
DE,315189,2021,False,False,True
DE,315189,2022,False,False,True
DE,315189,2023,False,False,True
DE,315189,2024,False,False,True
DE,315189,2025,True,False,True
DEC,1922446,2023,False,False,True
DEC,1922446,2024,False,False,True
DEC,1922446,2025,True,False,True
DECK,910521,2008,True,True,True
DECK,910521,2009,False,False,True
DECK,910521,2010,False,False,True
DECK,910521,2011,False,False,True
DECK,910521,2012,False,False,True
DECK,910521,2013,False,False,True
DECK,910521,2014,False,False,True
DECK,910521,2015,False,False,True
DECK,910521,2016,False,False,True
DECK,910521,2017,False,False,True
DECK,910521,2018,False,False,True
DECK,910521,2019,False,False,True
DECK,910521,2020,False,False,True
DECK,910521,2021,False,False,True
DECK,910521,2022,False,False,True
DECK,910521,2023,False,False,True
DECK,910521,2024,False,False,True
DECK,910521,2025,True,False,True
DECK,910521,2026,True,False,True
DELL,1571996,2015,True,True,True
DELL,1571996,2016,True,True,True
DELL,1571996,2017,False,False,True
DELL,1571996,2018,False,False,True
DELL,1571996,2019,False,False,True
DELL,1571996,2020,False,False,True
DELL,1571996,2021,False,False,True
DELL,1571996,2022,False,False,True
DELL,1571996,2023,False,False,True
DELL,1571996,2024,False,False,True
DELL,1571996,2025,True,True,True
DELL,1571996,2026,True,True,True
DF,931336,2001,True,True,True
DF,931336,2006,True,True,True
DF,931336,2007,True,True,True
DF,931336,2008,True,True,True
DF,931336,2009,True,True,True
DF,931336,2010,True,False,True
DF,931336,2011,True,False,True
DF,931336,2012,True,False,True
DF,931336,2013,True,False,True
DFS,1393612,2007,True,True,True
DFS,1393612,2008,True,True,True
DFS,1393612,2009,True,False,True
DFS,1393612,2010,True,False,True
DFS,1393612,2011,True,False,True
DFS,1393612,2012,True,False,True
DFS,1393612,2013,True,False,True
DFS,1393612,2014,True,False,True
DFS,1393612,2015,True,False,True
DFS,1393612,2016,True,False,True
DFS,1393612,2017,True,False,True
DFS,1393612,2018,True,False,True
DFS,1393612,2019,True,False,True
DFS,1393612,2020,True,False,True
DFS,1393612,2021,True,False,True
DFS,1393612,2022,True,False,True
DFS,1393612,2023,True,False,True
DFS,1393612,2024,True,False,True
DG,29534,2000,True,True,True
DG,29534,2001,True,True,True
DG,29534,2003,True,True,True
DG,29534,2004,True,True,True
DG,29534,2005,True,True,True
DG,29534,2006,True,True,True
DG,29534,2007,True,True,True
DG,29534,2008,True,True,True
DG,29534,2010,False,False,True
DG,29534,2011,False,False,True
DG,29534,2012,False,False,True
DG,29534,2013,False,False,True
DG,29534,2014,False,False,True
DG,29534,2015,False,False,True
DG,29534,2016,False,False,True
DG,29534,2017,False,False,True
DG,29534,2018,False,False,True
DG,29534,2019,False,False,True
DG,29534,2020,False,False,True
DG,29534,2021,False,False,True
DG,29534,2022,False,False,True
DG,29534,2023,False,False,True
DG,29534,2024,False,False,True
DG,29534,2025,True,False,True
DG,29534,2026,True,False,True
DGX,1022079,2000,True,True,True
DGX,1022079,2001,True,True,True
DGX,1022079,2005,True,True,True
DGX,1022079,2006,True,True,True
DGX,1022079,2007,True,True,True
DGX,1022079,2008,True,True,True
DGX,1022079,2009,False,False,True
DGX,1022079,2010,False,False,True
DGX,1022079,2011,False,False,True
DGX,1022079,2012,False,False,True
DGX,1022079,2013,False,False,True
DGX,1022079,2014,False,False,True
DGX,1022079,2015,False,False,True
DGX,1022079,2016,False,False,True
DGX,1022079,2017,False,False,True
DGX,1022079,2018,False,False,True
DGX,1022079,2019,False,False,True
DGX,1022079,2020,False,False,True
DGX,1022079,2021,False,False,True
DGX,1022079,2022,False,False,True
DGX,1022079,2023,False,False,True
DGX,1022079,2024,False,False,True
DGX,1022079,2025,True,False,True
DHI,882184,2000,True,True,True
DHI,882184,2001,True,True,True
DHI,882184,2002,True,True,True
DHI,882184,2003,True,True,True
DHI,882184,2004,True,True,True
DHI,882184,2005,True,True,True
DHI,882184,2006,True,True,True
DHI,882184,2007,True,True,True
DHI,882184,2008,True,True,True
DHI,882184,2009,False,False,True
DHI,882184,2010,False,False,True
DHI,882184,2011,False,False,True
DHI,882184,2012,False,False,True
DHI,882184,2013,False,False,True
DHI,882184,2014,False,False,True
DHI,882184,2015,False,False,True
DHI,882184,2016,False,False,True
DHI,882184,2017,False,False,True
DHI,882184,2018,False,False,True
DHI,882184,2019,False,False,True
DHI,882184,2020,False,False,True
DHI,882184,2021,False,False,True
DHI,882184,2022,False,False,True
DHI,882184,2023,False,False,True
DHI,882184,2024,False,False,True
DHI,882184,2025,True,False,True
DHR,313616,2002,True,True,True
DHR,313616,2003,True,True,True
DHR,313616,2004,True,True,True
DHR,313616,2005,True,True,True
DHR,313616,2006,True,True,True
DHR,313616,2007,True,True,True
DHR,313616,2008,True,True,True
DHR,313616,2009,False,False,True
DHR,313616,2010,False,False,True
DHR,313616,2011,False,False,True
DHR,313616,2012,False,False,True
DHR,313616,2013,False,False,True
DHR,313616,2014,False,False,True
DHR,313616,2015,False,False,True
DHR,313616,2016,False,False,True
DHR,313616,2017,False,False,True
DHR,313616,2018,False,False,True
DHR,313616,2019,False,False,True
DHR,313616,2020,False,False,True
DHR,313616,2021,False,False,True
DHR,313616,2022,False,False,True
DHR,313616,2023,False,False,True
DHR,313616,2024,False,False,True
DHR,313616,2025,True,False,True
DIS,1744489,2017,False,False,True
DIS,1744489,2018,False,False,True
DIS,1744489,2019,False,False,True
DIS,1744489,2020,False,False,True
DIS,1744489,2021,False,False,True
DIS,1744489,2022,False,False,True
DIS,1744489,2023,False,False,True
DIS,1744489,2024,False,False,True
DIS,1744489,2025,True,False,True
DISH,1001082,2017,True,True,True
DISH,1001082,2018,True,True,True
DISH,1001082,2019,True,True,True
DISH,1001082,2020,True,True,True
DISH,1001082,2021,True,True,True
DISH,1001082,2022,True,True,True
DISH,1001082,2023,True,False,True
DJ,29924,2000,True,True,True
DJ,29924,2001,True,True,True
DJ,29924,2003,True,True,True
DJ,29924,2004,True,True,True
DJ,29924,2005,True,True,True
DJ,29924,2006,True,True,True
DLR,1297996,2009,False,False,True
DLR,1297996,2010,False,False,True
DLR,1297996,2011,False,False,True
DLR,1297996,2012,False,False,True
DLR,1297996,2013,False,False,True
DLR,1297996,2014,False,False,True
DLR,1297996,2015,False,False,True
DLR,1297996,2016,False,False,True
DLR,1297996,2017,False,False,True
DLR,1297996,2018,False,False,True
DLR,1297996,2019,False,False,True
DLR,1297996,2020,False,False,True
DLR,1297996,2021,False,False,True
DLR,1297996,2022,False,False,True
DLR,1297996,2023,False,False,True
DLR,1297996,2024,False,False,True
DLR,1297996,2025,True,False,True
DLTR,935703,2009,False,False,True
DLTR,935703,2010,False,False,True
DLTR,935703,2011,False,False,True
DLTR,935703,2012,False,False,True
DLTR,935703,2013,False,False,True
DLTR,935703,2014,False,False,True
DLTR,935703,2015,False,False,True
DLTR,935703,2016,False,False,True
DLTR,935703,2017,False,False,True
DLTR,935703,2018,False,False,True
DLTR,935703,2019,False,False,True
DLTR,935703,2020,False,False,True
DLTR,935703,2021,False,False,True
DLTR,935703,2022,False,False,True
DLTR,935703,2023,False,False,True
DLTR,935703,2024,False,False,True
DLTR,935703,2025,True,False,True
DLTR,935703,2026,True,False,True
DLX,27996,2001,True,True,True
DLX,27996,2002,True,True,True
DLX,27996,2003,True,True,True
DLX,27996,2004,True,True,True
DLX,27996,2005,True,True,True
DLX,27996,2006,True,True,True
DLX,27996,2007,True,True,True
DLX,27996,2008,True,True,True
DLX,27996,2009,False,False,True
DLX,27996,2010,False,False,True
DLX,27996,2011,False,False,True
DLX,27996,2012,False,False,True
DLX,27996,2013,False,False,True
DLX,27996,2014,False,False,True
DLX,27996,2015,False,False,True
DLX,27996,2016,False,False,True
DLX,27996,2017,False,False,True
DLX,27996,2018,False,False,True
DLX,27996,2019,False,False,True
DLX,27996,2020,False,False,True
DLX,27996,2021,False,False,True
DLX,27996,2022,False,False,True
DLX,27996,2023,False,False,True
DLX,27996,2024,False,False,True
DLX,27996,2025,True,False,True
DNB,1115222,2001,True,True,True
DNB,1115222,2002,True,True,True
DNB,1115222,2003,True,True,True
DNB,1115222,2004,True,True,True
DNB,1115222,2005,True,True,True
DNB,1115222,2006,True,True,True
DNB,1115222,2007,True,True,True
DNB,1115222,2008,True,True,True
DNB,1115222,2009,True,True,True
DNB,1115222,2010,True,False,True
DNB,1115222,2011,True,False,True
DNB,1115222,2012,True,False,True
DNB,1115222,2013,True,False,True
DNB,1115222,2014,True,False,True
DNB,1115222,2015,True,False,True
DNB,1115222,2016,True,False,True
DNB,1115222,2017,True,False,True
DNR,945764,2009,True,False,True
DNR,945764,2010,True,False,True
DNR,945764,2011,True,False,True
DNR,945764,2012,True,False,True
DNR,945764,2013,True,False,True
DNR,945764,2014,True,False,True
DNR,945764,2015,True,False,True
DO,949039,2009,True,False,True
DO,949039,2010,True,False,True
DO,949039,2011,True,False,True
DO,949039,2012,True,False,True
DO,949039,2013,True,False,True
DO,949039,2014,True,False,True
DO,949039,2015,True,False,True
DO,949039,2016,True,False,True
DOC,765880,2007,True,True,True
DOC,765880,2008,True,True,True
DOC,765880,2009,False,False,True
DOC,765880,2010,False,False,True
DOC,765880,2011,False,False,True
DOC,765880,2012,False,False,True
DOC,765880,2013,False,False,True
DOC,765880,2014,False,False,True
DOC,765880,2015,False,False,True
DOC,765880,2016,False,False,True
DOC,765880,2017,False,False,True
DOC,765880,2018,False,False,True
DOC,765880,2019,False,False,True
DOC,765880,2020,False,False,True
DOC,765880,2021,False,False,True
DOC,765880,2022,False,False,True
DOC,765880,2023,False,False,True
DOC,765880,2024,False,False,True
DOC,765880,2025,True,False,True
DOV,29905,2005,True,True,True
DOV,29905,2006,True,True,True
DOV,29905,2007,True,True,True
DOV,29905,2008,True,True,True
DOV,29905,2009,False,False,True
DOV,29905,2010,False,False,True
DOV,29905,2011,False,False,True
DOV,29905,2012,False,False,True
DOV,29905,2013,False,False,True
DOV,29905,2014,False,False,True
DOV,29905,2015,False,False,True
DOV,29905,2016,False,False,True
DOV,29905,2017,False,False,True
DOV,29905,2018,False,False,True
DOV,29905,2019,False,False,True
DOV,29905,2020,False,False,True
DOV,29905,2021,False,False,True
DOV,29905,2022,False,False,True
DOV,29905,2023,False,False,True
DOV,29905,2024,False,False,True
DOV,29905,2025,True,False,True
DOW,1751788,2017,True,True,True
DOW,1751788,2018,True,True,True
DOW,1751788,2022,False,False,True
DOW,1751788,2023,False,False,True
DOW,1751788,2024,False,False,True
DOW,1751788,2025,True,False,True
DPHIQ,1072342,2002,True,True,True
DPHIQ,1072342,2006,True,True,True
DPHIQ,1072342,2007,True,True,True
DPHIQ,1072342,2008,True,True,True
DPZ,1286681,2010,False,False,True
DPZ,1286681,2011,False,False,True
DPZ,1286681,2012,False,False,True
DPZ,1286681,2013,False,False,True
DPZ,1286681,2014,False,False,True
DPZ,1286681,2016,False,False,True
DPZ,1286681,2017,False,False,True
DPZ,1286681,2018,False,False,True
DPZ,1286681,2019,False,False,True
DPZ,1286681,2020,True,False,True
DPZ,1286681,2021,False,False,True
DPZ,1286681,2022,False,False,True
DPZ,1286681,2023,False,False,True
DPZ,1286681,2024,False,False,True
DPZ,1286681,2025,True,False,True
DRE,783280,2017,True,False,True
DRE,783280,2018,True,False,True
DRE,783280,2019,True,False,True
DRE,783280,2020,True,False,True
DRE,783280,2021,True,False,True
DRI,940944,2001,True,True,True
DRI,940944,2007,True,True,True
DRI,940944,2008,True,True,True
DRI,940944,2009,False,False,True
DRI,940944,2010,False,False,True
DRI,940944,2011,False,False,True
DRI,940944,2012,False,False,True
DRI,940944,2013,False,False,True
DRI,940944,2014,False,False,True
DRI,940944,2015,False,False,True
DRI,940944,2016,False,False,True
DRI,940944,2017,False,False,True
DRI,940944,2018,False,False,True
DRI,940944,2019,False,False,True
DRI,940944,2020,False,False,True
DRI,940944,2021,False,False,True
DRI,940944,2022,False,False,True
DRI,940944,2023,False,False,True
DRI,940944,2024,False,False,True
DRI,940944,2025,True,False,True
DTE,936340,2002,True,True,True
DTE,936340,2003,True,True,True
DTE,936340,2004,True,True,True
DTE,936340,2005,True,True,True
DTE,936340,2006,True,True,True
DTE,936340,2007,True,True,True
DTE,936340,2008,True,True,True
DTE,936340,2009,False,False,True
DTE,936340,2010,False,False,True
DTE,936340,2011,False,False,True
DTE,936340,2012,False,False,True
DTE,936340,2013,False,False,True
DTE,936340,2014,False,False,True
DTE,936340,2015,False,False,True
DTE,936340,2016,False,False,True
DTE,936340,2017,False,False,True
DTE,936340,2018,False,False,True
DTE,936340,2019,False,False,True
DTE,936340,2020,False,False,True
DTE,936340,2021,False,False,True
DTE,936340,2022,False,False,True
DTE,936340,2023,False,False,True
DTE,936340,2024,False,False,True
DTE,936340,2025,True,False,True
DTV,944868,2002,True,True,True
DTV,944868,2003,True,True,True
DTV,944868,2004,True,True,True
DTV,944868,2005,True,True,True
DTV,944868,2006,True,True,True
DTV,944868,2007,True,True,True
DTV,944868,2008,True,True,True
DUK,1326160,2006,True,True,True
DUK,1326160,2007,True,True,True
DUK,1326160,2008,True,True,True
DUK,1326160,2009,False,False,True
DUK,1326160,2010,False,False,True
DUK,1326160,2011,False,False,True
DUK,1326160,2012,False,False,True
DUK,1326160,2013,False,False,True
DUK,1326160,2014,False,False,True
DUK,1326160,2015,False,False,True
DUK,1326160,2016,False,False,True
DUK,1326160,2017,False,False,True
DUK,1326160,2018,False,False,True
DUK,1326160,2019,False,False,True
DUK,1326160,2020,False,False,True
DUK,1326160,2021,False,False,True
DUK,1326160,2022,False,False,True
DUK,1326160,2023,False,False,True
DUK,1326160,2024,False,False,True
DUK,1326160,2025,True,False,True
DVA,927066,2002,True,True,True
DVA,927066,2003,True,True,True
DVA,927066,2004,True,True,True
DVA,927066,2005,True,True,True
DVA,927066,2006,True,True,True
DVA,927066,2007,True,True,True
DVA,927066,2008,True,True,True
DVA,927066,2009,False,False,True
DVA,927066,2010,False,False,True
DVA,927066,2011,False,False,True
DVA,927066,2012,False,False,True
DVA,927066,2013,False,False,True
DVA,927066,2014,False,False,True
DVA,927066,2015,False,False,True
DVA,927066,2016,False,False,True
DVA,927066,2017,False,False,True
DVA,927066,2018,False,False,True
DVA,927066,2019,False,False,True
DVA,927066,2020,False,False,True
DVA,927066,2021,False,False,True
DVA,927066,2022,False,False,True
DVA,927066,2023,False,False,True
DVA,927066,2024,False,False,True
DVA,927066,2025,True,False,True
DVN,1090012,2001,True,True,True
DVN,1090012,2006,True,True,True
DVN,1090012,2007,True,True,True
DVN,1090012,2008,True,True,True
DVN,1090012,2009,True,False,True
DVN,1090012,2010,False,False,True
DVN,1090012,2011,False,False,True
DVN,1090012,2012,False,False,True
DVN,1090012,2013,False,False,True
DVN,1090012,2014,False,False,True
DVN,1090012,2015,False,False,True
DVN,1090012,2016,False,False,True
DVN,1090012,2017,False,False,True
DVN,1090012,2018,False,False,True
DVN,1090012,2019,False,False,True
DVN,1090012,2020,False,False,True
DVN,1090012,2021,False,False,True
DVN,1090012,2022,False,False,True
DVN,1090012,2023,False,False,True
DVN,1090012,2024,False,False,True
DVN,1090012,2025,True,False,True
DXC,1688568,2016,False,False,True
DXC,1688568,2017,False,False,True
DXC,1688568,2018,False,False,True
DXC,1688568,2019,False,False,True
DXC,1688568,2020,False,False,True
DXC,1688568,2021,False,False,True
DXC,1688568,2022,False,False,True
DXC,1688568,2025,True,False,True
DXC,1688568,2026,True,False,False
DXCM,1093557,2009,True,True,True
DXCM,1093557,2010,False,False,True
DXCM,1093557,2011,False,False,True
DXCM,1093557,2012,False,False,True
DXCM,1093557,2013,False,False,True
DXCM,1093557,2014,False,False,True
DXCM,1093557,2015,False,False,True
DXCM,1093557,2016,False,False,True
DXCM,1093557,2017,False,False,True
DXCM,1093557,2018,False,False,True
DXCM,1093557,2019,False,False,True
DXCM,1093557,2020,False,False,True
DXCM,1093557,2021,False,False,True
DXCM,1093557,2022,False,False,True
DXCM,1093557,2023,False,False,True
DXCM,1093557,2024,False,False,True
DXCM,1093557,2025,True,False,True
DYN,1818794,2019,True,True,True
DYN,1818794,2020,False,False,True
DYN,1818794,2021,False,False,True
DYN,1818794,2022,False,False,True
DYN,1818794,2023,False,False,True
DYN,1818794,2024,False,False,True
DYN,1818794,2025,True,False,True
EA,712515,2000,True,True,True
EA,712515,2001,True,True,True
EA,712515,2003,True,True,True
EA,712515,2004,True,True,True
EA,712515,2005,True,True,True
EA,712515,2006,True,True,True
EA,712515,2007,True,True,True
EA,712515,2008,True,True,True
EA,712515,2009,False,False,True
EA,712515,2010,False,False,True
EA,712515,2011,False,False,True
EA,712515,2012,False,False,True
EA,712515,2013,False,False,True
EA,712515,2014,False,False,True
EA,712515,2015,False,False,True
EA,712515,2016,False,False,True
EA,712515,2017,False,False,True
EA,712515,2018,False,False,True
EA,712515,2019,False,False,True
EA,712515,2020,False,False,True
EA,712515,2021,False,False,True
EA,712515,2022,False,False,True
EA,712515,2023,False,False,True
EA,712515,2024,False,False,True
EA,712515,2025,True,False,True
EA,712515,2026,True,False,True
EBAY,1065088,2000,True,True,True
EBAY,1065088,2001,True,True,True
EBAY,1065088,2002,True,True,True
EBAY,1065088,2003,True,True,True
EBAY,1065088,2004,True,True,True
EBAY,1065088,2005,True,True,True
EBAY,1065088,2006,True,True,True
EBAY,1065088,2007,True,True,True
EBAY,1065088,2008,True,True,True
EBAY,1065088,2009,False,False,True
EBAY,1065088,2010,False,False,True
EBAY,1065088,2011,False,False,True
EBAY,1065088,2012,False,False,True
EBAY,1065088,2013,False,False,True
EBAY,1065088,2014,False,False,True
EBAY,1065088,2015,False,False,True
EBAY,1065088,2016,False,False,True
EBAY,1065088,2017,False,False,True
EBAY,1065088,2018,False,False,True
EBAY,1065088,2019,False,False,True
EBAY,1065088,2020,False,False,True
EBAY,1065088,2021,False,False,True
EBAY,1065088,2022,False,False,True
EBAY,1065088,2023,False,False,True
EBAY,1065088,2024,False,False,True
EBAY,1065088,2025,True,False,True
ECL,31462,2001,True,True,True
ECL,31462,2002,True,True,True
ECL,31462,2003,True,True,True
ECL,31462,2004,True,True,True
ECL,31462,2005,True,True,True
ECL,31462,2006,True,True,True
ECL,31462,2007,True,True,True
ECL,31462,2008,True,True,True
ECL,31462,2009,False,False,True
ECL,31462,2010,False,False,True
ECL,31462,2011,False,False,True
ECL,31462,2012,False,False,True
ECL,31462,2013,False,False,True
ECL,31462,2014,False,False,True
ECL,31462,2015,False,False,True
ECL,31462,2016,False,False,True
ECL,31462,2017,False,False,True
ECL,31462,2018,False,False,True
ECL,31462,2019,False,False,True
ECL,31462,2020,False,False,True
ECL,31462,2021,False,False,True
ECL,31462,2022,False,False,True
ECL,31462,2023,False,False,True
ECL,31462,2024,False,False,True
ECL,31462,2025,True,False,True
ED,1047862,2000,True,True,True
ED,1047862,2001,True,True,True
ED,1047862,2002,True,True,True
ED,1047862,2003,True,True,True
ED,1047862,2004,True,True,True
ED,1047862,2005,True,True,True
ED,1047862,2006,True,True,True
ED,1047862,2007,True,True,True
ED,1047862,2008,True,True,True
ED,1047862,2009,False,False,True
ED,1047862,2010,False,False,True
ED,1047862,2011,False,False,True
ED,1047862,2012,False,False,True
ED,1047862,2013,False,False,True
ED,1047862,2014,False,False,True
ED,1047862,2015,False,False,True
ED,1047862,2016,False,False,True
ED,1047862,2017,False,False,True
ED,1047862,2018,False,False,True
ED,1047862,2019,False,False,True
ED,1047862,2020,False,False,True
ED,1047862,2021,False,False,True
ED,1047862,2022,False,False,True
ED,1047862,2023,False,False,True
ED,1047862,2024,False,False,True
ED,1047862,2025,True,False,True
EDS,1007456,2000,True,True,True
EDS,1007456,2001,True,True,True
EDS,1007456,2002,True,True,True
EDS,1007456,2003,True,True,True
EDS,1007456,2004,True,True,True
EDS,1007456,2005,True,True,True
EDS,1007456,2006,True,True,True
EDS,1007456,2007,True,True,True
EFX,33185,2002,True,True,True
EFX,33185,2003,True,True,True
EFX,33185,2004,True,True,True
EFX,33185,2005,True,True,True
EFX,33185,2007,True,True,True
EFX,33185,2008,True,True,True
EFX,33185,2009,False,False,True
EFX,33185,2010,False,False,True
EFX,33185,2011,False,False,True
EFX,33185,2012,False,False,True
EFX,33185,2013,False,False,True
EFX,33185,2014,False,False,True
EFX,33185,2015,False,False,True
EFX,33185,2016,False,False,True
EFX,33185,2017,False,False,True
EFX,33185,2018,False,False,True
EFX,33185,2019,False,False,True
EFX,33185,2020,False,False,True
EFX,33185,2021,False,False,True
EFX,33185,2022,False,False,True
EFX,33185,2023,False,False,True
EFX,33185,2024,False,False,True
EFX,33185,2025,True,False,True
EG,1095073,2008,True,True,True
EG,1095073,2009,False,False,True
EG,1095073,2010,False,False,True
EG,1095073,2011,False,False,True
EG,1095073,2012,False,False,True
EG,1095073,2013,False,False,True
EG,1095073,2014,False,False,True
EG,1095073,2015,False,False,True
EG,1095073,2016,False,False,True
EG,1095073,2017,False,False,True
EG,1095073,2018,False,False,True
EG,1095073,2019,False,False,True
EG,1095073,2020,False,False,True
EG,1095073,2021,False,False,True
EG,1095073,2022,False,False,True
EG,1095073,2023,False,False,True
EG,1095073,2024,False,False,True
EG,1095073,2025,True,False,True
EHC,785161,2000,True,True,True
EHC,785161,2001,True,True,True
EHC,785161,2003,True,True,True
EHC,785161,2004,True,True,True
EHC,785161,2005,True,True,True
EHC,785161,2006,True,True,True
EHC,785161,2007,True,True,True
EHC,785161,2008,True,True,True
EHC,785161,2009,False,False,True
EHC,785161,2010,False,False,True
EHC,785161,2011,False,False,True
EHC,785161,2012,False,False,True
EHC,785161,2013,False,False,True
EHC,785161,2014,False,False,True
EHC,785161,2015,False,False,True
EHC,785161,2016,False,False,True
EHC,785161,2017,False,False,True
EHC,785161,2018,False,False,True
EHC,785161,2019,False,False,True
EHC,785161,2020,False,False,True
EHC,785161,2021,False,False,True
EHC,785161,2022,False,False,True
EHC,785161,2023,False,False,True
EHC,785161,2024,False,False,True
EHC,785161,2025,True,False,True
EIX,827052,2000,True,True,True
EIX,827052,2001,True,True,True
EIX,827052,2006,True,True,True
EIX,827052,2007,True,True,True
EIX,827052,2008,True,True,True
EIX,827052,2009,False,False,True
EIX,827052,2010,False,False,True
EIX,827052,2011,False,False,True
EIX,827052,2012,False,False,True
EIX,827052,2013,False,False,True
EIX,827052,2014,False,False,True
EIX,827052,2015,False,False,True
EIX,827052,2016,False,False,True
EIX,827052,2017,False,False,True
EIX,827052,2018,False,False,True
EIX,827052,2019,False,False,True
EIX,827052,2020,False,False,True
EIX,827052,2021,False,False,True
EIX,827052,2022,False,False,True
EIX,827052,2023,False,False,True
EIX,827052,2024,False,False,True
EIX,827052,2025,True,False,True
EKDKQ,31235,2000,True,True,True
EKDKQ,31235,2001,True,True,True
EKDKQ,31235,2004,True,True,True
EKDKQ,31235,2005,True,True,True
EKDKQ,31235,2006,True,True,True
EKDKQ,31235,2007,True,True,True
EKDKQ,31235,2008,True,True,True
EKDKQ,31235,2009,True,True,True
EKDKQ,31235,2010,True,False,True
EL,1001250,2000,True,True,True
EL,1001250,2001,True,True,True
EL,1001250,2004,True,True,True
EL,1001250,2005,True,True,True
EL,1001250,2006,True,True,True
EL,1001250,2007,True,True,True
EL,1001250,2008,True,True,True
EL,1001250,2009,False,False,True
EL,1001250,2010,False,False,True
EL,1001250,2011,False,False,True
EL,1001250,2012,False,False,True
EL,1001250,2013,False,False,True
EL,1001250,2014,False,False,True
EL,1001250,2015,False,False,True
EL,1001250,2016,False,False,True
EL,1001250,2017,False,False,True
EL,1001250,2018,False,False,True
EL,1001250,2019,False,False,True
EL,1001250,2020,False,False,True
EL,1001250,2021,False,False,True
EL,1001250,2022,False,False,True
EL,1001250,2023,False,False,True
EL,1001250,2024,False,False,True
EL,1001250,2025,True,True,True
ELV,1156039,2007,True,True,True
ELV,1156039,2008,True,True,True
ELV,1156039,2009,False,False,True
ELV,1156039,2010,False,False,True
ELV,1156039,2011,False,False,True
ELV,1156039,2012,False,False,True
ELV,1156039,2013,False,False,True
ELV,1156039,2014,False,False,True
ELV,1156039,2015,False,False,True
ELV,1156039,2016,False,False,True
ELV,1156039,2017,False,False,True
ELV,1156039,2018,False,False,True
ELV,1156039,2019,False,False,True
ELV,1156039,2020,False,False,True
ELV,1156039,2021,False,False,True
ELV,1156039,2022,False,False,True
ELV,1156039,2023,False,False,True
ELV,1156039,2024,False,False,True
ELV,1156039,2025,True,False,True
EMC,790070,2000,True,True,True
EMC,790070,2001,True,True,True
EMC,790070,2002,True,True,True
EMC,790070,2005,True,True,True
EMC,790070,2006,True,True,True
EMC,790070,2009,True,False,True
EMC,790070,2010,True,False,True
EMC,790070,2011,True,False,True
EMC,790070,2012,True,False,True
EMC,790070,2013,True,False,True
EMC,790070,2014,True,False,True
EMC,790070,2015,True,False,True
EME,105634,2008,True,True,True
EME,105634,2009,False,False,True
EME,105634,2010,False,False,True
EME,105634,2012,False,False,True
EME,105634,2013,False,False,True
EME,105634,2014,False,False,True
EME,105634,2015,False,False,True
EME,105634,2016,False,False,True
EME,105634,2017,False,False,True
EME,105634,2018,False,False,True
EME,105634,2019,False,False,True
EME,105634,2020,False,False,True
EME,105634,2021,False,False,True
EME,105634,2022,False,False,True
EME,105634,2023,False,False,True
EME,105634,2024,False,False,True
EME,105634,2025,True,False,True
EMN,915389,2001,True,True,True
EMN,915389,2002,True,True,True
EMN,915389,2003,True,True,True
EMN,915389,2004,True,True,True
EMN,915389,2005,True,True,True
EMN,915389,2006,True,True,True
EMN,915389,2007,True,True,True
EMN,915389,2008,True,True,True
EMN,915389,2009,False,False,True
EMN,915389,2010,False,False,True
EMN,915389,2011,False,False,True
EMN,915389,2012,False,False,True
EMN,915389,2013,False,False,True
EMN,915389,2014,False,False,True
EMN,915389,2015,False,False,True
EMN,915389,2016,False,False,True
EMN,915389,2017,False,False,True
EMN,915389,2018,False,False,True
EMN,915389,2019,False,False,True
EMN,915389,2020,False,False,True
EMN,915389,2021,False,False,True
EMN,915389,2022,False,False,True
EMN,915389,2023,False,False,True
EMN,915389,2024,False,False,True
EMN,915389,2025,True,False,True
EMR,32604,2000,True,True,True
EMR,32604,2001,True,True,True
EMR,32604,2002,True,True,True
EMR,32604,2003,True,True,True
EMR,32604,2004,True,True,True
EMR,32604,2005,True,True,True
EMR,32604,2006,True,True,True
EMR,32604,2007,True,True,True
EMR,32604,2008,True,True,True
EMR,32604,2009,False,False,True
EMR,32604,2010,False,False,True
EMR,32604,2011,False,False,True
EMR,32604,2012,False,False,True
EMR,32604,2013,False,False,True
EMR,32604,2014,False,False,True
EMR,32604,2015,False,False,True
EMR,32604,2016,False,False,True
EMR,32604,2017,False,False,True
EMR,32604,2018,False,False,True
EMR,32604,2019,False,False,True
EMR,32604,2020,False,False,True
EMR,32604,2021,False,False,True
EMR,32604,2022,False,False,True
EMR,32604,2023,False,False,True
EMR,32604,2024,False,False,True
EMR,32604,2025,True,False,True
ENDP,1593034,2015,True,False,True
ENDP,1593034,2016,True,False,True
ENDP,1593034,2017,True,False,True
ENPH,1463101,2010,True,True,True
ENPH,1463101,2011,True,True,True
ENPH,1463101,2012,False,False,True
ENPH,1463101,2013,False,False,True
ENPH,1463101,2014,False,False,True
ENPH,1463101,2015,False,False,True
ENPH,1463101,2016,False,False,True
ENPH,1463101,2017,False,False,True
ENPH,1463101,2018,False,False,True
ENPH,1463101,2019,False,False,True
ENPH,1463101,2020,False,False,True
ENPH,1463101,2021,False,False,True
ENPH,1463101,2022,False,False,True
ENPH,1463101,2023,False,False,True
ENPH,1463101,2024,False,False,True
ENPH,1463101,2025,True,False,True
ENRNQ,1024401,2000,True,True,True
ENS,1289308,2009,False,False,True
ENS,1289308,2010,False,False,True
ENS,1289308,2011,False,False,True
ENS,1289308,2013,False,False,True
ENS,1289308,2014,False,False,True
ENS,1289308,2015,False,False,True
ENS,1289308,2016,False,False,True
ENS,1289308,2017,False,False,True
ENS,1289308,2018,False,False,True
ENS,1289308,2019,False,False,True
ENS,1289308,2020,False,False,True
ENS,1289308,2021,False,False,True
ENS,1289308,2022,False,False,True
ENS,1289308,2023,False,False,True
ENS,1289308,2024,False,False,True
ENS,1289308,2025,True,False,True
ENS,1289308,2026,True,False,True
EOG,821189,2000,True,True,True
EOG,821189,2001,True,True,True
EOG,821189,2005,True,True,True
EOG,821189,2006,True,True,True
EOG,821189,2007,True,True,True
EOG,821189,2008,True,True,True
EOG,821189,2009,False,False,True
EOG,821189,2010,False,False,True
EOG,821189,2011,False,False,True
EOG,821189,2012,False,False,True
EOG,821189,2013,False,False,True
EOG,821189,2014,False,False,True
EOG,821189,2015,False,False,True
EOG,821189,2016,False,False,True
EOG,821189,2017,False,False,True
EOG,821189,2018,False,False,True
EOG,821189,2019,False,False,True
EOG,821189,2020,False,False,True
EOG,821189,2021,False,False,True
EOG,821189,2022,False,False,True
EOG,821189,2023,False,False,True
EOG,821189,2024,False,False,True
EOG,821189,2025,True,False,True
EOP,1038339,2000,True,True,True
EOP,1038339,2002,True,True,True
EOP,1038339,2003,True,True,True
EOP,1038339,2004,True,True,True
EOP,1038339,2005,True,True,True
EP,1066107,2009,True,False,True
EP,887396,2010,False,False,True
EP,887396,2011,False,False,True
EP,887396,2012,True,False,True
EP,887396,2013,False,False,True
EP,887396,2014,False,False,True
EP,887396,2015,False,False,True
EP,887396,2016,False,False,True
EP,887396,2017,False,False,True
EP,887396,2018,False,False,True
EP,887396,2019,False,False,True
EP,887396,2020,False,False,True
EP,887396,2021,False,False,True
EP,887396,2022,False,False,True
EP,887396,2023,False,False,True
EP,887396,2024,False,False,True
EP,887396,2025,True,False,True
EPAM,1352010,2010,True,True,True
EPAM,1352010,2011,True,True,True
EPAM,1352010,2012,False,False,True
EPAM,1352010,2013,False,False,True
EPAM,1352010,2014,False,False,True
EPAM,1352010,2015,False,False,True
EPAM,1352010,2016,False,False,True
EPAM,1352010,2017,False,False,True
EPAM,1352010,2018,False,False,True
EPAM,1352010,2019,False,False,True
EPAM,1352010,2020,False,False,True
EPAM,1352010,2021,False,False,True
EPAM,1352010,2022,False,False,True
EPAM,1352010,2023,False,False,True
EPAM,1352010,2024,False,False,True
EPAM,1352010,2025,True,False,True
EQ,1746466,2017,True,True,True
EQ,1746466,2018,False,False,True
EQ,1746466,2019,False,False,True
EQ,1746466,2020,False,False,True
EQ,1746466,2021,False,False,True
EQ,1746466,2022,False,False,True
EQ,1746466,2023,False,False,True
EQ,1746466,2024,False,False,True
EQ,1746466,2025,True,False,True
EQIX,1101239,2008,True,True,True
EQIX,1101239,2009,False,False,True
EQIX,1101239,2010,False,False,True
EQIX,1101239,2011,False,False,True
EQIX,1101239,2012,False,False,True
EQIX,1101239,2013,False,False,True
EQIX,1101239,2014,False,False,True
EQIX,1101239,2015,False,False,True
EQIX,1101239,2016,False,False,True
EQIX,1101239,2017,False,False,True
EQIX,1101239,2018,False,False,True
EQIX,1101239,2019,False,False,True
EQIX,1101239,2020,False,False,True
EQIX,1101239,2021,False,False,True
EQIX,1101239,2022,False,False,True
EQIX,1101239,2023,False,False,True
EQIX,1101239,2024,False,False,True
EQIX,1101239,2025,True,False,True
EQR,906107,2000,True,True,True
EQR,906107,2002,True,True,True
EQR,906107,2003,True,True,True
EQR,906107,2004,True,True,True
EQR,906107,2005,True,True,True
EQR,906107,2006,True,True,True
EQR,906107,2007,True,True,True
EQR,906107,2008,True,True,True
EQR,906107,2009,False,False,True
EQR,906107,2010,False,False,True
EQR,906107,2011,False,False,True
EQR,906107,2012,False,False,True
EQR,906107,2013,False,False,True
EQR,906107,2014,False,False,True
EQR,906107,2015,False,False,True
EQR,906107,2016,False,False,True
EQR,906107,2017,False,False,True
EQR,906107,2018,False,False,True
EQR,906107,2019,False,False,True
EQR,906107,2020,False,False,True
EQR,906107,2021,False,False,True
EQR,906107,2022,False,False,True
EQR,906107,2023,False,False,True
EQR,906107,2024,False,False,True
EQR,906107,2025,True,False,True
EQT,33213,2000,True,True,True
EQT,33213,2001,True,True,True
EQT,33213,2002,True,True,True
EQT,33213,2003,True,True,True
EQT,33213,2004,True,True,True
EQT,33213,2005,True,True,True
EQT,33213,2006,True,True,True
EQT,33213,2007,True,True,True
EQT,33213,2008,True,True,True
EQT,33213,2009,False,False,True
EQT,33213,2010,False,False,True
EQT,33213,2011,False,False,True
EQT,33213,2013,False,False,True
EQT,33213,2014,False,False,True
EQT,33213,2015,False,False,True
EQT,33213,2016,False,False,True
EQT,33213,2017,False,False,True
EQT,33213,2018,False,False,True
EQT,33213,2019,False,False,True
EQT,33213,2020,False,False,True
EQT,33213,2021,False,False,True
EQT,33213,2022,False,False,True
EQT,33213,2023,False,False,True
EQT,33213,2024,False,False,True
EQT,33213,2025,True,False,True
ERIE,922621,2008,True,True,True
ERIE,922621,2009,True,True,True
ERIE,922621,2010,True,True,True
ERIE,922621,2011,True,True,True
ERIE,922621,2012,True,True,True
ERIE,922621,2013,True,True,True
ERIE,922621,2014,True,True,True
ERIE,922621,2015,False,False,True
ERIE,922621,2016,False,False,True
ERIE,922621,2017,False,False,True
ERIE,922621,2018,False,False,True
ERIE,922621,2019,False,False,True
ERIE,922621,2020,False,False,True
ERIE,922621,2021,False,False,True
ERIE,922621,2022,False,False,True
ERIE,922621,2023,False,False,True
ERIE,922621,2024,False,False,True
ERIE,922621,2025,True,True,True
ES,72741,2009,False,False,True
ES,72741,2010,False,False,True
ES,72741,2011,False,False,True
ES,72741,2012,False,False,True
ES,72741,2013,False,False,True
ES,72741,2014,False,False,True
ES,72741,2015,False,False,True
ES,72741,2016,False,False,True
ES,72741,2017,False,False,True
ES,72741,2018,False,False,True
ES,72741,2019,False,False,True
ES,72741,2020,False,False,True
ES,72741,2021,False,False,True
ES,72741,2022,False,False,True
ES,72741,2023,False,False,True
ES,72741,2024,False,False,True
ES,72741,2025,True,False,True
ESRX,885721,2000,True,True,True
ESRX,885721,2002,True,True,True
ESRX,885721,2003,True,True,True
ESRX,885721,2004,True,True,True
ESRX,885721,2005,True,True,True
ESRX,885721,2006,True,True,True
ESRX,885721,2009,True,False,True
ESRX,885721,2010,True,False,True
ESRX,885721,2011,True,False,True
ESS,920522,2008,True,True,True
ESS,920522,2009,False,False,True
ESS,920522,2010,False,False,True
ESS,920522,2011,False,False,True
ESS,920522,2012,False,False,True
ESS,920522,2013,False,False,True
ESS,920522,2014,False,False,True
ESS,920522,2015,False,False,True
ESS,920522,2016,False,False,True
ESS,920522,2017,False,False,True
ESS,920522,2018,False,False,True
ESS,920522,2019,False,False,True
ESS,920522,2020,False,False,True
ESS,920522,2021,False,False,True
ESS,920522,2022,False,False,True
ESS,920522,2023,False,False,True
ESS,920522,2024,False,False,True
ESS,920522,2025,True,False,True
ESV,314808,2009,True,False,True
ESV,314808,2012,True,False,True
ESV,314808,2013,True,False,True
ESV,314808,2014,True,False,True
ESV,314808,2015,True,False,True
ESV,314808,2016,True,False,True
ETFC,1015780,2001,True,True,True
ETFC,1015780,2002,True,True,True
ETFC,1015780,2003,True,True,True
ETFC,1015780,2004,True,True,True
ETFC,1015780,2005,True,True,True
ETFC,1015780,2006,True,True,True
ETFC,1015780,2007,True,True,True
ETFC,1015780,2008,True,True,True
ETFC,1015780,2009,True,True,True
ETFC,1015780,2010,True,False,True
ETFC,1015780,2011,True,False,True
ETFC,1015780,2012,True,False,True
ETFC,1015780,2013,True,False,True
ETFC,1015780,2014,True,False,True
ETFC,1015780,2015,True,False,True
ETFC,1015780,2016,True,False,True
ETFC,1015780,2017,True,False,True
ETFC,1015780,2018,True,False,True
ETFC,1015780,2019,True,False,True
ETN,1551182,2010,False,False,True
ETN,1551182,2011,False,False,True
ETN,1551182,2020,False,False,True
ETN,1551182,2021,False,False,True
ETN,1551182,2022,False,False,True
ETN,1551182,2023,False,False,True
ETN,1551182,2024,False,False,True
ETN,1551182,2025,True,False,True
ETR,65984,2000,True,True,True
ETR,65984,2001,True,True,True
ETR,65984,2002,True,True,True
ETR,65984,2003,True,True,True
ETR,65984,2004,True,True,True
ETR,65984,2005,True,True,True
ETR,65984,2006,True,True,True
ETR,65984,2007,True,True,True
ETR,65984,2008,True,True,True
ETR,65984,2009,False,False,True
ETR,65984,2010,False,False,True
ETR,65984,2011,False,False,True
ETR,65984,2012,False,False,True
ETR,65984,2013,False,False,True
ETR,65984,2014,False,False,True
ETR,65984,2015,False,False,True
ETR,65984,2016,False,False,True
ETR,65984,2017,False,False,True
ETR,65984,2018,False,False,True
ETR,65984,2019,False,False,True
ETR,65984,2020,False,False,True
ETR,65984,2021,False,False,True
ETR,65984,2022,False,False,True
ETR,65984,2023,False,False,True
ETR,65984,2024,False,False,True
ETR,65984,2025,True,False,True
ETS,2053641,2024,True,True,True
ETS,2053641,2025,True,False,True
ETSY,1370637,2013,True,True,True
ETSY,1370637,2014,True,True,True
ETSY,1370637,2015,False,False,True
ETSY,1370637,2016,False,False,True
ETSY,1370637,2017,False,False,True
ETSY,1370637,2018,False,False,True
ETSY,1370637,2019,False,False,True
ETSY,1370637,2020,False,False,True
ETSY,1370637,2021,False,False,True
ETSY,1370637,2022,False,False,True
ETSY,1370637,2023,False,False,True
ETSY,1370637,2024,False,False,True
ETSY,1370637,2025,True,False,True
EVHC,1678531,2016,True,False,True
EVHC,1678531,2017,True,False,True
EVRG,1711269,2016,False,False,True
EVRG,1711269,2017,False,False,True
EVRG,1711269,2018,False,False,True
EVRG,1711269,2019,False,False,True
EVRG,1711269,2020,False,False,True
EVRG,1711269,2021,False,False,True
EVRG,1711269,2022,False,False,True
EVRG,1711269,2023,False,False,True
EVRG,1711269,2024,False,False,True
EVRG,1711269,2025,True,False,True
EW,1099800,2008,True,True,True
EW,1099800,2009,False,False,True
EW,1099800,2010,False,False,True
EW,1099800,2011,False,False,True
EW,1099800,2012,False,False,True
EW,1099800,2013,False,False,True
EW,1099800,2014,False,False,True
EW,1099800,2015,False,False,True
EW,1099800,2016,False,False,True
EW,1099800,2017,False,False,True
EW,1099800,2018,False,False,True
EW,1099800,2019,False,False,True
EW,1099800,2020,False,False,True
EW,1099800,2021,False,False,True
EW,1099800,2022,False,False,True
EW,1099800,2023,False,False,True
EW,1099800,2024,False,False,True
EW,1099800,2025,True,False,True
EXC,1109357,2000,True,True,True
EXC,1109357,2001,True,True,True
EXC,1109357,2002,True,True,True
EXC,1109357,2003,True,True,True
EXC,1109357,2004,True,True,True
EXC,1109357,2005,True,True,True
EXC,1109357,2006,True,True,True
EXC,1109357,2007,True,True,True
EXC,1109357,2008,True,True,True
EXC,1109357,2009,False,False,True
EXC,1109357,2010,False,False,True
EXC,1109357,2011,False,False,True
EXC,1109357,2012,False,False,True
EXC,1109357,2013,False,False,True
EXC,1109357,2014,False,False,True
EXC,1109357,2015,False,False,True
EXC,1109357,2016,False,False,True
EXC,1109357,2017,False,False,True
EXC,1109357,2018,False,False,True
EXC,1109357,2019,False,False,True
EXC,1109357,2020,False,False,True
EXC,1109357,2021,False,False,True
EXC,1109357,2022,False,False,True
EXC,1109357,2023,False,False,True
EXC,1109357,2024,False,False,True
EXC,1109357,2025,True,False,True
EXE,895126,2007,True,True,True
EXE,895126,2008,True,True,True
EXE,895126,2009,True,False,True
EXE,895126,2010,True,False,True
EXE,895126,2011,True,False,True
EXE,895126,2012,True,False,True
EXE,895126,2013,True,False,True
EXE,895126,2014,True,False,True
EXE,895126,2015,True,False,True
EXE,895126,2016,True,False,True
EXE,895126,2017,True,False,True
EXE,895126,2018,True,False,True
EXE,895126,2019,True,False,True
EXE,895126,2020,True,False,True
EXE,895126,2021,False,False,True
EXE,895126,2022,False,False,True
EXE,895126,2023,False,False,True
EXE,895126,2024,False,False,True
EXE,895126,2025,True,False,True
EXPD,746515,2001,True,True,True
EXPD,746515,2002,True,True,True
EXPD,746515,2003,True,True,True
EXPD,746515,2004,True,True,True
EXPD,746515,2005,True,True,True
EXPD,746515,2006,True,True,True
EXPD,746515,2007,True,True,True
EXPD,746515,2008,True,True,True
EXPD,746515,2009,False,False,True
EXPD,746515,2010,False,False,True
EXPD,746515,2011,False,False,True
EXPD,746515,2012,False,False,True
EXPD,746515,2013,False,False,True
EXPD,746515,2014,False,False,True
EXPD,746515,2015,False,False,True
EXPD,746515,2016,False,False,True
EXPD,746515,2017,False,False,True
EXPD,746515,2018,False,False,True
EXPD,746515,2019,False,False,True
EXPD,746515,2020,False,False,True
EXPD,746515,2021,False,False,True
EXPD,746515,2022,False,False,True
EXPD,746515,2023,False,False,True
EXPD,746515,2024,False,False,True
EXPD,746515,2025,True,False,True
EXPE,1324424,2005,True,True,True
EXPE,1324424,2006,True,True,True
EXPE,1324424,2007,True,True,True
EXPE,1324424,2008,True,True,True
EXPE,1324424,2009,False,False,True
EXPE,1324424,2010,False,False,True
EXPE,1324424,2011,False,False,True
EXPE,1324424,2012,False,False,True
EXPE,1324424,2013,False,False,True
EXPE,1324424,2014,False,False,True
EXPE,1324424,2015,False,False,True
EXPE,1324424,2016,False,False,True
EXPE,1324424,2017,False,False,True
EXPE,1324424,2018,False,False,True
EXPE,1324424,2019,False,False,True
EXPE,1324424,2020,False,False,True
EXPE,1324424,2021,False,False,True
EXPE,1324424,2022,False,False,True
EXPE,1324424,2023,False,False,True
EXPE,1324424,2024,False,False,True
EXPE,1324424,2025,True,True,True
EXR,1289490,2008,True,True,True
EXR,1289490,2009,False,False,True
EXR,1289490,2010,False,False,True
EXR,1289490,2011,False,False,True
EXR,1289490,2012,False,False,True
EXR,1289490,2013,False,False,True
EXR,1289490,2014,False,False,True
EXR,1289490,2015,False,False,True
EXR,1289490,2016,False,False,True
EXR,1289490,2017,False,False,True
EXR,1289490,2018,False,False,True
EXR,1289490,2019,False,False,True
EXR,1289490,2020,False,False,True
EXR,1289490,2021,False,False,True
EXR,1289490,2022,False,False,True
EXR,1289490,2023,False,False,True
EXR,1289490,2024,False,False,True
EXR,1289490,2025,True,False,True
F,37996,2000,True,True,True
F,37996,2001,True,True,True
F,37996,2005,True,True,True
F,37996,2006,True,True,True
F,37996,2007,True,True,True
F,37996,2008,True,True,True
F,37996,2009,False,False,True
F,37996,2010,False,False,True
F,37996,2011,False,False,True
F,37996,2012,False,False,True
F,37996,2013,False,False,True
F,37996,2014,False,False,True
F,37996,2015,False,False,True
F,37996,2016,False,False,True
F,37996,2017,False,False,True
F,37996,2018,False,False,True
F,37996,2019,False,False,True
F,37996,2020,False,False,True
F,37996,2021,False,False,True
F,37996,2022,False,False,True
F,37996,2023,False,False,True
F,37996,2024,False,False,True
F,37996,2025,True,True,True
FANG,1539838,2010,True,True,True
FANG,1539838,2011,True,True,True
FANG,1539838,2012,False,False,True
FANG,1539838,2013,False,False,True
FANG,1539838,2014,False,False,True
FANG,1539838,2015,False,False,True
FANG,1539838,2016,False,False,True
FANG,1539838,2017,False,False,True
FANG,1539838,2018,False,False,True
FANG,1539838,2019,False,False,True
FANG,1539838,2020,False,False,True
FANG,1539838,2021,False,False,True
FANG,1539838,2022,False,False,True
FANG,1539838,2023,False,False,True
FANG,1539838,2024,False,False,True
FANG,1539838,2025,True,False,True
FAST,815556,2000,True,True,True
FAST,815556,2001,True,True,True
FAST,815556,2007,True,True,True
FAST,815556,2008,True,True,True
FAST,815556,2009,False,False,True
FAST,815556,2010,False,False,True
FAST,815556,2011,False,False,True
FAST,815556,2012,False,False,True
FAST,815556,2013,False,False,True
FAST,815556,2014,False,False,True
FAST,815556,2015,False,False,True
FAST,815556,2016,False,False,True
FAST,815556,2017,False,False,True
FAST,815556,2018,False,False,True
FAST,815556,2019,False,False,True
FAST,815556,2020,False,False,True
FAST,815556,2021,False,False,True
FAST,815556,2022,False,False,True
FAST,815556,2023,False,False,True
FAST,815556,2024,False,False,True
FAST,815556,2025,True,False,True
FBF,50341,2000,True,True,True
FBF,50341,2001,True,True,True
FBF,50341,2002,True,True,True
FBF,50341,2003,True,True,True
FBHS,1519751,2016,True,False,True
FBHS,1519751,2017,True,False,True
FBHS,1519751,2018,True,False,True
FBHS,1519751,2019,True,False,True
FBHS,1519751,2020,True,False,True
FBHS,1519751,2021,True,False,True
FBHS,1519751,2022,True,False,True
FCN,887936,2008,True,True,True
FCN,887936,2009,False,False,True
FCN,887936,2010,False,False,True
FCN,887936,2011,False,False,True
FCN,887936,2012,False,False,True
FCN,887936,2013,False,False,True
FCN,887936,2014,False,False,True
FCN,887936,2015,False,False,True
FCN,887936,2016,False,False,True
FCN,887936,2017,False,False,True
FCN,887936,2018,False,False,True
FCN,887936,2019,False,False,True
FCN,887936,2020,False,False,True
FCN,887936,2021,False,False,True
FCN,887936,2022,False,False,True
FCN,887936,2023,False,False,True
FCN,887936,2024,False,False,True
FCN,887936,2025,True,False,True
FCPT,1650132,2013,True,True,True
FCPT,1650132,2014,True,True,True
FCPT,1650132,2015,False,False,True
FCPT,1650132,2016,False,False,True
FCPT,1650132,2017,False,False,True
FCPT,1650132,2018,False,False,True
FCPT,1650132,2019,False,False,True
FCPT,1650132,2020,False,False,True
FCPT,1650132,2021,False,False,True
FCPT,1650132,2022,False,False,True
FCPT,1650132,2023,False,False,True
FCPT,1650132,2024,False,False,True
FCPT,1650132,2025,True,False,True
FCX,831259,2001,True,True,True
FCX,831259,2007,True,True,True
FCX,831259,2008,True,True,True
FCX,831259,2009,False,False,True
FCX,831259,2010,False,False,True
FCX,831259,2011,False,False,True
FCX,831259,2012,False,False,True
FCX,831259,2013,False,False,True
FCX,831259,2014,False,False,True
FCX,831259,2015,False,False,True
FCX,831259,2016,False,False,True
FCX,831259,2017,False,False,True
FCX,831259,2018,False,False,True
FCX,831259,2019,False,False,True
FCX,831259,2020,False,False,True
FCX,831259,2021,False,False,True
FCX,831259,2022,False,False,True
FCX,831259,2023,False,False,True
FCX,831259,2024,False,False,True
FCX,831259,2025,True,False,True
FD,794367,2005,True,True,True
FDC,883980,2000,True,True,True
FDC,883980,2001,True,True,True
FDC,883980,2002,True,True,True
FDC,883980,2003,True,True,True
FDC,883980,2004,True,True,True
FDC,883980,2005,True,True,True
FDC,883980,2006,True,True,True
FDC,883980,2007,True,True,True
FDC,883980,2008,True,True,True
FDO,34408,2000,True,True,True
FDO,34408,2002,True,True,True
FDO,34408,2003,True,True,True
FDO,34408,2004,True,True,True
FDO,34408,2005,True,True,True
FDO,34408,2006,True,True,True
FDO,34408,2007,True,True,True
FDO,34408,2008,True,True,True
FDO,34408,2009,True,True,True
FDO,34408,2010,True,True,True
FDO,34408,2011,True,False,True
FDO,34408,2012,True,False,True
FDO,34408,2013,True,False,True
FDO,34408,2014,True,False,True
FDS,1013237,2009,False,False,True
FDS,1013237,2014,False,False,True
FDS,1013237,2015,False,False,True
FDS,1013237,2016,False,False,True
FDS,1013237,2017,False,False,True
FDS,1013237,2018,False,False,True
FDS,1013237,2019,False,False,True
FDS,1013237,2020,False,False,True
FDS,1013237,2021,False,False,True
FDS,1013237,2022,False,False,True
FDS,1013237,2023,False,False,True
FDS,1013237,2024,False,False,True
FDS,1013237,2025,True,False,True
FDX,1048911,2001,True,True,True
FDX,1048911,2002,True,True,True
FDX,1048911,2003,True,True,True
FDX,1048911,2004,True,True,True
FDX,1048911,2005,True,True,True
FDX,1048911,2006,True,True,True
FDX,1048911,2007,True,True,True
FDX,1048911,2008,True,True,True
FDX,1048911,2009,False,False,True
FDX,1048911,2010,False,False,True
FDX,1048911,2011,False,False,True
FDX,1048911,2012,False,False,True
FDX,1048911,2013,False,False,True
FDX,1048911,2014,False,False,True
FDX,1048911,2015,False,False,True
FDX,1048911,2016,False,False,True
FDX,1048911,2017,False,False,True
FDX,1048911,2018,False,False,True
FDX,1048911,2019,False,False,True
FDX,1048911,2020,False,False,True
FDX,1048911,2021,False,False,True
FDX,1048911,2022,False,False,True
FDX,1048911,2023,False,False,True
FDX,1048911,2024,False,False,True
FDX,1048911,2025,True,False,True
FE,1031296,2000,True,True,True
FE,1031296,2001,True,True,True
FE,1031296,2004,True,True,True
FE,1031296,2005,True,True,True
FE,1031296,2006,True,True,True
FE,1031296,2007,True,True,True
FE,1031296,2008,True,True,True
FE,1031296,2009,False,False,True
FE,1031296,2010,False,False,True
FE,1031296,2011,False,False,True
FE,1031296,2012,False,False,True
FE,1031296,2013,False,False,True
FE,1031296,2014,False,False,True
FE,1031296,2015,False,False,True
FE,1031296,2016,False,False,True
FE,1031296,2017,False,False,True
FE,1031296,2018,False,False,True
FE,1031296,2019,False,False,True
FE,1031296,2020,False,False,True
FE,1031296,2021,False,False,True
FE,1031296,2022,False,False,True
FE,1031296,2023,False,False,True
FE,1031296,2024,False,False,True
FE,1031296,2025,True,False,True
FFIV,1048695,2008,True,True,True
FFIV,1048695,2009,False,False,True
FFIV,1048695,2010,False,False,True
FFIV,1048695,2011,False,False,True
FFIV,1048695,2012,False,False,True
FFIV,1048695,2013,False,False,True
FFIV,1048695,2014,False,False,True
FFIV,1048695,2015,False,False,True
FFIV,1048695,2016,False,False,True
FFIV,1048695,2017,False,False,True
FFIV,1048695,2018,False,False,True
FFIV,1048695,2019,False,False,True
FFIV,1048695,2020,False,False,True
FFIV,1048695,2021,False,False,True
FFIV,1048695,2022,False,False,True
FFIV,1048695,2023,False,False,True
FFIV,1048695,2024,False,False,True
FFIV,1048695,2025,True,False,True
FG,1934850,2021,True,True,True
FG,1934850,2022,False,False,True
FG,1934850,2023,False,False,True
FG,1934850,2024,False,False,True
FG,1934850,2025,True,False,True
FHN,36966,2005,True,True,True
FHN,36966,2006,True,True,True
FHN,36966,2007,True,True,True
FHN,36966,2008,True,True,True
FHN,36966,2009,False,False,True
FHN,36966,2010,False,False,True
FHN,36966,2011,False,False,True
FHN,36966,2012,False,False,True
FHN,36966,2013,False,False,True
FHN,36966,2014,False,False,True
FHN,36966,2015,False,False,True
FHN,36966,2016,False,False,True
FHN,36966,2017,False,False,True
FHN,36966,2018,False,False,True
FHN,36966,2019,False,False,True
FHN,36966,2020,False,False,True
FHN,36966,2021,False,False,True
FHN,36966,2022,False,False,True
FHN,36966,2023,False,False,True
FHN,36966,2024,False,False,True
FHN,36966,2025,True,False,True
FICO,814547,2008,True,True,True
FICO,814547,2009,False,False,True
FICO,814547,2010,False,False,True
FICO,814547,2011,False,False,True
FICO,814547,2012,False,False,True
FICO,814547,2013,False,False,True
FICO,814547,2014,False,False,True
FICO,814547,2015,False,False,True
FICO,814547,2016,False,False,True
FICO,814547,2017,False,False,True
FICO,814547,2018,False,False,True
FICO,814547,2019,False,False,True
FICO,814547,2020,False,False,True
FICO,814547,2021,False,False,True
FICO,814547,2022,False,False,True
FICO,814547,2023,False,False,True
FICO,814547,2024,False,False,True
FICO,814547,2025,True,False,True
FII,1056288,2002,True,True,True
FII,1056288,2003,True,True,True
FII,1056288,2004,True,True,True
FII,1056288,2005,True,True,True
FII,1056288,2006,True,True,True
FII,1056288,2007,True,True,True
FII,1056288,2008,True,True,True
FII,1056288,2009,True,True,True
FII,1056288,2010,True,True,True
FII,1056288,2011,True,True,True
FII,1056288,2012,True,True,True
FII,1056288,2013,True,True,True
FIS,1136893,2001,True,True,True
FIS,1136893,2002,True,True,True
FIS,1136893,2003,True,True,True
FIS,1136893,2004,True,True,True
FIS,1136893,2005,True,True,True
FIS,1136893,2006,True,True,True
FIS,1136893,2007,True,True,True
FIS,1136893,2008,True,True,True
FIS,1136893,2009,False,False,True
FIS,1136893,2010,False,False,True
FIS,1136893,2011,False,False,True
FIS,1136893,2012,False,False,True
FIS,1136893,2013,False,False,True
FIS,1136893,2014,False,False,True
FIS,1136893,2015,False,False,True
FIS,1136893,2016,False,False,True
FIS,1136893,2017,False,False,True
FIS,1136893,2018,False,False,True
FIS,1136893,2019,False,False,True
FIS,1136893,2020,False,False,True
FIS,1136893,2021,False,False,True
FIS,1136893,2022,False,False,True
FIS,1136893,2023,False,False,True
FIS,1136893,2024,False,False,True
FIS,1136893,2025,True,False,True
FISV,798354,2000,True,True,True
FISV,798354,2001,True,True,True
FISV,798354,2002,True,True,True
FISV,798354,2003,True,True,True
FISV,798354,2004,True,True,True
FISV,798354,2005,True,True,True
FISV,798354,2006,True,True,True
FISV,798354,2007,True,True,True
FISV,798354,2008,True,True,True
FISV,798354,2009,False,False,True
FISV,798354,2010,False,False,True
FISV,798354,2011,False,False,True
FISV,798354,2012,False,False,True
FISV,798354,2013,False,False,True
FISV,798354,2014,False,False,True
FISV,798354,2015,False,False,True
FISV,798354,2016,False,False,True
FISV,798354,2017,False,False,True
FISV,798354,2018,False,False,True
FISV,798354,2019,False,False,True
FISV,798354,2020,False,False,True
FISV,798354,2021,False,False,True
FISV,798354,2022,False,False,True
FISV,798354,2023,False,False,True
FISV,798354,2024,False,False,True
FISV,798354,2025,True,False,True
FITB,35527,2000,True,True,True
FITB,35527,2001,True,True,True
FITB,35527,2003,True,True,True
FITB,35527,2004,True,True,True
FITB,35527,2005,True,True,True
FITB,35527,2006,True,True,True
FITB,35527,2007,True,True,True
FITB,35527,2008,True,True,True
FITB,35527,2009,False,False,True
FITB,35527,2010,False,False,True
FITB,35527,2011,False,False,True
FITB,35527,2012,False,False,True
FITB,35527,2013,False,False,True
FITB,35527,2014,False,False,True
FITB,35527,2015,False,False,True
FITB,35527,2016,False,False,True
FITB,35527,2017,False,False,True
FITB,35527,2018,False,False,True
FITB,35527,2019,False,False,True
FITB,35527,2020,False,False,True
FITB,35527,2021,False,False,True
FITB,35527,2022,False,False,True
FITB,35527,2023,False,False,True
FITB,35527,2024,False,False,True
FITB,35527,2025,True,False,True
FIX,1035983,2009,False,False,True
FIX,1035983,2010,False,False,True
FIX,1035983,2011,False,False,True
FIX,1035983,2012,False,False,True
FIX,1035983,2013,False,False,True
FIX,1035983,2014,False,False,True
FIX,1035983,2015,False,False,True
FIX,1035983,2016,False,False,True
FIX,1035983,2017,False,False,True
FIX,1035983,2018,False,False,True
FIX,1035983,2019,False,False,True
FIX,1035983,2020,False,False,True
FIX,1035983,2021,False,False,True
FIX,1035983,2022,False,False,True
FIX,1035983,2023,False,False,True
FIX,1035983,2024,False,False,True
FIX,1035983,2025,True,False,True
FL,850209,2016,True,False,True
FL,850209,2017,True,False,True
FL,850209,2018,True,False,True
FL,850209,2019,True,False,True
FLIR,354908,2009,True,False,True
FLIR,354908,2010,True,False,True
FLIR,354908,2011,True,False,True
FLIR,354908,2012,True,False,True
FLIR,354908,2013,True,False,True
FLIR,354908,2014,True,False,True
FLIR,354908,2015,True,False,True
FLIR,354908,2016,True,False,True
FLIR,354908,2017,True,False,True
FLIR,354908,2018,True,False,True
FLIR,354908,2019,True,False,True
FLIR,354908,2020,True,False,True
FLR,1124198,2000,True,True,True
FLR,1124198,2001,True,True,True
FLR,1124198,2002,True,True,True
FLR,1124198,2003,True,True,True
FLR,1124198,2004,True,True,True
FLR,1124198,2005,True,True,True
FLR,1124198,2006,True,True,True
FLR,1124198,2007,True,True,True
FLR,1124198,2008,True,True,True
FLR,1124198,2009,False,False,True
FLR,1124198,2010,False,False,True
FLR,1124198,2011,False,False,True
FLR,1124198,2012,False,False,True
FLR,1124198,2013,False,False,True
FLR,1124198,2014,False,False,True
FLR,1124198,2015,False,False,True
FLR,1124198,2016,False,False,True
FLR,1124198,2017,False,False,True
FLR,1124198,2018,False,False,True
FLR,1124198,2019,False,False,True
FLR,1124198,2020,False,False,True
FLR,1124198,2021,False,False,True
FLR,1124198,2022,False,False,True
FLR,1124198,2023,False,False,True
FLR,1124198,2024,False,False,True
FLR,1124198,2025,True,False,True
FLS,30625,2001,True,True,True
FLS,30625,2002,True,True,True
FLS,30625,2003,True,True,True
FLS,30625,2004,True,True,True
FLS,30625,2005,True,True,True
FLS,30625,2006,True,True,True
FLS,30625,2007,True,True,True
FLS,30625,2008,True,True,True
FLS,30625,2009,False,False,True
FLS,30625,2010,False,False,True
FLS,30625,2011,False,False,True
FLS,30625,2012,False,False,True
FLS,30625,2013,False,False,True
FLS,30625,2014,False,False,True
FLS,30625,2015,False,False,True
FLS,30625,2016,False,False,True
FLS,30625,2017,False,False,True
FLS,30625,2018,False,False,True
FLS,30625,2019,False,False,True
FLS,30625,2020,False,False,True
FLS,30625,2021,False,False,True
FLS,30625,2022,False,False,True
FLS,30625,2023,False,False,True
FLS,30625,2024,False,False,True
FLS,30625,2025,True,False,True
FLTWQ,771298,2000,True,True,True
FMC,37785,2001,True,True,True
FMC,37785,2007,True,True,True
FMC,37785,2008,True,True,True
FMC,37785,2009,False,False,True
FMC,37785,2010,False,False,True
FMC,37785,2011,False,False,True
FMC,37785,2012,False,False,True
FMC,37785,2013,False,False,True
FMC,37785,2014,False,False,True
FMC,37785,2015,False,False,True
FMC,37785,2016,False,False,True
FMC,37785,2017,False,False,True
FMC,37785,2018,False,False,True
FMC,37785,2019,False,False,True
FMC,37785,2020,False,False,True
FMC,37785,2021,False,False,True
FMC,37785,2022,False,False,True
FMC,37785,2023,False,False,True
FMC,37785,2024,False,False,True
FMC,37785,2025,True,False,True
FMCC,1026214,2008,True,True,True
FMCC,1026214,2009,False,False,True
FMCC,1026214,2010,False,False,True
FMCC,1026214,2011,False,False,True
FMCC,1026214,2012,False,False,True
FMCC,1026214,2013,False,False,True
FMCC,1026214,2014,False,False,True
FMCC,1026214,2015,False,False,True
FMCC,1026214,2016,False,False,True
FMCC,1026214,2017,False,False,True
FMCC,1026214,2018,False,False,True
FMCC,1026214,2019,False,False,True
FMCC,1026214,2020,False,False,True
FMCC,1026214,2021,False,False,True
FMCC,1026214,2022,False,False,True
FMCC,1026214,2023,False,False,True
FMCC,1026214,2024,False,False,True
FMCC,1026214,2025,True,False,True
FNMA,310522,2002,True,True,True
FNMA,310522,2003,True,True,True
FNMA,310522,2004,True,True,True
FNMA,310522,2005,True,True,True
FNMA,310522,2006,True,True,True
FNMA,310522,2007,True,True,True
FNMA,310522,2008,True,True,True
FNMA,310522,2009,False,False,True
FNMA,310522,2010,False,False,True
FNMA,310522,2011,False,False,True
FNMA,310522,2012,False,False,True
FNMA,310522,2013,False,False,True
FNMA,310522,2014,False,False,True
FNMA,310522,2015,False,False,True
FNMA,310522,2016,False,False,True
FNMA,310522,2017,False,False,True
FNMA,310522,2018,False,False,True
FNMA,310522,2019,False,False,True
FNMA,310522,2020,False,False,True
FNMA,310522,2021,False,False,True
FNMA,310522,2022,False,False,True
FNMA,310522,2023,False,False,True
FNMA,310522,2024,False,False,True
FNMA,310522,2025,True,False,True
FOSL,883569,2009,False,False,True
FOSL,883569,2010,False,False,True
FOSL,883569,2011,False,False,True
FOSL,883569,2012,False,False,True
FOSL,883569,2013,False,False,True
FOSL,883569,2014,True,False,True
FOSL,883569,2015,False,False,True
FOSL,883569,2016,False,False,True
FOSL,883569,2017,False,False,True
FOSL,883569,2018,False,False,True
FOSL,883569,2019,False,False,True
FOSL,883569,2021,False,False,True
FOSL,883569,2022,False,False,True
FOSL,883569,2023,False,False,True
FOSL,883569,2024,False,False,True
FOSL,883569,2026,True,False,True
FOXA,1754301,2017,True,True,True
FOXA,1754301,2018,True,True,True
FOXA,1754301,2019,False,False,True
FOXA,1754301,2020,False,False,True
FOXA,1754301,2021,False,False,True
FOXA,1754301,2022,False,False,True
FOXA,1754301,2023,False,False,True
FOXA,1754301,2024,False,False,True
FOXA,1754301,2025,True,True,True
FRT,34903,2008,True,True,True
FRT,34903,2009,False,False,True
FRT,34903,2010,False,False,True
FRT,34903,2011,False,False,True
FRT,34903,2012,False,False,True
FRT,34903,2013,False,False,True
FRT,34903,2014,False,False,True
FRT,34903,2015,False,False,True
FRT,34903,2016,False,False,True
FRT,34903,2017,False,False,True
FRT,34903,2018,False,False,True
FRT,34903,2019,False,False,True
FRT,34903,2020,False,False,True
FRT,34903,2021,False,False,True
FRT,34903,2022,False,False,True
FRT,34903,2023,False,False,True
FRT,34903,2024,False,False,True
FRT,34903,2025,True,False,True
FRX,38074,2000,True,True,True
FRX,38074,2001,True,True,True
FRX,38074,2002,True,True,True
FRX,38074,2003,True,True,True
FRX,38074,2004,True,True,True
FRX,38074,2005,True,True,True
FRX,38074,2006,True,True,True
FRX,38074,2007,True,True,True
FRX,38074,2008,True,False,True
FRX,38074,2009,True,False,True
FRX,38074,2010,True,False,True
FRX,38074,2011,True,False,True
FRX,38074,2012,True,False,True
FRX,38074,2013,True,False,True
FRX,38074,2014,True,True,True
FSH,880430,2000,True,True,True
FSH,880430,2002,True,True,True
FSH,880430,2003,True,True,True
FSH,880430,2004,True,True,True
FSH,880430,2005,True,True,True
FSL,1272547,2004,True,True,True
FSL,1272547,2005,True,True,True
FSL,1272547,2007,True,True,True
FSL,1272547,2008,True,True,True
FSLR,1274494,2007,True,True,True
FSLR,1274494,2008,True,True,True
FSLR,1274494,2009,False,False,True
FSLR,1274494,2010,False,False,True
FSLR,1274494,2011,False,False,True
FSLR,1274494,2012,False,False,True
FSLR,1274494,2013,False,False,True
FSLR,1274494,2014,False,False,True
FSLR,1274494,2015,False,False,True
FSLR,1274494,2016,False,False,True
FSLR,1274494,2017,False,False,True
FSLR,1274494,2018,False,False,True
FSLR,1274494,2019,False,False,True
FSLR,1274494,2020,False,False,True
FSLR,1274494,2021,False,False,True
FSLR,1274494,2022,False,False,True
FSLR,1274494,2023,False,False,True
FSLR,1274494,2024,False,False,True
FSLR,1274494,2025,True,False,True
FTI,1681459,2015,False,False,True
FTI,1681459,2016,False,False,True
FTI,1681459,2017,False,False,True
FTI,1681459,2018,False,False,True
FTI,1681459,2019,False,False,True
FTI,1681459,2020,False,False,True
FTI,1681459,2021,False,False,True
FTI,1681459,2022,False,False,True
FTI,1681459,2023,False,False,True
FTI,1681459,2024,False,False,True
FTI,1681459,2025,True,False,True
FTNT,1262039,2009,False,False,True
FTNT,1262039,2010,False,False,True
FTNT,1262039,2011,False,False,True
FTNT,1262039,2012,False,False,True
FTNT,1262039,2013,False,False,True
FTNT,1262039,2014,False,False,True
FTNT,1262039,2015,False,False,True
FTNT,1262039,2016,False,False,True
FTNT,1262039,2017,False,False,True
FTNT,1262039,2018,False,False,True
FTNT,1262039,2019,False,False,True
FTNT,1262039,2020,False,False,True
FTNT,1262039,2021,False,False,True
FTNT,1262039,2022,False,False,True
FTNT,1262039,2023,False,False,True
FTNT,1262039,2024,False,False,True
FTNT,1262039,2025,True,False,True
FTR,20520,2000,True,True,True
FTR,20520,2001,True,True,True
FTR,20520,2009,True,True,True
FTR,20520,2010,True,False,True
FTR,20520,2011,True,False,True
FTR,20520,2012,True,False,True
FTR,20520,2013,True,False,True
FTR,20520,2014,True,False,True
FTR,20520,2015,True,False,True
FTR,20520,2016,True,False,True
FTR,20520,2017,True,False,True
FTV,1659166,2014,True,True,True
FTV,1659166,2015,True,True,True
FTV,1659166,2016,True,False,True
FTV,1659166,2017,False,False,True
FTV,1659166,2018,False,False,True
FTV,1659166,2019,False,False,True
FTV,1659166,2020,False,False,True
FTV,1659166,2023,False,False,True
FTV,1659166,2024,False,False,True
FTV,1659166,2025,True,False,True
FWLT,38321,2000,True,True,True
G,1398659,2007,True,True,True
G,1398659,2008,True,True,True
G,1398659,2009,False,False,True
G,1398659,2010,False,False,True
G,1398659,2011,False,False,True
G,1398659,2012,False,False,True
G,1398659,2013,False,False,True
G,1398659,2014,False,False,True
G,1398659,2015,False,False,True
G,1398659,2016,False,False,True
G,1398659,2017,False,False,True
G,1398659,2018,False,False,True
G,1398659,2019,False,False,True
G,1398659,2020,False,False,True
G,1398659,2021,False,False,True
G,1398659,2022,False,False,True
G,1398659,2023,False,False,True
G,1398659,2024,False,False,True
G,1398659,2025,True,False,True
GAPTQ,43300,2000,True,True,True
GAS,1004155,2009,True,False,True
GAS,1004155,2010,True,False,True
GAS,1004155,2011,True,False,True
GAS,1004155,2012,True,False,True
GAS,1004155,2013,True,False,True
GAS,1004155,2014,True,False,True
GAS,1004155,2015,True,False,True
GD,40533,2001,True,True,True
GD,40533,2002,True,True,True
GD,40533,2003,True,True,True
GD,40533,2004,True,True,True
GD,40533,2005,True,True,True
GD,40533,2006,True,True,True
GD,40533,2007,True,True,True
GD,40533,2008,True,True,True
GD,40533,2009,False,False,True
GD,40533,2010,False,False,True
GD,40533,2011,False,False,True
GD,40533,2012,False,False,True
GD,40533,2013,False,False,True
GD,40533,2014,False,False,True
GD,40533,2015,False,False,True
GD,40533,2016,False,False,True
GD,40533,2017,False,False,True
GD,40533,2018,False,False,True
GD,40533,2019,False,False,True
GD,40533,2020,False,False,True
GD,40533,2021,False,False,True
GD,40533,2022,False,False,True
GD,40533,2023,False,False,True
GD,40533,2024,False,False,True
GD,40533,2025,True,False,True
GDDY,1609711,2013,True,True,True
GDDY,1609711,2014,True,True,True
GDDY,1609711,2015,False,False,True
GDDY,1609711,2016,False,False,True
GDDY,1609711,2017,False,False,True
GDDY,1609711,2018,False,False,True
GDDY,1609711,2019,True,True,True
GDDY,1609711,2020,True,True,True
GDDY,1609711,2021,True,True,True
GDDY,1609711,2022,True,True,True
GDDY,1609711,2023,False,False,True
GDDY,1609711,2024,False,False,True
GDDY,1609711,2025,True,False,True
GDT,929987,2001,True,True,True
GDT,929987,2004,True,True,True
GDT,929987,2005,True,True,True
GDW,42293,2000,True,True,True
GDW,42293,2004,True,True,True
GDW,42293,2005,True,True,True
GE,40545,2000,True,True,True
GE,40545,2001,True,True,True
GE,40545,2003,True,True,True
GE,40545,2004,True,True,True
GE,40545,2005,True,True,True
GE,40545,2006,True,True,True
GE,40545,2007,True,True,True
GE,40545,2008,True,True,True
GE,40545,2009,False,False,True
GE,40545,2010,False,False,True
GE,40545,2011,False,False,True
GE,40545,2012,False,False,True
GE,40545,2013,False,False,True
GE,40545,2014,False,False,True
GE,40545,2015,False,False,True
GE,40545,2016,False,False,True
GE,40545,2017,False,False,True
GE,40545,2018,False,False,True
GE,40545,2019,False,False,True
GE,40545,2020,False,False,True
GE,40545,2021,False,False,True
GE,40545,2022,False,False,True
GE,40545,2023,False,False,True
GE,40545,2024,False,False,True
GE,40545,2025,True,False,True
GEHC,1932393,2021,True,True,True
GEHC,1932393,2022,False,False,True
GEHC,1932393,2023,False,False,True
GEHC,1932393,2024,False,False,True
GEHC,1932393,2025,True,False,True
GEN,849399,2008,True,True,True
GEN,849399,2009,False,False,True
GEN,849399,2010,False,False,True
GEN,849399,2011,False,False,True
GEN,849399,2012,False,False,True
GEN,849399,2013,False,False,True
GEN,849399,2014,False,False,True
GEN,849399,2015,False,False,True
GEN,849399,2016,False,False,True
GEN,849399,2017,False,False,True
GEN,849399,2018,False,False,True
GEN,849399,2019,False,False,True
GEN,849399,2020,False,False,True
GEN,849399,2021,False,False,True
GEN,849399,2022,False,False,True
GEN,849399,2023,False,False,True
GEN,849399,2024,False,False,True
GEN,849399,2025,True,False,True
GEN,849399,2026,True,False,True
GENZ,732485,2000,True,True,True
GENZ,732485,2001,True,True,True
GENZ,732485,2002,True,True,True
GENZ,732485,2003,True,True,True
GENZ,732485,2004,True,True,True
GENZ,732485,2005,True,True,True
GENZ,732485,2006,True,True,True
GENZ,732485,2007,True,True,True
GENZ,732485,2008,True,True,True
GENZ,732485,2009,True,False,True
GENZ,732485,2010,True,False,True
GEV,1996810,2022,True,True,True
GEV,1996810,2023,True,True,True
GEV,1996810,2024,False,False,True
GEV,1996810,2025,True,False,True
GGP,1496048,2013,True,False,True
GGP,1496048,2014,True,False,True
GGP,1496048,2015,True,False,True
GGP,1496048,2016,True,False,True
GGP,1496048,2017,True,False,True
GGP,1496048,2018,True,False,True
GHC,104889,2000,True,True,True
GHC,104889,2007,True,True,True
GHC,104889,2008,True,True,True
GHC,104889,2009,True,True,True
GHC,104889,2010,False,False,True
GHC,104889,2011,False,False,True
GHC,104889,2012,False,False,True
GHC,104889,2013,False,False,True
GHC,104889,2014,False,False,True
GHC,104889,2015,False,False,True
GHC,104889,2016,False,False,True
GHC,104889,2017,False,False,True
GHC,104889,2018,False,False,True
GHC,104889,2019,False,False,True
GHC,104889,2020,False,False,True
GHC,104889,2021,False,False,True
GHC,104889,2022,False,False,True
GHC,104889,2023,False,False,True
GHC,104889,2024,False,False,True
GHC,104889,2025,True,True,True
GILD,882095,2000,True,True,True
GILD,882095,2001,True,True,True
GILD,882095,2002,True,True,True
GILD,882095,2003,True,True,True
GILD,882095,2004,True,True,True
GILD,882095,2005,True,True,True
GILD,882095,2006,True,True,True
GILD,882095,2007,True,True,True
GILD,882095,2008,True,True,True
GILD,882095,2009,False,False,True
GILD,882095,2010,False,False,True
GILD,882095,2011,False,False,True
GILD,882095,2012,False,False,True
GILD,882095,2013,False,False,True
GILD,882095,2014,False,False,True
GILD,882095,2015,False,False,True
GILD,882095,2016,False,False,True
GILD,882095,2017,False,False,True
GILD,882095,2018,False,False,True
GILD,882095,2019,False,False,True
GILD,882095,2020,False,False,True
GILD,882095,2021,False,False,True
GILD,882095,2022,False,False,True
GILD,882095,2023,False,False,True
GILD,882095,2024,False,False,True
GILD,882095,2025,True,False,True
GIS,40704,2000,True,True,True
GIS,40704,2001,True,True,True
GIS,40704,2003,True,True,True
GIS,40704,2004,True,True,True
GIS,40704,2005,True,True,True
GIS,40704,2006,True,True,True
GIS,40704,2007,True,True,True
GIS,40704,2008,True,True,True
GIS,40704,2009,False,False,True
GIS,40704,2010,False,False,True
GIS,40704,2011,False,False,True
GIS,40704,2012,False,False,True
GIS,40704,2013,False,False,True
GIS,40704,2014,False,False,True
GIS,40704,2015,False,False,True
GIS,40704,2016,False,False,True
GIS,40704,2017,False,False,True
GIS,40704,2018,False,False,True
GIS,40704,2019,False,False,True
GIS,40704,2020,False,False,True
GIS,40704,2021,False,False,True
GIS,40704,2022,False,False,True
GIS,40704,2023,False,False,True
GIS,40704,2024,False,False,True
GIS,40704,2025,True,False,True
GIS,40704,2026,True,False,True
GL,320335,2007,True,True,True
GL,320335,2008,True,True,True
GL,320335,2009,False,False,True
GL,320335,2010,False,False,True
GL,320335,2011,False,False,True
GL,320335,2012,False,False,True
GL,320335,2013,False,False,True
GL,320335,2014,False,False,True
GL,320335,2015,False,False,True
GL,320335,2016,False,False,True
GL,320335,2017,False,False,True
GL,320335,2018,False,False,True
GL,320335,2019,False,False,True
GL,320335,2020,False,False,True
GL,320335,2021,False,False,True
GL,320335,2022,False,False,True
GL,320335,2023,False,False,True
GL,320335,2024,False,False,True
GL,320335,2025,True,False,True
GLD,1222333,2007,True,True,True
GLD,1222333,2008,True,True,True
GLD,1222333,2009,False,False,True
GLD,1222333,2010,False,False,True
GLD,1222333,2011,False,False,True
GLD,1222333,2012,False,False,True
GLD,1222333,2013,False,False,True
GLD,1222333,2014,False,False,True
GLD,1222333,2015,False,False,True
GLD,1222333,2016,False,False,True
GLD,1222333,2017,False,False,True
GLD,1222333,2018,False,False,True
GLD,1222333,2019,False,False,True
GLD,1222333,2020,False,False,True
GLD,1222333,2021,False,False,True
GLD,1222333,2022,False,False,True
GLD,1222333,2023,False,False,True
GLD,1222333,2024,False,False,True
GLD,1222333,2025,True,False,True
GLK,43362,2000,True,True,True
GLK,43362,2001,True,True,True
GLK,43362,2002,True,True,True
GLK,43362,2003,True,True,True
GLK,43362,2004,True,True,True
GLW,24741,2001,True,True,True
GLW,24741,2006,True,True,True
GLW,24741,2007,True,True,True
GLW,24741,2008,True,True,True
GLW,24741,2009,False,False,True
GLW,24741,2010,False,False,True
GLW,24741,2011,False,False,True
GLW,24741,2012,False,False,True
GLW,24741,2013,False,False,True
GLW,24741,2014,False,False,True
GLW,24741,2015,False,False,True
GLW,24741,2016,False,False,True
GLW,24741,2017,False,False,True
GLW,24741,2018,False,False,True
GLW,24741,2019,False,False,True
GLW,24741,2020,False,False,True
GLW,24741,2021,False,False,True
GLW,24741,2022,False,False,True
GLW,24741,2023,False,False,True
GLW,24741,2024,False,False,True
GLW,24741,2025,True,False,True
GM,1467858,2010,False,False,True
GM,1467858,2011,False,False,True
GM,1467858,2012,False,False,True
GM,1467858,2013,False,False,True
GM,1467858,2014,False,False,True
GM,1467858,2015,False,False,True
GM,1467858,2016,False,False,True
GM,1467858,2017,False,False,True
GM,1467858,2018,False,False,True
GM,1467858,2019,False,False,True
GM,1467858,2020,False,False,True
GM,1467858,2021,False,False,True
GM,1467858,2022,False,False,True
GM,1467858,2023,False,False,True
GM,1467858,2024,False,False,True
GM,1467858,2025,True,False,True
GMCR,909954,2014,True,False,True
GMCR,909954,2015,True,False,True
GME,1326380,2006,True,True,True
GME,1326380,2007,True,True,True
GME,1326380,2008,True,True,True
GME,1326380,2009,False,False,True
GME,1326380,2010,False,False,True
GME,1326380,2011,False,False,True
GME,1326380,2012,False,False,True
GME,1326380,2013,False,False,True
GME,1326380,2014,False,False,True
GME,1326380,2015,False,False,True
GME,1326380,2016,False,False,True
GME,1326380,2017,False,False,True
GME,1326380,2018,False,False,True
GME,1326380,2019,False,False,True
GME,1326380,2020,False,False,True
GME,1326380,2021,False,False,True
GME,1326380,2022,False,False,True
GME,1326380,2023,False,False,True
GME,1326380,2024,False,False,True
GME,1326380,2025,True,False,True
GME,1326380,2026,True,False,True
GNRC,1474735,2009,True,True,True
GNRC,1474735,2010,True,True,True
GNRC,1474735,2011,False,False,True
GNRC,1474735,2012,False,False,True
GNRC,1474735,2013,False,False,True
GNRC,1474735,2014,False,False,True
GNRC,1474735,2015,False,False,True
GNRC,1474735,2016,False,False,True
GNRC,1474735,2017,False,False,True
GNRC,1474735,2018,False,False,True
GNRC,1474735,2019,False,False,True
GNRC,1474735,2020,False,False,True
GNRC,1474735,2021,False,False,True
GNRC,1474735,2022,False,False,True
GNRC,1474735,2023,False,False,True
GNRC,1474735,2024,False,False,True
GNRC,1474735,2025,True,False,True
GNW,1276520,2004,True,True,True
GNW,1276520,2005,True,True,True
GNW,1276520,2006,True,True,True
GNW,1276520,2007,True,True,True
GNW,1276520,2008,True,True,True
GNW,1276520,2009,False,False,True
GNW,1276520,2010,False,False,True
GNW,1276520,2011,False,False,True
GNW,1276520,2012,False,False,True
GNW,1276520,2013,False,False,True
GNW,1276520,2014,False,False,True
GNW,1276520,2015,False,False,True
GNW,1276520,2016,False,False,True
GNW,1276520,2017,False,False,True
GNW,1276520,2018,False,False,True
GNW,1276520,2019,False,False,True
GNW,1276520,2020,False,False,True
GNW,1276520,2021,False,False,True
GNW,1276520,2022,False,False,True
GNW,1276520,2023,False,False,True
GNW,1276520,2024,False,False,True
GNW,1276520,2025,True,False,True
GOOG,1652044,2013,True,True,True
GOOG,1652044,2014,False,False,True
GOOG,1652044,2015,False,False,True
GOOG,1652044,2016,False,False,True
GOOG,1652044,2017,False,False,True
GOOG,1652044,2018,False,False,True
GOOG,1652044,2019,False,False,True
GOOG,1652044,2020,False,False,True
GOOG,1652044,2021,False,False,True
GOOG,1652044,2022,False,False,True
GOOG,1652044,2023,False,False,True
GOOG,1652044,2024,False,False,True
GOOG,1652044,2025,True,True,True
GPC,40987,2000,True,True,True
GPC,40987,2001,True,True,True
GPC,40987,2002,True,True,True
GPC,40987,2004,True,True,True
GPC,40987,2005,True,True,True
GPC,40987,2006,True,True,True
GPC,40987,2007,True,True,True
GPC,40987,2008,True,True,True
GPC,40987,2009,False,False,True
GPC,40987,2010,False,False,True
GPC,40987,2011,False,False,True
GPC,40987,2012,False,False,True
GPC,40987,2013,False,False,True
GPC,40987,2014,False,False,True
GPC,40987,2015,False,False,True
GPC,40987,2016,False,False,True
GPC,40987,2017,False,False,True
GPC,40987,2018,False,False,True
GPC,40987,2019,False,False,True
GPC,40987,2020,False,False,True
GPC,40987,2021,False,False,True
GPC,40987,2022,False,False,True
GPC,40987,2023,False,False,True
GPC,40987,2024,False,False,True
GPC,40987,2025,True,False,True
GPN,1123360,2009,True,True,True
GPN,1123360,2010,False,False,True
GPN,1123360,2011,False,False,True
GPN,1123360,2012,False,False,True
GPN,1123360,2013,False,False,True
GPN,1123360,2014,False,False,True
GPN,1123360,2015,False,False,True
GPN,1123360,2016,False,False,True
GPN,1123360,2017,False,False,True
GPN,1123360,2018,False,False,True
GPN,1123360,2019,False,False,True
GPN,1123360,2020,False,False,True
GPN,1123360,2021,False,False,True
GPN,1123360,2022,False,False,True
GPN,1123360,2023,False,False,True
GPN,1123360,2024,False,False,True
GPN,1123360,2025,True,False,True
GPS,39911,2003,True,True,True
GPS,39911,2004,True,True,True
GPS,39911,2005,True,True,True
GPS,39911,2006,True,True,True
GPS,39911,2007,True,True,True
GPS,39911,2008,True,True,True
GPS,39911,2009,True,False,True
GPS,39911,2010,True,False,True
GPS,39911,2011,True,False,True
GPS,39911,2012,True,False,True
GPS,39911,2013,True,False,True
GPS,39911,2014,True,False,True
GPS,39911,2015,True,False,True
GPS,39911,2016,True,False,True
GPS,39911,2017,True,False,True
GPS,39911,2018,True,False,True
GPS,39911,2019,True,False,True
GPS,39911,2020,True,False,True
GPS,39911,2021,True,False,True
GPS,39911,2022,True,False,True
GPU,40779,2000,True,True,True
GR,42542,2001,True,True,True
GR,42542,2003,True,True,True
GR,42542,2004,True,True,True
GR,42542,2005,True,True,True
GR,42542,2006,True,True,True
GR,42542,2007,True,True,True
GR,42542,2008,True,True,True
GR,42542,2009,True,False,True
GR,42542,2010,True,False,True
GR,42542,2011,True,False,True
GRA,1045309,2005,True,True,True
GRA,1045309,2006,True,True,True
GRA,1045309,2007,True,True,True
GRA,1045309,2008,True,True,True
GRMN,1121788,2007,True,True,True
GRMN,1121788,2008,True,True,True
GRMN,1121788,2009,False,False,True
GRMN,1121788,2010,False,False,True
GRMN,1121788,2011,False,False,True
GRMN,1121788,2012,False,False,True
GRMN,1121788,2013,False,False,True
GRMN,1121788,2014,False,False,True
GRMN,1121788,2015,False,False,True
GRMN,1121788,2016,False,False,True
GRMN,1121788,2017,False,False,True
GRMN,1121788,2018,False,False,True
GRMN,1121788,2019,False,False,True
GRMN,1121788,2020,False,False,True
GRMN,1121788,2021,False,False,True
GRMN,1121788,2022,False,False,True
GRMN,1121788,2023,False,False,True
GRMN,1121788,2024,False,False,True
GRMN,1121788,2025,True,False,True
GS,886982,2001,True,True,True
GS,886982,2002,True,True,True
GS,886982,2003,True,True,True
GS,886982,2004,True,True,True
GS,886982,2005,True,True,True
GS,886982,2006,True,True,True
GS,886982,2007,True,True,True
GS,886982,2008,True,True,True
GS,886982,2009,False,False,True
GS,886982,2010,False,False,True
GS,886982,2011,False,False,True
GS,886982,2012,False,False,True
GS,886982,2013,False,False,True
GS,886982,2014,False,False,True
GS,886982,2015,False,False,True
GS,886982,2016,False,False,True
GS,886982,2017,False,False,True
GS,886982,2018,False,False,True
GS,886982,2019,False,False,True
GS,886982,2020,False,False,True
GS,886982,2021,False,False,True
GS,886982,2022,False,False,True
GS,886982,2023,False,False,True
GS,886982,2024,False,False,True
GS,886982,2025,True,False,True
GT,42582,2001,True,True,True
GT,42582,2002,True,True,True
GT,42582,2003,True,True,True
GT,42582,2004,True,True,True
GT,42582,2005,True,True,True
GT,42582,2006,True,True,True
GT,42582,2007,True,True,True
GT,42582,2008,True,True,True
GT,42582,2009,False,False,True
GT,42582,2010,False,False,True
GT,42582,2011,False,False,True
GT,42582,2012,False,False,True
GT,42582,2013,False,False,True
GT,42582,2014,False,False,True
GT,42582,2015,False,False,True
GT,42582,2016,False,False,True
GT,42582,2017,False,False,True
GT,42582,2018,False,False,True
GT,42582,2019,False,False,True
GT,42582,2020,False,False,True
GT,42582,2021,False,False,True
GT,42582,2022,False,False,True
GT,42582,2023,False,False,True
GT,42582,2024,False,False,True
GT,42582,2025,True,False,True
GTE,1273441,2007,True,True,True
GTE,1273441,2008,True,True,True
GTE,1273441,2009,False,False,True
GTE,1273441,2010,False,False,True
GTE,1273441,2011,False,False,True
GTE,1273441,2012,False,False,True
GTE,1273441,2013,False,False,True
GTE,1273441,2014,False,False,True
GTE,1273441,2015,False,False,True
GTE,1273441,2016,False,False,True
GTE,1273441,2017,False,False,True
GTE,1273441,2018,False,False,True
GTE,1273441,2019,False,False,True
GTE,1273441,2020,False,False,True
GTE,1273441,2021,False,False,True
GTE,1273441,2022,False,False,True
GTE,1273441,2023,False,False,True
GTE,1273441,2024,False,False,True
GTE,1273441,2025,True,False,True
GTW,895812,2001,True,True,True
GTW,895812,2002,True,True,True
GTW,895812,2003,True,True,True
GTW,895812,2004,True,True,True
GTW,895812,2005,True,True,True
GTW,895812,2006,True,True,True
GWW,277135,2002,True,True,True
GWW,277135,2003,True,True,True
GWW,277135,2004,True,True,True
GWW,277135,2005,True,True,True
GWW,277135,2006,True,True,True
GWW,277135,2007,True,True,True
GWW,277135,2008,True,True,True
GWW,277135,2009,False,False,True
GWW,277135,2010,False,False,True
GWW,277135,2011,False,False,True
GWW,277135,2012,False,False,True
GWW,277135,2013,False,False,True
GWW,277135,2014,False,False,True
GWW,277135,2015,False,False,True
GWW,277135,2016,False,False,True
GWW,277135,2017,False,False,True
GWW,277135,2018,False,False,True
GWW,277135,2019,False,False,True
GWW,277135,2020,False,False,True
GWW,277135,2021,False,False,True
GWW,277135,2022,False,False,True
GWW,277135,2023,False,False,True
GWW,277135,2024,False,False,True
GWW,277135,2025,True,False,True
GX,1061322,2000,True,True,True
GX,1061322,2003,True,True,True
GX,1061322,2004,True,True,True
GX,1061322,2005,True,True,True
GX,1061322,2006,True,True,True
GX,1061322,2007,True,True,True
GX,1061322,2008,True,True,True
H,1468174,2009,False,False,True
H,1468174,2010,False,False,True
H,1468174,2011,False,False,True
H,1468174,2012,False,False,True
H,1468174,2013,False,False,True
H,1468174,2014,False,False,True
H,1468174,2015,False,False,True
H,1468174,2016,False,False,True
H,1468174,2017,False,False,True
H,1468174,2018,False,False,True
H,1468174,2019,False,False,True
H,1468174,2020,False,False,True
H,1468174,2021,False,False,True
H,1468174,2022,False,False,True
H,1468174,2023,False,False,True
H,1468174,2024,False,False,True
H,1468174,2025,True,True,True
HAL,45012,2000,True,True,True
HAL,45012,2001,True,True,True
HAL,45012,2004,True,True,True
HAL,45012,2005,True,True,True
HAL,45012,2006,True,True,True
HAL,45012,2007,True,True,True
HAL,45012,2008,True,True,True
HAL,45012,2009,False,False,True
HAL,45012,2010,False,False,True
HAL,45012,2011,False,False,True
HAL,45012,2012,False,False,True
HAL,45012,2013,False,False,True
HAL,45012,2014,False,False,True
HAL,45012,2015,False,False,True
HAL,45012,2016,False,False,True
HAL,45012,2017,False,False,True
HAL,45012,2018,False,False,True
HAL,45012,2019,False,False,True
HAL,45012,2020,False,False,True
HAL,45012,2021,False,False,True
HAL,45012,2022,False,False,True
HAL,45012,2023,False,False,True
HAL,45012,2024,False,False,True
HAL,45012,2025,True,False,True
HAR,800459,2001,True,True,True
HAR,800459,2003,True,True,True
HAR,800459,2004,True,True,True
HAR,800459,2005,True,True,True
HAR,800459,2006,True,True,True
HAR,800459,2007,True,True,True
HAR,800459,2008,True,True,True
HAR,800459,2009,True,True,True
HAR,800459,2010,True,False,True
HAR,800459,2011,True,False,True
HAR,800459,2012,True,False,True
HAR,800459,2013,True,False,True
HAR,800459,2014,True,False,True
HAR,800459,2015,True,False,True
HAR,800459,2016,True,False,True
HAS,46080,2005,True,True,True
HAS,46080,2006,True,True,True
HAS,46080,2007,True,True,True
HAS,46080,2008,True,True,True
HAS,46080,2009,False,False,True
HAS,46080,2010,False,False,True
HAS,46080,2011,False,False,True
HAS,46080,2012,False,False,True
HAS,46080,2013,False,False,True
HAS,46080,2014,False,False,True
HAS,46080,2015,False,False,True
HAS,46080,2016,False,False,True
HAS,46080,2017,False,False,True
HAS,46080,2018,False,False,True
HAS,46080,2019,False,False,True
HAS,46080,2020,False,False,True
HAS,46080,2021,False,False,True
HAS,46080,2022,False,False,True
HAS,46080,2023,False,False,True
HAS,46080,2024,False,False,True
HAS,46080,2025,True,False,True
HBAN,49196,2000,True,True,True
HBAN,49196,2001,True,True,True
HBAN,49196,2003,True,True,True
HBAN,49196,2004,True,True,True
HBAN,49196,2005,True,True,True
HBAN,49196,2006,True,True,True
HBAN,49196,2007,True,True,True
HBAN,49196,2008,True,True,True
HBAN,49196,2009,False,False,True
HBAN,49196,2010,False,False,True
HBAN,49196,2011,False,False,True
HBAN,49196,2012,False,False,True
HBAN,49196,2013,False,False,True
HBAN,49196,2014,False,False,True
HBAN,49196,2015,False,False,True
HBAN,49196,2016,False,False,True
HBAN,49196,2017,False,False,True
HBAN,49196,2018,False,False,True
HBAN,49196,2019,False,False,True
HBAN,49196,2020,False,False,True
HBAN,49196,2021,False,False,True
HBAN,49196,2022,False,False,True
HBAN,49196,2023,False,False,True
HBAN,49196,2024,False,False,True
HBAN,49196,2025,True,False,True
HBI,1359841,2015,True,False,True
HBI,1359841,2016,True,False,True
HBI,1359841,2017,True,False,True
HBI,1359841,2018,True,False,True
HBI,1359841,2019,True,False,True
HBI,1359841,2020,True,False,True
HBI,1359841,2021,True,False,True
HCA,860730,2000,True,True,True
HCA,860730,2009,True,True,True
HCA,860730,2010,True,True,True
HCA,860730,2011,False,False,True
HCA,860730,2012,False,False,True
HCA,860730,2013,False,False,True
HCA,860730,2014,False,False,True
HCA,860730,2015,False,False,True
HCA,860730,2016,False,False,True
HCA,860730,2017,False,False,True
HCA,860730,2018,False,False,True
HCA,860730,2019,False,False,True
HCA,860730,2020,False,False,True
HCA,860730,2021,False,False,True
HCA,860730,2022,False,False,True
HCA,860730,2023,False,False,True
HCA,860730,2024,False,False,True
HCA,860730,2025,True,False,True
HCBK,921847,2003,True,True,True
HCBK,921847,2004,True,True,True
HCBK,921847,2005,True,True,True
HCBK,921847,2006,True,True,True
HCBK,921847,2007,True,True,True
HCBK,921847,2008,True,True,True
HCBK,921847,2009,True,False,True
HCBK,921847,2010,True,False,True
HCBK,921847,2011,True,False,True
HCBK,921847,2012,True,False,True
HCBK,921847,2013,True,False,True
HCBK,921847,2014,True,False,True
HCP,765880,2000,True,True,True
HCP,765880,2002,True,True,True
HCP,765880,2003,True,True,True
HCP,765880,2004,True,True,True
HCP,765880,2005,True,True,True
HCP,765880,2006,True,True,True
HCR,878736,2002,True,True,True
HCR,878736,2003,True,True,True
HCR,878736,2004,True,True,True
HCR,878736,2005,True,True,True
HCR,878736,2006,True,True,True
HD,354950,2000,True,True,True
HD,354950,2001,True,True,True
HD,354950,2004,True,True,True
HD,354950,2005,True,True,True
HD,354950,2006,True,True,True
HD,354950,2007,True,True,True
HD,354950,2008,True,True,True
HD,354950,2009,False,False,True
HD,354950,2010,False,False,True
HD,354950,2011,False,False,True
HD,354950,2012,False,False,True
HD,354950,2013,False,False,True
HD,354950,2014,False,False,True
HD,354950,2015,False,False,True
HD,354950,2016,False,False,True
HD,354950,2017,False,False,True
HD,354950,2018,False,False,True
HD,354950,2019,False,False,True
HD,354950,2020,False,False,True
HD,354950,2021,False,False,True
HD,354950,2022,False,False,True
HD,354950,2023,False,False,True
HD,354950,2024,False,False,True
HD,354950,2025,True,False,True
HD,354950,2026,True,False,True
HES,4447,2000,True,True,True
HES,4447,2001,True,True,True
HES,4447,2002,True,True,True
HES,4447,2003,True,True,True
HES,4447,2004,True,True,True
HES,4447,2005,True,True,True
HES,4447,2006,True,True,True
HES,4447,2007,True,True,True
HES,4447,2008,True,True,True
HES,4447,2009,True,False,True
HES,4447,2010,True,False,True
HES,4447,2011,True,False,True
HES,4447,2012,True,False,True
HES,4447,2013,True,False,True
HES,4447,2014,True,False,True
HES,4447,2015,True,False,True
HES,4447,2016,True,False,True
HES,4447,2017,True,False,True
HES,4447,2018,True,False,True
HES,4447,2019,True,False,True
HES,4447,2020,True,False,True
HES,4447,2021,True,False,True
HES,4447,2022,True,False,True
HES,4447,2023,True,False,True
HES,4447,2024,True,False,True
HET,858339,2001,True,True,True
HET,858339,2002,True,True,True
HET,858339,2003,True,True,True
HET,858339,2004,True,True,True
HET,858339,2005,True,True,True
HET,858339,2007,True,True,True
HET,858339,2008,True,True,True
HFC,48039,2018,True,False,True
HFC,48039,2019,True,False,True
HFC,48039,2020,True,False,True
HFC,48039,2021,True,False,True
HI,354964,2000,True,True,True
HI,354964,2001,True,True,True
HI,354964,2003,True,True,True
HI,354964,2004,True,True,True
HI,354964,2005,True,True,True
HI,354964,2006,True,True,True
HI,354964,2007,True,True,True
HI,354964,2008,True,True,True
HIG,874766,2000,True,True,True
HIG,874766,2001,True,True,True
HIG,874766,2004,True,True,True
HIG,874766,2005,True,True,True
HIG,874766,2006,True,True,True
HIG,874766,2007,True,True,True
HIG,874766,2008,True,True,True
HIG,874766,2009,False,False,True
HIG,874766,2010,False,False,True
HIG,874766,2011,False,False,True
HIG,874766,2012,False,False,True
HIG,874766,2013,False,False,True
HIG,874766,2014,False,False,True
HIG,874766,2015,False,False,True
HIG,874766,2016,False,False,True
HIG,874766,2017,False,False,True
HIG,874766,2018,False,False,True
HIG,874766,2019,False,False,True
HIG,874766,2020,False,False,True
HIG,874766,2021,False,False,True
HIG,874766,2022,False,False,True
HIG,874766,2023,False,False,True
HIG,874766,2024,False,False,True
HIG,874766,2025,True,False,True
HII,1501585,2009,True,True,True
HII,1501585,2010,True,True,True
HII,1501585,2011,False,False,True
HII,1501585,2012,False,False,True
HII,1501585,2013,False,False,True
HII,1501585,2014,False,False,True
HII,1501585,2025,True,False,False
HLT,1585689,2012,True,True,True
HLT,1585689,2013,False,False,True
HLT,1585689,2014,False,False,True
HLT,1585689,2015,False,False,True
HLT,1585689,2016,False,False,True
HLT,1585689,2017,False,False,True
HLT,1585689,2018,False,False,True
HLT,1585689,2019,False,False,True
HLT,1585689,2020,False,False,True
HLT,1585689,2021,False,False,True
HLT,1585689,2022,False,False,True
HLT,1585689,2023,False,False,True
HLT,1585689,2024,False,False,True
HLT,1585689,2025,True,False,True
HM,743872,2000,True,True,True
HMA,792985,2000,True,True,True
HMA,792985,2002,True,True,True
HMA,792985,2003,True,True,True
HMA,792985,2004,True,True,True
HMA,792985,2005,True,True,True
HMA,792985,2006,True,True,True
HMA,792985,2007,True,True,True
HMA,792985,2008,True,True,True
HNZ,46640,2001,True,True,True
HNZ,46640,2006,True,True,True
HNZ,46640,2007,True,True,True
HNZ,46640,2008,True,True,True
HNZ,46640,2009,True,True,True
HNZ,46640,2010,True,False,True
HNZ,46640,2011,True,False,True
HNZ,46640,2012,True,False,True
HNZ,46640,2013,True,False,True
HOG,793952,2001,True,True,True
HOG,793952,2002,True,True,True
HOG,793952,2003,True,True,True
HOG,793952,2004,True,True,True
HOG,793952,2005,True,True,True
HOG,793952,2006,True,True,True
HOG,793952,2007,True,True,True
HOG,793952,2008,True,True,True
HOG,793952,2009,False,False,True
HOG,793952,2010,False,False,True
HOG,793952,2011,False,False,True
HOG,793952,2012,False,False,True
HOG,793952,2013,False,False,True
HOG,793952,2014,False,False,True
HOG,793952,2015,False,False,True
HOG,793952,2016,False,False,True
HOG,793952,2017,False,False,True
HOG,793952,2018,False,False,True
HOG,793952,2019,False,False,True
HOG,793952,2020,False,False,True
HOG,793952,2021,False,False,True
HOG,793952,2022,False,False,True
HOG,793952,2024,False,False,True
HOG,793952,2025,True,False,True
HOLX,859737,2016,True,False,True
HOLX,859737,2017,True,False,True
HOLX,859737,2018,True,False,True
HOLX,859737,2019,True,False,True
HOLX,859737,2020,True,False,True
HOLX,859737,2021,True,False,True
HOLX,859737,2022,True,False,True
HOLX,859737,2023,True,False,True
HOLX,859737,2024,True,False,True
HOLX,859737,2025,True,False,True
HON,773840,2000,True,True,True
HON,773840,2001,True,True,True
HON,773840,2004,True,True,True
HON,773840,2005,True,True,True
HON,773840,2006,True,True,True
HON,773840,2007,True,True,True
HON,773840,2008,True,True,True
HON,773840,2009,False,False,True
HON,773840,2010,False,False,True
HON,773840,2011,False,False,True
HON,773840,2012,False,False,True
HON,773840,2013,False,False,True
HON,773840,2014,False,False,True
HON,773840,2015,False,False,True
HON,773840,2016,False,False,True
HON,773840,2017,False,False,True
HON,773840,2018,False,False,True
HON,773840,2019,False,False,True
HON,773840,2020,False,False,True
HON,773840,2021,False,False,True
HON,773840,2022,False,False,True
HON,773840,2023,False,False,True
HON,773840,2024,False,False,True
HON,773840,2025,True,False,True
HOOD,1783879,2019,True,True,True
HOOD,1783879,2020,True,True,True
HOOD,1783879,2021,False,False,True
HOOD,1783879,2022,False,False,True
HOOD,1783879,2023,False,False,True
HOOD,1783879,2024,False,False,True
HOOD,1783879,2025,True,True,True
HOT,316206,2001,True,True,True
HOT,316206,2002,True,True,True
HOT,316206,2003,True,True,True
HOT,316206,2004,True,True,True
HOT,316206,2005,True,True,True
HOT,316206,2006,True,True,True
HOT,316206,2007,True,True,True
HOT,316206,2008,True,True,True
HOT,316206,2009,True,False,True
HOT,316206,2010,True,False,True
HOT,316206,2011,True,False,True
HOT,316206,2012,True,False,True
HOT,316206,2013,True,False,True
HOT,316206,2014,True,False,True
HOT,316206,2015,True,False,True
HP,46765,2007,True,True,True
HP,46765,2008,True,True,True
HP,46765,2009,False,False,True
HP,46765,2010,False,False,True
HP,46765,2011,False,False,True
HP,46765,2012,False,False,True
HP,46765,2013,False,False,True
HP,46765,2014,False,False,True
HP,46765,2015,False,False,True
HP,46765,2016,False,False,True
HP,46765,2017,False,False,True
HP,46765,2018,False,False,True
HP,46765,2019,False,False,True
HP,46765,2020,False,False,True
HP,46765,2021,False,False,True
HP,46765,2022,False,False,True
HP,46765,2023,False,False,True
HP,46765,2024,False,False,True
HP,46765,2025,True,False,True
HPC,46989,2001,True,True,True
HPC,46989,2003,True,True,True
HPC,46989,2004,True,True,True
HPC,46989,2005,True,True,True
HPC,46989,2006,True,True,True
HPC,46989,2007,True,True,True
HPE,1645590,2013,True,True,True
HPE,1645590,2014,True,True,True
HPE,1645590,2015,False,False,True
HPE,1645590,2016,False,False,True
HPE,1645590,2017,False,False,True
HPE,1645590,2018,False,False,True
HPE,1645590,2019,False,False,True
HPE,1645590,2020,False,False,True
HPE,1645590,2021,False,False,True
HPE,1645590,2022,False,False,True
HPE,1645590,2023,False,False,True
HPE,1645590,2024,False,False,True
HPE,1645590,2025,True,False,True
HPQ,47217,2000,True,True,True
HPQ,47217,2001,True,True,True
HPQ,47217,2002,True,True,True
HPQ,47217,2003,True,True,True
HPQ,47217,2004,True,True,True
HPQ,47217,2005,True,True,True
HPQ,47217,2006,True,True,True
HPQ,47217,2007,True,True,True
HPQ,47217,2008,True,True,True
HPQ,47217,2009,False,False,True
HPQ,47217,2010,False,False,True
HPQ,47217,2011,False,False,True
HPQ,47217,2012,False,False,True
HPQ,47217,2013,False,False,True
HPQ,47217,2014,False,False,True
HPQ,47217,2015,False,False,True
HPQ,47217,2016,False,False,True
HPQ,47217,2017,False,False,True
HPQ,47217,2018,False,False,True
HPQ,47217,2019,False,False,True
HPQ,47217,2020,False,False,True
HPQ,47217,2021,False,False,True
HPQ,47217,2022,False,False,True
HPQ,47217,2023,False,False,True
HPQ,47217,2024,False,False,True
HPQ,47217,2025,True,False,True
HRB,12659,2001,True,True,True
HRB,12659,2002,True,True,True
HRB,12659,2003,True,True,True
HRB,12659,2004,True,True,True
HRB,12659,2005,True,True,True
HRB,12659,2006,True,True,True
HRB,12659,2007,True,True,True
HRB,12659,2008,True,True,True
HRB,12659,2009,False,False,True
HRB,12659,2010,False,False,True
HRB,12659,2011,False,False,True
HRB,12659,2012,False,False,True
HRB,12659,2013,False,False,True
HRB,12659,2014,False,False,True
HRB,12659,2015,False,False,True
HRB,12659,2016,False,False,True
HRB,12659,2017,False,False,True
HRB,12659,2018,False,False,True
HRB,12659,2019,False,False,True
HRB,12659,2020,False,False,True
HRB,12659,2021,False,False,True
HRB,12659,2022,False,False,True
HRB,12659,2023,False,False,True
HRB,12659,2024,False,False,True
HRB,12659,2025,True,False,True
HRL,48465,2008,True,True,True
HRL,48465,2009,False,False,True
HRL,48465,2010,False,False,True
HRL,48465,2011,False,False,True
HRL,48465,2012,False,False,True
HRL,48465,2013,False,False,True
HRL,48465,2014,False,False,True
HRL,48465,2015,False,False,True
HRL,48465,2016,False,False,True
HRL,48465,2017,False,False,True
HRL,48465,2018,False,False,True
HRL,48465,2019,False,False,True
HRL,48465,2020,False,False,True
HRL,48465,2021,False,False,True
HRL,48465,2022,False,False,True
HRL,48465,2023,False,False,True
HRL,48465,2024,False,False,True
HRL,48465,2025,True,True,True
HRS,202058,2000,True,True,True
HRS,202058,2002,True,True,True
HRS,202058,2003,True,True,True
HRS,202058,2004,True,True,True
HRS,202058,2005,True,True,True
HRS,202058,2006,True,True,True
HRS,202058,2007,True,True,True
HSH,23666,2001,True,True,True
HSH,23666,2002,True,True,True
HSH,23666,2003,True,True,True
HSH,23666,2004,True,True,True
HSH,23666,2005,True,True,True
HSH,23666,2006,True,True,True
HSH,23666,2007,True,True,True
HSH,23666,2008,True,True,True
HSH,23666,2009,True,True,True
HSH,23666,2010,True,False,True
HSH,23666,2011,True,False,True
HSH,23666,2012,True,False,True
HSIC,1000228,2008,True,True,True
HSIC,1000228,2009,False,False,True
HSIC,1000228,2010,False,False,True
HSIC,1000228,2011,False,False,True
HSIC,1000228,2012,False,False,True
HSIC,1000228,2013,False,False,True
HSIC,1000228,2014,False,False,True
HSIC,1000228,2015,False,False,True
HSIC,1000228,2016,False,False,True
HSIC,1000228,2017,False,False,True
HSIC,1000228,2018,False,False,True
HSIC,1000228,2019,False,False,True
HSIC,1000228,2020,False,False,True
HSIC,1000228,2021,False,False,True
HSIC,1000228,2022,False,False,True
HSIC,1000228,2023,False,False,True
HSIC,1000228,2024,False,False,True
HSIC,1000228,2025,True,False,True
HSP,1274057,2004,True,True,True
HSP,1274057,2005,True,True,True
HSP,1274057,2006,True,True,True
HSP,1274057,2007,True,True,True
HSP,1274057,2008,True,True,True
HSP,1274057,2009,True,False,True
HSP,1274057,2010,True,False,True
HSP,1274057,2011,True,False,True
HSP,1274057,2012,True,False,True
HSP,1274057,2013,True,False,True
HSP,1274057,2014,True,False,True
HST,1070750,2000,True,True,True
HST,1070750,2001,True,True,True
HST,1070750,2002,True,True,True
HST,1070750,2003,True,True,True
HST,1070750,2004,True,True,True
HST,1070750,2005,True,True,True
HST,1070750,2006,True,True,True
HST,1070750,2007,True,True,True
HST,1070750,2008,True,True,True
HST,1070750,2009,False,False,True
HST,1070750,2010,False,False,True
HST,1070750,2011,False,False,True
HST,1070750,2012,False,False,True
HST,1070750,2013,False,False,True
HST,1070750,2014,False,False,True
HST,1070750,2015,False,False,True
HST,1070750,2016,False,False,True
HST,1070750,2017,False,False,True
HST,1070750,2018,False,False,True
HST,1070750,2019,False,False,True
HST,1070750,2020,False,False,True
HST,1070750,2021,False,False,True
HST,1070750,2022,False,False,True
HST,1070750,2023,False,False,True
HST,1070750,2024,False,False,True
HST,1070750,2025,True,False,True
HSY,47111,2003,True,True,True
HSY,47111,2004,True,True,True
HSY,47111,2005,True,True,True
HSY,47111,2006,True,True,True
HSY,47111,2007,True,True,True
HSY,47111,2008,True,True,True
HSY,47111,2009,False,False,True
HSY,47111,2010,False,False,True
HSY,47111,2011,False,False,True
HSY,47111,2012,False,False,True
HSY,47111,2013,False,False,True
HSY,47111,2014,False,False,True
HSY,47111,2015,False,False,True
HSY,47111,2016,False,False,True
HSY,47111,2025,True,True,False
HUBB,48898,2008,True,True,True
HUBB,48898,2009,False,False,True
HUBB,48898,2010,False,False,True
HUBB,48898,2011,False,False,True
HUBB,48898,2012,False,False,True
HUBB,48898,2013,False,False,True
HUBB,48898,2014,False,False,True
HUBB,48898,2015,False,False,True
HUBB,48898,2016,False,False,True
HUBB,48898,2017,False,False,True
HUBB,48898,2018,False,False,True
HUBB,48898,2019,False,False,True
HUBB,48898,2020,False,False,True
HUBB,48898,2021,False,False,True
HUBB,48898,2022,False,False,True
HUBB,48898,2023,False,False,True
HUBB,48898,2024,False,False,True
HUBB,48898,2025,True,False,True
HUM,49071,2001,True,True,True
HUM,49071,2002,True,True,True
HUM,49071,2003,True,True,True
HUM,49071,2004,True,True,True
HUM,49071,2005,True,True,True
HUM,49071,2006,True,True,True
HUM,49071,2007,True,True,True
HUM,49071,2008,True,True,True
HUM,49071,2009,False,False,True
HUM,49071,2010,False,False,True
HUM,49071,2011,False,False,True
HUM,49071,2012,False,False,True
HUM,49071,2013,False,False,True
HUM,49071,2014,False,False,True
HUM,49071,2015,False,False,True
HUM,49071,2016,False,False,True
HUM,49071,2017,False,False,True
HUM,49071,2018,False,False,True
HUM,49071,2019,False,False,True
HUM,49071,2020,False,False,True
HUM,49071,2021,False,False,True
HUM,49071,2022,False,False,True
HUM,49071,2023,False,False,True
HUM,49071,2024,False,False,True
HUM,49071,2025,True,False,True
HWM,4281,2007,True,True,True
HWM,4281,2008,True,True,True
HWM,4281,2009,True,False,True
HWM,4281,2010,True,False,True
HWM,4281,2011,True,False,True
HWM,4281,2012,True,False,True
HWM,4281,2013,True,False,True
HWM,4281,2014,True,False,True
HWM,4281,2015,True,False,True
HWM,4281,2016,True,False,True
HWM,4281,2017,False,False,True
HWM,4281,2018,False,False,True
HWM,4281,2019,False,False,True
HWM,4281,2020,False,False,True
HWM,4281,2021,False,False,True
HWM,4281,2022,False,False,True
HWM,4281,2023,False,False,True
HWM,4281,2024,False,False,True
HWM,4281,2025,True,False,True
IAC,1800227,2018,True,True,True
IAC,1800227,2019,True,True,True
IAC,1800227,2020,True,False,True
IAC,1800227,2021,True,True,True
IAC,1800227,2022,True,True,True
IAC,1800227,2023,True,True,True
IAC,1800227,2024,True,True,True
IAC,1800227,2025,True,True,True
IBKR,1381197,2008,True,True,True
IBKR,1381197,2009,False,False,True
IBKR,1381197,2010,False,False,True
IBKR,1381197,2011,False,False,True
IBKR,1381197,2012,False,False,True
IBKR,1381197,2013,False,False,True
IBKR,1381197,2025,True,True,True
IBM,51143,2000,True,True,True
IBM,51143,2001,True,True,True
IBM,51143,2002,True,True,True
IBM,51143,2003,True,True,True
IBM,51143,2004,True,True,True
IBM,51143,2005,True,True,True
IBM,51143,2006,True,True,True
IBM,51143,2007,True,True,True
IBM,51143,2008,True,True,True
IBM,51143,2009,False,False,True
IBM,51143,2010,False,False,True
IBM,51143,2011,False,False,True
IBM,51143,2012,False,False,True
IBM,51143,2013,False,False,True
IBM,51143,2014,False,False,True
IBM,51143,2015,False,False,True
IBM,51143,2016,False,False,True
IBM,51143,2017,False,False,True
IBM,51143,2018,False,False,True
IBM,51143,2019,False,False,True
IBM,51143,2020,False,False,True
IBM,51143,2021,False,False,True
IBM,51143,2022,False,False,True
IBM,51143,2023,False,False,True
IBM,51143,2024,False,False,True
IBM,51143,2025,True,False,True
ICE,1571949,2011,False,False,True
ICE,1571949,2012,False,False,True
ICE,1571949,2013,False,False,True
ICE,1571949,2014,False,False,True
ICE,1571949,2015,False,False,True
ICE,1571949,2016,False,False,True
ICE,1571949,2017,False,False,True
ICE,1571949,2018,False,False,True
ICE,1571949,2019,False,False,True
ICE,1571949,2020,False,False,True
ICE,1571949,2021,False,False,True
ICE,1571949,2022,False,False,True
ICE,1571949,2023,False,False,True
ICE,1571949,2024,False,False,True
ICE,1571949,2025,True,False,True
IDXX,874716,2008,True,True,True
IDXX,874716,2009,False,False,True
IDXX,874716,2010,False,False,True
IDXX,874716,2011,False,False,True
IDXX,874716,2012,False,False,True
IDXX,874716,2013,False,False,True
IDXX,874716,2014,False,False,True
IDXX,874716,2015,False,False,True
IDXX,874716,2016,False,False,True
IDXX,874716,2017,False,False,True
IDXX,874716,2018,False,False,True
IDXX,874716,2019,False,False,True
IDXX,874716,2020,False,False,True
IDXX,874716,2021,False,False,True
IDXX,874716,2022,False,False,True
IDXX,874716,2023,False,False,True
IDXX,874716,2024,False,False,True
IDXX,874716,2025,True,False,True
IEX,832101,2008,True,True,True
IEX,832101,2009,False,False,True
IEX,832101,2010,False,False,True
IEX,832101,2011,False,False,True
IEX,832101,2012,False,False,True
IEX,832101,2013,False,False,True
IEX,832101,2014,False,False,True
IEX,832101,2015,False,False,True
IEX,832101,2016,False,False,True
IEX,832101,2017,False,False,True
IEX,832101,2018,False,False,True
IEX,832101,2019,False,False,True
IEX,832101,2020,False,False,True
IEX,832101,2021,False,False,True
IEX,832101,2022,False,False,True
IEX,832101,2023,False,False,True
IEX,832101,2024,False,False,True
IEX,832101,2025,True,False,True
IFF,51253,2000,True,True,True
IFF,51253,2001,True,True,True
IFF,51253,2005,True,True,True
IFF,51253,2006,True,True,True
IFF,51253,2007,True,True,True
IFF,51253,2008,True,True,True
IFF,51253,2009,False,False,True
IFF,51253,2010,False,False,True
IFF,51253,2011,False,False,True
IFF,51253,2012,False,False,True
IFF,51253,2013,False,False,True
IFF,51253,2014,False,False,True
IFF,51253,2015,False,False,True
IFF,51253,2016,False,False,True
IFF,51253,2017,False,False,True
IFF,51253,2018,False,False,True
IFF,51253,2019,False,False,True
IFF,51253,2020,False,False,True
IFF,51253,2021,False,False,True
IFF,51253,2022,False,False,True
IFF,51253,2023,False,False,True
IFF,51253,2024,False,False,True
IFF,51253,2025,True,False,True
IGT,353944,2000,True,True,True
IGT,353944,2003,True,True,True
IGT,353944,2004,True,True,True
IGT,353944,2005,True,True,True
IGT,353944,2007,True,True,True
IGT,353944,2008,True,True,True
IGT,353944,2009,True,False,True
IGT,353944,2010,True,False,True
IGT,353944,2011,True,False,True
IGT,353944,2012,True,False,True
IGT,353944,2013,True,False,True
IGT,353944,2014,True,False,True
IKN,3370,2000,True,True,True
IKN,3370,2001,True,True,True
IKN,3370,2002,True,True,True
IKN,3370,2003,True,True,True
IKN,3370,2004,True,True,True
IKN,3370,2005,True,True,True
IKN,3370,2006,True,True,True
IKN,3370,2007,True,True,True
ILMN,1110803,2008,True,True,True
ILMN,1110803,2010,False,False,True
ILMN,1110803,2011,False,False,True
ILMN,1110803,2012,False,False,True
ILMN,1110803,2013,False,False,True
ILMN,1110803,2014,False,False,True
ILMN,1110803,2015,True,False,True
ILMN,1110803,2016,False,False,True
ILMN,1110803,2017,False,False,True
ILMN,1110803,2018,False,False,True
ILMN,1110803,2019,False,False,True
ILMN,1110803,2020,True,False,True
ILMN,1110803,2021,False,False,True
ILMN,1110803,2022,False,False,True
ILMN,1110803,2023,False,False,True
ILMN,1110803,2024,False,False,True
ILMN,1110803,2025,True,False,True
IMNX,719529,2000,True,True,True
INCLF,49996,2004,True,True,True
INCLF,49996,2005,True,True,True
INCY,879169,2009,False,False,True
INCY,879169,2010,False,False,True
INCY,879169,2011,False,False,True
INCY,879169,2012,False,False,True
INCY,879169,2013,False,False,True
INCY,879169,2014,False,False,True
INCY,879169,2015,False,False,True
INCY,879169,2016,False,False,True
INCY,879169,2017,False,False,True
INCY,879169,2018,False,False,True
INCY,879169,2019,False,False,True
INCY,879169,2020,False,False,True
INCY,879169,2021,False,False,True
INCY,879169,2022,False,False,True
INCY,879169,2023,False,False,True
INCY,879169,2024,False,False,True
INCY,879169,2025,True,False,True
INFO,1598014,2017,True,False,True
INFO,1598014,2018,True,False,True
INFO,1598014,2019,True,False,True
INFO,1598014,2020,True,False,True
INFO,1598014,2021,True,False,True
INGR,1046257,2008,True,True,True
INGR,1046257,2009,False,False,True
INGR,1046257,2010,False,False,True
INGR,1046257,2011,False,False,True
INGR,1046257,2012,False,False,True
INGR,1046257,2013,False,False,True
INGR,1046257,2014,False,False,True
INGR,1046257,2015,False,False,True
INGR,1046257,2016,False,False,True
INGR,1046257,2017,False,False,True
INGR,1046257,2018,False,False,True
INGR,1046257,2019,False,False,True
INGR,1046257,2020,False,False,True
INGR,1046257,2021,False,False,True
INGR,1046257,2022,False,False,True
INGR,1046257,2023,False,False,True
INGR,1046257,2024,False,False,True
INGR,1046257,2025,True,False,True
INTC,50863,2003,True,True,True
INTC,50863,2004,True,True,True
INTC,50863,2005,True,True,True
INTC,50863,2006,True,True,True
INTC,50863,2007,True,True,True
INTC,50863,2008,True,True,True
INTC,50863,2009,False,False,True
INTC,50863,2010,False,False,True
INTC,50863,2011,False,False,True
INTC,50863,2012,False,False,True
INTC,50863,2013,False,False,True
INTC,50863,2014,False,False,True
INTC,50863,2015,False,False,True
INTC,50863,2016,False,False,True
INTC,50863,2017,False,False,True
INTC,50863,2018,False,False,True
INTC,50863,2019,False,False,True
INTC,50863,2020,False,False,True
INTC,50863,2021,False,False,True
INTC,50863,2022,False,False,True
INTC,50863,2023,False,False,True
INTC,50863,2024,False,False,True
INTC,50863,2025,True,False,True
INTU,896878,2001,True,True,True
INTU,896878,2002,True,True,True
INTU,896878,2003,True,True,True
INTU,896878,2004,True,True,True
INTU,896878,2005,True,True,True
INTU,896878,2006,True,True,True
INTU,896878,2007,True,True,True
INTU,896878,2008,True,True,True
INTU,896878,2009,False,False,True
INTU,896878,2010,False,False,True
INTU,896878,2011,False,False,True
INTU,896878,2012,False,False,True
INTU,896878,2013,False,False,True
INTU,896878,2014,False,False,True
INTU,896878,2015,False,False,True
INTU,896878,2016,False,False,True
INTU,896878,2017,False,False,True
INTU,896878,2018,False,False,True
INTU,896878,2019,False,False,True
INTU,896878,2020,False,False,True
INTU,896878,2021,False,False,True
INTU,896878,2022,False,False,True
INTU,896878,2023,False,False,True
INTU,896878,2024,False,False,True
INTU,896878,2025,True,False,True
INVH,1687229,2015,True,True,True
INVH,1687229,2016,True,True,True
INVH,1687229,2017,False,False,True
INVH,1687229,2018,False,False,True
INVH,1687229,2019,False,False,True
INVH,1687229,2020,False,False,True
INVH,1687229,2021,False,False,True
INVH,1687229,2022,False,False,True
INVH,1687229,2023,False,False,True
INVH,1687229,2024,False,False,True
INVH,1687229,2025,True,False,True
IP,51434,2000,True,True,True
IP,51434,2001,True,True,True
IP,51434,2004,True,True,True
IP,51434,2005,True,True,True
IP,51434,2006,True,True,True
IP,51434,2007,True,True,True
IP,51434,2008,True,True,True
IP,51434,2009,False,False,True
IP,51434,2010,False,False,True
IP,51434,2011,False,False,True
IP,51434,2012,False,False,True
IP,51434,2013,False,False,True
IP,51434,2014,False,False,True
IP,51434,2015,False,False,True
IP,51434,2016,False,False,True
IP,51434,2017,False,False,True
IP,51434,2018,False,False,True
IP,51434,2019,False,False,True
IP,51434,2020,False,False,True
IP,51434,2021,False,False,True
IP,51434,2022,False,False,True
IP,51434,2023,False,False,True
IP,51434,2024,False,False,True
IP,51434,2025,True,False,True
IPG,51644,2000,True,True,True
IPG,51644,2001,True,True,True
IPG,51644,2002,True,True,True
IPG,51644,2003,True,True,True
IPG,51644,2004,True,True,True
IPG,51644,2005,True,True,True
IPG,51644,2006,True,True,True
IPG,51644,2007,True,True,True
IPG,51644,2008,True,True,True
IPG,51644,2009,True,True,True
IPG,51644,2010,True,False,True
IPG,51644,2011,True,False,True
IPG,51644,2012,True,False,True
IPG,51644,2013,True,False,True
IPG,51644,2014,True,False,True
IPG,51644,2015,True,False,True
IPG,51644,2016,True,False,True
IPG,51644,2017,True,False,True
IPG,51644,2018,True,False,True
IPG,51644,2019,True,False,True
IPG,51644,2020,True,False,True
IPG,51644,2021,True,False,True
IPG,51644,2022,True,False,True
IPG,51644,2023,True,False,True
IPG,51644,2024,True,False,True
IPGP,1111928,2009,False,False,True
IPGP,1111928,2010,False,False,True
IPGP,1111928,2011,False,False,True
IPGP,1111928,2012,False,False,True
IPGP,1111928,2013,False,False,True
IPGP,1111928,2014,False,False,True
IPGP,1111928,2015,False,False,True
IPGP,1111928,2016,False,False,True
IPGP,1111928,2017,False,False,True
IPGP,1111928,2018,False,False,True
IPGP,1111928,2019,False,False,True
IPGP,1111928,2020,False,False,True
IPGP,1111928,2021,False,False,True
IPGP,1111928,2022,False,False,True
IPGP,1111928,2023,False,False,True
IPGP,1111928,2024,False,False,True
IPGP,1111928,2025,True,False,True
IQV,1478242,2011,True,True,True
IQV,1478242,2012,True,True,True
IQV,1478242,2025,True,False,False
IR,1699150,2015,True,True,True
IR,1699150,2016,True,True,True
IR,1699150,2017,False,False,True
IR,1699150,2018,False,False,True
IR,1699150,2019,False,False,True
IR,1699150,2020,False,False,True
IR,1699150,2021,False,False,True
IR,1699150,2022,False,False,True
IR,1699150,2023,False,False,True
IR,1699150,2024,False,False,True
IR,1699150,2025,True,False,True
IRM,1020569,2008,True,True,True
IRM,1020569,2009,False,False,True
IRM,1020569,2010,False,False,True
IRM,1020569,2011,False,False,True
IRM,1020569,2012,False,False,True
IRM,1020569,2013,False,False,True
IRM,1020569,2014,False,False,True
IRM,1020569,2015,False,False,True
IRM,1020569,2016,False,False,True
IRM,1020569,2017,False,False,True
IRM,1020569,2018,False,False,True
IRM,1020569,2019,False,False,True
IRM,1020569,2020,False,False,True
IRM,1020569,2021,False,False,True
IRM,1020569,2022,False,False,True
IRM,1020569,2023,False,False,True
IRM,1020569,2024,False,False,True
IRM,1020569,2025,True,False,True
ISRG,1035267,2003,True,True,True
ISRG,1035267,2004,True,True,True
ISRG,1035267,2005,True,True,True
ISRG,1035267,2006,True,True,True
ISRG,1035267,2007,True,True,True
ISRG,1035267,2008,True,True,True
ISRG,1035267,2009,False,False,True
ISRG,1035267,2010,False,False,True
ISRG,1035267,2011,False,False,True
ISRG,1035267,2012,False,False,True
ISRG,1035267,2013,False,False,True
ISRG,1035267,2014,False,False,True
ISRG,1035267,2015,False,False,True
ISRG,1035267,2016,False,False,True
ISRG,1035267,2017,False,False,True
ISRG,1035267,2018,False,False,True
ISRG,1035267,2019,False,False,True
ISRG,1035267,2020,False,False,True
ISRG,1035267,2021,False,False,True
ISRG,1035267,2022,False,False,True
ISRG,1035267,2023,False,False,True
ISRG,1035267,2024,False,False,True
ISRG,1035267,2025,True,False,True
IT,749251,2008,True,True,True
IT,749251,2009,False,False,True
IT,749251,2010,False,False,True
IT,749251,2011,False,False,True
IT,749251,2013,False,False,True
IT,749251,2014,False,False,True
IT,749251,2015,False,False,True
IT,749251,2016,False,False,True
IT,749251,2017,False,False,True
IT,749251,2018,False,False,True
IT,749251,2019,False,False,True
IT,749251,2020,False,False,True
IT,749251,2021,False,False,True
IT,749251,2022,False,False,True
IT,749251,2023,False,False,True
IT,749251,2024,False,False,True
IT,749251,2025,True,False,True
ITT,216228,2001,True,True,True
ITT,216228,2006,True,True,True
ITT,216228,2007,True,True,True
ITT,216228,2008,True,True,True
ITT,216228,2009,False,False,True
ITT,216228,2010,False,False,True
ITT,216228,2011,False,False,True
ITT,216228,2012,False,False,True
ITT,216228,2013,False,False,True
ITT,216228,2014,False,False,True
ITT,216228,2015,False,False,True
ITT,216228,2016,False,False,True
ITT,216228,2017,False,False,True
ITT,216228,2018,False,False,True
ITT,216228,2019,False,False,True
ITT,216228,2020,False,False,True
ITT,216228,2021,False,False,True
ITT,216228,2022,False,False,True
ITT,216228,2023,False,False,True
ITT,216228,2024,False,False,True
ITT,216228,2025,True,False,True
ITW,49826,2001,True,True,True
ITW,49826,2007,True,True,True
ITW,49826,2008,True,True,True
ITW,49826,2009,False,False,True
ITW,49826,2010,False,False,True
ITW,49826,2011,False,False,True
ITW,49826,2012,False,False,True
ITW,49826,2013,False,False,True
ITW,49826,2014,False,False,True
ITW,49826,2015,False,False,True
ITW,49826,2016,False,False,True
ITW,49826,2017,False,False,True
ITW,49826,2018,False,False,True
ITW,49826,2019,False,False,True
ITW,49826,2020,False,False,True
ITW,49826,2021,False,False,True
ITW,49826,2022,False,False,True
ITW,49826,2023,False,False,True
ITW,49826,2024,False,False,True
ITW,49826,2025,True,False,True
IVZ,914208,2007,True,True,True
IVZ,914208,2008,True,True,True
IVZ,914208,2009,False,False,True
IVZ,914208,2010,False,False,True
IVZ,914208,2011,False,False,True
IVZ,914208,2012,False,False,True
IVZ,914208,2013,False,False,True
IVZ,914208,2014,False,False,True
IVZ,914208,2015,False,False,True
IVZ,914208,2016,False,False,True
IVZ,914208,2017,False,False,True
IVZ,914208,2018,False,False,True
IVZ,914208,2019,False,False,True
IVZ,914208,2020,False,False,True
IVZ,914208,2021,False,False,True
IVZ,914208,2022,False,False,True
IVZ,914208,2023,False,False,True
IVZ,914208,2024,False,False,True
IVZ,914208,2025,True,False,True
J,52988,2007,True,True,True
J,52988,2008,True,True,True
J,52988,2009,False,False,True
J,52988,2010,False,False,True
J,52988,2011,False,False,True
J,52988,2012,False,False,True
J,52988,2013,False,False,True
J,52988,2014,False,False,True
J,52988,2015,False,False,True
J,52988,2016,False,False,True
J,52988,2017,False,False,True
J,52988,2018,False,False,True
J,52988,2019,False,False,True
J,52988,2020,False,False,True
J,52988,2021,False,False,True
J,52988,2022,False,False,True
J,52988,2023,False,False,True
J,52988,2024,False,False,True
J,52988,2025,True,False,True
JAVA,709519,2001,True,True,True
JAVA,709519,2002,True,True,True
JAVA,709519,2003,True,True,True
JAVA,709519,2004,True,True,True
JAVA,709519,2005,True,True,True
JAVA,709519,2006,True,True,True
JAVA,709519,2007,True,True,True
JAVA,709519,2008,True,True,True
JBHT,728535,2008,True,True,True
JBHT,728535,2009,False,False,True
JBHT,728535,2010,False,False,True
JBHT,728535,2011,False,False,True
JBHT,728535,2012,False,False,True
JBHT,728535,2013,False,False,True
JBHT,728535,2014,False,False,True
JBHT,728535,2015,False,False,True
JBHT,728535,2016,False,False,True
JBHT,728535,2017,False,False,True
JBHT,728535,2018,False,False,True
JBHT,728535,2019,False,False,True
JBHT,728535,2020,False,False,True
JBHT,728535,2021,False,False,True
JBHT,728535,2022,False,False,True
JBHT,728535,2023,False,False,True
JBHT,728535,2024,False,False,True
JBHT,728535,2025,True,False,True
JBL,898293,2000,True,True,True
JBL,898293,2001,True,True,True
JBL,898293,2002,True,True,True
JBL,898293,2003,True,True,True
JBL,898293,2004,True,True,True
JBL,898293,2005,True,True,True
JBL,898293,2006,True,True,True
JBL,898293,2007,True,True,True
JBL,898293,2008,True,True,True
JBL,898293,2009,False,False,True
JBL,898293,2010,False,False,True
JBL,898293,2011,False,False,True
JBL,898293,2012,False,False,True
JBL,898293,2013,False,False,True
JBL,898293,2014,False,False,True
JBL,898293,2015,False,False,True
JBL,898293,2016,False,False,True
JBL,898293,2017,False,False,True
JBL,898293,2018,False,False,True
JBL,898293,2019,False,False,True
JBL,898293,2020,False,False,True
JBL,898293,2021,False,False,True
JBL,898293,2022,False,False,True
JBL,898293,2023,False,False,True
JBL,898293,2024,False,False,True
JBL,898293,2025,True,False,True
JCI,833444,2001,True,True,True
JCI,833444,2007,True,True,True
JCI,833444,2008,True,True,True
JCI,833444,2009,False,False,True
JCI,833444,2010,False,False,True
JCI,833444,2011,False,False,True
JCI,833444,2012,False,False,True
JCI,833444,2013,False,False,True
JCI,833444,2014,False,False,True
JCI,833444,2015,False,False,True
JCI,833444,2016,False,False,True
JCI,833444,2017,False,False,True
JCI,833444,2018,False,False,True
JCI,833444,2019,False,False,True
JCI,833444,2020,False,False,True
JCI,833444,2021,False,False,True
JCI,833444,2022,False,False,True
JCI,833444,2023,False,False,True
JCI,833444,2024,False,False,True
JCI,833444,2025,True,False,True
JCP,77182,2001,True,True,True
JCP,1166126,2004,True,True,True
JCP,1166126,2005,True,True,True
JCP,1166126,2006,True,True,True
JCP,1166126,2007,True,True,True
JCP,1166126,2008,True,True,True
JCP,1166126,2009,True,False,True
JCP,1166126,2010,True,False,True
JCP,1166126,2011,True,False,True
JCP,1166126,2012,True,False,True
JCP,1166126,2013,True,False,True
JEC,52988,2000,True,True,True
JEC,52988,2002,True,True,True
JEC,52988,2003,True,True,True
JEC,52988,2004,True,True,True
JEC,52988,2005,True,True,True
JEC,52988,2006,True,True,True
JEF,96223,2007,True,True,True
JEF,96223,2008,True,True,True
JEF,96223,2009,False,False,True
JEF,96223,2010,False,False,True
JEF,96223,2011,False,False,True
JEF,96223,2012,False,False,True
JEF,96223,2013,False,False,True
JEF,96223,2014,False,False,True
JEF,96223,2015,False,False,True
JEF,96223,2016,False,False,True
JEF,96223,2017,False,False,True
JEF,96223,2018,False,False,True
JEF,96223,2019,False,False,True
JEF,96223,2020,False,False,True
JEF,96223,2021,False,False,True
JEF,96223,2022,False,False,True
JEF,96223,2023,False,False,True
JEF,96223,2024,False,False,True
JEF,96223,2025,True,False,True
JHF,736260,2001,True,True,True
JHF,736260,2002,True,True,True
JKHY,779152,2009,False,False,True
JKHY,779152,2010,False,False,True
JKHY,779152,2011,False,False,True
JKHY,779152,2012,False,False,True
JKHY,779152,2013,False,False,True
JKHY,779152,2014,False,False,True
JKHY,779152,2015,False,False,True
JKHY,779152,2016,False,False,True
JKHY,779152,2017,False,False,True
JKHY,779152,2018,False,False,True
JKHY,779152,2019,False,False,True
JKHY,779152,2020,False,False,True
JKHY,779152,2021,False,False,True
JKHY,779152,2022,False,False,True
JKHY,779152,2023,False,False,True
JKHY,779152,2024,False,False,True
JKHY,779152,2025,True,False,True
JNJ,200406,2001,True,True,True
JNJ,200406,2006,True,True,True
JNJ,200406,2007,True,True,True
JNJ,200406,2008,True,True,True
JNJ,200406,2009,True,False,True
JNJ,200406,2010,False,False,True
JNJ,200406,2011,False,False,True
JNJ,200406,2012,False,False,True
JNJ,200406,2013,False,False,True
JNJ,200406,2014,False,False,True
JNJ,200406,2015,True,False,True
JNJ,200406,2016,False,False,True
JNJ,200406,2017,False,False,True
JNJ,200406,2018,False,False,True
JNJ,200406,2019,False,False,True
JNJ,200406,2020,True,False,True
JNJ,200406,2021,False,False,True
JNJ,200406,2022,False,False,True
JNJ,200406,2023,False,False,True
JNJ,200406,2024,False,False,True
JNJ,200406,2025,True,False,True
JNPR,1043604,2000,True,True,True
JNPR,1043604,2001,True,True,True
JNPR,1043604,2002,True,True,True
JNPR,1043604,2003,True,True,True
JNPR,1043604,2004,True,True,True
JNPR,1043604,2005,True,True,True
JNPR,1043604,2006,True,True,True
JNPR,1043604,2007,True,True,True
JNPR,1043604,2008,True,True,True
JNPR,1043604,2009,True,False,True
JNPR,1043604,2010,True,False,True
JNPR,1043604,2011,True,False,True
JNPR,1043604,2012,True,False,True
JNPR,1043604,2013,True,False,True
JNPR,1043604,2014,True,False,True
JNPR,1043604,2015,True,False,True
JNPR,1043604,2016,True,False,True
JNPR,1043604,2017,True,False,True
JNPR,1043604,2018,True,False,True
JNPR,1043604,2019,True,False,True
JNPR,1043604,2020,True,False,True
JNPR,1043604,2021,True,False,True
JNPR,1043604,2022,True,False,True
JNPR,1043604,2023,True,False,True
JNPR,1043604,2024,True,False,True
JNS,1065865,2000,True,True,True
JNS,1065865,2001,True,True,True
JNS,1065865,2002,True,True,True
JNS,1065865,2003,True,True,True
JNS,1065865,2004,True,True,True
JNS,1065865,2005,True,True,True
JNS,1065865,2006,True,True,True
JNS,1065865,2007,True,True,True
JNS,1065865,2008,True,True,True
JNS,1065865,2009,True,True,True
JNS,1065865,2010,True,False,True
JNS,1065865,2011,True,False,True
JNY,874016,2000,True,True,True
JNY,874016,2001,True,True,True
JNY,874016,2002,True,True,True
JNY,874016,2003,True,True,True
JNY,874016,2004,True,True,True
JNY,874016,2005,True,True,True
JNY,874016,2009,True,False,True
JOS,54050,2000,True,True,True
JOS,54050,2002,True,True,True
JOS,54050,2004,True,True,True
JOY,801898,2011,True,False,True
JOY,801898,2012,True,False,True
JOY,801898,2013,True,False,True
JOY,801898,2014,True,False,True
JOY,801898,2015,True,False,True
JP,53347,2000,True,True,True
JP,53347,2003,True,True,True
JP,53347,2004,True,True,True
JP,53347,2005,True,True,True
JPM,19617,2001,True,True,True
JPM,19617,2002,True,True,True
JPM,19617,2003,True,True,True
JPM,19617,2004,True,True,True
JPM,19617,2005,True,True,True
JPM,19617,2006,True,True,True
JPM,19617,2007,True,True,True
JPM,19617,2008,True,True,True
JPM,19617,2009,False,False,True
JPM,19617,2010,False,False,True
JPM,19617,2011,False,False,True
JPM,19617,2012,False,False,True
JPM,19617,2013,False,False,True
JPM,19617,2014,False,False,True
JPM,19617,2015,False,False,True
JPM,19617,2016,False,False,True
JPM,19617,2017,False,False,True
JPM,19617,2018,False,False,True
JPM,19617,2019,False,False,True
JPM,19617,2020,False,False,True
JPM,19617,2021,False,False,True
JPM,19617,2022,False,False,True
JPM,19617,2023,False,False,True
JPM,19617,2024,False,False,True
JPM,19617,2025,True,False,True
JWN,72333,2000,True,True,True
JWN,72333,2001,True,True,True
JWN,72333,2004,True,True,True
JWN,72333,2005,True,True,True
JWN,72333,2006,True,True,True
JWN,72333,2007,True,True,True
JWN,72333,2008,True,True,True
JWN,72333,2009,True,False,True
JWN,72333,2010,True,False,True
JWN,72333,2011,True,False,True
JWN,72333,2012,True,False,True
JWN,72333,2013,True,False,True
JWN,72333,2014,True,False,True
JWN,72333,2015,True,False,True
JWN,72333,2016,True,False,True
JWN,72333,2017,True,False,True
JWN,72333,2018,True,False,True
JWN,72333,2019,True,False,True
JWN,72333,2020,True,False,True
K,55067,2000,True,True,True
K,55067,2001,True,True,True
K,55067,2005,True,True,True
K,55067,2006,True,True,True
K,55067,2007,True,True,True
K,55067,2009,True,False,True
K,55067,2010,True,False,True
K,55067,2011,True,False,True
K,55067,2012,True,False,True
K,55067,2013,True,False,True
K,55067,2014,True,False,True
K,55067,2015,True,False,True
K,55067,2016,True,False,True
K,55067,2017,True,False,True
K,55067,2018,True,False,True
K,55067,2019,True,False,True
K,55067,2020,True,False,True
K,55067,2021,True,False,True
K,55067,2022,True,False,True
K,55067,2023,True,False,True
K,55067,2024,True,False,True
KATE,352363,2000,True,True,True
KATE,352363,2001,True,True,True
KATE,352363,2005,True,True,True
KATE,352363,2006,True,True,True
KATE,352363,2007,True,True,True
KBH,795266,2002,True,True,True
KBH,795266,2003,True,True,True
KBH,795266,2004,True,True,True
KBH,795266,2005,True,True,True
KBH,795266,2006,True,True,True
KBH,795266,2007,True,True,True
KBH,795266,2008,True,True,True
KBH,795266,2009,True,True,True
KBH,795266,2010,False,False,True
KBH,795266,2011,False,False,True
KBH,795266,2012,False,False,True
KBH,795266,2013,False,False,True
KBH,795266,2014,False,False,True
KBH,795266,2015,False,False,True
KBH,795266,2016,False,False,True
KBH,795266,2017,False,False,True
KBH,795266,2018,False,False,True
KBH,795266,2019,False,False,True
KBH,795266,2020,False,False,True
KBH,795266,2021,False,False,True
KBH,795266,2022,False,False,True
KBH,795266,2023,False,False,True
KBH,795266,2024,False,False,True
KBH,795266,2025,True,False,True
KDP,1418135,2008,True,True,True
KDP,1418135,2009,False,False,True
KDP,1418135,2010,False,False,True
KDP,1418135,2011,False,False,True
KDP,1418135,2012,False,False,True
KDP,1418135,2013,False,False,True
KDP,1418135,2014,False,False,True
KDP,1418135,2015,False,False,True
KDP,1418135,2016,False,False,True
KDP,1418135,2017,False,False,True
KDP,1418135,2018,False,False,True
KDP,1418135,2019,False,False,True
KDP,1418135,2020,False,False,True
KDP,1418135,2021,False,False,True
KDP,1418135,2022,False,False,True
KDP,1418135,2023,False,False,True
KDP,1418135,2024,False,False,True
KDP,1418135,2025,True,False,True
KEY,91576,2000,True,True,True
KEY,91576,2001,True,True,True
KEY,91576,2003,True,True,True
KEY,91576,2004,True,True,True
KEY,91576,2005,True,True,True
KEY,91576,2006,True,True,True
KEY,91576,2007,True,True,True
KEY,91576,2008,True,True,True
KEY,91576,2009,False,False,True
KEY,91576,2010,False,False,True
KEY,91576,2011,False,False,True
KEY,91576,2012,False,False,True
KEY,91576,2013,False,False,True
KEY,91576,2014,False,False,True
KEY,91576,2015,False,False,True
KEY,91576,2016,False,False,True
KEY,91576,2017,False,False,True
KEY,91576,2018,False,False,True
KEY,91576,2019,False,False,True
KEY,91576,2020,False,False,True
KEY,91576,2021,False,False,True
KEY,91576,2022,False,False,True
KEY,91576,2023,False,False,True
KEY,91576,2024,False,False,True
KEY,91576,2025,True,False,True
KEYS,1601046,2013,True,True,True
KEYS,1601046,2014,False,False,True
KEYS,1601046,2015,False,False,True
KEYS,1601046,2016,False,False,True
KEYS,1601046,2017,False,False,True
KEYS,1601046,2018,False,False,True
KEYS,1601046,2019,False,False,True
KEYS,1601046,2020,False,False,True
KEYS,1601046,2021,False,False,True
KEYS,1601046,2022,False,False,True
KEYS,1601046,2023,False,False,True
KEYS,1601046,2024,False,False,True
KEYS,1601046,2025,True,False,True
KG,2055116,2024,False,False,True
KG,2055116,2025,True,False,True
KHC,1637459,2014,True,True,True
KHC,1637459,2015,True,False,True
KHC,1637459,2016,False,False,True
KHC,1637459,2017,False,False,True
KHC,1637459,2018,False,False,True
KHC,1637459,2019,False,False,True
KHC,1637459,2020,False,False,True
KHC,1637459,2021,False,False,True
KHC,1637459,2022,False,False,True
KHC,1637459,2023,False,False,True
KHC,1637459,2024,False,False,True
KHC,1637459,2025,True,False,True
KIM,879101,2000,True,True,True
KIM,879101,2001,True,True,True
KIM,879101,2004,True,True,True
KIM,879101,2005,True,True,True
KIM,879101,2006,True,True,True
KIM,879101,2007,True,True,True
KIM,879101,2008,True,True,True
KIM,879101,2009,False,False,True
KIM,879101,2010,False,False,True
KIM,879101,2011,False,False,True
KIM,879101,2012,False,False,True
KIM,879101,2013,False,False,True
KIM,879101,2014,False,False,True
KIM,879101,2015,False,False,True
KIM,879101,2016,False,False,True
KIM,879101,2017,False,False,True
KIM,879101,2018,False,False,True
KIM,879101,2019,False,False,True
KIM,879101,2020,False,False,True
KIM,879101,2021,False,False,True
KIM,879101,2022,False,False,True
KIM,879101,2023,False,False,True
KIM,879101,2024,False,False,True
KIM,879101,2025,True,False,True
KKR,1404912,2009,True,True,True
KKR,1404912,2010,True,True,True
KKR,1404912,2011,True,False,True
KKR,1404912,2012,False,False,True
KKR,1404912,2013,False,False,True
KKR,1404912,2014,False,False,True
KKR,1404912,2015,False,False,True
KKR,1404912,2016,False,False,True
KKR,1404912,2017,False,False,True
KKR,1404912,2018,False,False,True
KKR,1404912,2019,False,False,True
KKR,1404912,2020,False,False,True
KKR,1404912,2021,False,False,True
KKR,1404912,2022,False,False,True
KKR,1404912,2023,False,False,True
KKR,1404912,2024,False,False,True
KKR,1404912,2025,True,False,True
KLAC,319201,2000,True,True,True
KLAC,319201,2001,True,True,True
KLAC,319201,2003,True,True,True
KLAC,319201,2004,True,True,True
KLAC,319201,2005,True,True,True
KLAC,319201,2006,True,True,True
KLAC,319201,2007,True,True,True
KLAC,319201,2008,True,True,True
KLAC,319201,2009,False,False,True
KLAC,319201,2010,False,False,True
KLAC,319201,2011,False,False,True
KLAC,319201,2012,False,False,True
KLAC,319201,2013,False,False,True
KLAC,319201,2014,False,False,True
KLAC,319201,2015,False,False,True
KLAC,319201,2016,False,False,True
KLAC,319201,2017,False,False,True
KLAC,319201,2018,False,False,True
KLAC,319201,2019,False,False,True
KLAC,319201,2020,False,False,True
KLAC,319201,2021,False,False,True
KLAC,319201,2022,False,False,True
KLAC,319201,2023,False,False,True
KLAC,319201,2024,False,False,True
KLAC,319201,2025,True,False,True
KM,56824,2000,True,True,True
KM,56824,2001,True,True,True
KMB,55785,2001,True,True,True
KMB,55785,2003,True,True,True
KMB,55785,2004,True,True,True
KMB,55785,2005,True,True,True
KMB,55785,2007,True,True,True
KMB,55785,2008,True,True,True
KMB,55785,2009,False,False,True
KMB,55785,2010,False,False,True
KMB,55785,2011,False,False,True
KMB,55785,2012,False,False,True
KMB,55785,2013,False,False,True
KMB,55785,2014,False,False,True
KMB,55785,2015,False,False,True
KMB,55785,2016,False,False,True
KMB,55785,2017,False,False,True
KMB,55785,2018,False,False,True
KMB,55785,2019,False,False,True
KMB,55785,2020,False,False,True
KMB,55785,2021,False,False,True
KMB,55785,2022,False,False,True
KMB,55785,2023,False,False,True
KMB,55785,2024,False,False,True
KMB,55785,2025,True,False,True
KMG,1141185,2001,True,True,True
KMG,1141185,2004,True,True,True
KMG,1141185,2005,True,True,True
KMG_B,1141185,2001,True,True,True
KMG_B,1141185,2004,True,True,True
KMG_B,1141185,2005,True,True,True
KMI,1506307,2009,True,True,True
KMI,1506307,2010,True,True,True
KMI,1506307,2011,True,True,True
KMI,1506307,2012,True,True,True
KMI,1506307,2013,False,False,True
KMI,1506307,2014,False,False,True
KMI,1506307,2015,False,False,True
KMI,1506307,2016,False,False,True
KMI,1506307,2017,False,False,True
KMI,1506307,2018,False,False,True
KMI,1506307,2019,False,False,True
KMI,1506307,2020,False,False,True
KMI,1506307,2021,False,False,True
KMI,1506307,2022,False,False,True
KMI,1506307,2023,False,False,True
KMI,1506307,2024,False,False,True
KMI,1506307,2025,True,False,True
KMX,1170010,2009,False,False,True
KMX,1170010,2010,False,False,True
KMX,1170010,2011,False,False,True
KMX,1170010,2012,False,False,True
KMX,1170010,2013,False,False,True
KMX,1170010,2014,False,False,True
KMX,1170010,2015,False,False,True
KMX,1170010,2016,False,False,True
KMX,1170010,2017,False,False,True
KMX,1170010,2018,False,False,True
KMX,1170010,2019,False,False,True
KMX,1170010,2020,False,False,True
KMX,1170010,2021,False,False,True
KMX,1170010,2022,False,False,True
KMX,1170010,2023,False,False,True
KMX,1170010,2024,False,False,True
KMX,1170010,2025,True,False,True
KMX,1170010,2026,True,False,True
KO,21344,2000,True,True,True
KO,21344,2001,True,True,True
KO,21344,2003,True,True,True
KO,21344,2004,True,True,True
KO,21344,2005,True,True,True
KO,21344,2006,True,True,True
KO,21344,2007,True,True,True
KO,21344,2008,True,True,True
KO,21344,2009,False,False,True
KO,21344,2010,False,False,True
KO,21344,2011,False,False,True
KO,21344,2012,False,False,True
KO,21344,2013,False,False,True
KO,21344,2014,False,False,True
KO,21344,2015,False,False,True
KO,21344,2016,False,False,True
KO,21344,2017,False,False,True
KO,21344,2018,False,False,True
KO,21344,2019,False,False,True
KO,21344,2020,False,False,True
KO,21344,2021,False,False,True
KO,21344,2022,False,False,True
KO,21344,2023,False,False,True
KO,21344,2024,False,False,True
KO,21344,2025,True,False,True
KR,56873,2000,True,True,True
KR,56873,2001,True,True,True
KR,56873,2008,True,True,True
KR,56873,2009,False,False,True
KR,56873,2010,False,False,True
KR,56873,2011,False,False,True
KR,56873,2012,False,False,True
KR,56873,2013,False,False,True
KR,56873,2014,False,False,True
KR,56873,2015,False,False,True
KR,56873,2016,False,False,True
KR,56873,2017,False,False,True
KR,56873,2018,False,False,True
KR,56873,2019,False,False,True
KR,56873,2020,False,False,True
KR,56873,2021,False,False,True
KR,56873,2022,False,False,True
KR,56873,2023,False,False,True
KR,56873,2024,False,False,True
KR,56873,2025,True,False,True
KR,56873,2026,True,False,True
KRB,870517,2001,True,True,True
KRB,870517,2002,True,True,True
KRB,870517,2003,True,True,True
KRB,870517,2004,True,True,True
KRFT,1545158,2012,True,False,True
KRFT,1545158,2013,True,False,True
KRFT,1545158,2014,True,False,True
KRI,205520,2000,True,True,True
KRI,205520,2003,True,True,True
KRI,205520,2004,True,True,True
KRI,205520,2005,True,True,True
KSE,1062379,2000,True,True,True
KSS,885639,2001,True,True,True
KSS,885639,2008,True,True,True
KSS,885639,2009,False,False,True
KSS,885639,2010,False,False,True
KSS,885639,2011,False,False,True
KSS,885639,2012,False,False,True
KSS,885639,2013,False,False,True
KSS,885639,2014,False,False,True
KSS,885639,2015,False,False,True
KSS,885639,2016,False,False,True
KSS,885639,2017,False,False,True
KSS,885639,2018,False,False,True
KSS,885639,2019,False,False,True
KSS,885639,2020,False,False,True
KSS,885639,2021,False,False,True
KSS,885639,2022,False,False,True
KSS,885639,2023,False,False,True
KSS,885639,2024,False,False,True
KSS,885639,2025,True,False,True
KSS,885639,2026,True,False,True
KSU,54480,2013,True,False,True
KSU,54480,2014,True,False,True
KSU,54480,2015,True,False,True
KSU,54480,2016,True,False,True
KSU,54480,2017,True,False,True
KSU,54480,2018,True,False,True
KSU,54480,2019,True,False,True
KSU,54480,2020,True,False,True
KSU,54480,2021,True,False,True
KVUE,1944048,2022,True,True,True
KVUE,1944048,2023,False,False,True
KVUE,1944048,2024,False,False,True
KVUE,1944048,2025,True,False,True
L,60086,2001,True,True,True
L,60086,2004,True,True,True
L,60086,2005,True,True,True
L,60086,2007,True,True,True
L,60086,2008,True,True,True
L,60086,2009,False,False,True
L,60086,2010,False,False,True
L,60086,2011,False,False,True
L,60086,2012,False,False,True
L,60086,2013,False,False,True
L,60086,2014,False,False,True
L,60086,2015,False,False,True
L,60086,2016,False,False,True
L,60086,2017,False,False,True
L,60086,2018,False,False,True
L,60086,2019,False,False,True
L,60086,2020,False,False,True
L,60086,2021,False,False,True
L,60086,2022,False,False,True
L,60086,2023,False,False,True
L,60086,2024,False,False,True
L,60086,2025,True,False,True
LB,1995807,2023,True,True,True
LB,1995807,2024,False,False,True
LB,1995807,2025,True,True,True
LDG,764762,2001,True,True,True
LDG,764762,2002,True,True,True
LDG,764762,2003,True,True,True
LDG,764762,2004,True,True,True
LDG,764762,2005,True,True,True
LDG,764762,2006,True,True,True
LDG,764762,2007,True,True,True
LDG,764762,2008,True,True,True
LDOS,1336920,2009,False,False,True
LDOS,1336920,2010,False,False,True
LDOS,1336920,2011,False,False,True
LDOS,1336920,2012,False,False,True
LDOS,1336920,2013,False,False,True
LDOS,1336920,2014,False,False,True
LDOS,1336920,2015,False,False,True
LDOS,1336920,2016,False,False,True
LDOS,1336920,2017,False,False,True
LDOS,1336920,2018,False,False,True
LDOS,1336920,2019,True,False,True
LDOS,1336920,2020,False,False,True
LDOS,1336920,2021,False,False,True
LDOS,1336920,2022,False,False,True
LDOS,1336920,2024,True,False,True
LDOS,1336920,2025,True,False,False
LDOS,1336920,2026,True,False,False
LEG,58492,2001,True,True,True
LEG,58492,2002,True,True,True
LEG,58492,2003,True,True,True
LEG,58492,2004,True,True,True
LEG,58492,2005,True,True,True
LEG,58492,2006,True,True,True
LEG,58492,2007,True,True,True
LEG,58492,2008,True,True,True
LEG,58492,2009,False,False,True
LEG,58492,2010,False,False,True
LEG,58492,2011,False,False,True
LEG,58492,2012,False,False,True
LEG,58492,2013,False,False,True
LEG,58492,2014,False,False,True
LEG,58492,2015,False,False,True
LEG,58492,2016,False,False,True
LEG,58492,2017,False,False,True
LEG,58492,2018,False,False,True
LEG,58492,2019,False,False,True
LEG,58492,2020,False,False,True
LEG,58492,2021,False,False,True
LEG,58492,2022,False,False,True
LEG,58492,2023,False,False,True
LEG,58492,2024,False,False,True
LEG,58492,2025,True,False,True
LEHMQ,806085,2001,True,True,True
LEHMQ,806085,2002,True,True,True
LEHMQ,806085,2003,True,True,True
LEHMQ,806085,2004,True,True,True
LEHMQ,806085,2005,True,True,True
LEHMQ,806085,2006,True,True,True
LEHMQ,806085,2007,True,True,True
LEN,920760,2000,True,True,True
LEN,920760,2001,True,True,True
LEN,920760,2002,True,True,True
LEN,920760,2003,True,True,True
LEN,920760,2004,True,True,True
LEN,920760,2005,True,True,True
LEN,920760,2006,True,True,True
LEN,920760,2007,True,True,True
LEN,920760,2008,True,True,True
LEN,920760,2009,False,False,True
LEN,920760,2010,False,False,True
LEN,920760,2011,False,False,True
LEN,920760,2012,False,False,True
LEN,920760,2013,False,False,True
LEN,920760,2014,False,False,True
LEN,920760,2015,False,False,True
LEN,920760,2016,False,False,True
LEN,920760,2017,False,False,True
LEN,920760,2018,False,False,True
LEN,920760,2019,False,False,True
LEN,920760,2020,False,False,True
LEN,920760,2021,False,False,True
LEN,920760,2022,False,False,True
LEN,920760,2023,False,False,True
LEN,920760,2024,False,False,True
LEN,920760,2025,True,True,True
LH,920148,2000,True,True,True
LH,920148,2005,True,True,True
LH,920148,2006,True,True,True
LH,920148,2007,True,True,True
LH,920148,2008,True,True,True
LH,920148,2009,False,False,True
LH,920148,2010,False,False,True
LH,920148,2011,False,False,True
LH,920148,2012,False,False,True
LH,920148,2013,False,False,True
LH,920148,2014,False,False,True
LH,920148,2015,False,False,True
LH,920148,2016,False,False,True
LH,920148,2017,False,False,True
LH,920148,2018,False,False,True
LH,920148,2019,False,False,True
LH,920148,2020,False,False,True
LH,920148,2025,True,False,True
LHX,202058,2008,True,True,True
LHX,202058,2009,False,False,True
LHX,202058,2010,False,False,True
LHX,202058,2011,False,False,True
LHX,202058,2012,False,False,True
LHX,202058,2013,False,False,True
LHX,202058,2014,False,False,True
LHX,202058,2015,False,False,True
LHX,202058,2016,False,False,True
LHX,202058,2024,True,False,True
LHX,202058,2025,True,False,False
LHX,202058,2026,True,False,False
LIFE,1788451,2024,True,True,True
LIFE,1788451,2025,True,True,True
LII,1069202,2008,True,True,True
LII,1069202,2009,False,False,True
LII,1069202,2010,False,False,True
LII,1069202,2011,False,False,True
LII,1069202,2012,False,False,True
LII,1069202,2013,False,False,True
LII,1069202,2014,False,False,True
LII,1069202,2015,False,False,True
LII,1069202,2016,False,False,True
LII,1069202,2017,False,False,True
LII,1069202,2018,False,False,True
LII,1069202,2019,False,False,True
LII,1069202,2020,False,False,True
LII,1069202,2021,False,False,True
LII,1069202,2022,False,False,True
LII,1069202,2023,False,False,True
LII,1069202,2024,False,False,True
LII,1069202,2025,True,False,True
LIN,1707925,2016,False,False,True
LIN,1707925,2017,False,False,True
LIN,1707925,2018,False,False,True
LIN,1707925,2019,False,False,True
LIN,1707925,2020,False,False,True
LIN,1707925,2021,False,False,True
LIN,1707925,2022,False,False,True
LIN,1707925,2023,False,False,True
LIN,1707925,2024,False,False,True
LIN,1707925,2025,True,False,True
LITE,1633978,2013,True,True,True
LITE,1633978,2014,True,True,True
LITE,1633978,2015,True,False,True
LITE,1633978,2016,False,False,True
LITE,1633978,2017,False,False,True
LITE,1633978,2018,False,False,True
LITE,1633978,2019,False,False,True
LITE,1633978,2020,False,False,True
LITE,1633978,2021,False,False,True
LITE,1633978,2022,False,False,True
LITE,1633978,2023,False,False,True
LITE,1633978,2024,False,False,True
LITE,1633978,2025,True,False,True
LKQ,1065696,2008,True,True,True
LKQ,1065696,2009,False,False,True
LKQ,1065696,2010,False,False,True
LKQ,1065696,2011,False,False,True
LKQ,1065696,2012,False,False,True
LKQ,1065696,2013,False,False,True
LKQ,1065696,2014,False,False,True
LKQ,1065696,2015,False,False,True
LKQ,1065696,2016,False,False,True
LKQ,1065696,2017,False,False,True
LKQ,1065696,2018,False,False,True
LKQ,1065696,2019,False,False,True
LKQ,1065696,2020,False,False,True
LKQ,1065696,2021,False,False,True
LKQ,1065696,2022,False,False,True
LKQ,1065696,2023,False,False,True
LKQ,1065696,2024,False,False,True
LKQ,1065696,2025,True,False,True
LLL,1056239,2000,True,True,True
LLL,1056239,2003,True,True,True
LLL,1056239,2004,True,True,True
LLL,1056239,2005,True,True,True
LLL,1056239,2006,True,True,True
LLL,1056239,2007,True,True,True
LLL,1056239,2008,True,True,True
LLL,1056239,2009,True,False,True
LLL,1056239,2010,True,False,True
LLL,1056239,2011,True,False,True
LLL,1056239,2012,True,False,True
LLL,1056239,2013,True,False,True
LLL,1056239,2014,True,False,True
LLL,1056239,2015,True,False,True
LLTC,791907,2000,True,True,True
LLTC,791907,2001,True,True,True
LLTC,791907,2006,True,True,True
LLTC,791907,2007,True,True,True
LLTC,791907,2008,True,True,True
LLTC,791907,2009,True,True,True
LLTC,791907,2010,True,True,True
LLTC,791907,2011,True,False,True
LLTC,791907,2012,True,False,True
LLTC,791907,2013,True,False,True
LLTC,791907,2014,True,False,True
LLTC,791907,2015,True,False,True
LLTC,791907,2016,True,False,True
LLY,59478,2000,True,True,True
LLY,59478,2002,True,True,True
LLY,59478,2003,True,True,True
LLY,59478,2004,True,True,True
LLY,59478,2005,True,True,True
LLY,59478,2006,True,True,True
LLY,59478,2007,True,True,True
LLY,59478,2008,True,True,True
LLY,59478,2009,False,False,True
LLY,59478,2010,False,False,True
LLY,59478,2011,False,False,True
LLY,59478,2012,False,False,True
LLY,59478,2013,False,False,True
LLY,59478,2014,False,False,True
LLY,59478,2015,False,False,True
LLY,59478,2016,False,False,True
LLY,59478,2017,False,False,True
LLY,59478,2018,False,False,True
LLY,59478,2019,False,False,True
LLY,59478,2020,False,False,True
LLY,59478,2021,False,False,True
LLY,59478,2022,False,False,True
LLY,59478,2023,False,False,True
LLY,59478,2024,False,False,True
LLY,59478,2025,True,False,True
LM,704051,2000,True,True,True
LM,704051,2003,True,True,True
LM,704051,2004,True,True,True
LM,704051,2005,True,True,True
LM,704051,2006,True,True,True
LM,704051,2007,True,True,True
LM,704051,2008,True,True,True
LM,704051,2009,True,False,True
LM,704051,2010,True,False,True
LM,704051,2011,True,False,True
LM,704051,2013,True,False,True
LM,704051,2014,True,False,True
LM,704051,2015,True,False,True
LM,704051,2016,True,False,True
LMT,936468,2000,True,True,True
LMT,936468,2007,True,True,True
LMT,936468,2008,True,True,True
LMT,936468,2009,False,False,True
LMT,936468,2010,False,False,True
LMT,936468,2011,False,False,True
LMT,936468,2012,False,False,True
LMT,936468,2013,False,False,True
LMT,936468,2014,False,False,True
LMT,936468,2015,False,False,True
LMT,936468,2016,False,False,True
LMT,936468,2017,False,False,True
LMT,936468,2018,False,False,True
LMT,936468,2019,False,False,True
LMT,936468,2020,False,False,True
LMT,936468,2021,False,False,True
LMT,936468,2022,False,False,True
LMT,936468,2023,False,False,True
LMT,936468,2024,False,False,True
LMT,936468,2025,True,False,True
LNC,59558,2000,True,True,True
LNC,59558,2001,True,True,True
LNC,59558,2003,True,True,True
LNC,59558,2004,True,True,True
LNC,59558,2005,True,True,True
LNC,59558,2006,True,True,True
LNC,59558,2007,True,True,True
LNC,59558,2008,True,True,True
LNC,59558,2009,False,False,True
LNC,59558,2010,False,False,True
LNC,59558,2011,False,False,True
LNC,59558,2012,False,False,True
LNC,59558,2013,False,False,True
LNC,59558,2014,False,False,True
LNC,59558,2015,False,False,True
LNC,59558,2016,False,False,True
LNC,59558,2017,False,False,True
LNC,59558,2018,False,False,True
LNC,59558,2019,False,False,True
LNC,59558,2020,False,False,True
LNC,59558,2021,False,False,True
LNC,59558,2022,False,False,True
LNC,59558,2023,False,False,True
LNC,59558,2024,False,False,True
LNC,59558,2025,True,False,True
LNT,352541,2008,True,True,True
LNT,352541,2009,False,False,True
LNT,352541,2010,False,False,True
LNT,352541,2011,False,False,True
LNT,352541,2012,False,False,True
LNT,352541,2013,False,False,True
LNT,352541,2014,False,False,True
LNT,352541,2015,False,False,True
LNT,352541,2016,False,False,True
LNT,352541,2017,False,False,True
LNT,352541,2018,False,False,True
LNT,352541,2019,False,False,True
LNT,352541,2020,False,False,True
LNT,352541,2021,False,False,True
LNT,352541,2022,False,False,True
LNT,352541,2023,False,False,True
LNT,352541,2024,False,False,True
LNT,352541,2025,True,False,True
LO,1424847,2008,True,True,True
LO,1424847,2009,True,False,True
LO,1424847,2010,True,False,True
LO,1424847,2011,True,False,True
LO,1424847,2012,True,False,True
LO,1424847,2013,True,False,True
LO,1424847,2014,True,False,True
LOW,60667,2001,True,True,True
LOW,60667,2003,True,True,True
LOW,60667,2004,True,True,True
LOW,60667,2005,True,True,True
LOW,60667,2006,True,True,True
LOW,60667,2007,True,True,True
LOW,60667,2008,True,True,True
LOW,60667,2009,False,False,True
LOW,60667,2010,False,False,True
LOW,60667,2011,False,False,True
LOW,60667,2012,False,False,True
LOW,60667,2013,False,False,True
LOW,60667,2014,False,False,True
LOW,60667,2015,False,False,True
LOW,60667,2016,False,False,True
LOW,60667,2017,False,False,True
LOW,60667,2018,False,False,True
LOW,60667,2019,False,False,True
LOW,60667,2020,False,False,True
LOW,60667,2021,False,False,True
LOW,60667,2022,False,False,True
LOW,60667,2023,False,False,True
LOW,60667,2024,False,False,True
LOW,60667,2025,True,False,True
LOW,60667,2026,True,False,True
LPX,60519,2001,True,True,True
LPX,60519,2002,True,True,True
LPX,60519,2003,True,True,True
LPX,60519,2004,True,True,True
LPX,60519,2005,True,True,True
LPX,60519,2006,True,True,True
LPX,60519,2007,True,True,True
LPX,60519,2008,True,True,True
LPX,60519,2009,False,False,True
LPX,60519,2010,False,False,True
LPX,60519,2011,False,False,True
LPX,60519,2012,False,False,True
LPX,60519,2013,False,False,True
LPX,60519,2014,False,False,True
LPX,60519,2015,False,False,True
LPX,60519,2016,False,False,True
LPX,60519,2017,False,False,True
LPX,60519,2018,False,False,True
LPX,60519,2019,False,False,True
LPX,60519,2020,False,False,True
LPX,60519,2021,False,False,True
LPX,60519,2022,False,False,True
LPX,60519,2023,False,False,True
LPX,60519,2024,False,False,True
LPX,60519,2025,True,False,True
LRCX,707549,2009,False,False,True
LRCX,707549,2010,False,False,True
LRCX,707549,2011,False,False,True
LRCX,707549,2012,False,False,True
LRCX,707549,2013,False,False,True
LRCX,707549,2014,False,False,True
LRCX,707549,2015,False,False,True
LRCX,707549,2016,False,False,True
LRCX,707549,2017,False,False,True
LRCX,707549,2018,False,False,True
LRCX,707549,2019,False,False,True
LRCX,707549,2020,False,False,True
LRCX,707549,2021,False,False,True
LRCX,707549,2022,False,False,True
LRCX,707549,2023,False,False,True
LRCX,707549,2024,False,False,True
LRCX,707549,2025,True,False,True
LSI,703360,2000,True,True,True
LSI,703360,2003,True,True,True
LSI,703360,2006,True,True,True
LSI,703360,2007,True,True,True
LSI,703360,2008,True,True,True
LSI,703360,2009,True,True,True
LSI,703360,2010,True,False,True
LSI,703360,2011,True,False,True
LSI,703360,2012,True,False,True
LSI,703360,2013,True,False,True
LULU,1397187,2009,False,False,True
LULU,1397187,2010,False,False,True
LULU,1397187,2011,False,False,True
LULU,1397187,2012,False,False,True
LULU,1397187,2013,False,False,True
LULU,1397187,2014,False,False,True
LULU,1397187,2015,False,False,True
LULU,1397187,2016,False,False,True
LULU,1397187,2017,False,False,True
LULU,1397187,2018,False,False,True
LULU,1397187,2019,False,False,True
LULU,1397187,2020,False,False,True
LULU,1397187,2021,False,False,True
LULU,1397187,2022,False,False,True
LULU,1397187,2023,False,False,True
LULU,1397187,2024,False,False,True
LULU,1397187,2025,True,False,True
LULU,1397187,2026,True,False,True
LUMN,18926,2008,True,True,True
LUMN,18926,2009,False,False,True
LUMN,18926,2010,False,False,True
LUMN,18926,2011,False,False,True
LUMN,18926,2012,False,False,True
LUMN,18926,2013,False,False,True
LUMN,18926,2014,False,False,True
LUMN,18926,2015,False,False,True
LUMN,18926,2016,False,False,True
LUMN,18926,2017,False,False,True
LUMN,18926,2018,False,False,True
LUMN,18926,2019,False,False,True
LUMN,18926,2020,False,False,True
LUMN,18926,2021,False,False,True
LUMN,18926,2022,False,False,True
LUMN,18926,2023,False,False,True
LUMN,18926,2024,False,False,True
LUMN,18926,2025,True,False,True
LUV,92380,2000,True,True,True
LUV,92380,2001,True,True,True
LUV,92380,2004,True,True,True
LUV,92380,2006,True,True,True
LUV,92380,2007,True,True,True
LUV,92380,2008,True,True,True
LUV,92380,2009,False,False,True
LUV,92380,2010,False,False,True
LUV,92380,2011,False,False,True
LUV,92380,2012,False,False,True
LUV,92380,2013,False,False,True
LUV,92380,2014,False,False,True
LUV,92380,2015,False,False,True
LUV,92380,2016,False,False,True
LUV,92380,2017,False,False,True
LUV,92380,2018,False,False,True
LUV,92380,2019,False,False,True
LUV,92380,2020,False,False,True
LUV,92380,2021,False,False,True
LUV,92380,2022,False,False,True
LUV,92380,2023,False,False,True
LUV,92380,2024,False,False,True
LUV,92380,2025,True,False,True
LVLT,794323,2014,True,False,True
LVLT,794323,2015,True,False,True
LVLT,794323,2016,True,False,True
LVLT,794323,2017,True,False,True
LVS,1300514,2008,True,True,True
LVS,1300514,2009,False,False,True
LVS,1300514,2010,False,False,True
LVS,1300514,2011,False,False,True
LVS,1300514,2012,False,False,True
LVS,1300514,2013,False,False,True
LVS,1300514,2014,False,False,True
LVS,1300514,2015,False,False,True
LVS,1300514,2016,False,False,True
LVS,1300514,2017,False,False,True
LVS,1300514,2018,False,False,True
LVS,1300514,2019,False,False,True
LVS,1300514,2020,False,False,True
LVS,1300514,2021,False,False,True
LVS,1300514,2022,False,False,True
LVS,1300514,2023,False,False,True
LVS,1300514,2024,False,False,True
LVS,1300514,2025,True,False,True
LW,1679273,2015,True,True,True
LW,1679273,2016,True,True,True
LW,1679273,2025,True,False,False
LXK,1001288,2000,True,True,True
LXK,1001288,2001,True,True,True
LXK,1001288,2005,True,True,True
LXK,1001288,2006,True,True,True
LXK,1001288,2007,True,True,True
LXK,1001288,2008,True,True,True
LXK,1001288,2009,True,True,True
LXK,1001288,2010,True,True,True
LXK,1001288,2011,True,True,True
LXK,1001288,2012,True,True,True
LYB,1489393,2011,False,False,True
LYB,1489393,2012,False,False,True
LYB,1489393,2013,False,False,True
LYB,1489393,2014,False,False,True
LYB,1489393,2015,False,False,True
LYB,1489393,2016,False,False,True
LYB,1489393,2017,False,False,True
LYB,1489393,2018,False,False,True
LYB,1489393,2019,False,False,True
LYB,1489393,2020,False,False,True
LYB,1489393,2021,False,False,True
LYB,1489393,2022,False,False,True
LYB,1489393,2023,False,False,True
LYB,1489393,2024,False,False,True
LYB,1489393,2025,True,False,True
LYV,1335258,2009,False,False,True
LYV,1335258,2010,False,False,True
LYV,1335258,2011,False,False,True
LYV,1335258,2012,False,False,True
LYV,1335258,2013,False,False,True
LYV,1335258,2014,False,False,True
LYV,1335258,2015,False,False,True
LYV,1335258,2016,False,False,True
LYV,1335258,2017,False,False,True
LYV,1335258,2018,False,False,True
LYV,1335258,2019,False,False,True
LYV,1335258,2020,False,False,True
LYV,1335258,2021,False,False,True
LYV,1335258,2022,False,False,True
LYV,1335258,2023,False,False,True
LYV,1335258,2024,False,False,True
LYV,1335258,2025,True,False,True
M,794367,2005,True,True,True
M,794367,2007,True,True,True
M,794367,2008,True,True,True
M,794367,2009,False,False,True
M,794367,2010,False,False,True
M,794367,2011,False,False,True
M,794367,2012,False,False,True
M,794367,2013,False,False,True
M,794367,2014,False,False,True
M,794367,2015,False,False,True
M,794367,2016,False,False,True
M,794367,2017,False,False,True
M,794367,2018,False,False,True
M,794367,2019,False,False,True
M,794367,2020,False,False,True
M,794367,2021,False,False,True
M,794367,2022,False,False,True
M,794367,2023,False,False,True
M,794367,2024,False,False,True
M,794367,2025,True,False,True
M,794367,2026,True,False,True
MA,1141391,2005,True,True,True
MA,1141391,2006,True,True,True
MA,1141391,2007,True,True,True
MA,1141391,2008,True,True,True
MA,1141391,2009,False,False,True
MA,1141391,2010,False,False,True
MA,1141391,2011,False,False,True
MA,1141391,2012,False,False,True
MA,1141391,2013,False,False,True
MA,1141391,2014,False,False,True
MA,1141391,2015,False,False,True
MA,1141391,2016,False,False,True
MA,1141391,2017,False,False,True
MA,1141391,2018,False,False,True
MA,1141391,2019,False,False,True
MA,1141391,2020,False,False,True
MA,1141391,2021,False,False,True
MA,1141391,2022,False,False,True
MA,1141391,2023,False,False,True
MA,1141391,2024,False,False,True
MA,1141391,2025,True,True,True
MAA,912595,2008,True,True,True
MAA,912595,2009,False,False,True
MAA,912595,2010,False,False,True
MAA,912595,2011,False,False,True
MAA,912595,2012,False,False,True
MAA,912595,2013,False,False,True
MAA,912595,2017,False,False,True
MAA,912595,2018,False,False,True
MAA,912595,2019,False,False,True
MAA,912595,2020,False,False,True
MAA,912595,2021,False,False,True
MAA,912595,2022,False,False,True
MAA,912595,2023,False,False,True
MAA,912595,2024,False,False,True
MAA,912595,2025,True,False,True
MAC,912242,2008,True,True,True
MAC,912242,2010,False,False,True
MAC,912242,2011,False,False,True
MAC,912242,2012,False,False,True
MAC,912242,2013,False,False,True
MAC,912242,2014,False,False,True
MAC,912242,2015,False,False,True
MAC,912242,2016,False,False,True
MAC,912242,2017,False,False,True
MAC,912242,2018,False,False,True
MAC,912242,2019,False,False,True
MAC,912242,2020,False,False,True
MAC,912242,2021,False,False,True
MAC,912242,2022,False,False,True
MAC,912242,2023,False,False,True
MAC,912242,2024,False,False,True
MAC,912242,2025,True,False,True
MAR,1048286,2001,True,True,True
MAR,1048286,2003,True,True,True
MAR,1048286,2004,True,True,True
MAR,1048286,2005,True,True,True
MAR,1048286,2006,True,True,True
MAR,1048286,2007,True,True,True
MAR,1048286,2009,False,False,True
MAR,1048286,2010,False,False,True
MAR,1048286,2011,False,False,True
MAR,1048286,2012,False,False,True
MAR,1048286,2013,False,False,True
MAR,1048286,2014,False,False,True
MAR,1048286,2015,False,False,True
MAR,1048286,2016,False,False,True
MAR,1048286,2017,False,False,True
MAR,1048286,2018,False,False,True
MAR,1048286,2019,False,False,True
MAR,1048286,2020,False,False,True
MAR,1048286,2021,False,False,True
MAR,1048286,2022,False,False,True
MAR,1048286,2023,False,False,True
MAR,1048286,2024,False,False,True
MAR,1048286,2025,True,False,True
MAS,62996,2000,True,True,True
MAS,62996,2001,True,True,True
MAS,62996,2006,True,True,True
MAS,62996,2007,True,True,True
MAS,62996,2008,True,True,True
MAS,62996,2009,False,False,True
MAS,62996,2010,False,False,True
MAS,62996,2011,False,False,True
MAS,62996,2012,False,False,True
MAS,62996,2013,False,False,True
MAS,62996,2014,False,False,True
MAS,62996,2015,False,False,True
MAS,62996,2016,False,False,True
MAS,62996,2017,False,False,True
MAS,62996,2018,False,False,True
MAS,62996,2019,False,False,True
MAS,62996,2020,False,False,True
MAS,62996,2021,False,False,True
MAS,62996,2022,False,False,True
MAS,62996,2023,False,False,True
MAS,62996,2024,False,False,True
MAS,62996,2025,True,False,True
MAT,63276,2001,True,True,True
MAT,63276,2002,True,True,True
MAT,63276,2003,True,True,True
MAT,63276,2004,True,True,True
MAT,63276,2005,True,True,True
MAT,63276,2006,True,True,True
MAT,63276,2007,True,True,True
MAT,63276,2008,True,True,True
MAT,63276,2009,False,False,True
MAT,63276,2010,False,False,True
MAT,63276,2011,False,False,True
MAT,63276,2012,False,False,True
MAT,63276,2013,False,False,True
MAT,63276,2014,False,False,True
MAT,63276,2015,False,False,True
MAT,63276,2016,False,False,True
MAT,63276,2017,False,False,True
MAT,63276,2018,False,False,True
MAT,63276,2019,False,False,True
MAT,63276,2020,False,False,True
MAT,63276,2021,False,False,True
MAT,63276,2022,False,False,True
MAT,63276,2023,False,False,True
MAT,63276,2024,False,False,True
MAT,63276,2025,True,False,True
MAY,63416,2001,True,True,True
MAY,63416,2005,True,True,True
MBI,814585,2000,True,True,True
MBI,814585,2001,True,True,True
MBI,814585,2002,True,True,True
MBI,814585,2003,True,True,True
MBI,814585,2004,True,True,True
MBI,814585,2005,True,True,True
MBI,814585,2006,True,True,True
MBI,814585,2007,True,True,True
MBI,814585,2008,True,True,True
MBI,814585,2009,False,False,True
MBI,814585,2010,False,False,True
MBI,814585,2011,False,False,True
MBI,814585,2012,False,False,True
MBI,814585,2013,False,False,True
MBI,814585,2014,False,False,True
MBI,814585,2015,False,False,True
MBI,814585,2016,False,False,True
MBI,814585,2017,False,False,True
MBI,814585,2018,False,False,True
MBI,814585,2019,False,False,True
MBI,814585,2020,False,False,True
MBI,814585,2021,False,False,True
MBI,814585,2022,False,False,True
MBI,814585,2023,False,False,True
MBI,814585,2024,False,False,True
MBI,814585,2025,True,False,True
MCD,63908,2001,True,True,True
MCD,63908,2002,True,True,True
MCD,63908,2003,True,True,True
MCD,63908,2004,True,True,True
MCD,63908,2005,True,True,True
MCD,63908,2006,True,True,True
MCD,63908,2007,True,True,True
MCD,63908,2008,True,True,True
MCD,63908,2009,False,False,True
MCD,63908,2010,False,False,True
MCD,63908,2011,False,False,True
MCD,63908,2012,False,False,True
MCD,63908,2013,False,False,True
MCD,63908,2014,False,False,True
MCD,63908,2015,False,False,True
MCD,63908,2016,False,False,True
MCD,63908,2017,False,False,True
MCD,63908,2018,False,False,True
MCD,63908,2019,False,False,True
MCD,63908,2020,False,False,True
MCD,63908,2021,False,False,True
MCD,63908,2022,False,False,True
MCD,63908,2023,False,False,True
MCD,63908,2024,False,False,True
MCD,63908,2025,True,False,True
MCHP,827054,2000,True,True,True
MCHP,827054,2001,True,True,True
MCHP,827054,2004,True,True,True
MCHP,827054,2005,True,True,True
MCHP,827054,2006,True,True,True
MCHP,827054,2007,True,True,True
MCHP,827054,2008,True,True,True
MCHP,827054,2009,False,False,True
MCHP,827054,2010,False,False,True
MCHP,827054,2011,False,False,True
MCHP,827054,2012,False,False,True
MCHP,827054,2013,False,False,True
MCHP,827054,2014,False,False,True
MCHP,827054,2015,False,False,True
MCHP,827054,2016,False,False,True
MCHP,827054,2017,False,False,True
MCHP,827054,2018,False,False,True
MCHP,827054,2019,False,False,True
MCHP,827054,2020,False,False,True
MCHP,827054,2021,False,False,True
MCHP,827054,2022,False,False,True
MCHP,827054,2023,False,False,True
MCHP,827054,2024,False,False,True
MCHP,827054,2025,True,False,True
MCHP,827054,2026,True,False,True
MCK,927653,2000,True,True,True
MCK,927653,2001,True,True,True
MCK,927653,2002,True,True,True
MCK,927653,2003,True,True,True
MCK,927653,2004,True,True,True
MCK,927653,2005,True,True,True
MCK,927653,2006,True,True,True
MCK,927653,2007,True,True,True
MCK,927653,2008,True,True,True
MCK,927653,2009,False,False,True
MCK,927653,2010,False,False,True
MCK,927653,2011,False,False,True
MCK,927653,2012,False,False,True
MCK,927653,2013,False,False,True
MCK,927653,2014,False,False,True
MCK,927653,2015,False,False,True
MCK,927653,2016,False,False,True
MCK,927653,2017,False,False,True
MCK,927653,2018,False,False,True
MCK,927653,2019,False,False,True
MCK,927653,2020,False,False,True
MCK,927653,2021,False,False,True
MCK,927653,2022,False,False,True
MCK,927653,2023,False,False,True
MCK,927653,2024,False,False,True
MCK,927653,2025,True,False,True
MCK,927653,2026,True,False,True
MCO,1059556,2002,True,True,True
MCO,1059556,2003,True,True,True
MCO,1059556,2004,True,True,True
MCO,1059556,2005,True,True,True
MCO,1059556,2006,True,True,True
MCO,1059556,2007,True,True,True
MCO,1059556,2008,True,True,True
MCO,1059556,2009,False,False,True
MCO,1059556,2010,False,False,True
MCO,1059556,2011,False,False,True
MCO,1059556,2012,False,False,True
MCO,1059556,2013,False,False,True
MCO,1059556,2014,False,False,True
MCO,1059556,2015,False,False,True
MCO,1059556,2016,False,False,True
MCO,1059556,2017,False,False,True
MCO,1059556,2018,False,False,True
MCO,1059556,2019,False,False,True
MCO,1059556,2020,False,False,True
MCO,1059556,2021,False,False,True
MCO,1059556,2022,False,False,True
MCO,1059556,2023,False,False,True
MCO,1059556,2024,False,False,True
MCO,1059556,2025,True,False,True
MD,893949,2008,True,True,True
MD,893949,2009,False,False,True
MD,893949,2010,False,False,True
MD,893949,2011,False,False,True
MD,893949,2012,False,False,True
MD,893949,2013,False,False,True
MD,893949,2014,False,False,True
MD,893949,2015,False,False,True
MD,893949,2016,False,False,True
MD,893949,2017,False,False,True
MD,893949,2018,False,False,True
MD,893949,2019,False,False,True
MD,893949,2020,False,False,True
MD,893949,2021,False,False,True
MD,893949,2022,False,False,True
MD,893949,2023,False,False,True
MD,893949,2024,False,False,True
MD,893949,2025,True,False,True
MDLZ,1103982,2001,True,True,True
MDLZ,1103982,2004,True,True,True
MDLZ,1103982,2005,True,True,True
MDLZ,1103982,2006,True,True,True
MDLZ,1103982,2007,True,True,True
MDLZ,1103982,2008,True,True,True
MDLZ,1103982,2009,False,False,True
MDLZ,1103982,2010,False,False,True
MDLZ,1103982,2011,False,False,True
MDLZ,1103982,2012,False,False,True
MDLZ,1103982,2013,False,False,True
MDLZ,1103982,2014,False,False,True
MDLZ,1103982,2015,False,False,True
MDLZ,1103982,2016,False,False,True
MDLZ,1103982,2017,False,False,True
MDLZ,1103982,2018,False,False,True
MDLZ,1103982,2019,False,False,True
MDLZ,1103982,2020,False,False,True
MDLZ,1103982,2021,False,False,True
MDLZ,1103982,2022,False,False,True
MDLZ,1103982,2023,False,False,True
MDLZ,1103982,2024,False,False,True
MDLZ,1103982,2025,True,False,True
MDP,65011,2002,True,True,True
MDP,65011,2003,True,True,True
MDP,65011,2004,True,True,True
MDP,65011,2005,True,True,True
MDP,65011,2006,True,True,True
MDP,65011,2007,True,True,True
MDP,65011,2008,True,True,True
MDP,65011,2009,True,True,True
MDP,65011,2010,True,True,True
MDP,65011,2011,True,True,True
MDR,708819,2001,True,True,True
MDR,708819,2003,True,True,True
MDR,708819,2004,True,True,True
MDR,708819,2005,True,True,True
MDR,708819,2006,True,True,True
MDR,708819,2007,True,True,True
MDR,708819,2008,True,True,True
MDT,1613103,2013,False,False,True
MDT,1613103,2014,False,False,True
MDT,1613103,2015,False,False,True
MDT,1613103,2016,False,False,True
MDT,1613103,2017,False,False,True
MDT,1613103,2018,False,False,True
MDT,1613103,2019,False,False,True
MDT,1613103,2020,False,False,True
MDT,1613103,2021,False,False,True
MDT,1613103,2022,False,False,True
MDT,1613103,2023,False,False,True
MDT,1613103,2024,False,False,True
MDT,1613103,2025,True,False,True
MDT,1613103,2026,True,False,True
MEA,64394,2000,True,True,True
MEA,63330,2003,True,True,True
MEA,63330,2004,True,True,True
MEA,63330,2005,True,True,True
MEA,63330,2006,True,True,True
MEA,63330,2007,True,True,True
MEA,63330,2008,True,True,True
MEDI,873591,2000,True,True,True
MEDI,873591,2002,True,True,True
MEDI,873591,2003,True,True,True
MEDI,873591,2004,True,True,True
MEDI,873591,2005,True,True,True
MEDI,873591,2006,True,True,True
MEE,37748,2000,True,True,True
MEE,37748,2003,True,True,True
MEE,37748,2004,True,True,True
MEE,37748,2005,True,True,True
MEE,37748,2006,True,True,True
MEE,37748,2009,True,False,True
MEE,37748,2010,True,False,True
MEL,64782,2002,True,True,True
MEL,64782,2003,True,True,True
MEL,64782,2004,True,True,True
MEL,64782,2005,True,True,True
MEL,64782,2006,True,True,True
MER,65100,2001,True,True,True
MER,65100,2002,True,True,True
MER,65100,2003,True,True,True
MER,65100,2004,True,True,True
MER,65100,2005,True,True,True
MER,65100,2006,True,True,True
MER,65100,2007,True,True,True
MER,65100,2008,True,True,True
MER,65100,2009,True,False,True
MERQ,867058,2000,True,True,True
MERQ,867058,2002,True,True,True
MERQ,867058,2003,True,True,True
MERQ,867058,2004,True,True,True
MERQ,867058,2005,True,True,True
MET,1099219,2001,True,True,True
MET,1099219,2006,True,True,True
MET,1099219,2007,True,True,True
MET,1099219,2008,True,True,True
MET,1099219,2009,False,False,True
MET,1099219,2010,False,False,True
MET,1099219,2011,False,False,True
MET,1099219,2012,False,False,True
MET,1099219,2013,False,False,True
MET,1099219,2014,False,False,True
MET,1099219,2015,False,False,True
MET,1099219,2016,False,False,True
MET,1099219,2017,False,False,True
MET,1099219,2018,False,False,True
MET,1099219,2019,False,False,True
MET,1099219,2020,False,False,True
MET,1099219,2021,False,False,True
MET,1099219,2022,False,False,True
MET,1099219,2023,False,False,True
MET,1099219,2024,False,False,True
MET,1099219,2025,True,False,True
META,1326801,2010,True,True,True
META,1326801,2011,True,True,True
META,1326801,2012,False,False,True
META,1326801,2013,False,False,True
META,1326801,2014,False,False,True
META,1326801,2015,False,False,True
META,1326801,2016,False,False,True
META,1326801,2017,False,False,True
META,1326801,2018,False,False,True
META,1326801,2019,False,False,True
META,1326801,2020,False,False,True
META,1326801,2021,False,False,True
META,1326801,2022,False,False,True
META,1326801,2023,False,False,True
META,1326801,2024,False,False,True
META,1326801,2025,True,True,True
MFE,890801,2000,True,True,True
MFE,890801,2001,True,True,True
MFE,890801,2002,True,True,True
MFE,890801,2003,True,True,True
MFE,890801,2004,True,True,True
MFE,890801,2005,True,True,True
MFE,890801,2006,True,True,True
MFE,890801,2007,True,True,True
MFE,890801,2008,True,True,True
MFE,890801,2009,True,False,True
MFE,890801,2010,True,False,True
MGM,789570,2008,True,True,True
MGM,789570,2009,False,False,True
MGM,789570,2010,False,False,True
MGM,789570,2011,False,False,True
MGM,789570,2012,False,False,True
MGM,789570,2013,False,False,True
MGM,789570,2014,False,False,True
MGM,789570,2015,False,False,True
MGM,789570,2016,False,False,True
MGM,789570,2017,False,False,True
MGM,789570,2018,False,False,True
MGM,789570,2019,False,False,True
MGM,789570,2020,False,False,True
MGM,789570,2021,False,False,True
MGM,789570,2022,False,False,True
MGM,789570,2023,False,False,True
MGM,789570,2024,False,False,True
MGM,789570,2025,True,False,True
MHK,851968,2008,True,True,True
MHK,851968,2009,False,False,True
MHK,851968,2010,False,False,True
MHK,851968,2011,False,False,True
MHK,851968,2012,False,False,True
MHK,851968,2013,False,False,True
MHK,851968,2014,False,False,True
MHK,851968,2015,False,False,True
MHK,851968,2016,False,False,True
MHK,851968,2017,False,False,True
MHK,851968,2018,False,False,True
MHK,851968,2019,False,False,True
MHK,851968,2020,False,False,True
MHK,851968,2021,False,False,True
MHK,851968,2022,False,False,True
MHK,851968,2023,False,False,True
MHK,851968,2024,False,False,True
MHK,851968,2025,True,False,True
MHS,1170650,2003,True,True,True
MHS,1170650,2004,True,True,True
MHS,1170650,2005,True,True,True
MHS,1170650,2006,True,True,True
MHS,1170650,2007,True,True,True
MHS,1170650,2008,True,True,True
MHS,1170650,2009,True,False,True
MHS,1170650,2010,True,False,True
MHS,1170650,2011,True,False,True
MI,1399315,2009,True,True,True
MI,1399315,2010,True,False,True
MIL,66479,2000,True,True,True
MIL,66479,2001,True,True,True
MIL,66479,2002,True,True,True
MIL,66479,2003,True,True,True
MIL,66479,2004,True,True,True
MIL,66479,2005,True,True,True
MIL,66479,2006,True,True,True
MIL,66479,2007,True,True,True
MIL,66479,2008,True,True,True
MIR,1809987,2018,True,True,True
MIR,1809987,2019,True,True,True
MIR,1809987,2020,True,True,True
MIR,1809987,2021,False,False,True
MIR,1809987,2022,False,False,True
MIR,1809987,2023,False,False,True
MIR,1809987,2024,False,False,True
MIR,1809987,2025,True,True,True
MJN,1452575,2009,True,True,True
MJN,1452575,2010,True,True,True
MJN,1452575,2011,True,False,True
MJN,1452575,2012,True,False,True
MJN,1452575,2013,True,False,True
MJN,1452575,2014,True,False,True
MJN,1452575,2015,True,False,True
MJN,1452575,2016,True,False,True
MKC,63754,2000,True,True,True
MKC,63754,2001,True,True,True
MKC,63754,2002,True,True,True
MKC,63754,2003,True,True,True
MKC,63754,2004,True,True,True
MKC,63754,2005,True,True,True
MKC,63754,2006,True,True,True
MKC,63754,2007,True,True,True
MKC,63754,2008,True,True,True
MKC,63754,2009,False,False,True
MKC,63754,2010,False,False,True
MKC,63754,2011,False,False,True
MKC,63754,2012,False,False,True
MKC,63754,2013,False,False,True
MKC,63754,2014,False,False,True
MKC,63754,2015,False,False,True
MKC,63754,2016,False,False,True
MKC,63754,2017,False,False,True
MKC,63754,2018,False,False,True
MKC,63754,2019,False,False,True
MKC,63754,2020,False,False,True
MKC,63754,2021,False,False,True
MKC,63754,2022,False,False,True
MKC,63754,2023,False,False,True
MKC,63754,2024,False,False,True
MKC,63754,2025,True,True,True
MKG,51396,2000,True,True,True
MKTX,1278021,2009,False,False,True
MKTX,1278021,2010,False,False,True
MKTX,1278021,2011,False,False,True
MKTX,1278021,2012,False,False,True
MKTX,1278021,2013,False,False,True
MKTX,1278021,2014,False,False,True
MKTX,1278021,2015,False,False,True
MKTX,1278021,2016,False,False,True
MKTX,1278021,2017,False,False,True
MKTX,1278021,2018,False,False,True
MKTX,1278021,2019,False,False,True
MKTX,1278021,2020,False,False,True
MKTX,1278021,2021,False,False,True
MKTX,1278021,2022,False,False,True
MKTX,1278021,2023,False,False,True
MKTX,1278021,2024,False,False,True
MKTX,1278021,2025,True,False,True
MLM,916076,2008,True,True,True
MLM,916076,2009,False,False,True
MLM,916076,2010,False,False,True
MLM,916076,2011,False,False,True
MLM,916076,2012,False,False,True
MLM,916076,2013,False,False,True
MLM,916076,2014,False,False,True
MLM,916076,2015,False,False,True
MLM,916076,2016,False,False,True
MLM,916076,2017,False,False,True
MLM,916076,2018,False,False,True
MLM,916076,2019,False,False,True
MLM,916076,2020,False,False,True
MLM,916076,2021,False,False,True
MLM,916076,2022,False,False,True
MLM,916076,2023,False,False,True
MLM,916076,2024,False,False,True
MLM,916076,2025,True,False,True
MMC,62709,2000,True,True,True
MMC,62709,2001,True,True,True
MMC,62709,2005,True,True,True
MMC,62709,2006,True,True,True
MMC,62709,2007,True,True,True
MMI,1578732,2011,True,True,True
MMI,1578732,2012,True,True,True
MMI,1578732,2013,False,False,True
MMI,1578732,2014,False,False,True
MMI,1578732,2015,False,False,True
MMI,1578732,2016,False,False,True
MMI,1578732,2017,False,False,True
MMI,1578732,2018,False,False,True
MMI,1578732,2019,False,False,True
MMI,1578732,2020,False,False,True
MMI,1578732,2021,False,False,True
MMI,1578732,2022,False,False,True
MMI,1578732,2023,False,False,True
MMI,1578732,2024,False,False,True
MMI,1578732,2025,True,False,True
MMM,66740,2001,True,True,True
MMM,66740,2003,True,True,True
MMM,66740,2004,True,True,True
MMM,66740,2005,True,True,True
MMM,66740,2006,True,True,True
MMM,66740,2007,True,True,True
MMM,66740,2008,True,True,True
MMM,66740,2009,False,False,True
MMM,66740,2010,False,False,True
MMM,66740,2011,False,False,True
MMM,66740,2012,False,False,True
MMM,66740,2013,False,False,True
MMM,66740,2014,False,False,True
MMM,66740,2015,False,False,True
MMM,66740,2016,False,False,True
MMM,66740,2017,False,False,True
MMM,66740,2018,False,False,True
MMM,66740,2019,False,False,True
MMM,66740,2020,False,False,True
MMM,66740,2021,False,False,True
MMM,66740,2022,False,False,True
MMM,66740,2023,False,False,True
MMM,66740,2024,False,False,True
MMM,66740,2025,True,False,True
MNK,1567892,2014,True,False,True
MNK,1567892,2015,True,False,True
MNK,1567892,2016,True,False,True
MNK,1567892,2017,True,False,True
MNR,1980088,2021,True,True,True
MNR,1980088,2022,True,True,True
MNR,1980088,2023,False,False,True
MNR,1980088,2024,False,False,True
MNR,1980088,2025,True,False,True
MNST,865752,2008,True,True,True
MNST,865752,2009,False,False,True
MNST,865752,2010,False,False,True
MNST,865752,2011,False,False,True
MNST,865752,2012,False,False,True
MNST,865752,2013,False,False,True
MNST,865752,2014,False,False,True
MNST,865752,2015,False,False,True
MNST,865752,2016,False,False,True
MNST,865752,2017,False,False,True
MNST,865752,2018,False,False,True
MNST,865752,2019,False,False,True
MNST,865752,2020,False,False,True
MNST,865752,2021,False,False,True
MNST,865752,2022,False,False,True
MNST,865752,2023,False,False,True
MNST,865752,2024,False,False,True
MNST,865752,2025,True,False,True
MO,764180,2001,True,True,True
MO,764180,2002,True,True,True
MO,764180,2003,True,True,True
MO,764180,2004,True,True,True
MO,764180,2005,True,True,True
MO,764180,2006,True,True,True
MO,764180,2007,True,True,True
MO,764180,2008,True,True,True
MO,764180,2009,False,False,True
MO,764180,2010,False,False,True
MO,764180,2011,False,False,True
MO,764180,2012,False,False,True
MO,764180,2013,False,False,True
MO,764180,2014,False,False,True
MO,764180,2015,False,False,True
MO,764180,2016,False,False,True
MO,764180,2017,False,False,True
MO,764180,2018,False,False,True
MO,764180,2019,False,False,True
MO,764180,2020,False,False,True
MO,764180,2021,False,False,True
MO,764180,2022,False,False,True
MO,764180,2023,False,False,True
MO,764180,2024,False,False,True
MO,764180,2025,True,False,True
MOH,1179929,2009,False,False,True
MOH,1179929,2010,False,False,True
MOH,1179929,2011,False,False,True
MOH,1179929,2012,False,False,True
MOH,1179929,2013,False,False,True
MOH,1179929,2014,False,False,True
MOH,1179929,2015,False,False,True
MOH,1179929,2016,False,False,True
MOH,1179929,2017,False,False,True
MOH,1179929,2018,False,False,True
MOH,1179929,2019,False,False,True
MOH,1179929,2020,False,False,True
MOH,1179929,2021,False,False,True
MOH,1179929,2022,False,False,True
MOH,1179929,2023,False,False,True
MOH,1179929,2024,False,False,True
MOH,1179929,2025,True,False,True
MOLX,67472,2001,True,True,True
MOLX,67472,2005,True,True,True
MOLX,67472,2006,True,True,True
MOLX,67472,2007,True,True,True
MOLX,67472,2008,True,True,True
MOLX,67472,2009,True,True,True
MOLX,67472,2010,True,True,True
MOLX,67472,2011,True,False,True
MOLX,67472,2012,True,False,True
MOLX,67472,2013,True,True,True
MON,1110783,2000,True,True,True
MON,1110783,2001,True,True,True
MON,1110783,2004,True,True,True
MON,1110783,2005,True,True,True
MON,1110783,2006,True,True,True
MON,1110783,2007,True,True,True
MON,1110783,2008,True,True,True
MON,1110783,2009,True,True,True
MON,1110783,2010,True,False,True
MON,1110783,2011,True,False,True
MON,1110783,2012,True,False,True
MON,1110783,2013,True,False,True
MON,1110783,2014,True,False,True
MON,1110783,2015,True,False,True
MON,1110783,2016,True,False,True
MON,1110783,2017,True,False,True
MOS,1285785,2009,False,False,True
MOS,1285785,2010,False,False,True
MOS,1285785,2011,False,False,True
MOS,1285785,2012,False,False,True
MOS,1285785,2013,False,False,True
MOS,1285785,2014,False,False,True
MOS,1285785,2015,False,False,True
MOS,1285785,2016,False,False,True
MOS,1285785,2017,False,False,True
MOS,1285785,2018,False,False,True
MOS,1285785,2019,False,False,True
MOS,1285785,2020,False,False,True
MOS,1285785,2021,False,False,True
MOS,1285785,2022,False,False,True
MOS,1285785,2023,False,False,True
MOS,1285785,2024,False,False,True
MOS,1285785,2025,True,False,True
MPC,1510295,2009,True,True,True
MPC,1510295,2010,True,True,True
MPC,1510295,2011,False,False,True
MPC,1510295,2012,False,False,True
MPC,1510295,2013,False,False,True
MPC,1510295,2014,False,False,True
MPC,1510295,2015,False,False,True
MPC,1510295,2016,False,False,True
MPC,1510295,2017,False,False,True
MPC,1510295,2018,False,False,True
MPC,1510295,2019,False,False,True
MPC,1510295,2020,False,False,True
MPC,1510295,2021,False,False,True
MPC,1510295,2022,False,False,True
MPC,1510295,2023,False,False,True
MPC,1510295,2024,False,False,True
MPC,1510295,2025,True,False,True
MPWR,1280452,2009,False,False,True
MPWR,1280452,2010,False,False,True
MPWR,1280452,2011,False,False,True
MPWR,1280452,2012,False,False,True
MPWR,1280452,2013,False,False,True
MPWR,1280452,2014,False,False,True
MPWR,1280452,2015,False,False,True
MPWR,1280452,2016,False,False,True
MPWR,1280452,2017,False,False,True
MPWR,1280452,2018,False,False,True
MPWR,1280452,2019,False,False,True
MPWR,1280452,2020,False,False,True
MPWR,1280452,2021,False,False,True
MPWR,1280452,2022,False,False,True
MPWR,1280452,2023,False,False,True
MPWR,1280452,2024,False,False,True
MPWR,1280452,2025,True,False,True
MRK,310158,2001,True,True,True
MRK,310158,2002,True,True,True
MRK,310158,2003,True,True,True
MRK,310158,2004,True,True,True
MRK,310158,2005,True,True,True
MRK,310158,2006,True,True,True
MRK,310158,2007,True,True,True
MRK,310158,2008,True,True,True
MRK,310158,2009,False,False,True
MRK,310158,2010,False,False,True
MRK,310158,2011,False,False,True
MRK,310158,2012,False,False,True
MRK,310158,2013,False,False,True
MRK,310158,2014,False,False,True
MRK,310158,2015,False,False,True
MRK,310158,2016,False,False,True
MRK,310158,2017,False,False,True
MRK,310158,2018,False,False,True
MRK,310158,2019,False,False,True
MRK,310158,2020,False,False,True
MRK,310158,2021,False,False,True
MRK,310158,2022,False,False,True
MRK,310158,2023,False,False,True
MRK,310158,2024,False,False,True
MRK,310158,2025,True,False,True
MRNA,1682852,2016,True,True,True
MRNA,1682852,2017,True,True,True
MRNA,1682852,2018,False,False,True
MRNA,1682852,2019,False,False,True
MRNA,1682852,2020,False,False,True
MRNA,1682852,2021,False,False,True
MRNA,1682852,2022,False,False,True
MRNA,1682852,2023,False,False,True
MRNA,1682852,2024,False,False,True
MRNA,1682852,2025,True,False,True
MRO,101778,2000,True,True,True
MRO,101778,2001,True,True,True
MRO,101778,2002,True,True,True
MRO,101778,2003,True,True,True
MRO,101778,2006,True,True,True
MRO,101778,2007,True,True,True
MRO,101778,2008,True,True,True
MRO,101778,2009,True,False,True
MRO,101778,2010,True,False,True
MRO,101778,2011,True,False,True
MRO,101778,2012,True,False,True
MRO,101778,2013,True,False,True
MRO,101778,2014,True,False,True
MRO,101778,2015,True,False,True
MRO,101778,2016,True,False,True
MRO,101778,2017,True,False,True
MRO,101778,2018,True,False,True
MRO,101778,2019,True,False,True
MRO,101778,2020,True,False,True
MRO,101778,2021,True,False,True
MRO,101778,2022,True,False,True
MRO,101778,2023,True,False,True
MRSH,62709,2007,True,True,True
MRSH,62709,2008,True,True,True
MRSH,62709,2009,False,False,True
MRSH,62709,2010,False,False,True
MRSH,62709,2011,False,False,True
MRSH,62709,2012,False,False,True
MRSH,62709,2013,False,False,True
MRSH,62709,2014,False,False,True
MRSH,62709,2015,False,False,True
MRSH,62709,2016,False,False,True
MRSH,62709,2017,False,False,True
MRSH,62709,2018,False,False,True
MRSH,62709,2019,False,False,True
MRSH,62709,2020,False,False,True
MRSH,62709,2021,False,False,True
MRSH,62709,2022,False,False,True
MRSH,62709,2023,False,False,True
MRSH,62709,2024,False,False,True
MRSH,62709,2025,True,False,True
MS,895421,2000,True,True,True
MS,895421,2001,True,True,True
MS,895421,2002,True,True,True
MS,895421,2003,True,True,True
MS,895421,2004,True,True,True
MS,895421,2005,True,True,True
MS,895421,2006,True,True,True
MS,895421,2007,True,True,True
MS,895421,2008,True,True,True
MS,895421,2009,False,False,True
MS,895421,2010,False,False,True
MS,895421,2011,False,False,True
MS,895421,2012,False,False,True
MS,895421,2013,False,False,True
MS,895421,2014,False,False,True
MS,895421,2015,False,False,True
MS,895421,2016,False,False,True
MS,895421,2017,False,False,True
MS,895421,2018,False,False,True
MS,895421,2019,False,False,True
MS,895421,2020,False,False,True
MS,895421,2021,False,False,True
MS,895421,2022,False,False,True
MS,895421,2023,False,False,True
MS,895421,2024,False,False,True
MS,895421,2025,True,False,True
MSCI,1408198,2008,True,True,True
MSCI,1408198,2009,False,False,True
MSCI,1408198,2010,False,False,True
MSCI,1408198,2011,False,False,True
MSCI,1408198,2012,False,False,True
MSCI,1408198,2013,False,False,True
MSCI,1408198,2014,False,False,True
MSCI,1408198,2015,False,False,True
MSCI,1408198,2016,False,False,True
MSCI,1408198,2017,False,False,True
MSCI,1408198,2018,False,False,True
MSCI,1408198,2019,False,False,True
MSCI,1408198,2020,False,False,True
MSCI,1408198,2021,False,False,True
MSCI,1408198,2022,False,False,True
MSCI,1408198,2023,False,False,True
MSCI,1408198,2024,False,False,True
MSCI,1408198,2025,True,False,True
MSFT,789019,2000,True,True,True
MSFT,789019,2001,True,True,True
MSFT,789019,2002,True,True,True
MSFT,789019,2003,True,True,True
MSFT,789019,2004,True,True,True
MSFT,789019,2005,True,True,True
MSFT,789019,2006,True,True,True
MSFT,789019,2007,True,True,True
MSFT,789019,2008,True,True,True
MSFT,789019,2009,False,False,True
MSFT,789019,2010,False,False,True
MSFT,789019,2011,False,False,True
MSFT,789019,2012,False,False,True
MSFT,789019,2013,False,False,True
MSFT,789019,2014,False,False,True
MSFT,789019,2015,False,False,True
MSFT,789019,2016,False,False,True
MSFT,789019,2017,False,False,True
MSFT,789019,2018,False,False,True
MSFT,789019,2019,False,False,True
MSFT,789019,2020,False,False,True
MSFT,789019,2021,False,False,True
MSFT,789019,2022,False,False,True
MSFT,789019,2023,False,False,True
MSFT,789019,2024,False,False,True
MSFT,789019,2025,True,False,True
MSI,68505,2003,True,True,True
MSI,68505,2007,True,True,True
MSI,68505,2008,True,True,True
MSI,68505,2009,False,False,True
MSI,68505,2010,False,False,True
MSI,68505,2011,False,False,True
MSI,68505,2012,False,False,True
MSI,68505,2013,False,False,True
MSI,68505,2014,False,False,True
MSI,68505,2015,False,False,True
MSI,68505,2016,False,False,True
MSI,68505,2017,False,False,True
MSI,68505,2018,False,False,True
MSI,68505,2019,False,False,True
MSI,68505,2020,False,False,True
MSI,68505,2021,False,False,True
MSI,68505,2022,False,False,True
MSI,68505,2023,False,False,True
MSI,68505,2024,False,False,True
MSI,68505,2025,True,False,True
MTB,36270,2001,True,True,True
MTB,36270,2002,True,True,True
MTB,36270,2003,True,True,True
MTB,36270,2004,True,True,True
MTB,36270,2005,True,True,True
MTB,36270,2006,True,True,True
MTB,36270,2007,True,True,True
MTB,36270,2008,True,True,True
MTB,36270,2009,False,False,True
MTB,36270,2010,False,False,True
MTB,36270,2011,False,False,True
MTB,36270,2012,False,False,True
MTB,36270,2013,False,False,True
MTB,36270,2014,False,False,True
MTB,36270,2015,False,False,True
MTB,36270,2016,False,False,True
MTB,36270,2017,False,False,True
MTB,36270,2018,False,False,True
MTB,36270,2019,False,False,True
MTB,36270,2020,False,False,True
MTB,36270,2021,False,False,True
MTB,36270,2022,False,False,True
MTB,36270,2023,False,False,True
MTB,36270,2024,False,False,True
MTB,36270,2025,True,False,True
MTCH,891103,2008,True,True,True
MTCH,891103,2009,False,False,True
MTCH,891103,2010,False,False,True
MTCH,891103,2011,False,False,True
MTCH,891103,2012,False,False,True
MTCH,891103,2013,False,False,True
MTCH,891103,2014,False,False,True
MTCH,891103,2015,False,False,True
MTCH,891103,2016,False,False,True
MTCH,891103,2017,False,False,True
MTCH,891103,2018,False,False,True
MTCH,891103,2019,False,False,True
MTCH,891103,2020,False,False,True
MTCH,891103,2021,False,False,True
MTCH,891103,2022,False,False,True
MTCH,891103,2023,False,False,True
MTCH,891103,2024,False,False,True
MTCH,891103,2025,True,False,True
MTD,1037646,2008,True,True,True
MTD,1037646,2009,False,False,True
MTD,1037646,2010,False,False,True
MTD,1037646,2011,False,False,True
MTD,1037646,2012,False,False,True
MTD,1037646,2013,False,False,True
MTD,1037646,2014,False,False,True
MTD,1037646,2015,False,False,True
MTD,1037646,2016,False,False,True
MTD,1037646,2017,False,False,True
MTD,1037646,2018,False,False,True
MTD,1037646,2019,False,False,True
MTD,1037646,2020,False,False,True
MTD,1037646,2021,False,False,True
MTD,1037646,2022,False,False,True
MTD,1037646,2023,False,False,True
MTD,1037646,2024,False,False,True
MTD,1037646,2025,True,False,True
MTG,876437,2000,True,True,True
MTG,876437,2001,True,True,True
MTG,876437,2003,True,True,True
MTG,876437,2004,True,True,True
MTG,876437,2005,True,True,True
MTG,876437,2006,True,True,True
MTG,876437,2007,True,True,True
MTG,876437,2008,True,True,True
MTG,876437,2009,False,False,True
MTG,876437,2010,False,False,True
MTG,876437,2011,False,False,True
MTG,876437,2012,False,False,True
MTG,876437,2013,False,False,True
MTG,876437,2014,False,False,True
MTG,876437,2015,False,False,True
MTG,876437,2016,False,False,True
MTG,876437,2017,False,False,True
MTG,876437,2018,False,False,True
MTG,876437,2019,False,False,True
MTG,876437,2020,False,False,True
MTG,876437,2021,False,False,True
MTG,876437,2022,False,False,True
MTG,876437,2023,False,False,True
MTG,876437,2024,False,False,True
MTG,876437,2025,True,False,True
MTLQQ,40730,2000,True,True,True
MTLQQ,40730,2001,True,True,True
MTLQQ,40730,2005,True,True,True
MTLQQ,40730,2006,True,True,True
MTLQQ,40730,2007,True,True,True
MTLQQ,40730,2008,True,True,True
MTW,61986,2000,True,True,True
MTW,61986,2001,True,True,True
MTW,61986,2002,True,True,True
MTW,61986,2003,True,True,True
MTW,61986,2004,True,True,True
MTW,61986,2005,True,True,True
MTW,61986,2006,True,True,True
MTW,61986,2007,True,True,True
MTW,61986,2008,True,True,True
MTW,61986,2009,False,False,True
MTW,61986,2010,False,False,True
MTW,61986,2011,False,False,True
MTW,61986,2012,False,False,True
MTW,61986,2013,False,False,True
MTW,61986,2014,False,False,True
MTW,61986,2015,False,False,True
MTW,61986,2016,False,False,True
MTW,61986,2017,False,False,True
MTW,61986,2018,False,False,True
MTW,61986,2019,False,False,True
MTW,61986,2020,False,False,True
MTW,61986,2021,False,False,True
MTW,61986,2022,False,False,True
MTW,61986,2023,False,False,True
MTW,61986,2024,False,False,True
MTW,61986,2025,True,False,True
MU,723125,2000,True,True,True
MU,723125,2001,True,True,True
MU,723125,2002,True,True,True
MU,723125,2003,True,True,True
MU,723125,2004,True,True,True
MU,723125,2005,True,True,True
MU,723125,2006,True,True,True
MU,723125,2007,True,True,True
MU,723125,2008,True,True,True
MU,723125,2009,False,False,True
MU,723125,2010,False,False,True
MU,723125,2011,False,False,True
MU,723125,2012,False,False,True
MU,723125,2013,False,False,True
MU,723125,2014,False,False,True
MU,723125,2015,False,False,True
MU,723125,2016,False,False,True
MU,723125,2017,False,False,True
MU,723125,2018,False,False,True
MU,723125,2019,False,False,True
MU,723125,2020,False,False,True
MU,723125,2021,False,False,True
MU,723125,2022,False,False,True
MU,723125,2023,False,False,True
MU,723125,2024,False,False,True
MU,723125,2025,True,False,True
MUR,717423,2000,True,True,True
MUR,717423,2001,True,True,True
MUR,717423,2002,True,True,True
MUR,717423,2003,True,True,True
MUR,717423,2004,True,True,True
MUR,717423,2005,True,True,True
MUR,717423,2006,True,True,True
MUR,717423,2007,True,True,True
MUR,717423,2008,True,True,True
MUR,717423,2009,False,False,True
MUR,717423,2010,False,False,True
MUR,717423,2011,False,False,True
MUR,717423,2012,False,False,True
MUR,717423,2013,False,False,True
MUR,717423,2014,False,False,True
MUR,717423,2015,False,False,True
MUR,717423,2016,False,False,True
MUR,717423,2017,False,False,True
MUR,717423,2018,False,False,True
MUR,717423,2019,False,False,True
MUR,717423,2020,False,False,True
MUR,717423,2021,False,False,True
MUR,717423,2022,False,False,True
MUR,717423,2023,False,False,True
MUR,717423,2024,False,False,True
MUR,717423,2025,True,False,True
MWV,1159297,2002,True,True,True
MWV,1159297,2003,True,True,True
MWV,1159297,2004,True,True,True
MWV,1159297,2005,True,True,True
MWV,1159297,2006,True,True,True
MWV,1159297,2007,True,True,True
MWV,1159297,2008,True,True,True
MWV,1159297,2009,True,True,True
MWV,1159297,2010,True,False,True
MWV,1159297,2011,True,False,True
MWV,1159297,2012,True,False,True
MWV,1159297,2013,True,False,True
MWV,1159297,2014,True,False,True
MWW,1020416,2001,True,True,True
MWW,1020416,2002,True,True,True
MWW,1020416,2003,True,True,True
MWW,1020416,2004,True,True,True
MWW,1020416,2005,True,True,True
MWW,1020416,2006,True,True,True
MWW,1020416,2007,True,True,True
MWW,1020416,2008,True,True,True
MWW,1020416,2009,True,True,True
MWW,1020416,2010,True,False,True
MWW,1020416,2011,True,False,True
MXIM,743316,2018,True,False,True
MXIM,743316,2019,True,False,True
MXIM,743316,2020,True,False,True
MXIM,743316,2021,True,False,True
MYG,63541,2001,True,True,True
MYG,63541,2002,True,True,True
MYG,63541,2004,True,True,True
MYL,69499,2000,True,True,True
MYL,69499,2003,True,True,True
MYL,69499,2004,True,True,True
MYL,69499,2005,True,True,True
MYL,69499,2006,True,True,True
MYL,69499,2007,True,True,True
MYL,69499,2008,True,True,True
MYL,69499,2009,True,True,True
MYL,69499,2010,True,False,True
MYL,69499,2011,True,False,True
MYL,69499,2012,True,False,True
MYL,69499,2013,True,False,True
MYL,69499,2014,True,False,True
MZIAQ,716823,2001,True,True,True
MZIAQ,716823,2002,True,True,True
MZIAQ,716823,2003,True,True,True
MZIAQ,716823,2004,True,True,True
MZIAQ,716823,2005,True,True,True
MZIAQ,716823,2006,True,True,True
MZIAQ,716823,2007,True,True,True
NAV,51303,2000,True,True,True
NAV,51303,2005,True,True,True
NAV,51303,2007,True,True,True
NAV,51303,2008,True,True,True
NAVI,1593538,2012,True,True,True
NAVI,1593538,2013,True,True,True
NAVI,1593538,2014,False,False,True
NAVI,1593538,2015,False,False,True
NAVI,1593538,2016,False,False,True
NAVI,1593538,2017,False,False,True
NAVI,1593538,2018,False,False,True
NAVI,1593538,2019,False,False,True
NAVI,1593538,2020,False,False,True
NAVI,1593538,2021,False,False,True
NAVI,1593538,2022,False,False,True
NAVI,1593538,2023,False,False,True
NAVI,1593538,2024,False,False,True
NAVI,1593538,2025,True,False,True
NBL,72207,2000,True,True,True
NBL,72207,2002,True,True,True
NBL,72207,2003,True,True,True
NBL,72207,2004,True,True,True
NBL,72207,2005,True,True,True
NBL,72207,2006,True,True,True
NBL,72207,2007,True,True,True
NBL,72207,2008,True,True,True
NBL,72207,2009,True,False,True
NBL,72207,2010,True,False,True
NBL,72207,2011,True,False,True
NBL,72207,2012,True,False,True
NBL,72207,2013,True,False,True
NBL,72207,2014,True,False,True
NBL,72207,2015,True,False,True
NBL,72207,2016,True,False,True
NBL,72207,2017,True,False,True
NBL,72207,2018,True,False,True
NBL,72207,2019,True,False,True
NBR,1163739,2005,True,True,True
NBR,1163739,2006,True,True,True
NBR,1163739,2007,True,True,True
NBR,1163739,2008,True,True,True
NBR,1163739,2009,False,False,True
NBR,1163739,2010,False,False,True
NBR,1163739,2011,False,False,True
NBR,1163739,2012,False,False,True
NBR,1163739,2013,False,False,True
NBR,1163739,2014,False,False,True
NBR,1163739,2015,False,False,True
NBR,1163739,2016,False,False,True
NBR,1163739,2017,False,False,True
NBR,1163739,2018,False,False,True
NBR,1163739,2019,False,False,True
NBR,1163739,2020,False,False,True
NBR,1163739,2021,False,False,True
NBR,1163739,2022,False,False,True
NBR,1163739,2023,False,False,True
NBR,1163739,2024,False,False,True
NBR,1163739,2025,True,False,True
NC,789933,2000,True,True,True
NC,789933,2001,True,True,True
NC,789933,2003,True,True,True
NC,789933,2004,True,True,True
NC,789933,2005,True,True,True
NC,789933,2006,True,True,True
NC,789933,2007,True,True,True
NC,789933,2008,True,True,True
NC,789933,2009,True,True,True
NC,789933,2010,False,False,True
NC,789933,2011,False,False,True
NC,789933,2012,False,False,True
NC,789933,2013,False,False,True
NC,789933,2014,False,False,True
NC,789933,2015,False,False,True
NC,789933,2016,False,False,True
NC,789933,2017,False,False,True
NC,789933,2018,False,False,True
NC,789933,2019,False,False,True
NC,789933,2020,False,False,True
NC,789933,2021,False,False,True
NC,789933,2022,False,False,True
NC,789933,2023,False,False,True
NC,789933,2024,False,False,True
NC,789933,2025,True,True,True
NCC,69970,2000,True,True,True
NCC,69970,2001,True,True,True
NCC,69970,2005,True,True,True
NCC,69970,2006,True,True,True
NCC,69970,2007,True,True,True
NCLH,1513761,2011,True,True,True
NCLH,1513761,2012,True,True,True
NCLH,1513761,2013,False,False,True
NCLH,1513761,2014,False,False,True
NCLH,1513761,2015,False,False,True
NCLH,1513761,2016,False,False,True
NCLH,1513761,2017,False,False,True
NCLH,1513761,2018,False,False,True
NCLH,1513761,2019,False,False,True
NCLH,1513761,2020,False,False,True
NCLH,1513761,2021,False,False,True
NCLH,1513761,2022,False,False,True
NCLH,1513761,2023,False,False,True
NCLH,1513761,2024,False,False,True
NCLH,1513761,2025,True,False,True
NCR,70866,2000,True,True,True
NCR,70866,2001,True,True,True
NCR,70866,2003,True,True,True
NCR,70866,2004,True,True,True
NCR,70866,2005,True,True,True
NCR,70866,2006,True,True,True
NCR,70866,2007,True,True,True
NCR,70866,2008,True,True,True
NDAQ,1120193,2001,True,True,True
NDAQ,1120193,2002,True,True,True
NDAQ,1120193,2003,True,True,True
NDAQ,1120193,2004,True,True,True
NDAQ,1120193,2005,True,True,True
NDAQ,1120193,2006,True,True,True
NDAQ,1120193,2007,True,True,True
NDAQ,1120193,2008,True,True,True
NDAQ,1120193,2009,False,False,True
NDAQ,1120193,2010,False,False,True
NDAQ,1120193,2011,False,False,True
NDAQ,1120193,2012,False,False,True
NDAQ,1120193,2013,False,False,True
NDAQ,1120193,2014,False,False,True
NDAQ,1120193,2015,False,False,True
NDAQ,1120193,2016,False,False,True
NDAQ,1120193,2017,False,False,True
NDAQ,1120193,2018,False,False,True
NDAQ,1120193,2019,False,False,True
NDAQ,1120193,2020,False,False,True
NDAQ,1120193,2021,False,False,True
NDAQ,1120193,2022,False,False,True
NDAQ,1120193,2023,False,False,True
NDAQ,1120193,2024,False,False,True
NDAQ,1120193,2025,True,False,True
NDSN,72331,2008,True,True,True
NDSN,72331,2009,False,False,True
NDSN,72331,2010,False,False,True
NDSN,72331,2011,False,False,True
NDSN,72331,2012,False,False,True
NDSN,72331,2013,False,False,True
NDSN,72331,2014,False,False,True
NDSN,72331,2015,False,False,True
NDSN,72331,2016,False,False,True
NDSN,72331,2017,False,False,True
NDSN,72331,2018,False,False,True
NDSN,72331,2019,False,False,True
NDSN,72331,2020,False,False,True
NDSN,72331,2021,False,False,True
NDSN,72331,2022,False,False,True
NDSN,72331,2023,False,False,True
NDSN,72331,2024,False,False,True
NDSN,72331,2025,True,False,True
NE,1895262,2020,True,True,True
NE,1895262,2021,False,False,True
NE,1895262,2022,False,False,True
NE,1895262,2023,False,False,True
NE,1895262,2024,False,False,True
NE,1895262,2025,True,False,True
NEE,753308,2000,True,True,True
NEE,753308,2001,True,True,True
NEE,753308,2002,True,True,True
NEE,753308,2003,True,True,True
NEE,753308,2004,True,True,True
NEE,753308,2005,True,True,True
NEE,753308,2006,True,True,True
NEE,753308,2007,True,True,True
NEE,753308,2008,True,True,True
NEE,753308,2009,False,False,True
NEE,753308,2010,False,False,True
NEE,753308,2011,False,False,True
NEE,753308,2012,False,False,True
NEE,753308,2013,False,False,True
NEE,753308,2014,False,False,True
NEE,753308,2015,False,False,True
NEE,753308,2016,False,False,True
NEE,753308,2017,False,False,True
NEE,753308,2018,False,False,True
NEE,753308,2019,False,False,True
NEE,753308,2020,False,False,True
NEE,753308,2021,False,False,True
NEE,753308,2022,False,False,True
NEE,753308,2023,False,False,True
NEE,753308,2024,False,False,True
NEE,753308,2025,True,False,True
NEM,1164727,2001,True,True,True
NEM,1164727,2002,True,True,True
NEM,1164727,2003,True,True,True
NEM,1164727,2004,True,True,True
NEM,1164727,2005,True,True,True
NEM,1164727,2006,True,True,True
NEM,1164727,2007,True,True,True
NEM,1164727,2008,True,True,True
NEM,1164727,2009,False,False,True
NEM,1164727,2010,False,False,True
NEM,1164727,2011,False,False,True
NEM,1164727,2012,False,False,True
NEM,1164727,2013,False,False,True
NEM,1164727,2014,False,False,True
NEM,1164727,2015,False,False,True
NEM,1164727,2016,False,False,True
NEM,1164727,2017,False,False,True
NEM,1164727,2018,False,False,True
NEM,1164727,2019,False,False,True
NEM,1164727,2020,False,False,True
NEM,1164727,2021,False,False,True
NEM,1164727,2022,False,False,True
NEM,1164727,2023,False,False,True
NEM,1164727,2024,False,False,True
NEM,1164727,2025,True,False,True
NFB,352510,2000,True,True,True
NFB,352510,2001,True,True,True
NFB,352510,2002,True,True,True
NFB,352510,2003,True,True,True
NFB,352510,2004,True,True,True
NFB,352510,2005,True,True,True
NFLX,1065280,2007,True,True,True
NFLX,1065280,2008,True,True,True
NFLX,1065280,2009,False,False,True
NFLX,1065280,2010,False,False,True
NFLX,1065280,2011,False,False,True
NFLX,1065280,2012,False,False,True
NFLX,1065280,2013,False,False,True
NFLX,1065280,2014,False,False,True
NFLX,1065280,2015,False,False,True
NFLX,1065280,2016,False,False,True
NFLX,1065280,2017,False,False,True
NFLX,1065280,2018,False,False,True
NFLX,1065280,2019,False,False,True
NFLX,1065280,2020,False,False,True
NFLX,1065280,2021,False,False,True
NFLX,1065280,2022,False,False,True
NFLX,1065280,2023,False,False,True
NFLX,1065280,2024,False,False,True
NFLX,1065280,2025,True,False,True
NFX,912750,2010,True,False,True
NFX,912750,2011,True,False,True
NFX,912750,2012,True,False,True
NFX,912750,2013,True,False,True
NFX,912750,2014,True,False,True
NFX,912750,2015,True,False,True
NFX,912750,2016,True,False,True
NFX,912750,2017,True,False,True
NI,1111711,2001,True,True,True
NI,1111711,2004,True,True,True
NI,1111711,2005,True,True,True
NI,1111711,2006,True,True,True
NI,1111711,2007,True,True,True
NI,1111711,2008,True,True,True
NI,1111711,2009,False,False,True
NI,1111711,2010,False,False,True
NI,1111711,2011,False,False,True
NI,1111711,2012,False,False,True
NI,1111711,2013,False,False,True
NI,1111711,2014,False,False,True
NI,1111711,2015,False,False,True
NI,1111711,2016,False,False,True
NI,1111711,2017,False,False,True
NI,1111711,2018,False,False,True
NI,1111711,2019,False,False,True
NI,1111711,2020,False,False,True
NI,1111711,2021,False,False,True
NI,1111711,2022,False,False,True
NI,1111711,2023,False,False,True
NI,1111711,2024,False,False,True
NI,1111711,2025,True,False,True
NKE,320187,2002,True,True,True
NKE,320187,2003,True,True,True
NKE,320187,2004,True,True,True
NKE,320187,2006,True,True,True
NKE,320187,2007,True,True,True
NKE,320187,2008,True,True,True
NKE,320187,2009,False,False,True
NKE,320187,2010,False,False,True
NKE,320187,2011,False,False,True
NKE,320187,2012,False,False,True
NKE,320187,2013,False,False,True
NKE,320187,2014,False,False,True
NKE,320187,2015,False,False,True
NKE,320187,2016,False,False,True
NKE,320187,2017,False,False,True
NKE,320187,2018,False,False,True
NKE,320187,2019,False,False,True
NKE,320187,2020,False,False,True
NKE,320187,2021,False,False,True
NKE,320187,2022,False,False,True
NKE,320187,2023,False,False,True
NKE,320187,2024,False,False,True
NKE,320187,2025,True,True,True
NKTR,906709,2009,True,True,True
NKTR,906709,2010,False,False,True
NKTR,906709,2011,False,False,True
NKTR,906709,2012,False,False,True
NKTR,906709,2013,False,False,True
NKTR,906709,2014,False,False,True
NKTR,906709,2015,False,False,True
NKTR,906709,2016,False,False,True
NKTR,906709,2017,False,False,True
NKTR,906709,2018,False,False,True
NKTR,906709,2019,False,False,True
NKTR,906709,2020,False,False,True
NKTR,906709,2021,False,False,True
NKTR,906709,2022,False,False,True
NKTR,906709,2023,False,False,True
NKTR,906709,2024,False,False,True
NKTR,906709,2025,True,False,True
NLSN,1492633,2013,True,False,True
NLSN,1492633,2014,True,False,True
NLSN,1492633,2015,True,False,True
NLSN,1492633,2016,True,False,True
NLSN,1492633,2017,True,False,True
NLSN,1492633,2018,True,False,True
NLSN,1492633,2019,True,False,True
NLSN,1492633,2020,True,False,True
NLSN,1492633,2021,True,False,True
NMK,71932,2000,True,True,True
NMK,71932,2003,True,True,True
NMK,71932,2004,True,True,True
NMK,71932,2005,True,True,True
NMK,71932,2006,True,True,True
NMK,71932,2007,True,True,True
NOC,1133421,2001,True,True,True
NOC,1133421,2002,True,True,True
NOC,1133421,2003,True,True,True
NOC,1133421,2004,True,True,True
NOC,1133421,2005,True,True,True
NOC,1133421,2006,True,True,True
NOC,1133421,2007,True,True,True
NOC,1133421,2008,True,True,True
NOC,1133421,2009,False,False,True
NOC,1133421,2010,False,False,True
NOC,1133421,2011,False,False,True
NOC,1133421,2012,False,False,True
NOC,1133421,2013,False,False,True
NOC,1133421,2014,False,False,True
NOC,1133421,2015,False,False,True
NOC,1133421,2016,False,False,True
NOC,1133421,2017,False,False,True
NOC,1133421,2018,False,False,True
NOC,1133421,2019,False,False,True
NOC,1133421,2020,False,False,True
NOC,1133421,2021,False,False,True
NOC,1133421,2022,False,False,True
NOC,1133421,2023,False,False,True
NOC,1133421,2024,False,False,True
NOC,1133421,2025,True,False,True
NOV,1021860,2000,True,True,True
NOV,1021860,2001,True,True,True
NOV,1021860,2003,True,True,True
NOV,1021860,2004,True,True,True
NOV,1021860,2005,True,True,True
NOV,1021860,2006,True,True,True
NOV,1021860,2007,True,True,True
NOV,1021860,2008,True,True,True
NOV,1021860,2009,False,False,True
NOV,1021860,2010,False,False,True
NOV,1021860,2011,False,False,True
NOV,1021860,2012,False,False,True
NOV,1021860,2013,False,False,True
NOV,1021860,2014,False,False,True
NOV,1021860,2015,False,False,True
NOV,1021860,2016,False,False,True
NOV,1021860,2017,False,False,True
NOV,1021860,2018,False,False,True
NOV,1021860,2019,False,False,True
NOV,1021860,2020,False,False,True
NOV,1021860,2021,False,False,True
NOV,1021860,2022,False,False,True
NOV,1021860,2023,False,False,True
NOV,1021860,2024,False,False,True
NOV,1021860,2025,True,False,True
NOVL,758004,2000,True,True,True
NOVL,758004,2001,True,True,True
NOVL,758004,2002,True,True,True
NOVL,758004,2003,True,True,True
NOVL,758004,2004,True,True,True
NOVL,758004,2005,True,True,True
NOVL,758004,2006,True,True,True
NOVL,758004,2007,True,True,True
NOVL,758004,2008,True,True,True
NOVL,758004,2009,True,True,True
NOVL,758004,2010,True,False,True
NOW,1373715,2010,True,True,True
NOW,1373715,2011,True,True,True
NOW,1373715,2012,False,False,True
NOW,1373715,2013,False,False,True
NOW,1373715,2014,False,False,True
NOW,1373715,2015,False,False,True
NOW,1373715,2016,False,False,True
NOW,1373715,2017,False,False,True
NOW,1373715,2018,False,False,True
NOW,1373715,2019,False,False,True
NOW,1373715,2020,False,False,True
NOW,1373715,2021,False,False,True
NOW,1373715,2022,False,False,True
NOW,1373715,2023,False,False,True
NOW,1373715,2024,False,False,True
NOW,1373715,2025,True,False,True
NRG,1013871,2007,True,True,True
NRG,1013871,2008,True,True,True
NRG,1013871,2009,False,False,True
NRG,1013871,2010,False,False,True
NRG,1013871,2011,False,False,True
NRG,1013871,2012,False,False,True
NRG,1013871,2013,False,False,True
NRG,1013871,2014,False,False,True
NRG,1013871,2015,False,False,True
NRG,1013871,2016,False,False,True
NRG,1013871,2017,False,False,True
NRG,1013871,2018,False,False,True
NRG,1013871,2019,False,False,True
NRG,1013871,2020,False,False,True
NRG,1013871,2021,False,False,True
NRG,1013871,2022,False,False,True
NRG,1013871,2023,False,False,True
NRG,1013871,2024,False,False,True
NRG,1013871,2025,True,False,True
NRTLQ,72911,2001,True,True,True
NRTLQ,72911,2004,True,True,True
NRTLQ,72911,2005,True,True,True
NRTLQ,72911,2006,True,True,True
NRTLQ,72911,2007,True,True,True
NRTLQ,72911,2008,True,True,True
NSC,702165,2001,True,True,True
NSC,702165,2002,True,True,True
NSC,702165,2003,True,True,True
NSC,702165,2004,True,True,True
NSC,702165,2005,True,True,True
NSC,702165,2006,True,True,True
NSC,702165,2007,True,True,True
NSC,702165,2008,True,True,True
NSC,702165,2009,False,False,True
NSC,702165,2010,False,False,True
NSC,702165,2011,False,False,True
NSC,702165,2012,False,False,True
NSC,702165,2013,False,False,True
NSC,702165,2014,False,False,True
NSC,702165,2015,False,False,True
NSC,702165,2016,False,False,True
NSC,702165,2017,False,False,True
NSC,702165,2018,False,False,True
NSC,702165,2019,False,False,True
NSC,702165,2020,False,False,True
NSC,702165,2021,False,False,True
NSC,702165,2022,False,False,True
NSC,702165,2023,False,False,True
NSC,702165,2024,False,False,True
NSC,702165,2025,True,False,True
NSI,70538,2000,True,True,True
NSI,70538,2002,True,True,True
NSM,70530,2000,True,True,True
NSM,70530,2001,True,True,True
NSM,70530,2007,True,True,True
NSM,70530,2008,True,True,True
NSM,70530,2009,True,True,True
NSM,70530,2010,True,True,True
NSM,70530,2011,True,False,True
NTAP,1002047,2000,True,True,True
NTAP,1002047,2001,True,True,True
NTAP,1002047,2002,True,True,True
NTAP,1002047,2003,True,True,True
NTAP,1002047,2004,True,True,True
NTAP,1002047,2005,True,True,True
NTAP,1002047,2006,True,True,True
NTAP,1002047,2007,True,True,True
NTAP,1002047,2008,True,True,True
NTAP,1002047,2009,False,False,True
NTAP,1002047,2010,False,False,True
NTAP,1002047,2011,False,False,True
NTAP,1002047,2012,False,False,True
NTAP,1002047,2013,False,False,True
NTAP,1002047,2014,False,False,True
NTAP,1002047,2015,False,False,True
NTAP,1002047,2016,False,False,True
NTAP,1002047,2017,False,False,True
NTAP,1002047,2018,False,False,True
NTAP,1002047,2019,False,False,True
NTAP,1002047,2020,False,False,True
NTAP,1002047,2021,False,False,True
NTAP,1002047,2022,False,False,True
NTAP,1002047,2023,False,False,True
NTAP,1002047,2024,False,False,True
NTAP,1002047,2025,True,False,True
NTAP,1002047,2026,True,False,True
NTRS,73124,2000,True,True,True
NTRS,73124,2001,True,True,True
NTRS,73124,2002,True,True,True
NTRS,73124,2003,True,True,True
NTRS,73124,2005,True,True,True
NTRS,73124,2006,True,True,True
NTRS,73124,2007,True,True,True
NTRS,73124,2008,True,True,True
NTRS,73124,2009,False,False,True
NTRS,73124,2010,False,False,True
NTRS,73124,2011,False,False,True
NTRS,73124,2012,False,False,True
NTRS,73124,2013,False,False,True
NTRS,73124,2014,False,False,True
NTRS,73124,2015,False,False,True
NTRS,73124,2016,False,False,True
NTRS,73124,2017,False,False,True
NTRS,73124,2018,False,False,True
NTRS,73124,2019,False,False,True
NTRS,73124,2020,False,False,True
NTRS,73124,2021,False,False,True
NTRS,73124,2022,False,False,True
NTRS,73124,2023,False,False,True
NTRS,73124,2024,False,False,True
NTRS,73124,2025,True,False,True
NUE,73309,2000,True,True,True
NUE,73309,2001,True,True,True
NUE,73309,2002,True,True,True
NUE,73309,2003,True,True,True
NUE,73309,2004,True,True,True
NUE,73309,2005,True,True,True
NUE,73309,2006,True,True,True
NUE,73309,2007,True,True,True
NUE,73309,2008,True,True,True
NUE,73309,2009,False,False,True
NUE,73309,2010,False,False,True
NUE,73309,2011,False,False,True
NUE,73309,2012,False,False,True
NUE,73309,2013,False,False,True
NUE,73309,2014,False,False,True
NUE,73309,2015,False,False,True
NUE,73309,2016,False,False,True
NUE,73309,2017,False,False,True
NUE,73309,2018,False,False,True
NUE,73309,2019,False,False,True
NUE,73309,2020,False,False,True
NUE,73309,2021,False,False,True
NUE,73309,2022,False,False,True
NUE,73309,2023,False,False,True
NUE,73309,2024,False,False,True
NUE,73309,2025,True,False,True
NVDA,1045810,2001,True,True,True
NVDA,1045810,2002,True,True,True
NVDA,1045810,2003,True,True,True
NVDA,1045810,2004,True,True,True
NVDA,1045810,2005,True,True,True
NVDA,1045810,2006,True,True,True
NVDA,1045810,2007,True,True,True
NVDA,1045810,2008,True,True,True
NVDA,1045810,2009,False,False,True
NVDA,1045810,2010,False,False,True
NVDA,1045810,2011,False,False,True
NVDA,1045810,2012,False,False,True
NVDA,1045810,2013,False,False,True
NVDA,1045810,2014,False,False,True
NVDA,1045810,2015,False,False,True
NVDA,1045810,2016,False,False,True
NVDA,1045810,2017,False,False,True
NVDA,1045810,2018,False,False,True
NVDA,1045810,2019,False,False,True
NVDA,1045810,2020,False,False,True
NVDA,1045810,2021,False,False,True
NVDA,1045810,2022,False,False,True
NVDA,1045810,2023,False,False,True
NVDA,1045810,2024,False,False,True
NVDA,1045810,2025,True,False,True
NVDA,1045810,2026,True,False,True
NVLS,836106,2002,True,True,True
NVLS,836106,2003,True,True,True
NVLS,836106,2004,True,True,True
NVLS,836106,2005,True,True,True
NVLS,836106,2006,True,True,True
NVLS,836106,2007,True,True,True
NVLS,836106,2008,True,True,True
NVLS,836106,2009,True,True,True
NVLS,836106,2010,True,False,True
NVLS,836106,2011,True,False,True
NVR,906163,2008,True,True,True
NVR,906163,2009,False,False,True
NVR,906163,2010,False,False,True
NVR,906163,2011,False,False,True
NVR,906163,2012,False,False,True
NVR,906163,2013,False,False,True
NVR,906163,2014,False,False,True
NVR,906163,2015,False,False,True
NVR,906163,2016,False,False,True
NVR,906163,2017,False,False,True
NVR,906163,2018,False,False,True
NVR,906163,2019,False,False,True
NVR,906163,2020,False,False,True
NVR,906163,2021,False,False,True
NVR,906163,2022,False,False,True
NVR,906163,2023,False,False,True
NVR,906163,2024,False,False,True
NVR,906163,2025,True,False,True
NWL,814453,2000,True,True,True
NWL,814453,2001,True,True,True
NWL,814453,2003,True,True,True
NWL,814453,2004,True,True,True
NWL,814453,2005,True,True,True
NWL,814453,2006,True,True,True
NWL,814453,2007,True,True,True
NWL,814453,2008,True,True,True
NWL,814453,2009,False,False,True
NWL,814453,2010,False,False,True
NWL,814453,2011,False,False,True
NWL,814453,2012,False,False,True
NWL,814453,2013,False,False,True
NWL,814453,2014,False,False,True
NWL,814453,2015,False,False,True
NWL,814453,2016,False,False,True
NWL,814453,2017,False,False,True
NWL,814453,2018,False,False,True
NWL,814453,2019,False,False,True
NWL,814453,2020,False,False,True
NWL,814453,2021,False,False,True
NWL,814453,2022,False,False,True
NWL,814453,2023,False,False,True
NWL,814453,2024,False,False,True
NWL,814453,2025,True,False,True
NWSA,1564708,2012,True,True,True
NWSA,1564708,2013,False,False,True
NWSA,1564708,2014,False,False,True
NWSA,1564708,2015,False,False,True
NWSA,1564708,2016,False,False,True
NWSA,1564708,2017,False,False,True
NWSA,1564708,2018,False,False,True
NWSA,1564708,2019,False,False,True
NWSA,1564708,2020,False,False,True
NWSA,1564708,2021,False,False,True
NWSA,1564708,2022,False,False,True
NWSA,1564708,2023,False,False,True
NWSA,1564708,2024,False,False,True
NWSA,1564708,2025,True,True,True
NXPI,1413447,2017,False,False,True
NXPI,1413447,2018,False,False,True
NXPI,1413447,2019,False,False,True
NXPI,1413447,2020,False,False,True
NXPI,1413447,2021,False,False,True
NXPI,1413447,2022,False,False,True
NXPI,1413447,2023,False,False,True
NXPI,1413447,2024,False,False,True
NXPI,1413447,2025,True,False,True
NXTL,824169,2002,True,True,True
NXTL,824169,2003,True,True,True
NXTL,824169,2004,True,True,True
NYT,71691,2001,True,True,True
NYT,71691,2002,True,True,True
NYT,71691,2003,True,True,True
NYT,71691,2004,True,True,True
NYT,71691,2005,True,True,True
NYT,71691,2006,True,True,True
NYT,71691,2007,True,True,True
NYT,71691,2008,True,True,True
NYT,71691,2009,False,False,True
NYT,71691,2010,False,False,True
NYT,71691,2011,False,False,True
NYT,71691,2012,False,False,True
NYT,71691,2013,False,False,True
NYT,71691,2014,False,False,True
NYT,71691,2015,False,False,True
NYT,71691,2016,False,False,True
NYT,71691,2017,False,False,True
NYT,71691,2018,False,False,True
NYT,71691,2019,False,False,True
NYT,71691,2020,False,False,True
NYT,71691,2021,False,False,True
NYT,71691,2022,False,False,True
NYT,71691,2023,False,False,True
NYT,71691,2024,False,False,True
NYT,71691,2025,True,True,True
NYX,1368007,2007,True,True,True
NYX,1368007,2008,True,True,True
NYX,1368007,2009,True,False,True
NYX,1368007,2010,True,False,True
NYX,1368007,2011,True,False,True
NYX,1368007,2012,True,False,True
O,726728,2008,True,True,True
O,726728,2009,False,False,True
O,726728,2010,False,False,True
O,726728,2011,False,False,True
O,726728,2012,False,False,True
O,726728,2013,False,False,True
O,726728,2014,False,False,True
O,726728,2015,False,False,True
O,726728,2016,False,False,True
O,726728,2017,False,False,True
O,726728,2018,False,False,True
O,726728,2019,False,False,True
O,726728,2020,False,False,True
O,726728,2021,False,False,True
O,726728,2022,False,False,True
O,726728,2023,False,False,True
O,726728,2024,False,False,True
O,726728,2025,True,False,True
ODFL,878927,2008,True,True,True
ODFL,878927,2009,False,False,True
ODFL,878927,2010,False,False,True
ODFL,878927,2011,False,False,True
ODFL,878927,2012,False,False,True
ODFL,878927,2013,False,False,True
ODFL,878927,2014,False,False,True
ODFL,878927,2015,False,False,True
ODFL,878927,2016,False,False,True
ODFL,878927,2017,False,False,True
ODFL,878927,2018,False,False,True
ODFL,878927,2019,False,False,True
ODFL,878927,2020,False,False,True
ODFL,878927,2021,False,False,True
ODFL,878927,2022,False,False,True
ODFL,878927,2023,False,False,True
ODFL,878927,2024,False,False,True
ODFL,878927,2025,True,False,True
ODP,800240,2000,True,True,True
ODP,800240,2001,True,True,True
ODP,800240,2003,True,True,True
ODP,800240,2004,True,True,True
ODP,800240,2005,True,True,True
ODP,800240,2006,True,True,True
ODP,800240,2007,True,True,True
ODP,800240,2008,True,True,True
ODP,800240,2009,True,False,True
ODP,800240,2010,True,False,True
OGN,1821825,2019,True,True,True
OGN,1821825,2020,True,True,True
OGN,1821825,2021,False,False,True
OGN,1821825,2022,False,False,True
OGN,1821825,2023,False,False,True
OGN,1821825,2024,False,False,True
OGN,1821825,2025,True,False,True
OI,812074,2000,True,True,True
OI,812074,2001,True,True,True
OI,812074,2002,True,True,True
OI,812074,2003,True,True,True
OI,812074,2004,True,True,True
OI,812074,2005,True,True,True
OI,812074,2006,True,True,True
OI,812074,2007,True,True,True
OI,812074,2008,True,True,True
OI,812074,2009,False,False,True
OI,812074,2010,False,False,True
OI,812074,2011,False,False,True
OI,812074,2012,False,False,True
OI,812074,2013,False,False,True
OI,812074,2014,False,False,True
OI,812074,2015,False,False,True
OI,812074,2016,False,False,True
OI,812074,2017,False,False,True
OI,812074,2018,False,False,True
OI,812074,2019,False,False,True
OI,812074,2020,False,False,True
OI,812074,2021,False,False,True
OI,812074,2022,False,False,True
OI,812074,2023,False,False,True
OI,812074,2024,False,False,True
OI,812074,2025,True,False,True
OKE,1039684,2000,True,True,True
OKE,1039684,2001,True,True,True
OKE,1039684,2002,True,True,True
OKE,1039684,2003,True,True,True
OKE,1039684,2004,True,True,True
OKE,1039684,2005,True,True,True
OKE,1039684,2006,True,True,True
OKE,1039684,2007,True,True,True
OKE,1039684,2008,True,True,True
OKE,1039684,2009,False,False,True
OKE,1039684,2010,False,False,True
OKE,1039684,2011,False,False,True
OKE,1039684,2012,False,False,True
OKE,1039684,2013,False,False,True
OKE,1039684,2014,False,False,True
OKE,1039684,2015,False,False,True
OKE,1039684,2016,False,False,True
OKE,1039684,2017,False,False,True
OKE,1039684,2018,False,False,True
OKE,1039684,2019,False,False,True
OKE,1039684,2020,False,False,True
OKE,1039684,2021,False,False,True
OKE,1039684,2022,False,False,True
OKE,1039684,2023,False,False,True
OKE,1039684,2024,False,False,True
OKE,1039684,2025,True,False,True
OM,1484612,2018,True,True,True
OM,1484612,2019,True,True,True
OM,1484612,2020,False,False,True
OM,1484612,2021,False,False,True
OM,1484612,2022,False,False,True
OM,1484612,2023,False,False,True
OM,1484612,2024,False,False,True
OM,1484612,2025,True,False,True
OMC,29989,2000,True,True,True
OMC,29989,2001,True,True,True
OMC,29989,2006,True,True,True
OMC,29989,2007,True,True,True
OMC,29989,2008,True,True,True
OMC,29989,2009,False,False,True
OMC,29989,2010,False,False,True
OMC,29989,2011,False,False,True
OMC,29989,2012,False,False,True
OMC,29989,2013,False,False,True
OMC,29989,2014,False,False,True
OMC,29989,2015,False,False,True
OMC,29989,2016,False,False,True
OMC,29989,2017,False,False,True
OMC,29989,2018,False,False,True
OMC,29989,2019,False,False,True
OMC,29989,2020,False,False,True
OMC,29989,2021,False,False,True
OMC,29989,2022,False,False,True
OMC,29989,2023,False,False,True
OMC,29989,2024,False,False,True
OMC,29989,2025,True,False,True
OMX,12978,2002,True,True,True
OMX,12978,2003,True,True,True
OMX,12978,2004,True,True,True
OMX,12978,2005,True,True,True
OMX,12978,2006,True,True,True
ON,1097864,2008,True,True,True
ON,1097864,2009,False,False,True
ON,1097864,2010,False,False,True
ON,1097864,2011,False,False,True
ON,1097864,2012,False,False,True
ON,1097864,2013,False,False,True
ON,1097864,2014,False,False,True
ON,1097864,2015,False,False,True
ON,1097864,2016,False,False,True
ON,1097864,2017,False,False,True
ON,1097864,2018,False,False,True
ON,1097864,2019,False,False,True
ON,1097864,2020,False,False,True
ON,1097864,2021,False,False,True
ON,1097864,2022,False,False,True
ON,1097864,2023,False,False,True
ON,1097864,2024,False,False,True
ON,1097864,2025,True,False,True
ONE,1067092,2001,True,True,True
ONE,1067092,2002,True,True,True
ORCL,1341439,2006,True,True,True
ORCL,1341439,2007,True,True,True
ORCL,1341439,2008,True,True,True
ORCL,1341439,2009,False,False,True
ORCL,1341439,2010,False,False,True
ORCL,1341439,2011,False,False,True
ORCL,1341439,2012,False,False,True
ORCL,1341439,2013,False,False,True
ORCL,1341439,2014,False,False,True
ORCL,1341439,2015,False,False,True
ORCL,1341439,2016,False,False,True
ORCL,1341439,2017,False,False,True
ORCL,1341439,2018,False,False,True
ORCL,1341439,2019,False,False,True
ORCL,1341439,2020,False,False,True
ORCL,1341439,2021,False,False,True
ORCL,1341439,2022,False,False,True
ORCL,1341439,2023,False,False,True
ORCL,1341439,2024,False,False,True
ORCL,1341439,2025,True,False,True
ORCL,1341439,2026,True,False,True
ORLY,898173,2008,True,True,True
ORLY,898173,2009,False,False,True
ORLY,898173,2010,False,False,True
ORLY,898173,2011,False,False,True
ORLY,898173,2012,False,False,True
ORLY,898173,2013,False,False,True
ORLY,898173,2014,False,False,True
ORLY,898173,2015,False,False,True
ORLY,898173,2016,False,False,True
ORLY,898173,2017,False,False,True
ORLY,898173,2018,False,False,True
ORLY,898173,2019,False,False,True
ORLY,898173,2020,False,False,True
ORLY,898173,2021,False,False,True
ORLY,898173,2022,False,False,True
ORLY,898173,2023,False,False,True
ORLY,898173,2024,False,False,True
ORLY,898173,2025,True,False,True
OTIS,1781335,2018,True,True,True
OTIS,1781335,2019,True,True,True
OTIS,1781335,2020,False,False,True
OTIS,1781335,2021,False,False,True
OTIS,1781335,2022,False,False,True
OTIS,1781335,2023,False,False,True
OTIS,1781335,2024,False,False,True
OTIS,1781335,2025,True,False,True
OWENQ,75234,2002,True,True,True
OWENQ,75234,2003,True,True,True
OWENQ,75234,2004,True,True,True
OWENQ,75234,2005,True,True,True
OXY,797468,2000,True,True,True
OXY,797468,2001,True,True,True
OXY,797468,2005,True,True,True
OXY,797468,2006,True,True,True
OXY,797468,2007,True,True,True
OXY,797468,2008,True,True,True
OXY,797468,2009,False,False,True
OXY,797468,2010,False,False,True
OXY,797468,2011,False,False,True
OXY,797468,2012,False,False,True
OXY,797468,2013,False,False,True
OXY,797468,2014,False,False,True
OXY,797468,2015,False,False,True
OXY,797468,2016,False,False,True
OXY,797468,2017,False,False,True
OXY,797468,2018,False,False,True
OXY,797468,2019,False,False,True
OXY,797468,2020,False,False,True
OXY,797468,2021,False,False,True
OXY,797468,2022,False,False,True
OXY,797468,2023,False,False,True
OXY,797468,2024,False,False,True
OXY,797468,2025,True,False,True
PALM,1100389,2000,True,True,True
PALM,1100389,2001,True,True,True
PALM,1100389,2002,True,True,True
PALM,1100389,2003,True,True,True
PALM,1100389,2004,True,True,True
PALM,1100389,2005,True,True,True
PALM,1100389,2006,True,True,True
PALM,1100389,2007,True,True,True
PALM,1100389,2008,True,True,True
PANW,1327567,2011,True,True,True
PANW,1327567,2012,False,False,True
PANW,1327567,2013,False,False,True
PANW,1327567,2014,False,False,True
PANW,1327567,2015,False,False,True
PANW,1327567,2016,False,False,True
PANW,1327567,2017,False,False,True
PANW,1327567,2018,False,False,True
PANW,1327567,2019,False,False,True
PANW,1327567,2020,False,False,True
PANW,1327567,2021,False,False,True
PANW,1327567,2022,False,False,True
PANW,1327567,2023,False,False,True
PANW,1327567,2024,False,False,True
PANW,1327567,2025,True,False,True
PARA,813828,2022,True,True,True
PARA,813828,2023,True,True,True
PARA,813828,2024,True,True,True
PAYC,1590955,2012,True,True,True
PAYC,1590955,2013,True,True,True
PAYC,1590955,2014,False,False,True
PAYC,1590955,2015,False,False,True
PAYC,1590955,2016,False,False,True
PAYC,1590955,2017,False,False,True
PAYC,1590955,2018,False,False,True
PAYC,1590955,2019,False,False,True
PAYC,1590955,2020,False,False,True
PAYC,1590955,2021,False,False,True
PAYC,1590955,2022,False,False,True
PAYC,1590955,2023,False,False,True
PAYC,1590955,2024,False,False,True
PAYC,1590955,2025,True,False,True
PAYX,723531,2000,True,True,True
PAYX,723531,2001,True,True,True
PAYX,723531,2002,True,True,True
PAYX,723531,2003,True,True,True
PAYX,723531,2004,True,True,True
PAYX,723531,2005,True,True,True
PAYX,723531,2006,True,True,True
PAYX,723531,2007,True,True,True
PAYX,723531,2008,True,True,True
PAYX,723531,2009,False,False,True
PAYX,723531,2010,False,False,True
PAYX,723531,2011,False,False,True
PAYX,723531,2012,False,False,True
PAYX,723531,2013,False,False,True
PAYX,723531,2014,False,False,True
PAYX,723531,2015,False,False,True
PAYX,723531,2016,False,False,True
PAYX,723531,2017,False,False,True
PAYX,723531,2018,False,False,True
PAYX,723531,2019,False,False,True
PAYX,723531,2020,False,False,True
PAYX,723531,2021,False,False,True
PAYX,723531,2022,False,False,True
PAYX,723531,2023,False,False,True
PAYX,723531,2024,False,False,True
PAYX,723531,2025,True,False,True
PBCT,1378946,2006,True,True,True
PBCT,1378946,2007,True,True,True
PBCT,1378946,2008,True,True,True
PBCT,1378946,2009,True,False,True
PBCT,1378946,2010,True,False,True
PBCT,1378946,2011,True,False,True
PBCT,1378946,2012,True,False,True
PBCT,1378946,2013,True,False,True
PBCT,1378946,2014,True,False,True
PBCT,1378946,2015,True,False,True
PBCT,1378946,2016,True,False,True
PBCT,1378946,2017,True,False,True
PBCT,1378946,2018,True,False,True
PBCT,1378946,2019,True,False,True
PBCT,1378946,2020,True,False,True
PBCT,1378946,2021,True,False,True
PBG,1076405,2000,True,True,True
PBG,1076405,2001,True,True,True
PBG,1076405,2005,True,True,True
PBG,1076405,2006,True,True,True
PBG,1076405,2007,True,True,True
PBG,1076405,2008,True,True,True
PBG,1076405,2009,True,False,True
PBI,78814,2000,True,True,True
PBI,78814,2001,True,True,True
PBI,78814,2002,True,True,True
PBI,78814,2003,True,True,True
PBI,78814,2004,True,True,True
PBI,78814,2005,True,True,True
PBI,78814,2006,True,True,True
PBI,78814,2007,True,True,True
PBI,78814,2008,True,True,True
PBI,78814,2009,False,False,True
PBI,78814,2010,False,False,True
PBI,78814,2011,False,False,True
PBI,78814,2012,False,False,True
PBI,78814,2013,False,False,True
PBI,78814,2014,False,False,True
PBI,78814,2015,False,False,True
PBI,78814,2016,False,False,True
PBI,78814,2017,False,False,True
PBI,78814,2018,False,False,True
PBI,78814,2019,False,False,True
PBI,78814,2020,False,False,True
PBI,78814,2021,False,False,True
PBI,78814,2022,False,False,True
PBI,78814,2023,False,False,True
PBI,78814,2024,False,False,True
PBI,78814,2025,True,False,True
PBY,77449,2000,True,True,True
PBY,77449,2004,True,True,True
PBY,77449,2005,True,True,True
PBY,77449,2006,True,True,True
PBY,77449,2007,True,True,True
PBY,77449,2008,True,True,True
PCAR,75362,2007,True,True,True
PCAR,75362,2008,True,True,True
PCAR,75362,2009,False,False,True
PCAR,75362,2010,False,False,True
PCAR,75362,2011,False,False,True
PCAR,75362,2012,False,False,True
PCAR,75362,2013,False,False,True
PCAR,75362,2014,False,False,True
PCAR,75362,2015,False,False,True
PCAR,75362,2016,False,False,True
PCAR,75362,2017,False,False,True
PCAR,75362,2018,False,False,True
PCAR,75362,2019,False,False,True
PCAR,75362,2020,False,False,True
PCAR,75362,2021,False,False,True
PCAR,75362,2022,False,False,True
PCAR,75362,2023,False,False,True
PCAR,75362,2024,False,False,True
PCAR,75362,2025,True,False,True
PCG,1004980,2000,True,True,True
PCG,1004980,2001,True,True,True
PCG,1004980,2002,True,True,True
PCG,1004980,2003,True,True,True
PCG,1004980,2004,True,True,True
PCG,1004980,2005,True,True,True
PCG,1004980,2006,True,True,True
PCG,1004980,2007,True,True,True
PCG,1004980,2008,True,True,True
PCG,1004980,2009,False,False,True
PCG,1004980,2010,False,False,True
PCG,1004980,2011,False,False,True
PCG,1004980,2012,False,False,True
PCG,1004980,2013,False,False,True
PCG,1004980,2014,False,False,True
PCG,1004980,2015,False,False,True
PCG,1004980,2016,False,False,True
PCG,1004980,2017,False,False,True
PCG,1004980,2018,False,False,True
PCG,1004980,2019,False,False,True
PCG,1004980,2020,False,False,True
PCG,1004980,2021,False,False,True
PCG,1004980,2022,False,False,True
PCG,1004980,2023,False,False,True
PCG,1004980,2024,False,False,True
PCG,1004980,2025,True,False,True
PCH,79716,2001,True,True,True
PCH,79716,2002,True,True,True
PCH,79716,2003,True,True,True
PCH,79716,2004,True,True,True
PCL,849213,2001,True,True,True
PCL,849213,2003,True,True,True
PCL,849213,2004,True,True,True
PCL,849213,2006,True,True,True
PCL,849213,2007,True,True,True
PCL,849213,2008,True,True,True
PCL,849213,2009,True,False,True
PCL,849213,2010,True,False,True
PCL,849213,2011,True,False,True
PCL,849213,2012,True,False,True
PCL,849213,2013,True,False,True
PCL,849213,2014,True,False,True
PCL,849213,2015,True,False,True
PCP,79958,2000,True,True,True
PCP,79958,2001,True,True,True
PCP,79958,2002,True,True,True
PCP,79958,2003,True,True,True
PCP,79958,2004,True,True,True
PCP,79958,2005,True,True,True
PCP,79958,2006,True,True,True
PCP,79958,2007,True,True,True
PCP,79958,2008,True,True,True
PCP,79958,2009,True,False,True
PCP,79958,2010,True,False,True
PCP,79958,2011,True,False,True
PCP,79958,2012,True,False,True
PCP,79958,2013,True,False,True
PCP,79958,2014,True,False,True
PCP,79958,2015,True,False,True
PCS,101830,2000,True,True,True
PCS,101830,2003,True,True,True
PCS,101830,2004,True,True,True
PCS,101830,2005,True,True,True
PCS,101830,2006,True,True,True
PCS,101830,2007,True,True,True
PCS,101830,2008,True,True,True
PD,1568100,2018,True,True,True
PD,1568100,2019,True,True,True
PD,1568100,2020,False,False,True
PD,1568100,2021,False,False,True
PD,1568100,2022,False,False,True
PD,1568100,2023,False,False,True
PD,1568100,2024,False,False,True
PD,1568100,2025,True,False,True
PD,1568100,2026,True,False,True
PDCO,891024,2001,True,True,True
PDCO,891024,2003,True,True,True
PDCO,891024,2004,True,True,True
PDCO,891024,2005,True,True,True
PDCO,891024,2006,True,True,True
PDCO,891024,2007,True,True,True
PDCO,891024,2008,True,True,True
PDCO,891024,2009,True,True,True
PDCO,891024,2010,True,True,True
PDCO,891024,2011,True,False,True
PDCO,891024,2012,True,False,True
PDCO,891024,2013,True,False,True
PDCO,891024,2014,True,False,True
PDCO,891024,2015,True,False,True
PDCO,891024,2016,True,False,True
PDCO,891024,2017,True,False,True
PDCO,891024,2018,True,False,True
PEG,788784,2001,True,True,True
PEG,788784,2002,True,True,True
PEG,788784,2003,True,True,True
PEG,788784,2004,True,True,True
PEG,788784,2005,True,True,True
PEG,788784,2006,True,True,True
PEG,788784,2007,True,True,True
PEG,788784,2008,True,True,True
PEG,788784,2009,False,False,True
PEG,788784,2010,False,False,True
PEG,788784,2011,False,False,True
PEG,788784,2012,False,False,True
PEG,788784,2013,False,False,True
PEG,788784,2014,False,False,True
PEG,788784,2015,False,False,True
PEG,788784,2016,False,False,True
PEG,788784,2017,False,False,True
PEG,788784,2018,False,False,True
PEG,788784,2019,False,False,True
PEG,788784,2020,False,False,True
PEG,788784,2021,False,False,True
PEG,788784,2022,False,False,True
PEG,788784,2023,False,False,True
PEG,788784,2024,False,False,True
PEG,788784,2025,True,False,True
PENN,921738,2008,True,True,True
PENN,921738,2009,False,False,True
PENN,921738,2010,False,False,True
PENN,921738,2011,False,False,True
PENN,921738,2012,False,False,True
PENN,921738,2013,False,False,True
PENN,921738,2014,False,False,True
PENN,921738,2015,False,False,True
PENN,921738,2016,False,False,True
PENN,921738,2017,False,False,True
PENN,921738,2018,False,False,True
PENN,921738,2019,False,False,True
PENN,921738,2020,False,False,True
PENN,921738,2021,False,False,True
PENN,921738,2022,False,False,True
PENN,921738,2023,False,False,True
PENN,921738,2024,False,False,True
PENN,921738,2025,True,False,True
PEP,77476,2000,True,True,True
PEP,77476,2002,True,True,True
PEP,77476,2003,True,True,True
PEP,77476,2004,True,True,True
PEP,77476,2005,True,True,True
PEP,77476,2006,True,True,True
PEP,77476,2007,True,True,True
PEP,77476,2008,True,True,True
PEP,77476,2009,False,False,True
PEP,77476,2010,False,False,True
PEP,77476,2011,False,False,True
PEP,77476,2012,False,False,True
PEP,77476,2013,False,False,True
PEP,77476,2014,False,False,True
PEP,77476,2015,False,False,True
PEP,77476,2016,False,False,True
PEP,77476,2017,False,False,True
PEP,77476,2018,False,False,True
PEP,77476,2019,False,False,True
PEP,77476,2020,False,False,True
PEP,77476,2021,False,False,True
PEP,77476,2022,False,False,True
PEP,77476,2023,False,False,True
PEP,77476,2024,False,False,True
PEP,77476,2025,True,False,True
PETM,863157,2012,True,False,True
PETM,863157,2013,True,False,True
PETM,863157,2014,True,False,True
PFE,78003,2001,True,True,True
PFE,78003,2002,True,True,True
PFE,78003,2003,True,True,True
PFE,78003,2004,True,True,True
PFE,78003,2005,True,True,True
PFE,78003,2006,True,True,True
PFE,78003,2007,True,True,True
PFE,78003,2008,True,True,True
PFE,78003,2009,False,False,True
PFE,78003,2010,False,False,True
PFE,78003,2011,False,False,True
PFE,78003,2012,False,False,True
PFE,78003,2013,False,False,True
PFE,78003,2014,False,False,True
PFE,78003,2015,False,False,True
PFE,78003,2016,False,False,True
PFE,78003,2017,False,False,True
PFE,78003,2018,False,False,True
PFE,78003,2019,False,False,True
PFE,78003,2020,False,False,True
PFE,78003,2021,False,False,True
PFE,78003,2022,False,False,True
PFE,78003,2023,False,False,True
PFE,78003,2024,False,False,True
PFE,78003,2025,True,False,True
PFG,1126328,2001,True,True,True
PFG,1126328,2004,True,True,True
PFG,1126328,2005,True,True,True
PFG,1126328,2006,True,True,True
PFG,1126328,2007,True,True,True
PFG,1126328,2008,True,True,True
PFG,1126328,2009,False,False,True
PFG,1126328,2010,False,False,True
PFG,1126328,2011,False,False,True
PFG,1126328,2012,False,False,True
PFG,1126328,2013,False,False,True
PFG,1126328,2014,False,False,True
PFG,1126328,2015,False,False,True
PFG,1126328,2016,False,False,True
PFG,1126328,2017,False,False,True
PFG,1126328,2018,False,False,True
PFG,1126328,2019,False,False,True
PFG,1126328,2020,False,False,True
PFG,1126328,2021,False,False,True
PFG,1126328,2022,False,False,True
PFG,1126328,2023,False,False,True
PFG,1126328,2024,False,False,True
PFG,1126328,2025,True,False,True
PG,80424,2000,True,True,True
PG,80424,2001,True,True,True
PG,80424,2006,True,True,True
PG,80424,2007,True,True,True
PG,80424,2008,True,True,True
PG,80424,2009,False,False,True
PG,80424,2010,False,False,True
PG,80424,2011,False,False,True
PG,80424,2012,False,False,True
PG,80424,2013,False,False,True
PG,80424,2014,False,False,True
PG,80424,2015,False,False,True
PG,80424,2016,False,False,True
PG,80424,2017,False,False,True
PG,80424,2018,False,False,True
PG,80424,2019,False,False,True
PG,80424,2020,False,False,True
PG,80424,2021,False,False,True
PG,80424,2022,False,False,True
PG,80424,2023,False,False,True
PG,80424,2024,False,False,True
PG,80424,2025,True,False,True
PGL,77385,2001,True,True,True
PGL,77385,2002,True,True,True
PGL,77385,2003,True,True,True
PGL,77385,2004,True,True,True
PGL,77385,2005,True,True,True
PGN,1094093,2001,True,True,True
PGN,1094093,2005,True,True,True
PGN,1094093,2006,True,True,True
PGN,1094093,2007,True,True,True
PGN,1094093,2008,True,True,True
PGN,1094093,2009,True,False,True
PGN,1094093,2010,True,False,True
PGN,1094093,2011,True,False,True
PGR,80661,2000,True,True,True
PGR,80661,2001,True,True,True
PGR,80661,2002,True,True,True
PGR,80661,2003,True,True,True
PGR,80661,2004,True,True,True
PGR,80661,2005,True,True,True
PGR,80661,2006,True,True,True
PGR,80661,2007,True,True,True
PGR,80661,2008,True,True,True
PGR,80661,2009,False,False,True
PGR,80661,2010,False,False,True
PGR,80661,2011,False,False,True
PGR,80661,2012,False,False,True
PGR,80661,2013,False,False,True
PGR,80661,2014,False,False,True
PGR,80661,2015,False,False,True
PGR,80661,2016,False,False,True
PGR,80661,2017,False,False,True
PGR,80661,2018,False,False,True
PGR,80661,2019,False,False,True
PGR,80661,2020,False,False,True
PGR,80661,2021,False,False,True
PGR,80661,2022,False,False,True
PGR,80661,2023,False,False,True
PGR,80661,2024,False,False,True
PGR,80661,2025,True,False,True
PH,76334,2001,True,True,True
PH,76334,2003,True,True,True
PH,76334,2004,True,True,True
PH,76334,2005,True,True,True
PH,76334,2006,True,True,True
PH,76334,2007,True,True,True
PH,76334,2008,True,True,True
PH,76334,2009,False,False,True
PH,76334,2010,False,False,True
PH,76334,2011,False,False,True
PH,76334,2012,False,False,True
PH,76334,2013,False,False,True
PH,76334,2014,False,False,True
PH,76334,2015,False,False,True
PH,76334,2016,False,False,True
PH,76334,2017,False,False,True
PH,76334,2018,False,False,True
PH,76334,2019,False,False,True
PH,76334,2020,False,False,True
PH,76334,2021,False,False,True
PH,76334,2022,False,False,True
PH,76334,2023,False,False,True
PH,76334,2024,False,False,True
PH,76334,2025,True,False,True
PHA,67686,2000,True,True,True
PHA,67686,2001,True,True,True
PHM,822416,2001,True,True,True
PHM,822416,2002,True,True,True
PHM,822416,2003,True,True,True
PHM,822416,2004,True,True,True
PHM,822416,2005,True,True,True
PHM,822416,2006,True,True,True
PHM,822416,2007,True,True,True
PHM,822416,2008,True,True,True
PHM,822416,2009,False,False,True
PHM,822416,2010,False,False,True
PHM,822416,2011,False,False,True
PHM,822416,2012,False,False,True
PHM,822416,2013,False,False,True
PHM,822416,2014,False,False,True
PHM,822416,2015,False,False,True
PHM,822416,2016,False,False,True
PHM,822416,2017,False,False,True
PHM,822416,2018,False,False,True
PHM,822416,2019,False,False,True
PHM,822416,2020,False,False,True
PHM,822416,2021,False,False,True
PHM,822416,2022,False,False,True
PHM,822416,2023,False,False,True
PHM,822416,2024,False,False,True
PHM,822416,2025,True,False,True
PKG,75677,2008,True,True,True
PKG,75677,2009,False,False,True
PKG,75677,2010,False,False,True
PKG,75677,2012,False,False,True
PKG,75677,2014,False,False,True
PKG,75677,2015,False,False,True
PKG,75677,2016,False,False,True
PKG,75677,2017,False,False,True
PKG,75677,2018,False,False,True
PKG,75677,2019,False,False,True
PKG,75677,2020,False,False,True
PKG,75677,2021,False,False,True
PKG,75677,2022,False,False,True
PKG,75677,2023,False,False,True
PKG,75677,2024,False,False,True
PKG,75677,2025,True,False,True
PKI,31791,2000,True,True,True
PKI,31791,2001,True,True,True
PKI,31791,2002,True,True,True
PKI,31791,2003,True,True,True
PKI,31791,2005,True,True,True
PKI,31791,2006,True,True,True
PKI,31791,2007,True,True,True
PKI,31791,2009,True,True,True
PKI,31791,2015,True,False,True
PKI,31791,2020,True,False,True
PLD,1045609,2000,True,True,True
PLD,1045609,2006,True,True,True
PLD,1045609,2007,True,True,True
PLD,1045609,2008,True,True,True
PLD,1045609,2009,False,False,True
PLD,1045609,2010,False,False,True
PLD,1045609,2011,False,False,True
PLD,1045609,2012,False,False,True
PLD,1045609,2013,False,False,True
PLD,1045609,2014,False,False,True
PLD,1045609,2015,False,False,True
PLD,1045609,2016,False,False,True
PLD,1045609,2017,False,False,True
PLD,1045609,2018,False,False,True
PLD,1045609,2019,False,False,True
PLD,1045609,2020,False,False,True
PLD,1045609,2021,False,False,True
PLD,1045609,2022,False,False,True
PLD,1045609,2023,False,False,True
PLD,1045609,2024,False,False,True
PLD,1045609,2025,True,False,True
PLL,75829,2000,True,True,True
PLL,75829,2001,True,True,True
PLL,75829,2002,True,True,True
PLL,75829,2003,True,True,True
PLL,75829,2004,True,True,True
PLL,75829,2005,True,True,True
PLL,75829,2006,True,True,True
PLL,75829,2007,True,True,True
PLL,75829,2008,True,True,True
PLL,75829,2009,True,True,True
PLL,75829,2010,True,True,True
PLL,75829,2011,True,False,True
PLL,75829,2012,True,False,True
PLL,75829,2013,True,False,True
PLL,75829,2014,True,False,True
PLTR,1321655,2018,True,True,True
PLTR,1321655,2019,True,True,True
PLTR,1321655,2020,False,False,True
PLTR,1321655,2021,False,False,True
PLTR,1321655,2022,False,False,True
PLTR,1321655,2023,False,False,True
PLTR,1321655,2024,False,False,True
PLTR,1321655,2025,True,True,True
PM,1413329,2007,True,True,True
PM,1413329,2008,True,True,True
PM,1413329,2009,False,False,True
PM,1413329,2010,False,False,True
PM,1413329,2011,False,False,True
PM,1413329,2012,False,False,True
PM,1413329,2013,False,False,True
PM,1413329,2014,False,False,True
PM,1413329,2015,False,False,True
PM,1413329,2016,False,False,True
PM,1413329,2017,False,False,True
PM,1413329,2018,False,False,True
PM,1413329,2019,False,False,True
PM,1413329,2020,False,False,True
PM,1413329,2021,False,False,True
PM,1413329,2022,False,False,True
PM,1413329,2023,False,False,True
PM,1413329,2024,False,False,True
PM,1413329,2025,True,False,True
PMCS,767920,2000,True,True,True
PMCS,767920,2003,True,True,True
PMCS,767920,2004,True,True,True
PMCS,767920,2005,True,True,True
PMCS,767920,2006,True,True,True
PMCS,767920,2007,True,True,True
PMCS,767920,2008,True,True,True
PMI,2030617,2024,True,True,True
PMI,2030617,2025,True,False,True
PNC,713676,2001,True,True,True
PNC,713676,2003,True,True,True
PNC,713676,2004,True,True,True
PNC,713676,2005,True,True,True
PNC,713676,2006,True,True,True
PNC,713676,2007,True,True,True
PNC,713676,2008,True,True,True
PNC,713676,2009,False,False,True
PNC,713676,2010,False,False,True
PNC,713676,2011,False,False,True
PNC,713676,2012,False,False,True
PNC,713676,2013,False,False,True
PNC,713676,2014,False,False,True
PNC,713676,2015,False,False,True
PNC,713676,2016,False,False,True
PNC,713676,2017,False,False,True
PNC,713676,2018,False,False,True
PNC,713676,2019,False,False,True
PNC,713676,2020,False,False,True
PNC,713676,2021,False,False,True
PNC,713676,2022,False,False,True
PNC,713676,2023,False,False,True
PNC,713676,2024,False,False,True
PNC,713676,2025,True,False,True
PNR,77360,2008,True,True,True
PNR,77360,2009,False,False,True
PNR,77360,2010,False,False,True
PNR,77360,2011,False,False,True
PNR,77360,2012,False,False,True
PNR,77360,2013,False,False,True
PNR,77360,2014,False,False,True
PNR,77360,2015,False,False,True
PNR,77360,2016,False,False,True
PNR,77360,2017,False,False,True
PNR,77360,2018,False,False,True
PNR,77360,2019,False,False,True
PNR,77360,2020,False,False,True
PNR,77360,2021,False,False,True
PNR,77360,2022,False,False,True
PNR,77360,2023,False,False,True
PNR,77360,2024,False,False,True
PNR,77360,2025,True,False,True
PNW,764622,2000,True,True,True
PNW,764622,2001,True,True,True
PNW,764622,2003,True,True,True
PNW,764622,2004,True,True,True
PNW,764622,2005,True,True,True
PNW,764622,2006,True,True,True
PNW,764622,2007,True,True,True
PNW,764622,2008,True,True,True
PNW,764622,2009,False,False,True
PNW,764622,2010,False,False,True
PNW,764622,2011,False,False,True
PNW,764622,2012,False,False,True
PNW,764622,2013,False,False,True
PNW,764622,2014,False,False,True
PNW,764622,2015,False,False,True
PNW,764622,2016,False,False,True
PNW,764622,2017,False,False,True
PNW,764622,2018,False,False,True
PNW,764622,2019,False,False,True
PNW,764622,2020,False,False,True
PNW,764622,2021,False,False,True
PNW,764622,2022,False,False,True
PNW,764622,2023,False,False,True
PNW,764622,2024,False,False,True
PNW,764622,2025,True,False,True
PODD,1145197,2009,True,True,True
PODD,1145197,2010,True,True,True
PODD,1145197,2011,False,False,True
PODD,1145197,2012,False,False,True
PODD,1145197,2013,False,False,True
PODD,1145197,2014,False,False,True
PODD,1145197,2015,False,False,True
PODD,1145197,2016,False,False,True
PODD,1145197,2017,False,False,True
PODD,1145197,2018,False,False,True
PODD,1145197,2019,False,False,True
PODD,1145197,2020,False,False,True
PODD,1145197,2021,False,False,True
PODD,1145197,2022,False,False,True
PODD,1145197,2023,False,False,True
PODD,1145197,2024,False,False,True
PODD,1145197,2025,True,False,True
POM,1135971,2009,True,False,True
POM,1135971,2010,True,False,True
POM,1135971,2011,True,True,True
POM,1135971,2012,True,False,True
POM,1135971,2013,True,False,True
POM,1135971,2014,True,False,True
POM,1135971,2015,True,False,True
POOL,945841,2008,True,True,True
POOL,945841,2009,False,False,True
POOL,945841,2010,False,False,True
POOL,945841,2011,False,False,True
POOL,945841,2012,False,False,True
POOL,945841,2013,False,False,True
POOL,945841,2014,False,False,True
POOL,945841,2015,False,False,True
POOL,945841,2016,False,False,True
POOL,945841,2017,False,False,True
POOL,945841,2018,False,False,True
POOL,945841,2019,False,False,True
POOL,945841,2020,False,False,True
POOL,945841,2021,False,False,True
POOL,945841,2022,False,False,True
POOL,945841,2023,False,False,True
POOL,945841,2024,False,False,True
POOL,945841,2025,True,False,True
PPG,79879,2001,True,True,True
PPG,79879,2002,True,True,True
PPG,79879,2004,True,True,True
PPG,79879,2006,True,True,True
PPG,79879,2007,True,True,True
PPG,79879,2008,True,True,True
PPG,79879,2009,False,False,True
PPG,79879,2010,False,False,True
PPG,79879,2011,False,False,True
PPG,79879,2012,False,False,True
PPG,79879,2013,False,False,True
PPG,79879,2014,False,False,True
PPG,79879,2015,False,False,True
PPG,79879,2016,False,False,True
PPG,79879,2017,False,False,True
PPG,79879,2018,False,False,True
PPG,79879,2019,False,False,True
PPG,79879,2020,False,False,True
PPG,79879,2021,False,False,True
PPG,79879,2022,False,False,True
PPG,79879,2023,False,False,True
PPG,79879,2024,False,False,True
PPG,79879,2025,True,False,True
PPL,922224,2002,True,True,True
PPL,922224,2003,True,True,True
PPL,922224,2004,True,True,True
PPL,922224,2006,True,True,True
PPL,922224,2007,True,True,True
PPL,922224,2008,True,True,True
PPL,922224,2009,False,False,True
PPL,922224,2010,False,False,True
PPL,922224,2011,False,False,True
PPL,922224,2012,False,False,True
PPL,922224,2013,False,False,True
PPL,922224,2014,False,False,True
PPL,922224,2015,False,False,True
PPL,922224,2016,False,False,True
PPL,922224,2017,False,False,True
PPL,922224,2018,False,False,True
PPL,922224,2019,False,False,True
PPL,922224,2020,False,False,True
PPL,922224,2021,False,False,True
PPL,922224,2022,False,False,True
PPL,922224,2023,False,False,True
PPL,922224,2024,False,False,True
PPL,922224,2025,True,False,True
PRD,79326,2000,True,True,True
PRGO,1585364,2012,False,False,True
PRGO,1585364,2013,False,False,True
PRGO,1585364,2014,False,False,True
PRGO,1585364,2015,False,False,True
PRGO,1585364,2016,False,False,True
PRGO,1585364,2017,False,False,True
PRGO,1585364,2018,False,False,True
PRGO,1585364,2019,False,False,True
PRGO,1585364,2020,False,False,True
PRGO,1585364,2021,False,False,True
PRGO,1585364,2022,False,False,True
PRGO,1585364,2023,False,False,True
PRGO,1585364,2024,False,False,True
PRGO,1585364,2025,True,False,True
PRU,1137774,2001,True,True,True
PRU,1137774,2002,True,True,True
PRU,1137774,2003,True,True,True
PRU,1137774,2004,True,True,True
PRU,1137774,2005,True,True,True
PRU,1137774,2006,True,True,True
PRU,1137774,2007,True,True,True
PRU,1137774,2008,True,True,True
PRU,1137774,2009,True,False,True
PRU,1137774,2010,False,False,True
PRU,1137774,2011,True,True,True
PRU,1137774,2012,True,True,True
PRU,1137774,2013,False,False,True
PRU,1137774,2014,False,False,True
PRU,1137774,2015,False,False,True
PRU,1137774,2016,False,False,True
PRU,1137774,2017,False,False,True
PRU,1137774,2018,False,False,True
PRU,1137774,2019,False,False,True
PRU,1137774,2020,False,False,True
PRU,1137774,2021,False,False,True
PRU,1137774,2022,False,False,True
PRU,1137774,2023,False,False,True
PRU,1137774,2024,False,False,True
PRU,1137774,2025,True,False,True
PSA,1393311,2007,True,True,True
PSA,1393311,2008,True,True,True
PSA,1393311,2009,False,False,True
PSA,1393311,2010,False,False,True
PSA,1393311,2011,False,False,True
PSA,1393311,2012,False,False,True
PSA,1393311,2013,False,False,True
PSA,1393311,2014,False,False,True
PSA,1393311,2015,False,False,True
PSA,1393311,2016,False,False,True
PSA,1393311,2017,False,False,True
PSA,1393311,2018,False,False,True
PSA,1393311,2019,False,False,True
PSA,1393311,2020,False,False,True
PSA,1393311,2021,False,False,True
PSA,1393311,2022,False,False,True
PSA,1393311,2023,False,False,True
PSA,1393311,2024,False,False,True
PSA,1393311,2025,True,False,True
PSFT,875570,2001,True,True,True
PSFT,875570,2002,True,True,True
PSFT,875570,2003,True,True,True
PSKY,2041610,2023,False,False,True
PSKY,2041610,2024,False,False,True
PSKY,2041610,2025,True,False,True
PSX,1534701,2010,True,True,True
PSX,1534701,2011,True,True,True
PSX,1534701,2012,False,False,True
PSX,1534701,2013,False,False,True
PSX,1534701,2014,False,False,True
PSX,1534701,2015,False,False,True
PSX,1534701,2016,False,False,True
PSX,1534701,2017,False,False,True
PSX,1534701,2018,False,False,True
PSX,1534701,2019,False,False,True
PSX,1534701,2020,False,False,True
PSX,1534701,2021,False,False,True
PSX,1534701,2022,False,False,True
PSX,1534701,2023,False,False,True
PSX,1534701,2024,False,False,True
PSX,1534701,2025,True,False,True
PTC,857005,2001,True,True,True
PTC,857005,2002,True,True,True
PTC,857005,2003,True,True,True
PTC,857005,2004,True,True,True
PTC,857005,2005,True,True,True
PTC,857005,2006,True,True,True
PTC,857005,2007,True,True,True
PTC,857005,2008,True,True,True
PTC,857005,2009,False,False,True
PTC,857005,2010,False,False,True
PTC,857005,2011,False,False,True
PTC,857005,2012,False,False,True
PTC,857005,2013,False,False,True
PTC,857005,2014,False,False,True
PTC,857005,2015,False,False,True
PTC,857005,2016,False,False,True
PTC,857005,2017,False,False,True
PTC,857005,2018,False,False,True
PTC,857005,2019,False,False,True
PTC,857005,2020,False,False,True
PTC,857005,2021,False,False,True
PTC,857005,2022,False,False,True
PTC,857005,2023,False,False,True
PTC,857005,2024,False,False,True
PTC,857005,2025,True,False,True
PTV,1089976,2001,True,True,True
PTV,1089976,2007,True,True,True
PTV,1089976,2008,True,True,True
PVH,78239,2009,True,True,True
PVH,78239,2010,False,False,True
PVH,78239,2011,False,False,True
PVH,78239,2012,False,False,True
PVH,78239,2013,False,False,True
PVH,78239,2014,False,False,True
PVH,78239,2015,False,False,True
PVH,78239,2016,False,False,True
PVH,78239,2017,False,False,True
PVH,78239,2018,False,False,True
PVH,78239,2019,False,False,True
PVH,78239,2020,False,False,True
PVH,78239,2021,False,False,True
PVH,78239,2022,False,False,True
PVH,78239,2023,False,False,True
PVH,78239,2024,False,False,True
PVH,78239,2025,True,False,True
PVH,78239,2026,True,False,True
PVN,1035713,2001,True,True,True
PVN,1035713,2002,True,True,True
PVN,1035713,2003,True,True,True
PVN,1035713,2004,True,True,True
PWER,1042825,2005,True,True,True
PWER,1042825,2006,True,True,True
PWR,1050915,2007,True,True,True
PWR,1050915,2008,True,True,True
PWR,1050915,2009,False,False,True
PWR,1050915,2010,False,False,True
PWR,1050915,2011,False,False,True
PWR,1050915,2012,False,False,True
PWR,1050915,2013,False,False,True
PWR,1050915,2014,False,False,True
PWR,1050915,2015,False,False,True
PWR,1050915,2016,False,False,True
PWR,1050915,2017,False,False,True
PWR,1050915,2018,False,False,True
PWR,1050915,2019,False,False,True
PWR,1050915,2020,False,False,True
PWR,1050915,2021,False,False,True
PWR,1050915,2022,False,False,True
PWR,1050915,2023,False,False,True
PWR,1050915,2024,False,False,True
PWR,1050915,2025,True,False,True
PX,884905,2000,True,True,True
PX,884905,2001,True,True,True
PX,884905,2003,True,True,True
PX,884905,2004,True,True,True
PX,884905,2005,True,True,True
PX,884905,2006,True,True,True
PX,884905,2007,True,True,True
PX,884905,2008,True,True,True
PX,884905,2009,True,False,True
PX,884905,2010,True,False,True
PX,884905,2011,True,False,True
PX,884905,2012,True,False,True
PX,884905,2013,True,False,True
PX,884905,2014,True,False,True
PX,884905,2015,True,False,True
PX,884905,2016,True,False,True
PX,884905,2017,True,False,True
PXD,1038357,2005,True,True,True
PXD,1038357,2007,True,True,True
PXD,1038357,2008,True,True,True
PXD,1038357,2009,True,False,True
PXD,1038357,2010,True,False,True
PXD,1038357,2011,True,False,True
PXD,1038357,2012,True,False,True
PXD,1038357,2013,True,False,True
PXD,1038357,2014,True,False,True
PXD,1038357,2015,True,False,True
PXD,1038357,2016,True,False,True
PXD,1038357,2017,True,False,True
PXD,1038357,2018,True,False,True
PXD,1038357,2019,True,False,True
PXD,1038357,2020,True,False,True
PXD,1038357,2021,True,False,True
PXD,1038357,2022,True,False,True
PXD,1038357,2023,True,False,True
PYPL,1633917,2013,True,True,True
PYPL,1633917,2014,True,True,True
PYPL,1633917,2015,False,False,True
PYPL,1633917,2016,False,False,True
PYPL,1633917,2017,False,False,True
PYPL,1633917,2018,False,False,True
PYPL,1633917,2019,False,False,True
PYPL,1633917,2020,False,False,True
PYPL,1633917,2021,False,False,True
PYPL,1633917,2022,False,False,True
PYPL,1633917,2023,False,False,True
PYPL,1633917,2024,False,False,True
PYPL,1633917,2025,True,False,True
Q,2058873,2023,True,True,True
Q,2058873,2024,True,True,True
Q,2058873,2025,True,False,True
QCOM,804328,2000,True,True,True
QCOM,804328,2002,True,True,True
QCOM,804328,2003,True,True,True
QCOM,804328,2004,True,True,True
QCOM,804328,2005,True,True,True
QCOM,804328,2006,True,True,True
QCOM,804328,2007,True,True,True
QCOM,804328,2008,True,True,True
QCOM,804328,2009,False,False,True
QCOM,804328,2010,False,False,True
QCOM,804328,2011,False,False,True
QCOM,804328,2012,False,False,True
QCOM,804328,2013,False,False,True
QCOM,804328,2014,False,False,True
QCOM,804328,2015,False,False,True
QCOM,804328,2016,False,False,True
QCOM,804328,2017,False,False,True
QCOM,804328,2018,False,False,True
QCOM,804328,2019,False,False,True
QCOM,804328,2020,False,False,True
QCOM,804328,2021,False,False,True
QCOM,804328,2022,False,False,True
QCOM,804328,2023,False,False,True
QCOM,804328,2024,False,False,True
QCOM,804328,2025,True,False,True
QEP,1108827,2010,True,True,True
QEP,1108827,2011,True,False,True
QEP,1108827,2012,True,False,True
QEP,1108827,2013,True,False,True
QEP,1108827,2014,True,False,True
QEP,1108827,2015,True,False,True
QLGC,918386,2000,True,True,True
QLGC,918386,2001,True,True,True
QLGC,918386,2002,True,True,True
QLGC,918386,2003,True,True,True
QLGC,918386,2004,True,True,True
QLGC,918386,2005,True,True,True
QLGC,918386,2006,True,True,True
QLGC,918386,2007,True,True,True
QLGC,918386,2008,True,True,True
QLGC,918386,2009,True,True,True
QLGC,918386,2010,True,False,True
QLGC,918386,2011,True,False,True
QRVO,1604778,2013,True,True,True
QRVO,1604778,2014,True,True,True
QRVO,1604778,2015,False,False,True
QRVO,1604778,2016,False,False,True
QRVO,1604778,2017,False,False,True
QRVO,1604778,2018,False,False,True
QRVO,1604778,2019,False,False,True
QRVO,1604778,2020,False,False,True
QRVO,1604778,2021,False,False,True
QRVO,1604778,2022,False,False,True
QRVO,1604778,2023,False,False,True
QRVO,1604778,2024,False,False,True
QRVO,1604778,2025,True,False,True
QRVO,1604778,2026,True,False,True
QTRN,919623,2000,True,True,True
QTRN,919623,2001,True,True,True
QTRN,919623,2002,True,True,True
QTRN,919623,2003,True,True,True
QTRN,919623,2004,True,True,True
R,85961,2000,True,True,True
R,85961,2002,True,True,True
R,85961,2005,True,True,True
R,85961,2006,True,True,True
R,85961,2007,True,True,True
R,85961,2008,True,True,True
R,85961,2009,False,False,True
R,85961,2010,False,False,True
R,85961,2011,False,False,True
R,85961,2012,False,False,True
R,85961,2013,False,False,True
R,85961,2014,False,False,True
R,85961,2015,False,False,True
R,85961,2016,False,False,True
R,85961,2017,False,False,True
R,85961,2018,False,False,True
R,85961,2019,False,False,True
R,85961,2020,False,False,True
R,85961,2021,False,False,True
R,85961,2022,False,False,True
R,85961,2023,False,False,True
R,85961,2024,False,False,True
R,85961,2025,True,False,True
RAD,84129,2000,True,True,True
RAD,84129,2003,True,True,True
RAD,84129,2004,True,True,True
RAD,84129,2005,True,True,True
RAD,84129,2006,True,True,True
RAD,84129,2007,True,True,True
RAD,84129,2008,True,True,True
RAI,83612,2001,True,True,True
RAI,83612,2002,True,True,True
RAI,83612,2003,True,True,True
RAI,1275283,2004,True,True,True
RAI,1275283,2005,True,True,True
RAI,1275283,2006,True,True,True
RAI,1275283,2009,True,False,True
RAI,1275283,2010,True,False,True
RAI,1275283,2011,True,False,True
RAI,1275283,2012,True,False,True
RAI,1275283,2013,True,False,True
RAI,1275283,2014,True,False,True
RAI,1275283,2015,True,False,True
RAI,1275283,2016,True,False,True
RAI_B,1275283,2004,True,True,True
RAI_B,1275283,2005,True,True,True
RAI_B,1275283,2006,True,True,True
RAI_B,1275283,2007,True,True,True
RAI_B,1275283,2008,True,True,True
RAL,2041385,2023,True,True,True
RAL,2041385,2024,True,True,True
RAL,2041385,2025,True,False,True
RATL,722056,2002,True,True,True
RBK,770949,2000,True,True,True
RBK,770949,2002,True,True,True
RBK,770949,2003,True,True,True
RBK,770949,2004,True,True,True
RCL,884887,2008,True,True,True
RCL,884887,2009,False,False,True
RCL,884887,2010,False,False,True
RCL,884887,2011,False,False,True
RCL,884887,2012,False,False,True
RCL,884887,2013,False,False,True
RCL,884887,2014,False,False,True
RCL,884887,2015,False,False,True
RCL,884887,2016,False,False,True
RCL,884887,2017,False,False,True
RCL,884887,2018,False,False,True
RCL,884887,2019,False,False,True
RCL,884887,2020,False,False,True
RCL,884887,2021,False,False,True
RCL,884887,2022,False,False,True
RCL,884887,2023,False,False,True
RCL,884887,2024,False,False,True
RCL,884887,2025,True,False,True
RDC,85408,2001,True,True,True
RDC,85408,2004,True,True,True
RDC,85408,2005,True,True,True
RDC,85408,2006,True,True,True
RDC,85408,2007,True,True,True
RDC,85408,2008,True,True,True
RDC,85408,2009,True,False,True
RDC,85408,2010,True,False,True
RDC,85408,2011,True,False,True
RDC,85408,2012,True,False,True
RDC,85408,2013,True,False,True
RDC,85408,2014,True,False,True
REG,910606,2014,False,False,True
REG,910606,2015,False,False,True
REG,910606,2016,False,False,True
REG,910606,2017,False,False,True
REG,910606,2018,False,False,True
REG,910606,2019,False,False,True
REG,910606,2020,False,False,True
REG,910606,2021,False,False,True
REG,910606,2022,False,False,True
REG,910606,2023,False,False,True
REG,910606,2024,False,False,True
REG,910606,2025,True,False,True
REGN,872589,2008,True,True,True
REGN,872589,2009,False,False,True
REGN,872589,2010,False,False,True
REGN,872589,2011,False,False,True
REGN,872589,2012,False,False,True
REGN,872589,2013,False,False,True
REGN,872589,2014,False,False,True
REGN,872589,2015,False,False,True
REGN,872589,2016,False,False,True
REGN,872589,2017,False,False,True
REGN,872589,2018,False,False,True
REGN,872589,2019,False,False,True
REGN,872589,2020,False,False,True
REGN,872589,2021,False,False,True
REGN,872589,2022,False,False,True
REGN,872589,2023,False,False,True
REGN,872589,2024,False,False,True
REGN,872589,2025,True,True,True
RF,1281761,2007,True,True,True
RF,1281761,2008,True,True,True
RF,1281761,2009,False,False,True
RF,1281761,2010,False,False,True
RF,1281761,2011,False,False,True
RF,1281761,2012,False,False,True
RF,1281761,2013,False,False,True
RF,1281761,2014,False,False,True
RF,1281761,2015,False,False,True
RF,1281761,2016,False,False,True
RF,1281761,2017,False,False,True
RF,1281761,2018,False,False,True
RF,1281761,2019,False,False,True
RF,1281761,2020,False,False,True
RF,1281761,2021,False,False,True
RF,1281761,2022,False,False,True
RF,1281761,2023,False,False,True
RF,1281761,2024,False,False,True
RF,1281761,2025,True,False,True
RHI,315213,2001,True,True,True
RHI,315213,2002,True,True,True
RHI,315213,2003,True,True,True
RHI,315213,2004,True,True,True
RHI,315213,2005,True,True,True
RHI,315213,2006,True,True,True
RHI,315213,2007,True,True,True
RHI,315213,2008,True,True,True
RHI,315213,2009,False,False,True
RHI,315213,2010,False,False,True
RHI,315213,2011,False,False,True
RHI,315213,2012,False,False,True
RHI,315213,2013,False,False,True
RHI,315213,2014,False,False,True
RHI,315213,2015,False,False,True
RHI,315213,2016,False,False,True
RHI,315213,2017,False,False,True
RHI,315213,2018,False,False,True
RHI,315213,2019,False,False,True
RHI,315213,2020,False,False,True
RHI,315213,2021,False,False,True
RHI,315213,2022,False,False,True
RHI,315213,2023,False,False,True
RHI,315213,2024,False,False,True
RHI,315213,2025,True,False,True
RHT,1087423,2009,True,True,True
RHT,1087423,2010,True,False,True
RHT,1087423,2011,True,False,True
RHT,1087423,2012,True,False,True
RHT,1087423,2013,True,False,True
RHT,1087423,2014,True,True,True
RHT,1087423,2015,True,False,True
RHT,1087423,2016,True,False,True
RHT,1087423,2017,True,False,True
RHT,1087423,2018,True,False,True
RHT,1087423,2019,True,False,True
RIG,1451505,2007,True,True,True
RIG,1451505,2008,True,True,True
RIG,1451505,2009,False,False,True
RIG,1451505,2010,False,False,True
RIG,1451505,2011,False,False,True
RIG,1451505,2012,False,False,True
RIG,1451505,2013,False,False,True
RIG,1451505,2014,False,False,True
RIG,1451505,2025,True,False,False
RJF,720005,2008,True,True,True
RJF,720005,2009,False,False,True
RJF,720005,2010,False,False,True
RJF,720005,2011,False,False,True
RJF,720005,2012,False,False,True
RJF,720005,2013,False,False,True
RJF,720005,2014,False,False,True
RJF,720005,2015,False,False,True
RJF,720005,2016,False,False,True
RJF,720005,2017,False,False,True
RJF,720005,2018,False,False,True
RJF,720005,2019,False,False,True
RJF,720005,2020,False,False,True
RJF,720005,2021,False,False,True
RJF,720005,2022,False,False,True
RJF,720005,2023,False,False,True
RJF,720005,2024,False,False,True
RJF,720005,2025,True,False,True
RL,1037038,2001,True,True,True
RL,1037038,2004,True,True,True
RL,1037038,2005,True,True,True
RL,1037038,2006,True,True,True
RL,1037038,2007,True,True,True
RL,1037038,2008,True,True,True
RL,1037038,2009,False,False,True
RL,1037038,2010,False,False,True
RL,1037038,2011,False,False,True
RL,1037038,2012,False,False,True
RL,1037038,2013,False,False,True
RL,1037038,2014,False,False,True
RL,1037038,2015,False,False,True
RL,1037038,2016,False,False,True
RL,1037038,2017,False,False,True
RL,1037038,2018,False,False,True
RL,1037038,2019,False,False,True
RL,1037038,2020,False,False,True
RL,1037038,2021,False,False,True
RL,1037038,2022,False,False,True
RL,1037038,2023,False,False,True
RL,1037038,2024,False,False,True
RL,1037038,2025,True,True,True
RL,1037038,2026,True,True,True
RMD,943819,2009,False,False,True
RMD,943819,2010,False,False,True
RMD,943819,2011,False,False,True
RMD,943819,2012,False,False,True
RMD,943819,2013,False,False,True
RMD,943819,2014,False,False,True
RMD,943819,2015,False,False,True
RMD,943819,2016,False,False,True
RMD,943819,2017,False,False,True
RMD,943819,2018,False,False,True
RMD,943819,2019,False,False,True
RMD,943819,2020,False,False,True
RMD,943819,2021,False,False,True
RMD,943819,2022,False,False,True
RMD,943819,2023,False,False,True
RMD,943819,2024,False,False,True
RMD,943819,2025,True,False,True
RML,85812,2000,True,True,True
RML,85812,2004,True,True,True
ROH,84792,2000,True,True,True
ROH,84792,2001,True,True,True
ROH,84792,2002,True,True,True
ROH,84792,2003,True,True,True
ROH,84792,2004,True,True,True
ROH,84792,2005,True,True,True
ROH,84792,2006,True,True,True
ROH,84792,2007,True,True,True
ROH,84792,2008,True,True,True
ROK,1024478,2001,True,True,True
ROK,1024478,2002,True,True,True
ROK,1024478,2003,True,True,True
ROK,1024478,2004,True,True,True
ROK,1024478,2005,True,True,True
ROK,1024478,2006,True,True,True
ROK,1024478,2007,True,True,True
ROK,1024478,2008,True,True,True
ROK,1024478,2009,False,False,True
ROK,1024478,2010,False,False,True
ROK,1024478,2011,False,False,True
ROK,1024478,2012,False,False,True
ROK,1024478,2013,False,False,True
ROK,1024478,2014,False,False,True
ROK,1024478,2015,False,False,True
ROK,1024478,2016,False,False,True
ROK,1024478,2017,False,False,True
ROK,1024478,2018,False,False,True
ROK,1024478,2019,False,False,True
ROK,1024478,2020,False,False,True
ROK,1024478,2021,False,False,True
ROK,1024478,2022,False,False,True
ROK,1024478,2023,False,False,True
ROK,1024478,2024,False,False,True
ROK,1024478,2025,True,False,True
ROL,84839,2008,True,True,True
ROL,84839,2009,False,False,True
ROL,84839,2010,False,False,True
ROL,84839,2011,False,False,True
ROL,84839,2012,False,False,True
ROL,84839,2013,False,False,True
ROL,84839,2014,False,False,True
ROL,84839,2015,False,False,True
ROL,84839,2016,False,False,True
ROL,84839,2017,False,False,True
ROL,84839,2018,False,False,True
ROL,84839,2019,False,False,True
ROL,84839,2020,False,False,True
ROL,84839,2021,False,False,True
ROL,84839,2022,False,False,True
ROL,84839,2023,False,False,True
ROL,84839,2024,False,False,True
ROL,84839,2025,True,False,True
ROP,882835,2007,True,True,True
ROP,882835,2008,True,True,True
ROP,882835,2009,False,False,True
ROP,882835,2010,False,False,True
ROP,882835,2011,False,False,True
ROP,882835,2012,False,False,True
ROP,882835,2013,False,False,True
ROP,882835,2014,False,False,True
ROP,882835,2015,False,False,True
ROP,882835,2016,False,False,True
ROP,882835,2017,False,False,True
ROP,882835,2018,False,False,True
ROP,882835,2019,False,False,True
ROP,882835,2020,False,False,True
ROP,882835,2021,False,False,True
ROP,882835,2022,False,False,True
ROP,882835,2023,False,False,True
ROP,882835,2024,False,False,True
ROP,882835,2025,True,False,True
ROST,745732,2009,False,False,True
ROST,745732,2010,False,False,True
ROST,745732,2011,False,False,True
ROST,745732,2012,False,False,True
ROST,745732,2013,False,False,True
ROST,745732,2014,False,False,True
ROST,745732,2015,False,False,True
ROST,745732,2016,False,False,True
ROST,745732,2017,False,False,True
ROST,745732,2018,False,False,True
ROST,745732,2019,False,False,True
ROST,745732,2020,False,False,True
ROST,745732,2021,False,False,True
ROST,745732,2022,False,False,True
ROST,745732,2023,False,False,True
ROST,745732,2024,False,False,True
ROST,745732,2025,True,False,True
ROST,745732,2026,True,False,True
RRC,315852,2004,True,True,True
RRC,315852,2005,True,True,True
RRC,315852,2006,True,True,True
RRC,315852,2007,True,True,True
RRC,315852,2008,True,True,True
RRC,315852,2009,False,False,True
RRC,315852,2010,False,False,True
RRC,315852,2011,False,False,True
RRC,315852,2012,False,False,True
RRC,315852,2013,False,False,True
RRC,315852,2014,False,False,True
RRC,315852,2015,False,False,True
RRC,315852,2016,False,False,True
RRC,315852,2017,False,False,True
RRC,315852,2018,False,False,True
RRC,315852,2019,False,False,True
RRC,315852,2020,False,False,True
RRC,315852,2021,False,False,True
RRC,315852,2022,False,False,True
RRC,315852,2023,False,False,True
RRC,315852,2024,False,False,True
RRC,315852,2025,True,False,True
RRD,29669,2001,True,True,True
RRD,29669,2002,True,True,True
RRD,29669,2003,True,True,True
RRD,29669,2004,True,True,True
RRD,29669,2005,True,True,True
RRD,29669,2007,True,True,True
RRD,29669,2008,True,True,True
RRD,29669,2009,True,False,True
RRD,29669,2010,True,False,True
RRD,29669,2011,True,False,True
RRD,29669,2012,True,False,True
RSG,1060391,2001,True,True,True
RSG,1060391,2003,True,True,True
RSG,1060391,2004,True,True,True
RSG,1060391,2005,True,True,True
RSG,1060391,2006,True,True,True
RSG,1060391,2007,True,True,True
RSG,1060391,2008,True,True,True
RSG,1060391,2009,False,False,True
RSG,1060391,2010,False,False,True
RSG,1060391,2011,False,False,True
RSG,1060391,2012,False,False,True
RSG,1060391,2013,False,False,True
RSG,1060391,2014,False,False,True
RSG,1060391,2015,False,False,True
RSG,1060391,2016,False,False,True
RSG,1060391,2017,False,False,True
RSG,1060391,2018,False,False,True
RSG,1060391,2019,False,False,True
RSG,1060391,2020,False,False,True
RSG,1060391,2021,False,False,True
RSG,1060391,2022,False,False,True
RSG,1060391,2023,False,False,True
RSG,1060391,2024,False,False,True
RSG,1060391,2025,True,False,True
RSHCQ,96289,2000,True,True,True
RSHCQ,96289,2001,True,True,True
RSHCQ,96289,2005,True,True,True
RSHCQ,96289,2006,True,True,True
RSHCQ,96289,2007,True,True,True
RSHCQ,96289,2008,True,True,True
RSHCQ,96289,2009,True,True,True
RSHCQ,96289,2010,True,False,True
RSHCQ,96289,2011,True,False,True
RTN,1047122,2001,True,True,True
RTN,1047122,2002,True,True,True
RTN,1047122,2003,True,True,True
RTN,1047122,2004,True,True,True
RTN,1047122,2005,True,True,True
RTN,1047122,2006,True,True,True
RTN,1047122,2007,True,True,True
RTN,1047122,2008,True,True,True
RTN,1047122,2009,True,False,True
RTN,1047122,2010,True,False,True
RTN,1047122,2011,True,False,True
RTN,1047122,2012,True,False,True
RTN,1047122,2013,True,False,True
RTN,1047122,2014,True,False,True
RTN,1047122,2015,True,False,True
RTN,1047122,2016,True,False,True
RTN,1047122,2017,True,False,True
RTN,1047122,2018,True,False,True
RTN,1047122,2019,True,False,True
RTX,101829,2007,True,True,True
RTX,101829,2008,True,True,True
RTX,101829,2009,False,False,True
RTX,101829,2010,False,False,True
RTX,101829,2011,False,False,True
RTX,101829,2012,False,False,True
RTX,101829,2013,False,False,True
RTX,101829,2014,False,False,True
RTX,101829,2015,False,False,True
RTX,101829,2016,False,False,True
RTX,101829,2017,False,False,True
RTX,101829,2018,False,False,True
RTX,101829,2019,False,False,True
RTX,101829,2020,False,False,True
RTX,101829,2021,False,False,True
RTX,101829,2022,False,False,True
RTX,101829,2023,False,False,True
RTX,101829,2024,False,False,True
RTX,101829,2025,True,False,True
RVTY,31791,2008,True,True,True
RVTY,31791,2010,False,False,True
RVTY,31791,2011,False,False,True
RVTY,31791,2012,False,False,True
RVTY,31791,2013,False,False,True
RVTY,31791,2014,False,False,True
RVTY,31791,2016,False,False,True
RVTY,31791,2017,False,False,True
RVTY,31791,2018,False,False,True
RVTY,31791,2019,False,False,True
RVTY,31791,2021,False,False,True
RVTY,31791,2022,False,False,True
RVTY,31791,2023,False,False,True
RVTY,31791,2024,False,False,True
RVTY,31791,2025,True,False,True
RX,1058083,2001,True,True,True
RX,1058083,2002,True,True,True
RX,1058083,2003,True,True,True
RX,1058083,2004,True,True,True
RX,1058083,2005,True,True,True
RX,1058083,2006,True,True,True
RX,1058083,2007,True,True,True
RX,1058083,2008,True,True,True
RYAN,1849253,2019,True,True,True
RYAN,1849253,2020,True,True,True
RYAN,1849253,2021,False,False,True
RYAN,1849253,2022,False,False,True
RYAN,1849253,2023,False,False,True
RYAN,1849253,2024,False,False,True
RYAN,1849253,2025,True,True,True
S,1583708,2020,True,True,True
S,1583708,2021,True,True,True
S,1583708,2022,False,False,True
S,1583708,2023,False,False,True
S,1583708,2024,False,False,True
S,1583708,2025,True,True,True
S,1583708,2026,True,True,True
SAF,86104,2000,True,True,True
SAF,86104,2002,True,True,True
SAF,86104,2003,True,True,True
SAF,86104,2004,True,True,True
SAF,86104,2005,True,True,True
SAF,86104,2007,True,True,True
SANM,897723,2001,True,True,True
SANM,897723,2002,True,True,True
SANM,897723,2003,True,True,True
SANM,897723,2004,True,True,True
SANM,897723,2005,True,True,True
SANM,897723,2006,True,True,True
SANM,897723,2007,True,True,True
SANM,897723,2008,True,True,True
SANM,897723,2009,False,False,True
SANM,897723,2010,False,False,True
SANM,897723,2011,False,False,True
SANM,897723,2012,False,False,True
SANM,897723,2013,False,False,True
SANM,897723,2014,False,False,True
SANM,897723,2015,False,False,True
SANM,897723,2016,False,False,True
SANM,897723,2017,False,False,True
SANM,897723,2018,False,False,True
SANM,897723,2019,False,False,True
SANM,897723,2020,False,False,True
SANM,897723,2021,False,False,True
SANM,897723,2022,False,False,True
SANM,897723,2023,False,False,True
SANM,897723,2024,False,False,True
SANM,897723,2025,True,False,True
SAPE,1008817,2000,True,True,True
SAPE,1008817,2001,True,True,True
SAPE,1008817,2002,True,True,True
SAPE,1008817,2003,True,True,True
SAPE,1008817,2004,True,True,True
SAPE,1008817,2005,True,True,True
SAPE,1008817,2006,True,True,True
SAPE,1008817,2007,True,True,True
SAPE,1008817,2008,True,True,True
SATS,1415404,2008,True,True,True
SATS,1415404,2009,True,True,True
SATS,1415404,2010,True,True,True
SATS,1415404,2011,True,True,True
SATS,1415404,2012,True,True,True
SATS,1415404,2013,True,True,True
SATS,1415404,2014,True,True,True
SATS,1415404,2015,True,True,True
SATS,1415404,2016,True,True,True
SATS,1415404,2017,True,True,True
SATS,1415404,2018,True,True,True
SATS,1415404,2019,True,True,True
SATS,1415404,2020,True,True,True
SATS,1415404,2021,True,True,True
SATS,1415404,2022,True,True,True
SATS,1415404,2023,True,True,True
SATS,1415404,2024,True,True,True
SATS,1415404,2025,True,True,True
SBAC,1034054,2008,True,True,True
SBAC,1034054,2009,False,False,True
SBAC,1034054,2010,False,False,True
SBAC,1034054,2011,False,False,True
SBAC,1034054,2012,False,False,True
SBAC,1034054,2013,False,False,True
SBAC,1034054,2014,False,False,True
SBAC,1034054,2015,False,False,True
SBAC,1034054,2016,False,False,True
SBAC,1034054,2017,False,False,True
SBAC,1034054,2018,False,False,True
SBAC,1034054,2019,False,False,True
SBAC,1034054,2020,False,False,True
SBAC,1034054,2021,False,False,True
SBAC,1034054,2022,False,False,True
SBAC,1034054,2023,False,False,True
SBAC,1034054,2024,False,False,True
SBAC,1034054,2025,True,False,True
SBL,278352,2000,True,True,True
SBL,278352,2004,True,True,True
SBL,278352,2005,True,True,True
SBUX,829224,2000,True,True,True
SBUX,829224,2001,True,True,True
SBUX,829224,2005,True,True,True
SBUX,829224,2006,True,True,True
SBUX,829224,2007,True,True,True
SBUX,829224,2008,True,True,True
SBUX,829224,2009,False,False,True
SBUX,829224,2010,False,False,True
SBUX,829224,2011,False,False,True
SBUX,829224,2012,False,False,True
SBUX,829224,2013,False,False,True
SBUX,829224,2014,False,False,True
SBUX,829224,2015,False,False,True
SBUX,829224,2016,False,False,True
SBUX,829224,2017,False,False,True
SBUX,829224,2018,False,False,True
SBUX,829224,2019,False,False,True
SBUX,829224,2020,False,False,True
SBUX,829224,2021,False,False,True
SBUX,829224,2022,False,False,True
SBUX,829224,2023,False,False,True
SBUX,829224,2024,False,False,True
SBUX,829224,2025,True,False,True
SCG,754737,2009,True,True,True
SCG,754737,2010,True,False,True
SCG,754737,2011,True,False,True
SCG,754737,2012,True,False,True
SCG,754737,2013,True,False,True
SCG,754737,2014,True,False,True
SCG,754737,2015,True,False,True
SCG,754737,2016,True,False,True
SCG,754737,2017,True,False,True
SCG,754737,2018,True,False,True
SCHW,316709,2000,True,True,True
SCHW,316709,2001,True,True,True
SCHW,316709,2005,True,True,True
SCHW,316709,2006,True,True,True
SCHW,316709,2007,True,True,True
SCHW,316709,2008,True,True,True
SCHW,316709,2009,False,False,True
SCHW,316709,2010,False,False,True
SCHW,316709,2011,False,False,True
SCHW,316709,2012,False,False,True
SCHW,316709,2013,False,False,True
SCHW,316709,2014,False,False,True
SCHW,316709,2015,False,False,True
SCHW,316709,2016,False,False,True
SCHW,316709,2017,False,False,True
SCHW,316709,2018,False,False,True
SCHW,316709,2019,False,False,True
SCHW,316709,2020,False,False,True
SCHW,316709,2021,False,False,True
SCHW,316709,2022,False,False,True
SCHW,316709,2023,False,False,True
SCHW,316709,2024,False,False,True
SCHW,316709,2025,True,False,True
SCI,89089,2000,True,True,True
SCI,89089,2001,True,True,True
SCI,89089,2004,True,True,True
SCI,89089,2005,True,True,True
SCI,89089,2006,True,True,True
SCI,89089,2007,True,True,True
SCI,89089,2008,True,True,True
SCI,89089,2009,False,False,True
SCI,89089,2010,False,False,True
SCI,89089,2011,False,False,True
SCI,89089,2012,False,False,True
SCI,89089,2013,False,False,True
SCI,89089,2014,False,False,True
SCI,89089,2015,False,False,True
SCI,89089,2016,False,False,True
SCI,89089,2017,False,False,True
SCI,89089,2018,False,False,True
SCI,89089,2019,False,False,True
SCI,89089,2020,False,False,True
SCI,89089,2021,False,False,True
SCI,89089,2022,False,False,True
SCI,89089,2023,False,False,True
SCI,89089,2024,False,False,True
SCI,89089,2025,True,False,True
SDS,789388,2001,True,True,True
SDS,789388,2002,True,True,True
SDS,789388,2003,True,True,True
SDS,789388,2004,True,True,True
SDS,789388,2005,True,True,True
SDS,789388,2006,True,True,True
SDS,789388,2007,True,True,True
SDS,789388,2008,True,True,True
SE,1373835,2009,True,False,True
SE,1373835,2010,True,False,True
SE,1373835,2011,True,False,True
SE,1373835,2012,True,False,True
SE,1373835,2013,True,False,True
SE,1373835,2014,True,False,True
SE,1373835,2015,True,False,True
SE,1373835,2016,True,False,True
SEDG,1419612,2013,True,True,True
SEDG,1419612,2014,True,True,True
SEDG,1419612,2015,False,False,True
SEDG,1419612,2016,False,False,True
SEDG,1419612,2017,False,False,True
SEDG,1419612,2018,False,False,True
SEDG,1419612,2019,False,False,True
SEDG,1419612,2020,False,False,True
SEDG,1419612,2021,False,False,True
SEDG,1419612,2022,False,False,True
SEDG,1419612,2023,False,False,True
SEDG,1419612,2024,False,False,True
SEDG,1419612,2025,True,False,True
SEE,1012100,2001,True,True,True
SEE,1012100,2006,True,True,True
SEE,1012100,2007,True,True,True
SEE,1012100,2008,True,True,True
SEE,1012100,2009,True,True,True
SEE,1012100,2010,True,False,True
SEE,1012100,2011,True,False,True
SEE,1012100,2012,True,False,True
SEE,1012100,2013,True,False,True
SEE,1012100,2014,True,False,True
SEE,1012100,2015,True,False,True
SEE,1012100,2016,True,False,True
SEE,1012100,2017,True,False,True
SEE,1012100,2018,True,False,True
SEE,1012100,2019,True,False,True
SEE,1012100,2020,True,False,True
SEE,1012100,2021,True,False,True
SEE,1012100,2022,True,False,True
SEE,1012100,2023,True,False,True
SEG,2009684,2022,True,True,True
SEG,2009684,2023,True,True,True
SEG,2009684,2024,False,False,True
SEG,2009684,2025,True,False,True
SFA,87777,2000,True,True,True
SFA,87777,2002,True,True,True
SFA,87777,2003,True,True,True
SFA,87777,2004,True,True,True
SFA,87777,2005,True,True,True
SGID,802301,2000,True,True,True
SGID,802301,2002,True,True,True
SGID,802301,2003,True,True,True
SGID,802301,2004,True,True,True
SGID,802301,2005,True,True,True
SGID,802301,2006,True,True,True
SGID,802301,2007,True,True,True
SGID,802301,2008,True,True,True
SGP,1778922,2024,True,True,True
SGP,1778922,2025,True,False,True
SHLD,1310067,2006,True,True,True
SHLD,1310067,2007,True,True,True
SHLD,1310067,2008,True,True,True
SHLD,1310067,2009,True,True,True
SHLD,1310067,2010,True,False,True
SHLD,1310067,2011,True,False,True
SHLD,1310067,2012,True,False,True
SHW,89800,2000,True,True,True
SHW,89800,2001,True,True,True
SHW,89800,2003,True,True,True
SHW,89800,2004,True,True,True
SHW,89800,2005,True,True,True
SHW,89800,2006,True,True,True
SHW,89800,2007,True,True,True
SHW,89800,2008,True,True,True
SHW,89800,2009,False,False,True
SHW,89800,2010,False,False,True
SHW,89800,2011,False,False,True
SHW,89800,2012,False,False,True
SHW,89800,2013,False,False,True
SHW,89800,2014,False,False,True
SHW,89800,2015,False,False,True
SHW,89800,2016,False,False,True
SHW,89800,2017,False,False,True
SHW,89800,2018,False,False,True
SHW,89800,2019,False,False,True
SHW,89800,2020,False,False,True
SHW,89800,2021,False,False,True
SHW,89800,2022,False,False,True
SHW,89800,2023,False,False,True
SHW,89800,2024,False,False,True
SHW,89800,2025,True,False,True
SIAL,90185,2000,True,True,True
SIAL,90185,2001,True,True,True
SIAL,90185,2003,True,True,True
SIAL,90185,2004,True,True,True
SIAL,90185,2005,True,True,True
SIAL,90185,2007,True,True,True
SIAL,90185,2008,True,True,True
SIAL,90185,2009,True,False,True
SIAL,90185,2010,True,False,True
SIAL,90185,2011,True,False,True
SIAL,90185,2012,True,False,True
SIAL,90185,2013,True,False,True
SIAL,90185,2014,True,False,True
SIG,832988,2009,True,True,True
SIG,832988,2010,False,False,True
SIG,832988,2011,False,False,True
SIG,832988,2012,False,False,True
SIG,832988,2013,False,False,True
SIG,832988,2014,False,False,True
SIG,832988,2015,False,False,True
SIG,832988,2016,False,False,True
SIG,832988,2017,False,False,True
SIG,832988,2018,False,False,True
SIG,832988,2019,False,False,True
SIG,832988,2020,False,False,True
SIG,832988,2021,False,False,True
SIG,832988,2022,False,False,True
SIG,832988,2023,False,False,True
SIG,832988,2024,False,False,True
SIG,832988,2025,True,False,True
SIG,832988,2026,True,False,True
SII,721083,2009,True,False,True
SIVB,719739,2018,True,False,True
SIVB,719739,2019,True,False,True
SIVB,719739,2020,True,False,True
SIVB,719739,2021,True,False,True
SIVB,719739,2022,True,False,True
SJM,91419,2006,True,True,True
SJM,91419,2007,True,True,True
SJM,91419,2008,True,True,True
SJM,91419,2009,False,False,True
SJM,91419,2010,False,False,True
SJM,91419,2011,False,False,True
SJM,91419,2012,False,False,True
SJM,91419,2013,False,False,True
SJM,91419,2014,False,False,True
SJM,91419,2015,False,False,True
SJM,91419,2016,False,False,True
SJM,91419,2017,False,False,True
SJM,91419,2018,False,False,True
SJM,91419,2019,False,False,True
SJM,91419,2020,False,False,True
SJM,91419,2021,False,False,True
SJM,91419,2022,False,False,True
SJM,91419,2023,False,False,True
SJM,91419,2024,False,False,True
SJM,91419,2025,True,False,True
SJM,91419,2026,True,False,True
SLB,87347,2001,True,True,True
SLB,87347,2002,True,True,True
SLB,87347,2003,True,True,True
SLB,87347,2004,True,True,True
SLB,87347,2005,True,True,True
SLB,87347,2006,True,True,True
SLB,87347,2007,True,True,True
SLB,87347,2008,True,True,True
SLB,87347,2009,False,False,True
SLB,87347,2010,False,False,True
SLB,87347,2011,False,False,True
SLB,87347,2012,False,False,True
SLB,87347,2013,False,False,True
SLB,87347,2014,False,False,True
SLB,87347,2015,False,False,True
SLB,87347,2016,False,False,True
SLB,87347,2017,False,False,True
SLB,87347,2018,False,False,True
SLB,87347,2019,False,False,True
SLB,87347,2020,False,False,True
SLB,87347,2021,False,False,True
SLB,87347,2022,False,False,True
SLB,87347,2023,False,False,True
SLB,87347,2024,False,False,True
SLB,87347,2025,True,False,True
SLG,1040971,2008,True,True,True
SLG,1040971,2009,False,False,True
SLG,1040971,2010,False,False,True
SLG,1040971,2011,False,False,True
SLG,1040971,2012,False,False,True
SLG,1040971,2013,False,False,True
SLG,1040971,2014,False,False,True
SLG,1040971,2015,False,False,True
SLG,1040971,2016,False,False,True
SLG,1040971,2017,False,False,True
SLG,1040971,2018,False,False,True
SLG,1040971,2019,False,False,True
SLG,1040971,2020,False,False,True
SLG,1040971,2021,False,False,True
SLG,1040971,2022,False,False,True
SLG,1040971,2023,False,False,True
SLG,1040971,2024,False,False,True
SLG,1040971,2025,True,False,True
SLM,1032033,2001,True,True,True
SLM,1032033,2002,True,True,True
SLM,1032033,2003,True,True,True
SLM,1032033,2004,True,True,True
SLM,1032033,2005,True,True,True
SLM,1032033,2006,True,True,True
SLM,1032033,2007,True,True,True
SLM,1032033,2008,True,True,True
SLM,1032033,2009,False,False,True
SLM,1032033,2010,False,False,True
SLM,1032033,2011,False,False,True
SLM,1032033,2012,False,False,True
SLM,1032033,2013,False,False,True
SLM,1032033,2014,False,False,True
SLM,1032033,2015,False,False,True
SLM,1032033,2016,False,False,True
SLM,1032033,2017,False,False,True
SLM,1032033,2018,False,False,True
SLM,1032033,2019,False,False,True
SLM,1032033,2020,False,False,True
SLM,1032033,2021,False,False,True
SLM,1032033,2022,False,False,True
SLM,1032033,2023,False,False,True
SLM,1032033,2024,False,False,True
SLM,1032033,2025,True,False,True
SLR,835541,2000,True,True,True
SLR,835541,2002,True,True,True
SLR,835541,2003,True,True,True
SLR,835541,2004,True,True,True
SLR,835541,2005,True,True,True
SLR,835541,2006,True,True,True
SMCI,1375365,2010,False,False,True
SMCI,1375365,2011,False,False,True
SMCI,1375365,2012,False,False,True
SMCI,1375365,2013,False,False,True
SMCI,1375365,2014,False,False,True
SMCI,1375365,2015,False,False,True
SMCI,1375365,2016,False,False,True
SMCI,1375365,2017,False,False,True
SMCI,1375365,2018,False,False,True
SMCI,1375365,2019,False,False,True
SMCI,1375365,2020,False,False,True
SMCI,1375365,2021,False,False,True
SMCI,1375365,2022,False,False,True
SMCI,1375365,2023,False,False,True
SMCI,1375365,2024,False,False,True
SMCI,1375365,2025,True,False,True
SMI,93102,2000,True,True,True
SNA,91440,2001,True,True,True
SNA,91440,2003,True,True,True
SNA,91440,2005,True,True,True
SNA,91440,2006,True,True,True
SNA,91440,2007,True,True,True
SNA,91440,2009,False,False,True
SNA,91440,2010,False,False,True
SNA,91440,2011,False,False,True
SNA,91440,2012,False,False,True
SNA,91440,2013,False,False,True
SNA,91440,2014,True,False,True
SNA,91440,2015,False,False,True
SNA,91440,2016,False,False,True
SNA,91440,2017,False,False,True
SNA,91440,2018,False,False,True
SNA,91440,2019,False,False,True
SNA,91440,2020,True,False,True
SNA,91440,2021,False,False,True
SNA,91440,2022,False,False,True
SNA,91440,2023,False,False,True
SNA,91440,2024,False,False,True
SNA,91440,2025,True,False,True
SNA,91440,2026,True,False,True
SNDK,2023554,2023,True,True,True
SNDK,2023554,2024,True,True,True
SNDK,2023554,2025,True,False,True
SNI,1430602,2008,True,True,True
SNI,1430602,2009,True,True,True
SNI,1430602,2010,True,False,True
SNI,1430602,2011,True,False,True
SNI,1430602,2012,True,True,True
SNI,1430602,2013,True,True,True
SNI,1430602,2014,True,True,True
SNI,1430602,2015,True,True,True
SNI,1430602,2016,True,True,True
SNI,1430602,2017,True,True,True
SNPS,883241,2008,True,True,True
SNPS,883241,2009,False,False,True
SNPS,883241,2010,False,False,True
SNPS,883241,2011,False,False,True
SNPS,883241,2012,False,False,True
SNPS,883241,2013,False,False,True
SNPS,883241,2014,False,False,True
SNPS,883241,2015,False,False,True
SNPS,883241,2016,False,False,True
SNPS,883241,2017,False,False,True
SNPS,883241,2018,False,False,True
SNPS,883241,2019,False,False,True
SNPS,883241,2020,False,False,True
SNPS,883241,2021,False,False,True
SNPS,883241,2022,False,False,True
SNPS,883241,2023,False,False,True
SNPS,883241,2024,False,False,True
SNPS,883241,2025,True,False,True
SNV,18349,2000,True,True,True
SNV,18349,2001,True,True,True
SNV,18349,2002,True,True,True
SNV,18349,2004,True,True,True
SNV,18349,2005,True,True,True
SNV,18349,2006,True,True,True
SNV,18349,2007,True,True,True
SNV,18349,2008,True,True,True
SO,92122,2000,True,True,True
SO,92122,2001,True,True,True
SO,92122,2004,True,True,True
SO,92122,2005,True,True,True
SO,92122,2006,True,True,True
SO,92122,2007,True,True,True
SO,92122,2008,True,True,True
SO,92122,2009,False,False,True
SO,92122,2010,False,False,True
SO,92122,2011,False,False,True
SO,92122,2012,False,False,True
SO,92122,2013,False,False,True
SO,92122,2014,False,False,True
SO,92122,2015,False,False,True
SO,92122,2016,False,False,True
SO,92122,2017,False,False,True
SO,92122,2018,False,False,True
SO,92122,2019,False,False,True
SO,92122,2020,False,False,True
SO,92122,2021,False,False,True
SO,92122,2022,False,False,True
SO,92122,2023,False,False,True
SO,92122,2024,False,False,True
SO,92122,2025,True,False,True
SOLS,2064953,2023,True,True,True
SOLS,2064953,2024,True,True,True
SOLS,2064953,2025,True,False,True
SOLV,1964738,2022,True,True,True
SOLV,1964738,2023,True,True,True
SOLV,1964738,2024,False,False,True
SOLV,1964738,2025,True,False,True
SOV,811830,2000,True,True,True
SOV,811830,2002,True,True,True
SOV,811830,2003,True,True,True
SOV,811830,2004,True,True,True
SOV,811830,2005,True,True,True
SOV,811830,2006,True,True,True
SOV,811830,2007,True,True,True
SOV,811830,2008,True,True,True
SOV,811830,2009,True,True,True
SPG,1063761,2001,True,True,True
SPG,1063761,2002,True,True,True
SPG,1063761,2003,True,True,True
SPG,1063761,2004,True,True,True
SPG,1063761,2005,True,True,True
SPG,1063761,2006,True,True,True
SPG,1063761,2007,True,True,True
SPG,1063761,2008,True,True,True
SPG,1063761,2009,False,False,True
SPG,1063761,2010,False,False,True
SPG,1063761,2011,False,False,True
SPG,1063761,2012,False,False,True
SPG,1063761,2013,False,False,True
SPG,1063761,2014,False,False,True
SPG,1063761,2015,False,False,True
SPG,1063761,2016,True,True,True
SPG,1063761,2017,True,True,True
SPG,1063761,2018,True,True,True
SPG,1063761,2019,False,False,True
SPG,1063761,2020,False,False,True
SPG,1063761,2021,False,False,True
SPG,1063761,2022,False,False,True
SPG,1063761,2023,False,False,True
SPG,1063761,2024,False,False,True
SPG,1063761,2025,True,True,True
SPGI,64040,2001,True,True,True
SPGI,64040,2003,True,True,True
SPGI,64040,2004,True,True,True
SPGI,64040,2005,True,True,True
SPGI,64040,2006,True,True,True
SPGI,64040,2007,True,True,True
SPGI,64040,2008,True,True,True
SPGI,64040,2009,False,False,True
SPGI,64040,2010,False,False,True
SPGI,64040,2011,False,False,True
SPGI,64040,2012,False,False,True
SPGI,64040,2013,False,False,True
SPGI,64040,2014,False,False,True
SPGI,64040,2015,False,False,True
SPGI,64040,2016,False,False,True
SPGI,64040,2017,False,False,True
SPGI,64040,2018,False,False,True
SPGI,64040,2019,False,False,True
SPGI,64040,2020,False,False,True
SPGI,64040,2021,False,False,True
SPGI,64040,2022,False,False,True
SPGI,64040,2023,False,False,True
SPGI,64040,2024,False,False,True
SPGI,64040,2025,True,False,True
SPLS,791519,2001,True,True,True
SPLS,791519,2002,True,True,True
SPLS,791519,2003,True,True,True
SPLS,791519,2004,True,True,True
SPLS,791519,2005,True,True,True
SPLS,791519,2006,True,True,True
SPLS,791519,2007,True,True,True
SPLS,791519,2009,True,False,True
SPLS,791519,2010,True,False,True
SPLS,791519,2011,True,False,True
SPLS,791519,2012,True,False,True
SPLS,791519,2013,True,False,True
SPLS,791519,2014,True,False,True
SPLS,791519,2015,True,False,True
SPLS,791519,2016,True,False,True
SPLS,791519,2017,True,False,True
SRCL,861878,2000,True,True,True
SRCL,861878,2002,True,True,True
SRCL,861878,2003,True,True,True
SRCL,861878,2004,True,True,True
SRCL,861878,2005,True,True,True
SRCL,861878,2006,True,True,True
SRCL,861878,2007,True,True,True
SRCL,861878,2008,True,True,True
SRCL,861878,2009,True,True,True
SRCL,861878,2010,True,False,True
SRCL,861878,2011,True,False,True
SRCL,861878,2012,True,False,True
SRCL,861878,2013,True,False,True
SRCL,861878,2014,True,False,True
SRCL,861878,2015,True,False,True
SRCL,861878,2016,True,False,True
SRCL,861878,2017,True,False,True
SRCL,861878,2018,True,False,True
SRE,1032208,2000,True,True,True
SRE,1032208,2001,True,True,True
SRE,1032208,2004,True,True,True
SRE,1032208,2005,True,True,True
SRE,1032208,2006,True,True,True
SRE,1032208,2007,True,True,True
SRE,1032208,2008,True,True,True
SRE,1032208,2009,False,False,True
SRE,1032208,2010,False,False,True
SRE,1032208,2011,False,False,True
SRE,1032208,2012,False,False,True
SRE,1032208,2013,False,False,True
SRE,1032208,2014,False,False,True
SRE,1032208,2015,False,False,True
SRE,1032208,2016,False,False,True
SRE,1032208,2017,False,False,True
SRE,1032208,2018,False,False,True
SRE,1032208,2019,False,False,True
SRE,1032208,2020,False,False,True
SRE,1032208,2021,False,False,True
SRE,1032208,2022,False,False,True
SRE,1032208,2023,False,False,True
SRE,1032208,2024,False,False,True
SRE,1032208,2025,True,False,True
SSP,832428,2000,True,True,True
SSP,832428,2001,True,True,True
SSP,832428,2002,True,True,True
SSP,832428,2003,True,True,True
SSP,832428,2004,True,True,True
SSP,832428,2005,True,True,True
SSP,832428,2006,True,True,True
SSP,832428,2007,True,True,True
SSP,832428,2008,True,True,True
SSP,832428,2009,False,False,True
SSP,832428,2010,False,False,True
SSP,832428,2011,False,False,True
SSP,832428,2012,False,False,True
SSP,832428,2013,False,False,True
SSP,832428,2014,False,False,True
SSP,832428,2015,False,False,True
SSP,832428,2016,False,False,True
SSP,832428,2017,False,False,True
SSP,832428,2018,False,False,True
SSP,832428,2019,False,False,True
SSP,832428,2020,False,False,True
SSP,832428,2021,False,False,True
SSP,832428,2022,False,False,True
SSP,832428,2023,False,False,True
SSP,832428,2024,False,False,True
SSP,832428,2025,True,True,True
STE,1757898,2017,False,False,True
STE,1757898,2018,False,False,True
STE,1757898,2019,False,False,True
STE,1757898,2020,False,False,True
STE,1757898,2021,False,False,True
STE,1757898,2023,False,False,True
STE,1757898,2024,False,False,True
STE,1757898,2025,True,False,True
STE,1757898,2026,True,False,True
STI,750556,2009,True,False,True
STI,750556,2010,True,False,True
STI,750556,2011,True,False,True
STI,750556,2012,True,False,True
STI,750556,2013,True,False,True
STI,750556,2014,True,False,True
STI,750556,2015,True,False,True
STI,750556,2016,True,False,True
STI,750556,2017,True,False,True
STI,750556,2018,True,False,True
STI,1881551,2021,True,True,True
STI,1881551,2022,True,True,True
STI,1881551,2023,False,False,True
STI,1881551,2024,False,False,True
STI,1881551,2025,True,False,True
STJ,203077,2001,True,True,True
STJ,203077,2003,True,True,True
STJ,203077,2004,True,True,True
STJ,203077,2005,True,True,True
STJ,203077,2006,True,True,True
STJ,203077,2007,True,True,True
STJ,203077,2009,True,False,True
STJ,203077,2010,True,False,True
STJ,203077,2011,True,False,True
STJ,203077,2012,True,False,True
STJ,203077,2013,True,False,True
STJ,203077,2014,True,False,True
STJ,203077,2015,True,False,True
STLD,1022671,2007,True,True,True
STLD,1022671,2008,True,True,True
STLD,1022671,2009,False,False,True
STLD,1022671,2010,False,False,True
STLD,1022671,2011,False,False,True
STLD,1022671,2012,False,False,True
STLD,1022671,2013,False,False,True
STLD,1022671,2014,False,False,True
STLD,1022671,2015,False,False,True
STLD,1022671,2016,False,False,True
STLD,1022671,2017,False,False,True
STLD,1022671,2018,False,False,True
STLD,1022671,2019,False,False,True
STLD,1022671,2020,False,False,True
STLD,1022671,2021,False,False,True
STLD,1022671,2022,False,False,True
STLD,1022671,2023,False,False,True
STLD,1022671,2024,False,False,True
STLD,1022671,2025,True,False,True
STR,751652,2002,True,True,True
STR,751652,2003,True,True,True
STR,751652,2004,True,True,True
STR,751652,2005,True,True,True
STR,751652,2006,True,True,True
STR,751652,2007,True,True,True
STR,751652,2008,True,True,True
STR,751652,2009,True,False,True
STR,751652,2010,True,False,True
STT,93751,2001,True,True,True
STT,93751,2002,True,True,True
STT,93751,2005,True,True,True
STT,93751,2006,True,True,True
STT,93751,2007,True,True,True
STT,93751,2008,True,True,True
STT,93751,2009,False,False,True
STT,93751,2010,False,False,True
STT,93751,2011,False,False,True
STT,93751,2012,False,False,True
STT,93751,2013,False,False,True
STT,93751,2014,False,False,True
STT,93751,2015,False,False,True
STT,93751,2016,False,False,True
STT,93751,2017,False,False,True
STT,93751,2018,False,False,True
STT,93751,2019,False,False,True
STT,93751,2020,False,False,True
STT,93751,2021,False,False,True
STT,93751,2022,False,False,True
STT,93751,2023,False,False,True
STT,93751,2024,False,False,True
STT,93751,2025,True,False,True
STX,1137789,2009,False,False,True
STX,1137789,2010,False,False,True
STX,1137789,2011,False,False,True
STX,1137789,2012,False,False,True
STX,1137789,2013,False,False,True
STX,1137789,2014,False,False,True
STX,1137789,2015,False,False,True
STX,1137789,2016,False,False,True
STX,1137789,2017,False,False,True
STX,1137789,2018,False,False,True
STX,1137789,2019,False,False,True
STX,1137789,2020,False,False,True
STX,1137789,2021,False,False,True
STX,1137789,2022,False,False,True
STX,1137789,2023,False,False,True
STX,1137789,2024,False,False,True
STX,1137789,2025,True,False,True
STZ,16918,2000,True,True,True
STZ,16918,2001,True,True,True
STZ,16918,2005,True,True,True
STZ,16918,2006,True,True,True
STZ,16918,2007,True,True,True
STZ,16918,2008,True,True,True
STZ,16918,2009,True,True,True
STZ,16918,2010,True,True,True
STZ,16918,2011,True,True,True
STZ,16918,2012,True,True,True
STZ,16918,2013,True,True,True
STZ,16918,2014,True,True,True
STZ,16918,2015,False,False,True
STZ,16918,2016,False,False,True
STZ,16918,2017,False,False,True
STZ,16918,2018,False,False,True
STZ,16918,2019,False,False,True
STZ,16918,2020,False,False,True
STZ,16918,2021,False,False,True
STZ,16918,2022,False,False,True
STZ,16918,2023,False,False,True
STZ,16918,2024,False,False,True
STZ,16918,2025,True,True,True
STZ,16918,2026,True,True,True
SUN,1552275,2010,True,True,True
SUN,1552275,2011,True,True,True
SUN,1552275,2012,True,True,True
SUN,1552275,2013,True,True,True
SUN,1552275,2014,True,True,True
SUN,1552275,2015,False,False,True
SUN,1552275,2016,False,False,True
SUN,1552275,2017,False,False,True
SUN,1552275,2018,False,False,True
SUN,1552275,2019,False,False,True
SUN,1552275,2020,False,False,True
SUN,1552275,2021,False,False,True
SUN,1552275,2022,False,False,True
SUN,1552275,2023,False,False,True
SUN,1552275,2024,False,False,True
SUN,1552275,2025,True,True,True
SUNEQ,945436,2002,True,True,True
SUNEQ,945436,2003,True,True,True
SUNEQ,945436,2004,True,True,True
SUNEQ,945436,2005,True,True,True
SUNEQ,945436,2006,True,True,True
SUNEQ,945436,2007,True,True,True
SUNEQ,945436,2008,True,True,True
SUNEQ,945436,2009,True,False,True
SUNEQ,945436,2010,True,False,True
SUNEQ,945436,2011,True,False,True
SVU,95521,2001,True,True,True
SVU,95521,2002,True,True,True
SVU,95521,2003,True,True,True
SVU,95521,2004,True,True,True
SVU,95521,2005,True,True,True
SVU,95521,2006,True,True,True
SVU,95521,2007,True,True,True
SVU,95521,2008,True,True,True
SVU,95521,2009,True,False,True
SVU,95521,2010,True,False,True
SVU,95521,2011,True,False,True
SVU,95521,2012,True,False,True
SW,2005951,2022,False,False,True
SW,2005951,2023,False,False,True
SW,2005951,2024,False,False,True
SW,2005951,2025,True,False,True
SWK,93556,2001,True,True,True
SWK,93556,2004,True,True,True
SWK,93556,2005,True,True,True
SWK,93556,2006,True,True,True
SWK,93556,2007,True,True,True
SWK,93556,2009,False,False,True
SWK,93556,2010,False,False,True
SWK,93556,2011,False,False,True
SWK,93556,2012,False,False,True
SWK,93556,2013,False,False,True
SWK,93556,2014,True,False,True
SWK,93556,2015,False,False,True
SWK,93556,2016,False,False,True
SWK,93556,2017,False,False,True
SWK,93556,2018,False,False,True
SWK,93556,2019,False,False,True
SWK,93556,2020,True,False,True
SWK,93556,2021,False,False,True
SWK,93556,2022,False,False,True
SWK,93556,2023,False,False,True
SWK,93556,2024,False,False,True
SWK,93556,2025,True,False,True
SWK,93556,2026,True,False,True
SWKS,4127,2008,True,True,True
SWKS,4127,2009,False,False,True
SWKS,4127,2010,False,False,True
SWKS,4127,2011,False,False,True
SWKS,4127,2012,False,False,True
SWKS,4127,2013,False,False,True
SWKS,4127,2014,False,False,True
SWKS,4127,2015,False,False,True
SWKS,4127,2016,False,False,True
SWKS,4127,2017,False,False,True
SWKS,4127,2018,False,False,True
SWKS,4127,2019,False,False,True
SWKS,4127,2020,False,False,True
SWKS,4127,2021,False,False,True
SWKS,4127,2022,False,False,True
SWKS,4127,2023,False,False,True
SWKS,4127,2024,False,False,True
SWKS,4127,2025,True,False,True
SWN,7332,2002,True,True,True
SWN,7332,2003,True,True,True
SWN,7332,2004,True,True,True
SWN,7332,2006,True,True,True
SWN,7332,2008,True,True,True
SWN,7332,2009,True,False,True
SWN,7332,2010,True,False,True
SWN,7332,2011,True,False,True
SWN,7332,2012,True,False,True
SWN,7332,2013,True,False,True
SWN,7332,2014,True,False,True
SWN,7332,2015,True,False,True
SWN,7332,2016,True,False,True
SWN,7332,2017,True,False,True
SWY,86144,2000,True,True,True
SWY,86144,2001,True,True,True
SWY,86144,2005,True,True,True
SWY,86144,2006,True,True,True
SWY,86144,2007,True,True,True
SWY,86144,2009,True,False,True
SWY,86144,2010,True,False,True
SWY,86144,2011,True,False,True
SWY,86144,2012,True,False,True
SWY,86144,2013,True,False,True
SWY,86144,2014,True,False,True
SXCL,709804,2000,True,True,True
SXCL,709804,2001,True,True,True
SXCL,709804,2002,True,True,True
SXCL,709804,2003,True,True,True
SXCL,709804,2004,True,True,True
SXCL,709804,2005,True,True,True
SXCL,709804,2006,True,True,True
SYF,1601712,2012,True,True,True
SYF,1601712,2013,True,True,True
SYF,1601712,2014,False,False,True
SYF,1601712,2015,False,False,True
SYF,1601712,2016,False,False,True
SYF,1601712,2017,False,False,True
SYF,1601712,2018,False,False,True
SYF,1601712,2019,False,False,True
SYF,1601712,2020,False,False,True
SYF,1601712,2021,False,False,True
SYF,1601712,2022,False,False,True
SYF,1601712,2023,False,False,True
SYF,1601712,2024,False,False,True
SYF,1601712,2025,True,False,True
SYK,310764,2001,True,True,True
SYK,310764,2003,True,True,True
SYK,310764,2004,True,True,True
SYK,310764,2005,True,True,True
SYK,310764,2006,True,True,True
SYK,310764,2007,True,True,True
SYK,310764,2008,True,True,True
SYK,310764,2009,False,False,True
SYK,310764,2010,False,False,True
SYK,310764,2011,False,False,True
SYK,310764,2012,False,False,True
SYK,310764,2013,False,False,True
SYK,310764,2014,False,False,True
SYK,310764,2015,False,False,True
SYK,310764,2016,False,False,True
SYK,310764,2017,False,False,True
SYK,310764,2018,False,False,True
SYK,310764,2019,False,False,True
SYK,310764,2020,False,False,True
SYK,310764,2021,False,False,True
SYK,310764,2022,False,False,True
SYK,310764,2023,False,False,True
SYK,310764,2024,False,False,True
SYK,310764,2025,True,False,True
SYMC,849399,2000,True,True,True
SYMC,849399,2004,True,True,True
SYMC,849399,2007,True,True,True
SYY,96021,2000,True,True,True
SYY,96021,2001,True,True,True
SYY,96021,2005,True,True,True
SYY,96021,2006,True,True,True
SYY,96021,2007,True,True,True
SYY,96021,2008,True,True,True
SYY,96021,2009,False,False,True
SYY,96021,2010,False,False,True
SYY,96021,2011,False,False,True
SYY,96021,2012,False,False,True
SYY,96021,2013,False,False,True
SYY,96021,2014,False,False,True
SYY,96021,2015,False,False,True
SYY,96021,2016,False,False,True
SYY,96021,2017,False,False,True
SYY,96021,2018,False,False,True
SYY,96021,2019,False,False,True
SYY,96021,2020,False,False,True
SYY,96021,2021,False,False,True
SYY,96021,2022,False,False,True
SYY,96021,2023,False,False,True
SYY,96021,2024,False,False,True
SYY,96021,2025,True,False,True
T,732717,2000,True,True,True
T,732717,2001,True,True,True
T,732717,2002,True,True,True
T,732717,2004,True,True,True
T,732717,2005,True,True,True
T,732717,2006,True,True,True
T,732717,2007,True,True,True
T,732717,2008,True,True,True
T,732717,2009,False,False,True
T,732717,2010,False,False,True
T,732717,2011,False,False,True
T,732717,2014,False,False,True
T,732717,2017,False,False,True
T,732717,2018,False,False,True
T,732717,2020,False,False,True
T,732717,2021,False,False,True
T,732717,2022,False,False,True
T,732717,2023,False,False,True
T,732717,2024,False,False,True
T,732717,2025,True,False,True
TAP,24545,2002,True,True,True
TAP,24545,2003,True,True,True
TAP,24545,2004,True,True,True
TAP,24545,2005,True,True,True
TAP,24545,2006,True,True,True
TAP,24545,2007,True,True,True
TAP,24545,2008,True,True,True
TAP,24545,2009,False,False,True
TAP,24545,2010,False,False,True
TAP,24545,2011,False,False,True
TAP,24545,2012,False,False,True
TAP,24545,2013,False,False,True
TAP,24545,2014,False,False,True
TAP,24545,2015,False,False,True
TAP,24545,2016,False,False,True
TAP,24545,2017,False,False,True
TAP,24545,2018,False,False,True
TAP,24545,2019,False,False,True
TAP,24545,2020,False,False,True
TAP,24545,2021,False,False,True
TAP,24545,2022,False,False,True
TAP,24545,2023,False,False,True
TAP,24545,2024,False,False,True
TAP,24545,2025,True,True,True
TDC,816761,2007,True,True,True
TDC,816761,2008,True,True,True
TDC,816761,2009,False,False,True
TDC,816761,2010,False,False,True
TDC,816761,2011,False,False,True
TDC,816761,2012,False,False,True
TDC,816761,2013,False,False,True
TDC,816761,2014,False,False,True
TDC,816761,2015,False,False,True
TDC,816761,2016,False,False,True
TDC,816761,2017,False,False,True
TDC,816761,2018,False,False,True
TDC,816761,2019,False,False,True
TDC,816761,2020,False,False,True
TDC,816761,2021,False,False,True
TDC,816761,2022,False,False,True
TDC,816761,2023,False,False,True
TDC,816761,2024,False,False,True
TDC,816761,2025,True,False,True
TDG,1260221,2008,True,True,True
TDG,1260221,2009,False,False,True
TDG,1260221,2010,False,False,True
TDG,1260221,2011,False,False,True
TDG,1260221,2012,False,False,True
TDG,1260221,2013,False,False,True
TDG,1260221,2014,False,False,True
TDG,1260221,2015,False,False,True
TDG,1260221,2016,False,False,True
TDG,1260221,2017,False,False,True
TDG,1260221,2018,False,False,True
TDG,1260221,2019,False,False,True
TDG,1260221,2020,False,False,True
TDG,1260221,2021,False,False,True
TDG,1260221,2022,False,False,True
TDG,1260221,2023,False,False,True
TDG,1260221,2024,False,False,True
TDG,1260221,2025,True,False,True
TDY,1094285,2008,True,True,True
TDY,1094285,2010,False,False,True
TDY,1094285,2011,False,False,True
TDY,1094285,2012,False,False,True
TDY,1094285,2013,False,False,True
TDY,1094285,2014,False,False,True
TDY,1094285,2016,False,False,True
TDY,1094285,2017,False,False,True
TDY,1094285,2018,False,False,True
TDY,1094285,2019,False,False,True
TDY,1094285,2020,True,False,True
TDY,1094285,2021,False,False,True
TDY,1094285,2022,False,False,True
TDY,1094285,2023,False,False,True
TDY,1094285,2024,False,False,True
TDY,1094285,2025,True,False,True
TE,1992243,2021,False,False,True
TE,1992243,2022,False,False,True
TE,1992243,2023,False,False,True
TE,1992243,2024,False,False,True
TE,1992243,2025,True,False,True
TECH,842023,2009,False,False,True
TECH,842023,2010,False,False,True
TECH,842023,2011,False,False,True
TECH,842023,2012,False,False,True
TECH,842023,2013,False,False,True
TECH,842023,2014,False,False,True
TECH,842023,2015,False,False,True
TECH,842023,2016,False,False,True
TECH,842023,2017,False,False,True
TECH,842023,2018,False,False,True
TECH,842023,2019,False,False,True
TECH,842023,2020,False,False,True
TECH,842023,2021,False,False,True
TECH,842023,2022,False,False,True
TECH,842023,2023,False,False,True
TECH,842023,2024,False,False,True
TECH,842023,2025,True,False,True
TEG,916863,2001,True,True,True
TEG,916863,2002,True,True,True
TEG,916863,2003,True,True,True
TEG,916863,2004,True,True,True
TEG,916863,2005,True,True,True
TEG,916863,2006,True,True,True
TEG,916863,2007,True,True,True
TEG,916863,2008,True,True,True
TEG,916863,2009,True,True,True
TEG,916863,2010,True,False,True
TEG,916863,2011,True,False,True
TEG,916863,2012,True,False,True
TEG,916863,2013,True,False,True
TEG,916863,2014,True,False,True
TEK,96879,2000,True,True,True
TEK,96879,2001,True,True,True
TEK,96879,2002,True,True,True
TEK,96879,2003,True,True,True
TEK,96879,2004,True,True,True
TEK,96879,2005,True,True,True
TEK,96879,2006,True,True,True
TEK,96879,2007,True,True,True
TEL,1385157,2007,True,True,True
TEL,1385157,2008,True,True,True
TEL,1385157,2009,False,False,True
TEL,1385157,2010,False,False,True
TEL,1385157,2011,False,False,True
TEL,1385157,2012,False,False,True
TEL,1385157,2013,False,False,True
TEL,1385157,2014,False,False,True
TEL,1385157,2015,False,False,True
TEL,1385157,2016,False,False,True
TEL,1385157,2017,False,False,True
TEL,1385157,2018,False,False,True
TEL,1385157,2019,False,False,True
TEL,1385157,2020,False,False,True
TEL,1385157,2021,False,False,True
TEL,1385157,2022,False,False,True
TEL,1385157,2023,False,False,True
TEL,1385157,2024,False,False,True
TEL,1385157,2025,True,False,True
TER,97210,2000,True,True,True
TER,97210,2001,True,True,True
TER,97210,2003,True,True,True
TER,97210,2004,True,True,True
TER,97210,2005,True,True,True
TER,97210,2006,True,True,True
TER,97210,2007,True,True,True
TER,97210,2008,True,True,True
TER,97210,2009,False,False,True
TER,97210,2010,False,False,True
TER,97210,2011,False,False,True
TER,97210,2012,False,False,True
TER,97210,2013,False,False,True
TER,97210,2014,False,False,True
TER,97210,2015,False,False,True
TER,97210,2016,False,False,True
TER,97210,2017,False,False,True
TER,97210,2018,False,False,True
TER,97210,2019,False,False,True
TER,97210,2020,False,False,True
TER,97210,2021,False,False,True
TER,97210,2022,False,False,True
TER,97210,2023,False,False,True
TER,97210,2024,False,False,True
TER,97210,2025,True,False,True
TEX,97216,2000,True,True,True
TEX,97216,2001,True,True,True
TEX,97216,2007,True,True,True
TEX,97216,2008,True,True,True
TEX,97216,2009,False,False,True
TEX,97216,2010,False,False,True
TEX,97216,2011,False,False,True
TEX,97216,2012,False,False,True
TEX,97216,2013,False,False,True
TEX,97216,2014,False,False,True
TEX,97216,2015,False,False,True
TEX,97216,2016,False,False,True
TEX,97216,2017,False,False,True
TEX,97216,2018,False,False,True
TEX,97216,2019,False,False,True
TEX,97216,2020,False,False,True
TEX,97216,2021,False,False,True
TEX,97216,2022,False,False,True
TEX,97216,2023,False,False,True
TEX,97216,2024,False,False,True
TEX,97216,2025,True,False,True
TFC,92230,2007,True,True,True
TFC,92230,2008,True,True,True
TFC,92230,2009,False,False,True
TFC,92230,2010,False,False,True
TFC,92230,2011,False,False,True
TFC,92230,2012,False,False,True
TFC,92230,2013,False,False,True
TFC,92230,2014,False,False,True
TFC,92230,2015,False,False,True
TFC,92230,2016,False,False,True
TFC,92230,2017,False,False,True
TFC,92230,2018,False,False,True
TFC,92230,2019,False,False,True
TFC,92230,2020,False,False,True
TFC,92230,2021,False,False,True
TFC,92230,2022,False,False,True
TFC,92230,2023,False,False,True
TFC,92230,2024,False,False,True
TFC,92230,2025,True,False,True
TFX,96943,2008,True,True,True
TFX,96943,2009,False,False,True
TFX,96943,2010,False,False,True
TFX,96943,2011,False,False,True
TFX,96943,2012,False,False,True
TFX,96943,2013,False,False,True
TFX,96943,2014,False,False,True
TFX,96943,2015,False,False,True
TFX,96943,2016,False,False,True
TFX,96943,2017,False,False,True
TFX,96943,2018,False,False,True
TFX,96943,2019,False,False,True
TFX,96943,2020,False,False,True
TFX,96943,2021,False,False,True
TFX,96943,2022,False,False,True
TFX,96943,2023,False,False,True
TFX,96943,2024,False,False,True
TFX,96943,2025,True,False,True
TGNA,39899,2000,True,True,True
TGNA,39899,2001,True,True,True
TGNA,39899,2002,True,True,True
TGNA,39899,2003,True,True,True
TGNA,39899,2004,True,True,True
TGNA,39899,2005,True,True,True
TGNA,39899,2006,True,True,True
TGNA,39899,2007,True,True,True
TGNA,39899,2008,True,True,True
TGNA,39899,2009,True,False,True
TGNA,39899,2010,True,False,True
TGNA,39899,2011,True,False,True
TGNA,39899,2012,True,False,True
TGNA,39899,2013,True,False,True
TGNA,39899,2014,True,False,True
TGNA,39899,2015,True,False,True
TGNA,39899,2016,True,False,True
TGNA,39899,2017,True,False,True
TGT,27419,2001,True,True,True
TGT,27419,2002,True,True,True
TGT,27419,2003,True,True,True
TGT,27419,2004,True,True,True
TGT,27419,2005,True,True,True
TGT,27419,2006,True,True,True
TGT,27419,2007,True,True,True
TGT,27419,2008,True,True,True
TGT,27419,2009,False,False,True
TGT,27419,2010,False,False,True
TGT,27419,2011,False,False,True
TGT,27419,2012,False,False,True
TGT,27419,2013,False,False,True
TGT,27419,2014,False,False,True
TGT,27419,2015,False,False,True
TGT,27419,2016,False,False,True
TGT,27419,2017,False,False,True
TGT,27419,2018,False,False,True
TGT,27419,2019,False,False,True
TGT,27419,2020,False,False,True
TGT,27419,2021,False,False,True
TGT,27419,2022,False,False,True
TGT,27419,2023,False,False,True
TGT,27419,2024,False,False,True
TGT,27419,2025,True,False,True
TGT,27419,2026,True,False,True
THC,70318,2001,True,True,True
THC,70318,2002,True,True,True
THC,70318,2003,True,True,True
THC,70318,2004,True,True,True
THC,70318,2006,True,True,True
THC,70318,2007,True,True,True
THC,70318,2008,True,True,True
THC,70318,2009,False,False,True
THC,70318,2010,False,False,True
THC,70318,2011,False,False,True
THC,70318,2012,False,False,True
THC,70318,2013,False,False,True
THC,70318,2014,False,False,True
THC,70318,2015,False,False,True
THC,70318,2016,False,False,True
THC,70318,2017,False,False,True
THC,70318,2018,False,False,True
THC,70318,2019,False,False,True
THC,70318,2020,False,False,True
THC,70318,2021,False,False,True
THC,70318,2022,False,False,True
THC,70318,2023,False,False,True
THC,70318,2024,False,False,True
THC,70318,2025,True,False,True
TIE,1011657,2000,True,True,True
TIE,1011657,2006,True,True,True
TIE,1011657,2008,True,True,True
TIE,1011657,2009,True,True,True
TIE,1011657,2010,True,False,True
TIE,1011657,2011,True,False,True
TIF,98246,2000,True,True,True
TIF,98246,2001,True,True,True
TIF,98246,2007,True,True,True
TIF,98246,2008,True,True,True
TIF,98246,2009,True,True,True
TIF,98246,2010,True,False,True
TIF,98246,2011,True,False,True
TIF,98246,2012,True,False,True
TIF,98246,2013,True,False,True
TIF,98246,2014,True,False,True
TIF,98246,2015,True,False,True
TIF,98246,2016,True,False,True
TIF,98246,2017,True,False,True
TIF,98246,2018,True,False,True
TIF,98246,2019,True,False,True
TIF,98246,2020,True,False,True
TIN,731939,2001,True,True,True
TIN,731939,2004,True,True,True
TIN,731939,2005,True,True,True
TIN,731939,2006,True,True,True
TIN,731939,2007,True,True,True
TJX,109198,2001,True,True,True
TJX,109198,2006,True,True,True
TJX,109198,2007,True,True,True
TJX,109198,2008,True,True,True
TJX,109198,2009,False,False,True
TJX,109198,2010,False,False,True
TJX,109198,2011,False,False,True
TJX,109198,2012,False,False,True
TJX,109198,2013,False,False,True
TJX,109198,2014,False,False,True
TJX,109198,2015,False,False,True
TJX,109198,2016,False,False,True
TJX,109198,2017,False,False,True
TJX,109198,2018,False,False,True
TJX,109198,2019,False,False,True
TJX,109198,2020,False,False,True
TJX,109198,2021,False,False,True
TJX,109198,2022,False,False,True
TJX,109198,2023,False,False,True
TJX,109198,2024,False,False,True
TJX,109198,2025,True,False,True
TJX,109198,2026,True,False,True
TKO,1973266,2021,True,True,True
TKO,1973266,2022,True,True,True
TKO,1973266,2023,False,False,True
TKO,1973266,2024,False,False,True
TKO,1973266,2025,True,True,True
TKR,98362,2001,True,True,True
TKR,98362,2002,True,True,True
TKR,98362,2003,True,True,True
TKR,98362,2004,True,True,True
TKR,98362,2005,True,True,True
TKR,98362,2006,True,True,True
TKR,98362,2007,True,True,True
TKR,98362,2008,True,True,True
TKR,98362,2009,False,False,True
TKR,98362,2010,False,False,True
TKR,98362,2011,False,False,True
TKR,98362,2012,False,False,True
TKR,98362,2013,False,False,True
TKR,98362,2014,False,False,True
TKR,98362,2015,False,False,True
TKR,98362,2016,False,False,True
TKR,98362,2017,False,False,True
TKR,98362,2018,False,False,True
TKR,98362,2019,False,False,True
TKR,98362,2020,False,False,True
TKR,98362,2021,False,False,True
TKR,98362,2022,False,False,True
TKR,98362,2023,False,False,True
TKR,98362,2024,False,False,True
TKR,98362,2025,True,False,True
TLAB,317771,2001,True,True,True
TLAB,317771,2004,True,True,True
TLAB,317771,2005,True,True,True
TLAB,317771,2006,True,True,True
TLAB,317771,2007,True,True,True
TLAB,317771,2009,True,True,True
TLAB,317771,2010,True,False,True
TLAB,317771,2011,True,False,True
TMC,1798562,2019,True,True,True
TMC,1798562,2020,True,True,True
TMC,1798562,2021,False,False,True
TMC,1798562,2022,False,False,True
TMC,1798562,2023,False,False,True
TMC,1798562,2024,False,False,True
TMC,1798562,2025,True,False,True
TMK,320335,2000,True,True,True
TMK,320335,2001,True,True,True
TMK,320335,2002,True,True,True
TMK,320335,2003,True,True,True
TMK,320335,2004,True,True,True
TMK,320335,2005,True,True,True
TMK,320335,2006,True,True,True
TMK,320335,2007,True,True,True
TMO,97745,2000,True,True,True
TMO,97745,2001,True,True,True
TMO,97745,2005,True,True,True
TMO,97745,2007,True,True,True
TMO,97745,2008,True,True,True
TMO,97745,2009,False,False,True
TMO,97745,2010,False,False,True
TMO,97745,2011,False,False,True
TMO,97745,2012,False,False,True
TMO,97745,2013,False,False,True
TMO,97745,2014,False,False,True
TMO,97745,2015,False,False,True
TMO,97745,2016,False,False,True
TMO,97745,2017,False,False,True
TMO,97745,2018,False,False,True
TMO,97745,2019,False,False,True
TMO,97745,2020,False,False,True
TMO,97745,2021,False,False,True
TMO,97745,2022,False,False,True
TMO,97745,2023,False,False,True
TMO,97745,2024,False,False,True
TMO,97745,2025,True,False,True
TMUS,1283699,2008,True,True,True
TMUS,1283699,2009,False,False,True
TMUS,1283699,2010,False,False,True
TMUS,1283699,2011,False,False,True
TMUS,1283699,2012,False,False,True
TMUS,1283699,2013,False,False,True
TMUS,1283699,2014,False,False,True
TMUS,1283699,2015,False,False,True
TMUS,1283699,2016,False,False,True
TMUS,1283699,2017,False,False,True
TMUS,1283699,2018,False,False,True
TMUS,1283699,2019,False,False,True
TMUS,1283699,2020,False,False,True
TMUS,1283699,2021,False,False,True
TMUS,1283699,2022,False,False,True
TMUS,1283699,2023,False,False,True
TMUS,1283699,2024,False,False,True
TMUS,1283699,2025,True,False,True
TNB,97854,2002,True,True,True
TNB,97854,2003,True,True,True
TNB,97854,2004,True,True,True
TNB,97854,2005,True,True,True
TNB,97854,2006,True,True,True
TNB,97854,2007,True,True,True
TNB,97854,2008,True,True,True
TOS,74091,2000,True,True,True
TOY,1005414,2000,True,True,True
TOY,1005414,2001,True,True,True
TOY,1005414,2004,True,True,True
TOY,1005414,2005,True,True,True
TOY,1005414,2006,True,True,True
TOY,1005414,2007,True,True,True
TOY,1005414,2008,True,True,True
TPL,1811074,2018,False,False,True
TPL,1811074,2019,False,False,True
TPL,1811074,2020,False,False,True
TPL,1811074,2021,False,False,True
TPL,1811074,2022,False,False,True
TPL,1811074,2023,False,False,True
TPL,1811074,2024,False,False,True
TPL,1811074,2025,True,False,True
TPR,1116132,2001,True,True,True
TPR,1116132,2002,True,True,True
TPR,1116132,2003,True,True,True
TPR,1116132,2004,True,True,True
TPR,1116132,2005,True,True,True
TPR,1116132,2006,True,True,True
TPR,1116132,2007,True,True,True
TPR,1116132,2008,True,True,True
TPR,1116132,2009,False,False,True
TPR,1116132,2010,False,False,True
TPR,1116132,2011,False,False,True
TPR,1116132,2012,False,False,True
TPR,1116132,2013,False,False,True
TPR,1116132,2014,False,False,True
TPR,1116132,2015,False,False,True
TPR,1116132,2016,False,False,True
TPR,1116132,2017,False,False,True
TPR,1116132,2018,False,False,True
TPR,1116132,2019,False,False,True
TPR,1116132,2020,False,False,True
TPR,1116132,2021,False,False,True
TPR,1116132,2022,False,False,True
TPR,1116132,2023,False,False,True
TPR,1116132,2024,False,False,True
TPR,1116132,2025,True,False,True
TRB,726513,2001,True,True,True
TRB,726513,2002,True,True,True
TRB,726513,2003,True,True,True
TRB,726513,2004,True,True,True
TRB,726513,2005,True,True,True
TRB,726513,2006,True,True,True
TRB,726513,2007,True,True,True
TRGP,1389170,2009,True,True,True
TRGP,1389170,2010,False,False,True
TRGP,1389170,2011,False,False,True
TRGP,1389170,2012,False,False,True
TRGP,1389170,2013,False,False,True
TRGP,1389170,2014,False,False,True
TRGP,1389170,2015,False,False,True
TRGP,1389170,2016,False,False,True
TRGP,1389170,2017,False,False,True
TRGP,1389170,2018,False,False,True
TRGP,1389170,2019,False,False,True
TRGP,1389170,2020,False,False,True
TRGP,1389170,2021,False,False,True
TRGP,1389170,2022,False,False,True
TRGP,1389170,2023,False,False,True
TRGP,1389170,2024,False,False,True
TRGP,1389170,2025,True,False,True
TRIP,1526520,2009,True,True,True
TRIP,1526520,2010,True,True,True
TRIP,1526520,2011,False,False,True
TRIP,1526520,2012,False,False,True
TRIP,1526520,2013,False,False,True
TRIP,1526520,2014,False,False,True
TRIP,1526520,2015,False,False,True
TRIP,1526520,2016,False,False,True
TRIP,1526520,2017,False,False,True
TRIP,1526520,2018,False,False,True
TRIP,1526520,2019,False,False,True
TRIP,1526520,2020,False,False,True
TRIP,1526520,2021,False,False,True
TRIP,1526520,2022,False,False,True
TRIP,1526520,2023,False,False,True
TRIP,1526520,2024,False,False,True
TRIP,1526520,2025,True,False,True
TRMB,864749,2009,False,False,True
TRMB,864749,2010,False,False,True
TRMB,864749,2011,False,False,True
TRMB,864749,2012,False,False,True
TRMB,864749,2014,False,False,True
TRMB,864749,2015,False,False,True
TRMB,864749,2016,False,False,True
TRMB,864749,2017,False,False,True
TRMB,864749,2018,False,False,True
TRMB,864749,2020,False,False,True
TRMB,864749,2021,False,False,True
TRMB,864749,2022,False,False,True
TRMB,864749,2023,False,False,True
TRMB,864749,2024,True,False,True
TRMB,864749,2025,True,False,True
TRMB,864749,2026,True,False,True
TROW,1113169,2000,True,True,True
TROW,1113169,2001,True,True,True
TROW,1113169,2004,True,True,True
TROW,1113169,2005,True,True,True
TROW,1113169,2006,True,True,True
TROW,1113169,2007,True,True,True
TROW,1113169,2008,True,True,True
TROW,1113169,2010,False,False,True
TROW,1113169,2011,False,False,True
TROW,1113169,2012,False,False,True
TROW,1113169,2013,False,False,True
TROW,1113169,2014,False,False,True
TROW,1113169,2015,False,False,True
TROW,1113169,2016,False,False,True
TROW,1113169,2017,False,False,True
TROW,1113169,2018,False,False,True
TROW,1113169,2019,False,False,True
TROW,1113169,2020,False,False,True
TROW,1113169,2021,False,False,True
TROW,1113169,2022,False,False,True
TROW,1113169,2023,False,False,True
TROW,1113169,2024,False,False,True
TROW,1113169,2025,True,False,True
TRV,86312,2000,True,True,True
TRV,86312,2001,True,True,True
TRV,86312,2002,True,True,True
TRV,86312,2003,True,True,True
TRV,86312,2004,True,True,True
TRV,86312,2005,True,True,True
TRV,86312,2006,True,True,True
TRV,86312,2007,True,True,True
TRV,86312,2008,True,True,True
TRV,86312,2009,False,False,True
TRV,86312,2010,False,False,True
TRV,86312,2011,False,False,True
TRV,86312,2012,False,False,True
TRV,86312,2013,False,False,True
TRV,86312,2014,False,False,True
TRV,86312,2015,False,False,True
TRV,86312,2016,False,False,True
TRV,86312,2017,False,False,True
TRV,86312,2018,False,False,True
TRV,86312,2019,False,False,True
TRV,86312,2020,False,False,True
TRV,86312,2021,False,False,True
TRV,86312,2022,False,False,True
TRV,86312,2023,False,False,True
TRV,86312,2024,False,False,True
TRV,86312,2025,True,False,True
TRW,100030,2001,True,True,True
TSCO,916365,2008,True,True,True
TSCO,916365,2009,False,False,True
TSCO,916365,2010,False,False,True
TSCO,916365,2011,False,False,True
TSCO,916365,2012,False,False,True
TSCO,916365,2013,False,False,True
TSCO,916365,2014,False,False,True
TSCO,916365,2015,False,False,True
TSCO,916365,2016,False,False,True
TSCO,916365,2017,False,False,True
TSCO,916365,2018,False,False,True
TSCO,916365,2019,False,False,True
TSCO,916365,2020,False,False,True
TSCO,916365,2021,False,False,True
TSCO,916365,2022,False,False,True
TSCO,916365,2023,False,False,True
TSCO,916365,2024,False,False,True
TSCO,916365,2025,True,False,True
TSG,1020265,2000,True,True,True
TSG,1020265,2001,True,True,True
TSG,1020265,2002,True,True,True
TSG,1020265,2003,True,True,True
TSG,1020265,2004,True,True,True
TSG,1020265,2005,True,True,True
TSG,1020265,2006,True,True,True
TSLA,1318605,2009,True,True,True
TSLA,1318605,2010,False,False,True
TSLA,1318605,2011,False,False,True
TSLA,1318605,2012,False,False,True
TSLA,1318605,2013,False,False,True
TSLA,1318605,2014,False,False,True
TSLA,1318605,2015,False,False,True
TSLA,1318605,2016,False,False,True
TSLA,1318605,2017,False,False,True
TSLA,1318605,2018,False,False,True
TSLA,1318605,2019,False,False,True
TSLA,1318605,2020,False,False,True
TSLA,1318605,2021,False,False,True
TSLA,1318605,2022,False,False,True
TSLA,1318605,2023,False,False,True
TSLA,1318605,2024,False,False,True
TSLA,1318605,2025,True,False,True
TSN,100493,2000,True,True,True
TSN,100493,2001,True,True,True
TSN,100493,2002,True,True,True
TSN,100493,2003,True,True,True
TSN,100493,2004,True,True,True
TSN,100493,2005,True,True,True
TSN,100493,2006,True,True,True
TSN,100493,2007,True,True,True
TSN,100493,2008,True,True,True
TSN,100493,2009,False,False,True
TSN,100493,2010,False,False,True
TSN,100493,2011,False,False,True
TSN,100493,2012,False,False,True
TSN,100493,2013,False,False,True
TSN,100493,2014,False,False,True
TSN,100493,2015,False,False,True
TSN,100493,2016,False,False,True
TSN,100493,2017,False,False,True
TSN,100493,2018,False,False,True
TSN,100493,2019,False,False,True
TSN,100493,2020,False,False,True
TSN,100493,2021,False,False,True
TSN,100493,2022,False,False,True
TSN,100493,2023,False,False,True
TSN,100493,2024,False,False,True
TSN,100493,2025,True,True,True
TSS,721683,2000,True,True,True
TSS,721683,2002,True,True,True
TSS,721683,2004,True,True,True
TSS,721683,2005,True,True,True
TSS,721683,2007,True,True,True
TSS,721683,2008,True,True,True
TSS,721683,2009,True,True,True
TSS,721683,2010,True,False,True
TSS,721683,2011,True,False,True
TSS,721683,2012,True,False,True
TSS,721683,2013,True,False,True
TSS,721683,2014,True,False,True
TSS,721683,2015,True,False,True
TSS,721683,2016,True,False,True
TSS,721683,2017,True,False,True
TSS,721683,2018,True,False,True
TT,1466258,2007,True,True,True
TT,1466258,2008,True,True,True
TT,1466258,2009,False,False,True
TT,1466258,2010,False,False,True
TT,1466258,2011,False,False,True
TT,1466258,2012,False,False,True
TT,1466258,2013,False,False,True
TT,1466258,2014,False,False,True
TT,1466258,2015,False,False,True
TT,1466258,2016,False,False,True
TT,1466258,2017,False,False,True
TT,1466258,2018,False,False,True
TT,1466258,2019,False,False,True
TT,1466258,2020,False,False,True
TT,1466258,2021,False,False,True
TT,1466258,2022,False,False,True
TT,1466258,2023,False,False,True
TT,1466258,2024,False,False,True
TT,1466258,2025,True,False,True
TTD,1671933,2014,True,True,True
TTD,1671933,2015,True,True,True
TTD,1671933,2016,False,False,True
TTD,1671933,2017,False,False,True
TTD,1671933,2018,False,False,True
TTD,1671933,2019,False,False,True
TTD,1671933,2020,False,False,True
TTD,1671933,2021,False,False,True
TTD,1671933,2022,False,False,True
TTD,1671933,2023,False,False,True
TTD,1671933,2024,False,False,True
TTD,1671933,2025,True,True,True
TTWO,946581,2008,True,True,True
TTWO,946581,2009,False,False,True
TTWO,946581,2010,False,False,True
TTWO,946581,2011,False,False,True
TTWO,946581,2012,False,False,True
TTWO,946581,2013,False,False,True
TTWO,946581,2014,False,False,True
TTWO,946581,2015,False,False,True
TTWO,946581,2016,False,False,True
TTWO,946581,2017,False,False,True
TTWO,946581,2018,False,False,True
TTWO,946581,2019,False,False,True
TTWO,946581,2020,False,False,True
TTWO,946581,2021,False,False,True
TTWO,946581,2022,False,False,True
TTWO,946581,2023,False,False,True
TTWO,946581,2024,False,False,True
TTWO,946581,2025,True,False,True
TTWO,946581,2026,True,False,True
TUP,1008654,2000,True,True,True
TUP,1008654,2001,True,True,True
TUP,1008654,2002,True,True,True
TUP,1008654,2003,True,True,True
TUP,1008654,2004,True,True,True
TUP,1008654,2005,True,True,True
TUP,1008654,2006,True,True,True
TUP,1008654,2007,True,True,True
TUP,1008654,2008,True,True,True
TWC,1377013,2009,True,True,True
TWC,1377013,2010,True,False,True
TWC,1377013,2011,True,False,True
TWC,1377013,2012,True,False,True
TWC,1377013,2013,True,False,True
TWC,1377013,2014,True,False,True
TWC,1377013,2015,True,False,True
TWTR,1418091,2018,True,False,True
TWTR,1418091,2019,True,False,True
TWTR,1418091,2020,True,False,True
TWTR,1418091,2021,True,False,True
TWX,1105705,2002,True,True,True
TWX,1105705,2003,True,True,True
TWX,1105705,2004,True,True,True
TWX,1105705,2005,True,True,True
TWX,1105705,2006,True,True,True
TWX,1105705,2007,True,True,True
TWX,1105705,2008,True,True,True
TWX,1105705,2009,True,False,True
TWX,1105705,2010,True,False,True
TWX,1105705,2011,True,False,True
TWX,1105705,2012,True,False,True
TWX,1105705,2013,True,False,True
TWX,1105705,2014,True,False,True
TWX,1105705,2015,True,False,True
TWX,1105705,2016,True,False,True
TWX,1105705,2017,True,False,True
TXN,97476,2002,True,True,True
TXN,97476,2003,True,True,True
TXN,97476,2004,True,True,True
TXN,97476,2005,True,True,True
TXN,97476,2006,True,True,True
TXN,97476,2007,True,True,True
TXN,97476,2008,True,True,True
TXN,97476,2009,False,False,True
TXN,97476,2010,False,False,True
TXN,97476,2011,False,False,True
TXN,97476,2012,False,False,True
TXN,97476,2013,False,False,True
TXN,97476,2014,False,False,True
TXN,97476,2015,False,False,True
TXN,97476,2016,False,False,True
TXN,97476,2017,False,False,True
TXN,97476,2018,False,False,True
TXN,97476,2019,False,False,True
TXN,97476,2020,False,False,True
TXN,97476,2021,False,False,True
TXN,97476,2022,False,False,True
TXN,97476,2023,False,False,True
TXN,97476,2024,False,False,True
TXN,97476,2025,True,False,True
TXT,217346,2000,True,True,True
TXT,217346,2001,True,True,True
TXT,217346,2004,True,True,True
TXT,217346,2005,True,True,True
TXT,217346,2006,True,True,True
TXT,217346,2007,True,True,True
TXT,217346,2009,False,False,True
TXT,217346,2010,False,False,True
TXT,217346,2011,False,False,True
TXT,217346,2012,False,False,True
TXT,217346,2013,False,False,True
TXT,217346,2014,True,False,True
TXT,217346,2015,False,False,True
TXT,217346,2016,False,False,True
TXT,217346,2017,False,False,True
TXT,217346,2018,False,False,True
TXT,217346,2019,True,False,True
TXT,217346,2020,False,False,True
TXT,217346,2021,False,False,True
TXT,217346,2022,False,False,True
TXT,217346,2023,False,False,True
TXT,217346,2024,False,False,True
TXT,217346,2025,True,False,True
TXT,217346,2026,True,False,True
TXU,1023291,2001,True,True,True
TXU,1023291,2005,True,True,True
TXU,1023291,2006,True,True,True
TXU,1023291,2007,True,True,True
TXU,1023291,2008,True,True,True
TYL,860731,2009,False,False,True
TYL,860731,2010,False,False,True
TYL,860731,2011,False,False,True
TYL,860731,2012,False,False,True
TYL,860731,2013,False,False,True
TYL,860731,2014,False,False,True
TYL,860731,2015,False,False,True
TYL,860731,2016,False,False,True
TYL,860731,2017,False,False,True
TYL,860731,2018,False,False,True
TYL,860731,2019,False,False,True
TYL,860731,2020,False,False,True
TYL,860731,2021,False,False,True
TYL,860731,2022,False,False,True
TYL,860731,2023,False,False,True
TYL,860731,2024,False,False,True
TYL,860731,2025,True,False,True
UAA,1336917,2008,True,True,True
UAA,1336917,2009,False,False,True
UAA,1336917,2010,False,False,True
UAA,1336917,2011,False,False,True
UAA,1336917,2012,False,False,True
UAA,1336917,2013,False,False,True
UAA,1336917,2014,False,False,True
UAA,1336917,2015,False,False,True
UAA,1336917,2016,True,True,True
UAA,1336917,2017,False,False,True
UAA,1336917,2018,False,False,True
UAA,1336917,2019,False,False,True
UAA,1336917,2020,False,False,True
UAA,1336917,2021,False,False,True
UAA,1336917,2022,True,True,True
UAA,1336917,2023,False,False,True
UAA,1336917,2024,False,False,True
UAA,1336917,2025,True,True,True
UAA,1336917,2026,True,True,True
UAL,100517,2008,True,True,True
UAL,100517,2009,False,False,True
UAL,100517,2010,False,False,True
UAL,100517,2012,False,False,True
UAL,100517,2013,False,False,True
UAL,100517,2014,False,False,True
UAL,100517,2015,False,False,True
UAL,100517,2016,False,False,True
UAL,100517,2017,False,False,True
UAL,100517,2018,False,False,True
UAL,100517,2019,False,False,True
UAL,100517,2020,False,False,True
UAL,100517,2021,False,False,True
UAL,100517,2022,False,False,True
UAL,100517,2023,False,False,True
UAL,100517,2024,False,False,True
UAL,100517,2025,True,False,True
UAWGQ,100517,2001,True,True,True
UAWGQ,100517,2003,True,True,True
UAWGQ,100517,2004,True,True,True
UAWGQ,100517,2006,True,True,True
UAWGQ,100517,2007,True,True,True
UBER,1543151,2017,True,True,True
UBER,1543151,2018,True,True,True
UBER,1543151,2019,False,False,True
UBER,1543151,2020,False,False,True
UBER,1543151,2021,False,False,True
UBER,1543151,2022,False,False,True
UBER,1543151,2023,False,False,True
UBER,1543151,2024,False,False,True
UBER,1543151,2025,True,False,True
UDR,74208,2008,True,True,True
UDR,74208,2009,False,False,True
UDR,74208,2010,False,False,True
UDR,74208,2011,False,False,True
UDR,74208,2012,False,False,True
UDR,74208,2013,False,False,True
UDR,74208,2014,False,False,True
UDR,74208,2015,False,False,True
UDR,74208,2016,False,False,True
UDR,74208,2017,False,False,True
UDR,74208,2018,False,False,True
UDR,74208,2019,False,False,True
UDR,74208,2020,False,False,True
UDR,74208,2021,False,False,True
UDR,74208,2022,False,False,True
UDR,74208,2023,False,False,True
UDR,74208,2024,False,False,True
UDR,74208,2025,True,False,True
UHS,352915,2008,True,True,True
UHS,352915,2009,False,False,True
UHS,352915,2010,False,False,True
UHS,352915,2011,False,False,True
UHS,352915,2012,False,False,True
UHS,352915,2013,False,False,True
UHS,352915,2014,False,False,True
UHS,352915,2015,False,False,True
UHS,352915,2016,False,False,True
UHS,352915,2017,False,False,True
UHS,352915,2018,False,False,True
UHS,352915,2019,False,False,True
UHS,352915,2020,False,False,True
UHS,352915,2021,False,False,True
UHS,352915,2022,False,False,True
UHS,352915,2023,False,False,True
UHS,352915,2024,False,False,True
UHS,352915,2025,True,True,True
UIS,746838,2000,True,True,True
UIS,746838,2001,True,True,True
UIS,746838,2003,True,True,True
UIS,746838,2004,True,True,True
UIS,746838,2005,True,True,True
UIS,746838,2006,True,True,True
UIS,746838,2007,True,True,True
UIS,746838,2008,True,True,True
UIS,746838,2009,False,False,True
UIS,746838,2010,False,False,True
UIS,746838,2011,False,False,True
UIS,746838,2012,False,False,True
UIS,746838,2013,False,False,True
UIS,746838,2014,False,False,True
UIS,746838,2015,False,False,True
UIS,746838,2016,False,False,True
UIS,746838,2017,False,False,True
UIS,746838,2018,False,False,True
UIS,746838,2019,False,False,True
UIS,746838,2020,False,False,True
UIS,746838,2021,False,False,True
UIS,746838,2022,False,False,True
UIS,746838,2023,False,False,True
UIS,746838,2024,False,False,True
UIS,746838,2025,True,False,True
ULTA,1403568,2010,False,False,True
ULTA,1403568,2011,False,False,True
ULTA,1403568,2012,False,False,True
ULTA,1403568,2013,False,False,True
ULTA,1403568,2014,False,False,True
ULTA,1403568,2015,False,False,True
ULTA,1403568,2016,False,False,True
ULTA,1403568,2017,False,False,True
ULTA,1403568,2018,False,False,True
ULTA,1403568,2019,False,False,True
ULTA,1403568,2020,False,False,True
ULTA,1403568,2021,False,False,True
ULTA,1403568,2022,False,False,True
ULTA,1403568,2023,False,False,True
ULTA,1403568,2024,False,False,True
ULTA,1403568,2025,True,False,True
ULTA,1403568,2026,True,False,True
UNH,731766,2000,True,True,True
UNH,731766,2001,True,True,True
UNH,731766,2003,True,True,True
UNH,731766,2004,True,True,True
UNH,731766,2005,True,True,True
UNH,731766,2006,True,True,True
UNH,731766,2007,True,True,True
UNH,731766,2008,True,True,True
UNH,731766,2009,False,False,True
UNH,731766,2010,False,False,True
UNH,731766,2011,False,False,True
UNH,731766,2012,False,False,True
UNH,731766,2013,False,False,True
UNH,731766,2014,False,False,True
UNH,731766,2015,False,False,True
UNH,731766,2016,False,False,True
UNH,731766,2017,False,False,True
UNH,731766,2018,False,False,True
UNH,731766,2019,False,False,True
UNH,731766,2020,False,False,True
UNH,731766,2021,False,False,True
UNH,731766,2022,False,False,True
UNH,731766,2023,False,False,True
UNH,731766,2024,False,False,True
UNH,731766,2025,True,False,True
UNM,5513,2000,True,True,True
UNM,5513,2001,True,True,True
UNM,5513,2002,True,True,True
UNM,5513,2003,True,True,True
UNM,5513,2004,True,True,True
UNM,5513,2005,True,True,True
UNM,5513,2006,True,True,True
UNM,5513,2007,True,True,True
UNM,5513,2008,True,True,True
UNM,5513,2009,False,False,True
UNM,5513,2010,False,False,True
UNM,5513,2011,False,False,True
UNM,5513,2012,False,False,True
UNM,5513,2013,False,False,True
UNM,5513,2014,False,False,True
UNM,5513,2015,False,False,True
UNM,5513,2016,False,False,True
UNM,5513,2017,False,False,True
UNM,5513,2018,False,False,True
UNM,5513,2019,False,False,True
UNM,5513,2020,False,False,True
UNM,5513,2021,False,False,True
UNM,5513,2022,False,False,True
UNM,5513,2023,False,False,True
UNM,5513,2024,False,False,True
UNM,5513,2025,True,False,True
UNP,100885,2000,True,True,True
UNP,100885,2001,True,True,True
UNP,100885,2003,True,True,True
UNP,100885,2004,True,True,True
UNP,100885,2005,True,True,True
UNP,100885,2006,True,True,True
UNP,100885,2007,True,True,True
UNP,100885,2008,True,True,True
UNP,100885,2009,False,False,True
UNP,100885,2010,False,False,True
UNP,100885,2011,False,False,True
UNP,100885,2012,False,False,True
UNP,100885,2013,False,False,True
UNP,100885,2014,False,False,True
UNP,100885,2015,False,False,True
UNP,100885,2016,False,False,True
UNP,100885,2017,False,False,True
UNP,100885,2018,False,False,True
UNP,100885,2019,False,False,True
UNP,100885,2020,False,False,True
UNP,100885,2021,False,False,True
UNP,100885,2022,False,False,True
UNP,100885,2023,False,False,True
UNP,100885,2024,False,False,True
UNP,100885,2025,True,False,True
UPS,1090727,2002,True,True,True
UPS,1090727,2003,True,True,True
UPS,1090727,2004,True,True,True
UPS,1090727,2005,True,True,True
UPS,1090727,2006,True,True,True
UPS,1090727,2007,True,True,True
UPS,1090727,2008,True,True,True
UPS,1090727,2009,False,False,True
UPS,1090727,2010,False,False,True
UPS,1090727,2011,False,False,True
UPS,1090727,2012,False,False,True
UPS,1090727,2013,False,False,True
UPS,1090727,2014,False,False,True
UPS,1090727,2015,False,False,True
UPS,1090727,2016,False,False,True
UPS,1090727,2017,False,False,True
UPS,1090727,2018,False,False,True
UPS,1090727,2019,False,False,True
UPS,1090727,2020,False,False,True
UPS,1090727,2021,False,False,True
UPS,1090727,2022,False,False,True
UPS,1090727,2023,False,False,True
UPS,1090727,2024,False,False,True
UPS,1090727,2025,True,True,True
URBN,912615,2009,False,False,True
URBN,912615,2010,False,False,True
URBN,912615,2011,False,False,True
URBN,912615,2012,False,False,True
URBN,912615,2013,False,False,True
URBN,912615,2014,False,False,True
URBN,912615,2015,False,False,True
URBN,912615,2016,False,False,True
URBN,912615,2017,False,False,True
URBN,912615,2018,False,False,True
URBN,912615,2019,False,False,True
URBN,912615,2020,False,False,True
URBN,912615,2021,False,False,True
URBN,912615,2022,False,False,True
URBN,912615,2023,False,False,True
URBN,912615,2024,False,False,True
URBN,912615,2025,True,False,True
URBN,912615,2026,True,False,True
URI,1067701,2007,True,True,False
URI,1067701,2009,False,False,True
URI,1067701,2010,False,False,True
URI,1067701,2012,False,False,True
URI,1067701,2013,False,False,True
URI,1067701,2014,False,False,True
URI,1067701,2015,False,False,True
URI,1067701,2016,False,False,True
URI,1067701,2017,False,False,True
URI,1067701,2018,False,False,True
URI,1067701,2019,False,False,True
URI,1067701,2020,False,False,True
URI,1067701,2021,False,False,True
URI,1067701,2022,False,False,True
URI,1067701,2023,False,False,True
URI,1067701,2024,False,False,True
URI,1067701,2025,True,False,True
USB,36104,2001,True,True,True
USB,36104,2007,True,True,True
USB,36104,2008,True,True,True
USB,36104,2009,False,False,True
USB,36104,2010,False,False,True
USB,36104,2011,False,False,True
USB,36104,2012,False,False,True
USB,36104,2013,False,False,True
USB,36104,2014,False,False,True
USB,36104,2015,False,False,True
USB,36104,2016,False,False,True
USB,36104,2017,False,False,True
USB,36104,2018,False,False,True
USB,36104,2019,False,False,True
USB,36104,2020,False,False,True
USB,36104,2021,False,False,True
USB,36104,2022,False,False,True
USB,36104,2023,False,False,True
USB,36104,2024,False,False,True
USB,36104,2025,True,False,True
USBC,1074828,2009,True,True,True
USBC,1074828,2010,True,True,True
USBC,1074828,2011,False,False,True
USBC,1074828,2012,False,False,True
USBC,1074828,2013,False,False,True
USBC,1074828,2014,False,False,True
USBC,1074828,2015,False,False,True
USBC,1074828,2016,False,False,True
USBC,1074828,2017,False,False,True
USBC,1074828,2018,False,False,True
USBC,1074828,2019,False,False,True
USBC,1074828,2020,False,False,True
USBC,1074828,2021,False,False,True
USBC,1074828,2022,False,False,True
USBC,1074828,2023,False,False,True
USBC,1074828,2024,False,False,True
USBC,1074828,2025,True,False,True
UST,811669,2007,True,True,True
USW,68622,2000,True,True,True
USW,68622,2002,True,True,True
USW,68622,2003,True,True,True
USW,68622,2004,True,True,True
USW,68622,2005,True,True,True
USW,68622,2006,True,True,True
USW,68622,2007,True,True,True
USW,68622,2008,True,True,True
UTX,101829,2000,True,True,True
UTX,101829,2001,True,True,True
UTX,101829,2003,True,True,True
UTX,101829,2004,True,True,True
UTX,101829,2005,True,True,True
UTX,101829,2006,True,True,True
UTX,101829,2007,True,True,True
UVN,1017008,2000,True,True,True
UVN,1017008,2001,True,True,True
UVN,1017008,2002,True,True,True
UVN,1017008,2003,True,True,True
UVN,1017008,2004,True,True,True
UVN,1017008,2005,True,True,True
UVN,1017008,2006,True,True,True
UVN,1017008,2007,True,True,True
UVN,1017008,2008,True,True,True
V,1403161,2007,True,True,True
V,1403161,2008,True,True,True
V,1403161,2009,False,False,True
V,1403161,2010,True,False,True
V,1403161,2011,True,True,True
V,1403161,2012,True,True,True
V,1403161,2013,True,True,True
V,1403161,2014,True,True,True
V,1403161,2015,True,True,True
V,1403161,2016,True,True,True
V,1403161,2017,True,True,True
V,1403161,2018,True,True,True
V,1403161,2019,True,True,True
V,1403161,2020,True,True,True
V,1403161,2021,True,True,True
V,1403161,2022,True,True,True
V,1403161,2023,True,True,True
V,1403161,2024,True,True,True
V,1403161,2025,True,True,True
VAR,203527,2001,True,True,True
VAR,203527,2002,True,True,True
VAR,203527,2003,True,True,True
VAR,203527,2004,True,True,True
VAR,203527,2005,True,True,True
VAR,203527,2006,True,True,True
VAR,203527,2007,True,True,True
VAR,203527,2008,True,True,True
VAR,203527,2009,True,False,True
VAR,203527,2010,True,False,True
VAR,203527,2011,True,False,True
VAR,203527,2012,True,False,True
VAR,203527,2013,True,False,True
VAR,203527,2014,True,False,True
VAR,203527,2015,True,False,True
VAR,203527,2016,True,False,True
VAR,203527,2017,True,False,True
VAR,203527,2018,True,False,True
VAR,203527,2019,True,False,True
VAR,203527,2020,True,False,True
VEEV,1393052,2012,True,True,True
VEEV,1393052,2013,True,True,True
VEEV,1393052,2014,False,False,True
VEEV,1393052,2015,False,False,True
VEEV,1393052,2016,False,False,True
VEEV,1393052,2017,False,False,True
VEEV,1393052,2018,False,False,True
VEEV,1393052,2019,False,False,True
VEEV,1393052,2020,False,False,True
VEEV,1393052,2021,False,False,True
VEEV,1393052,2022,False,False,True
VEEV,1393052,2023,False,False,True
VEEV,1393052,2024,False,False,True
VEEV,1393052,2025,True,False,True
VEEV,1393052,2026,True,False,True
VFC,103379,2001,True,True,True
VFC,103379,2005,True,True,True
VFC,103379,2006,True,True,True
VFC,103379,2007,True,True,True
VFC,103379,2009,False,False,True
VFC,103379,2010,False,False,True
VFC,103379,2011,False,False,True
VFC,103379,2012,False,False,True
VFC,103379,2013,False,False,True
VFC,103379,2014,True,False,True
VFC,103379,2015,False,False,True
VFC,103379,2016,False,False,True
VFC,103379,2017,False,False,True
VFC,103379,2018,False,False,True
VFC,103379,2019,False,False,True
VFC,103379,2020,False,False,True
VFC,103379,2021,False,False,True
VFC,103379,2022,False,False,True
VFC,103379,2023,False,False,True
VFC,103379,2024,False,False,True
VFC,103379,2025,True,False,True
VFC,103379,2026,True,False,True
VIAB,1339947,2006,True,True,True
VIAB,1339947,2007,True,True,True
VIAB,1339947,2008,True,True,True
VIAB,1339947,2009,True,False,True
VIAB,1339947,2010,True,False,True
VIAB,1339947,2011,True,True,True
VIAB,1339947,2012,True,True,True
VIAB,1339947,2013,True,True,True
VIAB,1339947,2014,True,True,True
VIAB,1339947,2015,True,True,True
VIAB,1339947,2016,True,True,True
VIAB,1339947,2017,True,True,True
VIAB,1339947,2018,True,True,True
VIAB,1339947,2019,True,True,True
VIAC,813828,2020,True,True,True
VIAC,813828,2021,True,True,True
VIAV,912093,2000,True,True,True
VIAV,912093,2001,True,True,True
VIAV,912093,2002,True,True,True
VIAV,912093,2003,True,True,True
VIAV,912093,2004,True,True,True
VIAV,912093,2005,True,True,True
VIAV,912093,2006,True,True,True
VIAV,912093,2007,True,True,True
VIAV,912093,2008,True,True,True
VIAV,912093,2009,False,False,True
VIAV,912093,2010,False,False,True
VIAV,912093,2011,False,False,True
VIAV,912093,2012,False,False,True
VIAV,912093,2013,False,False,True
VIAV,912093,2014,False,False,True
VIAV,912093,2015,False,False,True
VIAV,912093,2016,False,False,True
VIAV,912093,2017,False,False,True
VIAV,912093,2018,False,False,True
VIAV,912093,2019,False,False,True
VIAV,912093,2020,False,False,True
VIAV,912093,2021,False,False,True
VIAV,912093,2022,False,False,True
VIAV,912093,2023,False,False,True
VIAV,912093,2024,False,False,True
VIAV,912093,2025,True,False,True
VICI,1705696,2016,True,True,True
VICI,1705696,2017,True,False,True
VICI,1705696,2018,False,False,True
VICI,1705696,2019,False,False,True
VICI,1705696,2020,False,False,True
VICI,1705696,2021,False,False,True
VICI,1705696,2022,False,False,True
VICI,1705696,2023,False,False,True
VICI,1705696,2024,False,False,True
VICI,1705696,2025,True,False,True
VLO,1035002,2001,True,True,True
VLO,1035002,2003,True,True,True
VLO,1035002,2004,True,True,True
VLO,1035002,2005,True,True,True
VLO,1035002,2006,True,True,True
VLO,1035002,2007,True,True,True
VLO,1035002,2008,True,True,True
VLO,1035002,2009,False,False,True
VLO,1035002,2010,False,False,True
VLO,1035002,2011,False,False,True
VLO,1035002,2012,False,False,True
VLO,1035002,2013,False,False,True
VLO,1035002,2014,False,False,True
VLO,1035002,2015,False,False,True
VLO,1035002,2016,False,False,True
VLO,1035002,2017,False,False,True
VLO,1035002,2018,False,False,True
VLO,1035002,2019,False,False,True
VLO,1035002,2020,False,False,True
VLO,1035002,2021,False,False,True
VLO,1035002,2022,False,False,True
VLO,1035002,2023,False,False,True
VLO,1035002,2024,False,False,True
VLO,1035002,2025,True,False,True
VLTO,1967680,2021,True,True,True
VLTO,1967680,2022,True,True,True
VLTO,1967680,2023,False,False,True
VLTO,1967680,2024,False,False,True
VLTO,1967680,2025,True,False,True
VMC,1396009,2007,True,True,True
VMC,1396009,2008,True,True,True
VMC,1396009,2009,False,False,True
VMC,1396009,2010,False,False,True
VMC,1396009,2011,False,False,True
VMC,1396009,2012,False,False,True
VMC,1396009,2013,False,False,True
VMC,1396009,2014,False,False,True
VMC,1396009,2015,False,False,True
VMC,1396009,2016,False,False,True
VMC,1396009,2017,False,False,True
VMC,1396009,2018,False,False,True
VMC,1396009,2019,False,False,True
VMC,1396009,2020,False,False,True
VMC,1396009,2021,False,False,True
VMC,1396009,2022,False,False,True
VMC,1396009,2023,False,False,True
VMC,1396009,2024,False,False,True
VMC,1396009,2025,True,False,True
VNO,899689,2001,True,True,True
VNO,899689,2003,True,True,True
VNO,899689,2004,True,True,True
VNO,899689,2005,True,True,True
VNO,899689,2006,True,True,True
VNO,899689,2007,True,True,True
VNO,899689,2008,True,True,True
VNO,899689,2009,False,False,True
VNO,899689,2010,False,False,True
VNO,899689,2011,False,False,True
VNO,899689,2012,False,False,True
VNO,899689,2013,False,False,True
VNO,899689,2014,False,False,True
VNO,899689,2015,False,False,True
VNO,899689,2016,False,False,True
VNO,899689,2017,False,False,True
VNO,899689,2018,False,False,True
VNO,899689,2019,False,False,True
VNO,899689,2020,False,False,True
VNO,899689,2021,False,False,True
VNO,899689,2022,False,False,True
VNO,899689,2023,False,False,True
VNO,899689,2024,False,False,True
VNO,899689,2025,True,False,True
VNT,1786842,2018,True,True,True
VNT,1786842,2019,True,True,True
VNT,1786842,2020,False,False,True
VNT,1786842,2021,False,False,True
VNT,1786842,2022,False,False,True
VNT,1786842,2023,False,False,True
VNT,1786842,2024,False,False,True
VNT,1786842,2025,True,False,True
VRSK,1442145,2009,False,False,True
VRSK,1442145,2010,False,False,True
VRSK,1442145,2011,False,False,True
VRSK,1442145,2012,False,False,True
VRSK,1442145,2013,False,False,True
VRSK,1442145,2014,False,False,True
VRSK,1442145,2015,False,False,True
VRSK,1442145,2016,False,False,True
VRSK,1442145,2017,False,False,True
VRSK,1442145,2018,False,False,True
VRSK,1442145,2019,False,False,True
VRSK,1442145,2020,False,False,True
VRSK,1442145,2021,False,False,True
VRSK,1442145,2022,False,False,True
VRSK,1442145,2023,False,False,True
VRSK,1442145,2024,False,False,True
VRSK,1442145,2025,True,False,True
VRSN,1014473,2000,True,True,True
VRSN,1014473,2001,True,True,True
VRSN,1014473,2002,True,True,True
VRSN,1014473,2003,True,True,True
VRSN,1014473,2004,True,True,True
VRSN,1014473,2005,True,True,True
VRSN,1014473,2006,True,True,True
VRSN,1014473,2007,True,True,True
VRSN,1014473,2008,True,True,True
VRSN,1014473,2009,False,False,True
VRSN,1014473,2010,False,False,True
VRSN,1014473,2011,False,False,True
VRSN,1014473,2012,False,False,True
VRSN,1014473,2013,False,False,True
VRSN,1014473,2014,False,False,True
VRSN,1014473,2015,False,False,True
VRSN,1014473,2016,False,False,True
VRSN,1014473,2017,False,False,True
VRSN,1014473,2018,False,False,True
VRSN,1014473,2019,False,False,True
VRSN,1014473,2020,False,False,True
VRSN,1014473,2021,False,False,True
VRSN,1014473,2022,False,False,True
VRSN,1014473,2023,False,False,True
VRSN,1014473,2024,False,False,True
VRSN,1014473,2025,True,False,True
VRT,1674101,2016,True,True,True
VRT,1674101,2017,True,True,True
VRT,1674101,2018,False,False,True
VRT,1674101,2019,False,False,True
VRT,1674101,2020,False,False,True
VRT,1674101,2021,False,False,True
VRT,1674101,2022,False,False,True
VRT,1674101,2023,False,False,True
VRT,1674101,2024,False,False,True
VRT,1674101,2025,True,False,True
VRTS,883237,2008,True,True,True
VRTS,883237,2009,False,False,True
VRTS,883237,2010,False,False,True
VRTS,883237,2011,False,False,True
VRTS,883237,2012,False,False,True
VRTS,883237,2013,False,False,True
VRTS,883237,2014,False,False,True
VRTS,883237,2015,False,False,True
VRTS,883237,2016,False,False,True
VRTS,883237,2017,False,False,True
VRTS,883237,2018,False,False,True
VRTS,883237,2019,False,False,True
VRTS,883237,2020,False,False,True
VRTS,883237,2021,False,False,True
VRTS,883237,2022,False,False,True
VRTS,883237,2023,False,False,True
VRTS,883237,2024,False,False,True
VRTS,883237,2025,True,False,True
VRTX,875320,2008,True,True,True
VRTX,875320,2009,False,False,True
VRTX,875320,2010,False,False,True
VRTX,875320,2011,False,False,True
VRTX,875320,2012,False,False,True
VRTX,875320,2013,False,False,True
VRTX,875320,2014,False,False,True
VRTX,875320,2015,False,False,True
VRTX,875320,2016,False,False,True
VRTX,875320,2017,False,False,True
VRTX,875320,2018,False,False,True
VRTX,875320,2019,False,False,True
VRTX,875320,2020,False,False,True
VRTX,875320,2021,False,False,True
VRTX,875320,2022,False,False,True
VRTX,875320,2023,False,False,True
VRTX,875320,2024,False,False,True
VRTX,875320,2025,True,False,True
VST,1692819,2016,False,False,True
VST,1692819,2017,False,False,True
VST,1692819,2018,False,False,True
VST,1692819,2019,False,False,True
VST,1692819,2020,False,False,True
VST,1692819,2021,False,False,True
VST,1692819,2022,False,False,True
VST,1692819,2023,False,False,True
VST,1692819,2024,False,False,True
VST,1692819,2025,True,False,True
VSTNQ,1111335,2002,True,True,True
VSTNQ,1111335,2003,True,True,True
VSTNQ,1111335,2004,True,True,True
VSTNQ,1111335,2005,True,True,True
VSTNQ,1111335,2006,True,True,True
VSTNQ,1111335,2007,True,True,True
VSTNQ,1111335,2008,True,True,True
VTR,740260,2007,True,True,True
VTR,740260,2008,True,True,True
VTR,740260,2009,False,False,True
VTR,740260,2010,False,False,True
VTR,740260,2011,False,False,True
VTR,740260,2012,False,False,True
VTR,740260,2013,False,False,True
VTR,740260,2014,False,False,True
VTR,740260,2015,False,False,True
VTR,740260,2016,False,False,True
VTR,740260,2017,False,False,True
VTR,740260,2018,False,False,True
VTR,740260,2019,False,False,True
VTR,740260,2020,False,False,True
VTR,740260,2021,False,False,True
VTR,740260,2022,False,False,True
VTR,740260,2023,False,False,True
VTR,740260,2024,False,False,True
VTR,740260,2025,True,False,True
VTRS,1792044,2018,False,False,True
VTRS,1792044,2019,False,False,True
VTRS,1792044,2020,False,False,True
VTRS,1792044,2021,False,False,True
VTRS,1792044,2022,False,False,True
VTRS,1792044,2023,False,False,True
VTRS,1792044,2024,False,False,True
VTRS,1792044,2025,True,False,False
VTSS,880446,2000,True,True,True
VTSS,880446,2001,True,True,True
VTSS,880446,2002,True,True,True
VTSS,880446,2003,True,True,True
VTSS,880446,2004,True,True,True
VTSS,880446,2005,True,True,True
VTSS,880446,2007,True,True,True
VTSS,880446,2008,True,True,True
VZ,732712,2001,True,True,True
VZ,732712,2002,True,True,True
VZ,732712,2003,True,True,True
VZ,732712,2004,True,True,True
VZ,732712,2005,True,True,True
VZ,732712,2006,True,True,True
VZ,732712,2007,True,True,True
VZ,732712,2008,True,True,True
VZ,732712,2009,False,False,True
VZ,732712,2010,False,False,True
VZ,732712,2011,False,False,True
VZ,732712,2012,False,False,True
VZ,732712,2013,False,False,True
VZ,732712,2014,False,False,True
VZ,732712,2015,False,False,True
VZ,732712,2016,False,False,True
VZ,732712,2017,False,False,True
VZ,732712,2018,False,False,True
VZ,732712,2019,False,False,True
VZ,732712,2020,False,False,True
VZ,732712,2021,False,False,True
VZ,732712,2022,False,False,True
VZ,732712,2023,False,False,True
VZ,732712,2024,False,False,True
VZ,732712,2025,True,False,True
WAB,943452,2008,True,True,True
WAB,943452,2009,False,False,True
WAB,943452,2010,False,False,True
WAB,943452,2011,False,False,True
WAB,943452,2012,False,False,True
WAB,943452,2013,False,False,True
WAB,943452,2014,False,False,True
WAB,943452,2015,False,False,True
WAB,943452,2016,False,False,True
WAB,943452,2017,False,False,True
WAB,943452,2018,False,False,True
WAB,943452,2019,False,False,True
WAB,943452,2020,False,False,True
WAB,943452,2021,False,False,True
WAB,943452,2022,False,False,True
WAB,943452,2023,False,False,True
WAB,943452,2024,False,False,True
WAB,943452,2025,True,False,True
WAMUQ,933136,2000,True,True,True
WAMUQ,933136,2005,True,True,True
WAMUQ,933136,2006,True,True,True
WAT,1000697,2000,True,True,True
WAT,1000697,2001,True,True,True
WAT,1000697,2002,True,True,True
WAT,1000697,2003,True,True,True
WAT,1000697,2004,True,True,True
WAT,1000697,2005,True,True,True
WAT,1000697,2006,True,True,True
WAT,1000697,2007,True,True,True
WAT,1000697,2008,True,True,True
WAT,1000697,2009,False,False,True
WAT,1000697,2010,False,False,True
WAT,1000697,2011,False,False,True
WAT,1000697,2012,False,False,True
WAT,1000697,2013,False,False,True
WAT,1000697,2014,False,False,True
WAT,1000697,2015,False,False,True
WAT,1000697,2016,False,False,True
WAT,1000697,2017,False,False,True
WAT,1000697,2018,False,False,True
WAT,1000697,2019,False,False,True
WAT,1000697,2020,False,False,True
WAT,1000697,2021,False,False,True
WAT,1000697,2022,False,False,True
WAT,1000697,2023,False,False,True
WAT,1000697,2024,False,False,True
WAT,1000697,2025,True,False,True
WBA,104207,2001,True,True,True
WBA,104207,2002,True,True,True
WBA,104207,2003,True,True,True
WBA,104207,2004,True,True,True
WBA,104207,2006,True,True,True
WBA,104207,2007,True,True,True
WBA,104207,2008,True,True,True
WBA,104207,2009,True,True,True
WBA,104207,2010,True,False,True
WBA,104207,2011,True,False,True
WBA,104207,2012,True,False,True
WBA,104207,2013,True,False,True
WBA,104207,2014,True,False,True
WBD,1437107,2007,True,True,True
WBD,1437107,2008,True,True,True
WBD,1437107,2009,False,False,True
WBD,1437107,2010,False,False,True
WBD,1437107,2011,False,False,True
WBD,1437107,2012,False,False,True
WBD,1437107,2013,False,False,True
WBD,1437107,2014,True,True,True
WBD,1437107,2015,True,True,True
WBD,1437107,2016,True,True,True
WBD,1437107,2017,True,True,True
WBD,1437107,2018,True,True,True
WBD,1437107,2019,True,True,True
WBD,1437107,2020,False,False,True
WBD,1437107,2021,False,False,True
WBD,1437107,2022,False,False,True
WBD,1437107,2023,False,False,True
WBD,1437107,2024,False,False,True
WBD,1437107,2025,True,False,True
WCG,1279363,2018,True,False,True
WCOEQ,723527,2001,True,True,True
WCOEQ,723527,2002,True,True,True
WCOEQ,723527,2003,True,True,True
WCOEQ,723527,2004,True,True,True
WDAY,1327811,2010,True,True,True
WDAY,1327811,2012,True,False,True
WDAY,1327811,2013,False,False,True
WDAY,1327811,2014,False,False,True
WDAY,1327811,2015,False,False,True
WDAY,1327811,2016,False,False,True
WDAY,1327811,2017,False,False,True
WDAY,1327811,2018,False,False,True
WDAY,1327811,2019,True,False,True
WDAY,1327811,2020,False,False,True
WDAY,1327811,2021,False,False,True
WDAY,1327811,2022,False,False,True
WDAY,1327811,2023,False,False,True
WDAY,1327811,2024,False,False,True
WDAY,1327811,2025,True,True,True
WDAY,1327811,2026,True,True,True
WDC,106040,2008,True,True,True
WDC,106040,2009,False,False,True
WDC,106040,2010,False,False,True
WDC,106040,2011,False,False,True
WDC,106040,2012,False,False,True
WDC,106040,2013,False,False,True
WDC,106040,2014,False,False,True
WDC,106040,2015,False,False,True
WDC,106040,2016,False,False,True
WDC,106040,2017,False,False,True
WDC,106040,2018,False,False,True
WDC,106040,2019,False,False,True
WDC,106040,2020,False,False,True
WDC,106040,2021,False,False,True
WDC,106040,2022,False,False,True
WDC,106040,2023,False,False,True
WDC,106040,2024,False,False,True
WDC,106040,2025,True,False,True
WEC,783325,2000,True,True,True
WEC,783325,2001,True,True,True
WEC,783325,2002,True,True,True
WEC,783325,2003,True,True,True
WEC,783325,2004,True,True,True
WEC,783325,2005,True,True,True
WEC,783325,2006,True,True,True
WEC,783325,2007,True,True,True
WEC,783325,2008,True,True,True
WEC,783325,2009,False,False,True
WEC,783325,2010,False,False,True
WEC,783325,2011,False,False,True
WEC,783325,2012,False,False,True
WEC,783325,2013,False,False,True
WEC,783325,2014,False,False,True
WEC,783325,2015,False,False,True
WEC,783325,2016,False,False,True
WEC,783325,2017,False,False,True
WEC,783325,2018,False,False,True
WEC,783325,2019,False,False,True
WEC,783325,2020,False,False,True
WEC,783325,2021,False,False,True
WEC,783325,2022,False,False,True
WEC,783325,2023,False,False,True
WEC,783325,2024,False,False,True
WEC,783325,2025,True,False,True
WELL,766704,2008,True,True,True
WELL,766704,2009,False,False,True
WELL,766704,2010,False,False,True
WELL,766704,2011,False,False,True
WELL,766704,2012,False,False,True
WELL,766704,2013,False,False,True
WELL,766704,2014,False,False,True
WELL,766704,2015,False,False,True
WELL,766704,2016,False,False,True
WELL,766704,2017,False,False,True
WELL,766704,2018,False,False,True
WELL,766704,2019,False,False,True
WELL,766704,2020,False,False,True
WELL,766704,2021,False,False,True
WELL,766704,2022,False,False,True
WELL,766704,2023,False,False,True
WELL,766704,2024,False,False,True
WELL,766704,2025,True,False,True
WEN,30697,2000,True,True,True
WEN,30697,2001,True,True,True
WEN,30697,2002,True,True,True
WEN,30697,2003,True,True,True
WEN,30697,2005,True,True,True
WEN,30697,2006,True,True,True
WEN,30697,2008,True,True,True
WEN,30697,2010,False,False,True
WEN,30697,2011,False,False,True
WEN,30697,2012,False,False,True
WEN,30697,2013,False,False,True
WEN,30697,2014,False,False,True
WEN,30697,2016,False,False,True
WEN,30697,2017,False,False,True
WEN,30697,2018,False,False,True
WEN,30697,2019,False,False,True
WEN,30697,2021,False,False,True
WEN,30697,2022,False,False,True
WEN,30697,2023,False,False,True
WEN,30697,2024,False,False,True
WEN,30697,2025,True,False,True
WFC,72971,2000,True,True,True
WFC,72971,2001,True,True,True
WFC,72971,2002,True,True,True
WFC,72971,2003,True,True,True
WFC,72971,2004,True,True,True
WFC,72971,2005,True,True,True
WFC,72971,2006,True,True,True
WFC,72971,2007,True,True,True
WFC,72971,2008,True,True,True
WFC,72971,2009,False,False,True
WFC,72971,2010,False,False,True
WFC,72971,2011,False,False,True
WFC,72971,2012,False,False,True
WFC,72971,2013,False,False,True
WFC,72971,2014,False,False,True
WFC,72971,2015,False,False,True
WFC,72971,2016,False,False,True
WFC,72971,2017,False,False,True
WFC,72971,2018,False,False,True
WFC,72971,2019,False,False,True
WFC,72971,2020,False,False,True
WFC,72971,2021,False,False,True
WFC,72971,2022,False,False,True
WFC,72971,2023,False,False,True
WFC,72971,2024,False,False,True
WFC,72971,2025,True,False,True
WFM,865436,2000,True,True,True
WFM,865436,2002,True,True,True
WFM,865436,2003,True,True,True
WFM,865436,2004,True,True,True
WFM,865436,2005,True,True,True
WFM,865436,2006,True,True,True
WFM,865436,2007,True,True,True
WFM,865436,2008,True,True,True
WFM,865436,2009,True,True,True
WFM,865436,2010,True,False,True
WFM,865436,2011,True,False,True
WFM,865436,2012,True,False,True
WFM,865436,2013,True,False,True
WFM,865436,2014,True,False,True
WFM,865436,2015,True,False,True
WFM,865436,2016,True,False,True
WFM,865436,2017,True,False,True
WFT,1170565,2003,True,True,True
WFT,1170565,2004,True,True,True
WFT,1170565,2005,True,True,True
WFT,1170565,2006,True,True,True
WFT,1170565,2007,True,True,True
WFT,1170565,2008,True,True,True
WHR,106640,2001,True,True,True
WHR,106640,2002,True,True,True
WHR,106640,2003,True,True,True
WHR,106640,2004,True,True,True
WHR,106640,2005,True,True,True
WHR,106640,2006,True,True,True
WHR,106640,2007,True,True,True
WHR,106640,2008,True,True,True
WHR,106640,2009,False,False,True
WHR,106640,2010,False,False,True
WHR,106640,2011,False,False,True
WHR,106640,2012,False,False,True
WHR,106640,2013,False,False,True
WHR,106640,2014,False,False,True
WHR,106640,2015,False,False,True
WHR,106640,2016,False,False,True
WHR,106640,2017,False,False,True
WHR,106640,2018,False,False,True
WHR,106640,2019,False,False,True
WHR,106640,2020,False,False,True
WHR,106640,2021,False,False,True
WHR,106640,2022,False,False,True
WHR,106640,2023,False,False,True
WHR,106640,2024,False,False,True
WHR,106640,2025,True,False,True
WIN,1282266,2004,True,True,True
WIN,1282266,2005,True,True,True
WIN,1282266,2006,True,True,True
WIN,1282266,2008,True,True,True
WIN,1282266,2009,True,False,True
WIN,1282266,2010,True,False,True
WIN,1282266,2011,True,False,True
WIN,1282266,2012,True,False,True
WIN,1282266,2013,True,False,True
WIN,1282266,2014,True,False,True
WIN,1282266,2015,True,False,True
WLL,107189,2000,True,True,True
WLP,1013220,2000,True,True,True
WM,823768,2000,True,True,True
WM,823768,2001,True,True,True
WM,823768,2003,True,True,True
WM,823768,2004,True,True,True
WM,823768,2005,True,True,True
WM,823768,2006,True,True,True
WM,823768,2007,True,True,True
WM,823768,2008,True,True,True
WM,823768,2009,False,False,True
WM,823768,2010,False,False,True
WM,823768,2011,False,False,True
WM,823768,2012,False,False,True
WM,823768,2013,False,False,True
WM,823768,2014,False,False,True
WM,823768,2015,False,False,True
WM,823768,2016,False,False,True
WM,823768,2017,False,False,True
WM,823768,2018,False,False,True
WM,823768,2019,False,False,True
WM,823768,2020,False,False,True
WM,823768,2021,False,False,True
WM,823768,2022,False,False,True
WM,823768,2023,False,False,True
WM,823768,2024,False,False,True
WM,823768,2025,True,False,True
WMB,107263,2001,True,True,True
WMB,107263,2003,True,True,True
WMB,107263,2004,True,True,True
WMB,107263,2005,True,True,True
WMB,107263,2006,True,True,True
WMB,107263,2007,True,True,True
WMB,107263,2008,True,True,True
WMB,107263,2009,False,False,True
WMB,107263,2010,False,False,True
WMB,107263,2011,False,False,True
WMB,107263,2012,False,False,True
WMB,107263,2013,False,False,True
WMB,107263,2014,False,False,True
WMB,107263,2015,False,False,True
WMB,107263,2016,False,False,True
WMB,107263,2017,False,False,True
WMB,107263,2018,False,False,True
WMB,107263,2019,False,False,True
WMB,107263,2020,False,False,True
WMB,107263,2021,False,False,True
WMB,107263,2022,False,False,True
WMB,107263,2023,False,False,True
WMB,107263,2024,False,False,True
WMB,107263,2025,True,False,True
WMT,104169,2001,True,True,True
WMT,104169,2002,True,True,True
WMT,104169,2003,True,True,True
WMT,104169,2004,True,True,True
WMT,104169,2005,True,True,True
WMT,104169,2006,True,True,True
WMT,104169,2007,True,True,True
WMT,104169,2008,True,True,True
WMT,104169,2009,False,False,True
WMT,104169,2010,False,False,True
WMT,104169,2011,False,False,True
WMT,104169,2012,False,False,True
WMT,104169,2013,False,False,True
WMT,104169,2014,False,False,True
WMT,104169,2015,False,False,True
WMT,104169,2016,False,False,True
WMT,104169,2017,False,False,True
WMT,104169,2018,False,False,True
WMT,104169,2019,False,False,True
WMT,104169,2020,False,False,True
WMT,104169,2021,False,False,True
WMT,104169,2022,False,False,True
WMT,104169,2023,False,False,True
WMT,104169,2024,False,False,True
WMT,104169,2025,True,False,True
WMT,104169,2026,True,False,True
WNDXQ,107681,2000,True,True,True
WNDXQ,107681,2003,True,True,True
WNDXQ,107681,2004,True,True,True
WNDXQ,107681,2005,True,True,True
WNDXQ,107681,2006,True,True,True
WNDXQ,107681,2007,True,True,True
WNDXQ,107681,2008,True,True,True
WOR,108516,2001,True,True,True
WOR,108516,2003,True,True,True
WOR,108516,2004,True,True,True
WOR,108516,2005,True,True,True
WOR,108516,2006,True,True,True
WOR,108516,2007,True,True,True
WOR,108516,2008,True,True,True
WOR,108516,2009,False,False,True
WOR,108516,2010,False,False,True
WOR,108516,2011,False,False,True
WOR,108516,2012,False,False,True
WOR,108516,2013,False,False,True
WOR,108516,2014,False,False,True
WOR,108516,2015,False,False,True
WOR,108516,2016,False,False,True
WOR,108516,2017,False,False,True
WOR,108516,2018,False,False,True
WOR,108516,2019,False,False,True
WOR,108516,2020,False,False,True
WOR,108516,2021,False,False,True
WOR,108516,2022,False,False,True
WOR,108516,2023,False,False,True
WOR,108516,2024,False,False,True
WOR,108516,2025,True,False,True
WPX,1518832,2012,True,False,True
WPX,1518832,2013,True,False,True
WPX,1518832,2014,True,False,True
WRB,11544,2008,True,True,True
WRB,11544,2009,False,False,True
WRB,11544,2010,False,False,True
WRB,11544,2011,False,False,True
WRB,11544,2012,False,False,True
WRB,11544,2013,False,False,True
WRB,11544,2014,False,False,True
WRB,11544,2015,False,False,True
WRB,11544,2016,False,False,True
WRB,11544,2017,False,False,True
WRB,11544,2018,False,False,True
WRB,11544,2019,False,False,True
WRB,11544,2020,False,False,True
WRB,11544,2021,False,False,True
WRB,11544,2022,False,False,True
WRB,11544,2023,False,False,True
WRB,11544,2024,False,False,True
WRB,11544,2025,True,False,True
WRK,1732845,2016,True,True,True
WRK,1732845,2017,True,True,True
WRK,1732845,2018,True,False,True
WRK,1732845,2019,True,False,True
WRK,1732845,2020,True,False,True
WRK,1732845,2021,True,False,True
WRK,1732845,2022,True,False,True
WRK,1732845,2023,True,False,True
WSM,719955,2009,False,False,True
WSM,719955,2010,False,False,True
WSM,719955,2011,False,False,True
WSM,719955,2012,False,False,True
WSM,719955,2013,False,False,True
WSM,719955,2014,False,False,True
WSM,719955,2015,False,False,True
WSM,719955,2016,False,False,True
WSM,719955,2017,False,False,True
WSM,719955,2018,False,False,True
WSM,719955,2019,False,False,True
WSM,719955,2020,False,False,True
WSM,719955,2021,False,False,True
WSM,719955,2022,False,False,True
WSM,719955,2023,False,False,True
WSM,719955,2024,False,False,True
WSM,719955,2025,True,False,True
WSM,719955,2026,True,False,True
WST,105770,2008,True,True,True
WST,105770,2009,False,False,True
WST,105770,2010,False,False,True
WST,105770,2011,False,False,True
WST,105770,2012,False,False,True
WST,105770,2013,False,False,True
WST,105770,2014,False,False,True
WST,105770,2015,False,False,True
WST,105770,2016,False,False,True
WST,105770,2017,False,False,True
WST,105770,2018,False,False,True
WST,105770,2019,False,False,True
WST,105770,2020,False,False,True
WST,105770,2021,False,False,True
WST,105770,2022,False,False,True
WST,105770,2023,False,False,True
WST,105770,2024,False,False,True
WST,105770,2025,True,False,True
WTW,1140536,2008,True,True,True
WTW,1140536,2009,False,False,True
WTW,1140536,2010,False,False,True
WTW,1140536,2011,False,False,True
WTW,1140536,2012,False,False,True
WTW,1140536,2013,False,False,True
WTW,1140536,2014,False,False,True
WTW,1140536,2015,False,False,True
WTW,1140536,2016,False,False,True
WTW,1140536,2017,False,False,True
WTW,1140536,2018,False,False,True
WTW,1140536,2025,True,False,False
WU,1365135,2006,True,True,True
WU,1365135,2007,True,True,True
WU,1365135,2008,True,True,True
WU,1365135,2009,False,False,True
WU,1365135,2010,False,False,True
WU,1365135,2011,False,False,True
WU,1365135,2012,False,False,True
WU,1365135,2013,False,False,True
WU,1365135,2014,False,False,True
WU,1365135,2015,False,False,True
WU,1365135,2016,False,False,True
WU,1365135,2017,False,False,True
WU,1365135,2018,False,False,True
WU,1365135,2019,False,False,True
WU,1365135,2020,False,False,True
WU,1365135,2021,False,False,True
WU,1365135,2022,False,False,True
WU,1365135,2023,False,False,True
WU,1365135,2024,False,False,True
WU,1365135,2025,True,False,True
WWY,108601,2000,True,True,True
WWY,108601,2001,True,True,True
WWY,108601,2004,True,True,True
WWY,108601,2005,True,True,True
WWY,108601,2006,True,True,True
WWY,108601,2007,True,True,True
WY,106535,2000,True,True,True
WY,106535,2001,True,True,True
WY,106535,2004,True,True,True
WY,106535,2005,True,True,True
WY,106535,2006,True,True,True
WY,106535,2007,True,True,True
WY,106535,2008,True,True,True
WY,106535,2009,False,False,True
WY,106535,2010,False,False,True
WY,106535,2011,False,False,True
WY,106535,2012,False,False,True
WY,106535,2013,False,False,True
WY,106535,2014,False,False,True
WY,106535,2015,False,False,True
WY,106535,2016,False,False,True
WY,106535,2017,False,False,True
WY,106535,2018,False,False,True
WY,106535,2019,False,False,True
WY,106535,2020,False,False,True
WY,106535,2021,False,False,True
WY,106535,2022,False,False,True
WY,106535,2023,False,False,True
WY,106535,2024,False,False,True
WY,106535,2025,True,False,True
WYE,5187,2001,True,True,True
WYE,5187,2005,True,True,True
WYE,5187,2006,True,True,True
WYE,5187,2007,True,True,True
WYE,5187,2008,True,True,True
WYND,1361658,2006,True,True,True
WYND,1361658,2007,True,True,True
WYND,1361658,2008,True,True,True
WYND,1361658,2009,True,True,True
WYND,1361658,2010,True,False,True
WYND,1361658,2011,True,False,True
WYND,1361658,2012,True,False,True
WYND,1361658,2013,True,False,True
WYND,1361658,2014,True,False,True
WYND,1361658,2015,True,False,True
WYND,1361658,2016,True,False,True
WYND,1361658,2017,True,False,True
WYND,1361658,2018,True,False,True
WYNN,1174922,2002,True,True,True
WYNN,1174922,2003,True,True,True
WYNN,1174922,2004,True,True,True
WYNN,1174922,2005,True,True,True
WYNN,1174922,2006,True,True,True
WYNN,1174922,2007,True,True,True
WYNN,1174922,2008,True,True,True
WYNN,1174922,2009,False,False,True
WYNN,1174922,2010,False,False,True
WYNN,1174922,2011,False,False,True
WYNN,1174922,2012,False,False,True
WYNN,1174922,2013,False,False,True
WYNN,1174922,2014,False,False,True
WYNN,1174922,2015,False,False,True
WYNN,1174922,2016,False,False,True
WYNN,1174922,2017,False,False,True
WYNN,1174922,2018,False,False,True
WYNN,1174922,2019,False,False,True
WYNN,1174922,2020,False,False,True
WYNN,1174922,2021,False,False,True
WYNN,1174922,2022,False,False,True
WYNN,1174922,2023,False,False,True
WYNN,1174922,2024,False,False,True
WYNN,1174922,2025,True,False,True
X,1163302,2001,True,True,True
X,1163302,2003,True,True,True
X,1163302,2004,True,True,True
X,1163302,2005,True,True,True
X,1163302,2006,True,True,True
X,1163302,2007,True,True,True
X,1163302,2008,True,True,True
X,1163302,2009,True,False,True
X,1163302,2010,True,False,True
X,1163302,2011,True,False,True
X,1163302,2012,True,False,True
X,1163302,2013,True,False,True
X,1163302,2014,True,False,True
XEC,1168054,2014,True,False,True
XEC,1168054,2015,True,False,True
XEC,1168054,2016,True,False,True
XEC,1168054,2017,True,False,True
XEC,1168054,2018,True,False,True
XEC,1168054,2019,True,False,True
XEC,1168054,2020,True,False,True
XEL,72903,2001,True,True,True
XEL,72903,2002,True,True,True
XEL,72903,2003,True,True,True
XEL,72903,2004,True,True,True
XEL,72903,2005,True,True,True
XEL,72903,2006,True,True,True
XEL,72903,2007,True,True,True
XEL,72903,2008,True,True,True
XEL,72903,2009,False,False,True
XEL,72903,2010,False,False,True
XEL,72903,2011,False,False,True
XEL,72903,2012,False,False,True
XEL,72903,2013,False,False,True
XEL,72903,2014,False,False,True
XEL,72903,2015,False,False,True
XEL,72903,2016,False,False,True
XEL,72903,2017,False,False,True
XEL,72903,2018,False,False,True
XEL,72903,2019,False,False,True
XEL,72903,2020,False,False,True
XEL,72903,2021,False,False,True
XEL,72903,2022,False,False,True
XEL,72903,2023,False,False,True
XEL,72903,2024,False,False,True
XEL,72903,2025,True,False,True
XL,875159,2000,True,True,True
XL,875159,2002,True,True,True
XL,875159,2003,True,True,True
XL,875159,2004,True,True,True
XL,875159,2005,True,True,True
XL,875159,2006,True,True,True
XL,875159,2007,True,True,True
XL,875159,2008,True,True,True
XL,875159,2009,True,True,True
XL,875159,2010,True,False,True
XL,875159,2011,True,False,True
XL,875159,2012,True,False,True
XL,875159,2013,True,False,True
XL,875159,2014,True,False,True
XL,875159,2015,True,False,True
XL,875159,2016,True,False,True
XL,875159,2017,True,False,True
XLNX,743988,2001,True,True,True
XLNX,743988,2002,True,True,True
XLNX,743988,2003,True,True,True
XLNX,743988,2004,True,True,True
XLNX,743988,2005,True,True,True
XLNX,743988,2006,True,True,True
XLNX,743988,2007,True,True,True
XLNX,743988,2008,True,True,True
XLNX,743988,2009,True,True,True
XLNX,743988,2010,True,False,True
XLNX,743988,2011,True,False,True
XLNX,743988,2012,True,False,True
XLNX,743988,2013,True,False,True
XLNX,743988,2014,True,False,True
XLNX,743988,2015,True,False,True
XLNX,743988,2016,True,False,True
XLNX,743988,2017,True,False,True
XLNX,743988,2018,True,False,True
XLNX,743988,2019,True,False,True
XLNX,743988,2020,True,False,True
XLNX,743988,2021,True,False,True
XOM,34088,2000,True,True,True
XOM,34088,2001,True,True,True
XOM,34088,2002,True,True,True
XOM,34088,2003,True,True,True
XOM,34088,2004,True,True,True
XOM,34088,2005,True,True,True
XOM,34088,2006,True,True,True
XOM,34088,2007,True,True,True
XOM,34088,2008,True,True,True
XOM,34088,2009,True,False,True
XOM,34088,2010,False,False,True
XOM,34088,2011,False,False,True
XOM,34088,2012,False,False,True
XOM,34088,2013,False,False,True
XOM,34088,2014,False,False,True
XOM,34088,2015,False,False,True
XOM,34088,2016,False,False,True
XOM,34088,2017,False,False,True
XOM,34088,2018,False,False,True
XOM,34088,2019,False,False,True
XOM,34088,2020,False,False,True
XOM,34088,2021,False,False,True
XOM,34088,2022,False,False,True
XOM,34088,2023,False,False,True
XOM,34088,2024,False,False,True
XOM,34088,2025,True,False,True
XRAY,818479,2000,True,True,True
XRAY,818479,2006,True,True,True
XRAY,818479,2007,True,True,True
XRAY,818479,2008,True,True,True
XRAY,818479,2009,False,False,True
XRAY,818479,2010,False,False,True
XRAY,818479,2011,False,False,True
XRAY,818479,2012,False,False,True
XRAY,818479,2013,False,False,True
XRAY,818479,2014,False,False,True
XRAY,818479,2015,False,False,True
XRAY,818479,2016,False,False,True
XRAY,818479,2017,False,False,True
XRAY,818479,2018,False,False,True
XRAY,818479,2019,False,False,True
XRAY,818479,2020,False,False,True
XRAY,818479,2021,False,False,True
XRAY,818479,2022,False,False,True
XRAY,818479,2023,False,False,True
XRAY,818479,2024,False,False,True
XRAY,818479,2025,True,False,True
XRX,1770450,2017,False,False,True
XRX,1770450,2018,False,False,True
XRX,1770450,2019,False,False,True
XRX,1770450,2020,False,False,True
XRX,1770450,2021,False,False,True
XRX,1770450,2022,False,False,True
XRX,1770450,2023,False,False,True
XRX,1770450,2024,False,False,True
XRX,1770450,2025,True,False,True
XTO,868809,2000,True,True,True
XTO,868809,2002,True,True,True
XTO,868809,2003,True,True,True
XTO,868809,2004,True,True,True
XTO,868809,2005,True,True,True
XTO,868809,2006,True,True,True
XTO,868809,2007,True,True,True
XTO,868809,2008,True,True,True
XTO,868809,2009,True,False,True
XYL,1524472,2009,True,True,True
XYL,1524472,2010,True,True,True
XYL,1524472,2011,False,False,True
XYL,1524472,2012,False,False,True
XYL,1524472,2013,False,False,True
XYL,1524472,2014,False,False,True
XYL,1524472,2015,False,False,True
XYL,1524472,2016,False,False,True
XYL,1524472,2017,False,False,True
XYL,1524472,2018,False,False,True
XYL,1524472,2019,False,False,True
XYL,1524472,2020,False,False,True
XYL,1524472,2021,False,False,True
XYL,1524472,2022,False,False,True
XYL,1524472,2023,False,False,True
XYL,1524472,2024,False,False,True
XYL,1524472,2025,True,False,True
XYZ,1512673,2014,True,True,True
XYZ,1512673,2015,False,False,True
XYZ,1512673,2016,False,False,True
XYZ,1512673,2017,False,False,True
XYZ,1512673,2018,False,False,True
XYZ,1512673,2019,False,False,True
XYZ,1512673,2020,False,False,True
XYZ,1512673,2021,False,False,True
XYZ,1512673,2022,False,False,True
XYZ,1512673,2023,False,False,True
XYZ,1512673,2024,False,False,True
XYZ,1512673,2025,True,True,True
YUM,1041061,2000,True,True,True
YUM,1041061,2002,True,True,True
YUM,1041061,2003,True,True,True
YUM,1041061,2004,True,True,True
YUM,1041061,2006,True,True,True
YUM,1041061,2007,True,True,True
YUM,1041061,2008,True,True,True
YUM,1041061,2009,False,False,True
YUM,1041061,2010,False,False,True
YUM,1041061,2011,False,False,True
YUM,1041061,2012,False,False,True
YUM,1041061,2013,False,False,True
YUM,1041061,2014,False,False,True
YUM,1041061,2015,False,False,True
YUM,1041061,2016,False,False,True
YUM,1041061,2017,False,False,True
YUM,1041061,2018,False,False,True
YUM,1041061,2019,False,False,True
YUM,1041061,2020,False,False,True
YUM,1041061,2021,False,False,True
YUM,1041061,2022,False,False,True
YUM,1041061,2023,False,False,True
YUM,1041061,2024,False,False,True
YUM,1041061,2025,True,False,True
ZBH,1136869,2002,True,True,True
ZBH,1136869,2003,True,True,True
ZBH,1136869,2005,True,True,True
ZBH,1136869,2006,True,True,True
ZBH,1136869,2007,True,True,True
ZBH,1136869,2008,True,True,True
ZBH,1136869,2009,False,False,True
ZBH,1136869,2010,False,False,True
ZBH,1136869,2011,False,False,True
ZBH,1136869,2012,False,False,True
ZBH,1136869,2013,False,False,True
ZBH,1136869,2014,False,False,True
ZBH,1136869,2015,False,False,True
ZBH,1136869,2016,False,False,True
ZBH,1136869,2017,False,False,True
ZBH,1136869,2018,False,False,True
ZBH,1136869,2019,False,False,True
ZBH,1136869,2020,False,False,True
ZBH,1136869,2021,False,False,True
ZBH,1136869,2022,False,False,True
ZBH,1136869,2023,False,False,True
ZBH,1136869,2024,False,False,True
ZBH,1136869,2025,True,False,True
ZBRA,877212,2008,True,True,True
ZBRA,877212,2009,False,False,True
ZBRA,877212,2010,False,False,True
ZBRA,877212,2011,False,False,True
ZBRA,877212,2012,False,False,True
ZBRA,877212,2013,False,False,True
ZBRA,877212,2014,False,False,True
ZBRA,877212,2015,False,False,True
ZBRA,877212,2016,False,False,True
ZBRA,877212,2017,False,False,True
ZBRA,877212,2018,False,False,True
ZBRA,877212,2019,False,False,True
ZBRA,877212,2020,False,False,True
ZBRA,877212,2021,False,False,True
ZBRA,877212,2022,False,False,True
ZBRA,877212,2023,False,False,True
ZBRA,877212,2024,False,False,True
ZBRA,877212,2025,True,False,True
ZION,109380,2000,True,True,True
ZION,109380,2001,True,True,True
ZION,109380,2002,True,True,True
ZION,109380,2003,True,True,True
ZION,109380,2004,True,True,True
ZION,109380,2005,True,True,True
ZION,109380,2006,True,True,True
ZION,109380,2007,True,True,True
ZION,109380,2008,True,True,True
ZION,109380,2009,False,False,True
ZION,109380,2010,False,False,True
ZION,109380,2011,False,False,True
ZION,109380,2012,False,False,True
ZION,109380,2013,False,False,True
ZION,109380,2014,False,False,True
ZION,109380,2015,False,False,True
ZION,109380,2016,False,False,True
ZION,109380,2017,False,False,True
ZION,109380,2018,False,False,True
ZION,109380,2019,False,False,True
ZION,109380,2020,False,False,True
ZION,109380,2021,False,False,True
ZION,109380,2022,False,False,True
ZION,109380,2023,False,False,True
ZION,109380,2024,False,False,True
ZION,109380,2025,True,False,True
ZTS,1555280,2011,True,True,True
ZTS,1555280,2012,True,True,True
ZTS,1555280,2013,False,False,True
ZTS,1555280,2014,False,False,True
ZTS,1555280,2015,False,False,True
ZTS,1555280,2016,False,False,True
ZTS,1555280,2017,False,False,True
ZTS,1555280,2018,False,False,True
ZTS,1555280,2019,False,False,True
ZTS,1555280,2020,False,False,True
ZTS,1555280,2021,False,False,True
ZTS,1555280,2022,False,False,True
ZTS,1555280,2023,False,False,True
ZTS,1555280,2024,False,False,True
ZTS,1555280,2025,True,False,True
