symbol,cik,fiscal_year,shares_outstanding,shares_source_url,market_cap,marketcap_source_url
AAL,0000006201,2025,,https://www.sec.gov/Archives/edgar/data/6201/000000620126000014/0000006201-26-000014-index.htm,10122469054,https://finance.yahoo.com/quote/AAL/history (month-end close 2025-12-01) x shares
AAP,0001158449,2020,,https://www.sec.gov/Archives/edgar/data/1158449/000115844921000036/0001158449-21-000036-index.htm,9772311959,https://finance.yahoo.com/quote/AAP/history (month-end close 2021-01-01) x shares
AAPL,0000320193,2025,,https://www.sec.gov/Archives/edgar/data/320193/000032019325000079/0000320193-25-000079-index.htm,3762502836540,https://finance.yahoo.com/quote/AAPL/history (month-end close 2025-09-01) x shares
ABBV,0001551152,2025,,https://www.sec.gov/Archives/edgar/data/1551152/000155115226000008/0001551152-26-000008-index.htm,404008947265,https://finance.yahoo.com/quote/ABBV/history (month-end close 2025-12-01) x shares
ADBE,0000796343,2025,,https://www.sec.gov/Archives/edgar/data/796343/000079634326000003/0000796343-26-000003-index.htm,131413367004,https://finance.yahoo.com/quote/ADBE/history (month-end close 2025-11-01) x shares
AES,0000874761,2008,,https://www.sec.gov/Archives/edgar/data/874761/000119312509191566/0001193125-09-191566-index.htm,5489619762,https://finance.yahoo.com/quote/AES/history (month-end close 2008-12-01) x shares
AJG,0000354190,2025,,https://www.sec.gov/Archives/edgar/data/354190/000162828026008662/0001628280-26-008662-index.htm,66534911197,https://finance.yahoo.com/quote/AJG/history (month-end close 2025-12-01) x shares
AMCR,0001748790,2025,,https://www.sec.gov/Archives/edgar/data/1748790/000174879025000023/0001748790-25-000023-index.htm,105931291048,https://finance.yahoo.com/quote/AMCR/history (month-end close 2025-06-01) x shares
AMD,0000002488,2025,,https://www.sec.gov/Archives/edgar/data/2488/000000248826000018/0000002488-26-000018-index.htm,349168792108,https://finance.yahoo.com/quote/AMD/history (month-end close 2025-12-01) x shares
AMP,0000820027,2025,,https://www.sec.gov/Archives/edgar/data/820027/000082002726000011/0000820027-26-000011-index.htm,44708709055,https://finance.yahoo.com/quote/AMP/history (month-end close 2025-12-01) x shares
AMT,0001053507,2025,,https://www.sec.gov/Archives/edgar/data/1053507/000105350726000035/0001053507-26-000035-index.htm,81830515261,https://finance.yahoo.com/quote/AMT/history (month-end close 2025-12-01) x shares
AMTM,0002011286,2025,,https://www.sec.gov/Archives/edgar/data/2011286/000162828025053993/0001628280-25-053993-index.htm,5459030964,https://finance.yahoo.com/quote/AMTM/history (month-end close 2025-10-01) x shares
AMZN,0001018724,2025,,https://www.sec.gov/Archives/edgar/data/1018724/000101872426000004/0001018724-26-000004-index.htm,2477834513838,https://finance.yahoo.com/quote/AMZN/history (month-end close 2025-12-01) x shares
AN,0000350698,2025,,https://www.sec.gov/Archives/edgar/data/350698/000162828026007800/0001628280-26-007800-index.htm,7167031738,https://finance.yahoo.com/quote/AN/history (month-end close 2025-12-01) x shares
ANET,0001596532,2025,,https://www.sec.gov/Archives/edgar/data/1596532/000159653226000013/0001596532-26-000013-index.htm,164644160289,https://finance.yahoo.com/quote/ANET/history (month-end close 2025-12-01) x shares
ANF,0001018840,2026,,https://www.sec.gov/Archives/edgar/data/1018840/000101884026000036/0001018840-26-000036-index.htm,4337867725,https://finance.yahoo.com/quote/ANF/history (month-end close 2026-01-01) x shares
ANF,0001018840,2025,,https://www.sec.gov/Archives/edgar/data/1018840/000101884026000012/0001018840-26-000012-index.htm,4626771378,https://finance.yahoo.com/quote/ANF/history (month-end close 2025-02-01) x shares
AON,0000315293,2025,,https://www.sec.gov/Archives/edgar/data/315293/000162828026008116/0001628280-26-008116-index.htm,75606127595,https://finance.yahoo.com/quote/AON/history (month-end close 2025-12-01) x shares
APA,0001841666,2025,,https://www.sec.gov/Archives/edgar/data/1841666/000184166626000015/0001841666-26-000015-index.htm,8640530780,https://finance.yahoo.com/quote/APA/history (month-end close 2025-12-01) x shares
APD,0000002969,2025,,https://www.sec.gov/Archives/edgar/data/2969/000000296925000055/0000002969-25-000055-index.htm,60704810797,https://finance.yahoo.com/quote/APD/history (month-end close 2025-09-01) x shares
APH,0000820313,2025,,https://www.sec.gov/Archives/edgar/data/820313/000110465926013549/0001104659-26-013549-index.htm,166116104890,https://finance.yahoo.com/quote/APH/history (month-end close 2025-12-01) x shares
APO,0001858681,2025,,https://www.sec.gov/Archives/edgar/data/1858681/000185868126000013/0001858681-26-000013-index.htm,83707081472,https://finance.yahoo.com/quote/APO/history (month-end close 2025-12-01) x shares
APTV,0001521332,2025,,https://www.sec.gov/Archives/edgar/data/1521332/000152133226000009/0001521332-26-000009-index.htm,16188025053,https://finance.yahoo.com/quote/APTV/history (month-end close 2025-12-01) x shares
AR,0001433270,2025,,https://www.sec.gov/Archives/edgar/data/1433270/000110465926013386/0001104659-26-013386-index.htm,10631771218,https://finance.yahoo.com/quote/AR/history (month-end close 2025-12-01) x shares
ARE,0001035443,2025,,https://www.sec.gov/Archives/edgar/data/1035443/000103544326000013/0001035443-26-000013-index.htm,8481319429,https://finance.yahoo.com/quote/ARE/history (month-end close 2025-12-01) x shares
ARES,0001176948,2014,,https://www.sec.gov/Archives/edgar/data/1176948/000104746915002528/0001047469-15-002528-index.htm,1382643712,https://finance.yahoo.com/quote/ARES/history (month-end close 2014-12-01) x shares
ASH,0001674862,2025,,https://www.sec.gov/Archives/edgar/data/1674862/000119312525289248/0001193125-25-289248-index.htm,2190354787,https://finance.yahoo.com/quote/ASH/history (month-end close 2025-09-01) x shares
ASO,0001817358,2025,,https://www.sec.gov/Archives/edgar/data/1817358/000181735826000031/0001817358-26-000031-index.htm,3192775742,https://finance.yahoo.com/quote/ASO/history (month-end close 2025-02-01) x shares
ASO,0001817358,2026,,https://www.sec.gov/Archives/edgar/data/1817358/000181735826000113/0001817358-26-000113-index.htm,3411630485,https://finance.yahoo.com/quote/ASO/history (month-end close 2026-01-01) x shares
ATI,0001018963,2025,,https://www.sec.gov/Archives/edgar/data/1018963/000162828026010140/0001628280-26-010140-index.htm,15714809966,https://finance.yahoo.com/quote/ATI/history (month-end close 2025-12-01) x shares
ATO,0000731802,2025,,https://www.sec.gov/Archives/edgar/data/731802/000073180225000056/0000731802-25-000056-index.htm,27609137122,https://finance.yahoo.com/quote/ATO/history (month-end close 2025-09-01) x shares
AVB,0000915912,2025,,https://www.sec.gov/Archives/edgar/data/915912/000091591226000004/0000915912-26-000004-index.htm,9093639547,https://finance.yahoo.com/quote/AVB/history (month-end close 2025-12-01) x shares
AVGO,0001730168,2025,,https://www.sec.gov/Archives/edgar/data/1730168/000173016825000121/0001730168-25-000121-index.htm,1910543649531,https://finance.yahoo.com/quote/AVGO/history (month-end close 2025-11-01) x shares
AVY,0000008818,2025,,https://www.sec.gov/Archives/edgar/data/8818/000000881826000015/0000008818-26-000015-index.htm,13982560103,https://finance.yahoo.com/quote/AVY/history (month-end close 2025-12-01) x shares
AVY,0000008818,2020,,https://www.sec.gov/Archives/edgar/data/8818/000119312521055146/0001193125-21-055146-index.htm,12528850741,https://finance.yahoo.com/quote/AVY/history (month-end close 2021-01-01) x shares
AVY,0000008818,2014,,https://www.sec.gov/Archives/edgar/data/8818/000104746915001200/0001047469-15-001200-index.htm,4730143427,https://finance.yahoo.com/quote/AVY/history (month-end close 2015-01-01) x shares
AWK,0001410636,2025,,https://www.sec.gov/Archives/edgar/data/1410636/000141063626000034/0001410636-26-000034-index.htm,25474730913,https://finance.yahoo.com/quote/AWK/history (month-end close 2025-12-01) x shares
AXON,0001069183,2025,,https://www.sec.gov/Archives/edgar/data/1069183/000162828026011360/0001628280-26-011360-index.htm,45660250974,https://finance.yahoo.com/quote/AXON/history (month-end close 2025-12-01) x shares
AXP,0000004962,2025,,https://www.sec.gov/Archives/edgar/data/4962/000000496226000080/0000004962-26-000080-index.htm,254012859531,https://finance.yahoo.com/quote/AXP/history (month-end close 2025-12-01) x shares
AYI,0001144215,2025,,https://www.sec.gov/Archives/edgar/data/1144215/000114421525000082/0001144215-25-000082-index.htm,9994216353,https://finance.yahoo.com/quote/AYI/history (month-end close 2025-08-01) x shares
AZO,0000866787,2025,,https://www.sec.gov/Archives/edgar/data/866787/000110465925102611/0001104659-25-102611-index.htm,69832731012,https://finance.yahoo.com/quote/AZO/history (month-end close 2025-08-01) x shares
BA,0000012927,2025,,https://www.sec.gov/Archives/edgar/data/12927/000162828026004357/0001628280-26-004357-index.htm,170514557649,https://finance.yahoo.com/quote/BA/history (month-end close 2025-12-01) x shares
BAC,0000070858,2025,,https://www.sec.gov/Archives/edgar/data/70858/000007085826000157/0000070858-26-000157-index.htm,394717519350,https://finance.yahoo.com/quote/BAC/history (month-end close 2025-12-01) x shares
BALL,0000009389,2025,,https://www.sec.gov/Archives/edgar/data/9389/000110465926017410/0001104659-26-017410-index.htm,14094108285,https://finance.yahoo.com/quote/BALL/history (month-end close 2025-12-01) x shares
BAX,0000010456,2025,,https://www.sec.gov/Archives/edgar/data/10456/000162828026007733/0001628280-26-007733-index.htm,9831905074,https://finance.yahoo.com/quote/BAX/history (month-end close 2025-12-01) x shares
BBT,0001108134,2025,,https://www.sec.gov/Archives/edgar/data/1108134/000162828026013247/0001628280-26-013247-index.htm,2210230258,https://finance.yahoo.com/quote/BBT/history (month-end close 2025-12-01) x shares
BBWI,0000701985,2025,,https://www.sec.gov/Archives/edgar/data/701985/000070198526000008/0000701985-26-000008-index.htm,7287094329,https://finance.yahoo.com/quote/BBWI/history (month-end close 2025-02-01) x shares
BBWI,0000701985,2026,,https://www.sec.gov/Archives/edgar/data/701985/000070198526000014/0000701985-26-000014-index.htm,4394047348,https://finance.yahoo.com/quote/BBWI/history (month-end close 2026-01-01) x shares
BBY,0000764478,2026,,https://www.sec.gov/Archives/edgar/data/764478/000076447826000009/0000764478-26-000009-index.htm,13613228444,https://finance.yahoo.com/quote/BBY/history (month-end close 2026-01-01) x shares
BBY,0000764478,2025,,https://www.sec.gov/Archives/edgar/data/764478/000076447825000007/0000764478-25-000007-index.htm,19004246635,https://finance.yahoo.com/quote/BBY/history (month-end close 2025-02-01) x shares
BC,0000014930,2025,,https://www.sec.gov/Archives/edgar/data/14930/000001493026000027/0000014930-26-000027-index.htm,4814536765,https://finance.yahoo.com/quote/BC/history (month-end close 2025-12-01) x shares
BCO,0000078890,2025,,https://www.sec.gov/Archives/edgar/data/78890/000007889026000010/0000078890-26-000010-index.htm,4803733448,https://finance.yahoo.com/quote/BCO/history (month-end close 2025-12-01) x shares
BDX,0000010795,2025,,https://www.sec.gov/Archives/edgar/data/10795/000001079525000099/0000010795-25-000099-index.htm,41998262318,https://finance.yahoo.com/quote/BDX/history (month-end close 2025-09-01) x shares
BEAM,0001745999,2025,,https://www.sec.gov/Archives/edgar/data/1745999/000119312526065194/0001193125-26-065194-index.htm,2823455041,https://finance.yahoo.com/quote/BEAM/history (month-end close 2025-12-01) x shares
BEN,0000038777,2025,,https://www.sec.gov/Archives/edgar/data/38777/000003877725000238/0000038777-25-000238-index.htm,12050049078,https://finance.yahoo.com/quote/BEN/history (month-end close 2025-09-01) x shares
BG,0001996862,2025,,https://www.sec.gov/Archives/edgar/data/1996862/000162828026009842/0001628280-26-009842-index.htm,17237789201,https://finance.yahoo.com/quote/BG/history (month-end close 2025-12-01) x shares
BHF,0001685040,2025,,https://www.sec.gov/Archives/edgar/data/1685040/000168504026000011/0001685040-26-000011-index.htm,3704957827,https://finance.yahoo.com/quote/BHF/history (month-end close 2025-12-01) x shares
BIIB,0000875045,2025,,https://www.sec.gov/Archives/edgar/data/875045/000087504526000013/0000875045-26-000013-index.htm,25828034149,https://finance.yahoo.com/quote/BIIB/history (month-end close 2025-12-01) x shares
BKNG,0001075531,2025,,https://www.sec.gov/Archives/edgar/data/1075531/000107553126000009/0001075531-26-000009-index.htm,6784848668,https://finance.yahoo.com/quote/BKNG/history (month-end close 2025-12-01) x shares
BKR,0001701605,2022,,https://www.sec.gov/Archives/edgar/data/1701605/000170160523000044/0001701605-23-000044-index.htm,29861259523,https://finance.yahoo.com/quote/BKR/history (month-end close 2022-12-01) x shares
BKR,0001701605,2025,,https://www.sec.gov/Archives/edgar/data/1701605/000170160526000007/0001701605-26-000007-index.htm,45004291570,https://finance.yahoo.com/quote/BKR/history (month-end close 2025-12-01) x shares
BLDR,0001316835,2025,,https://www.sec.gov/Archives/edgar/data/1316835/000119312526054643/0001193125-26-054643-index.htm,11380155482,https://finance.yahoo.com/quote/BLDR/history (month-end close 2025-12-01) x shares
BLK,0002012383,2025,,https://www.sec.gov/Archives/edgar/data/2012383/000095017025065838/0000950170-25-065838-index.htm,165823683276,https://finance.yahoo.com/quote/BLK/history (month-end close 2025-12-01) x shares
BMY,0000014272,2025,,https://www.sec.gov/Archives/edgar/data/14272/000001427226000004/0000014272-26-000004-index.htm,109847388851,https://finance.yahoo.com/quote/BMY/history (month-end close 2025-12-01) x shares
BNL,0001424182,2025,,https://www.sec.gov/Archives/edgar/data/1424182/000142418226000012/0001424182-26-000012-index.htm,3325025088,https://finance.yahoo.com/quote/BNL/history (month-end close 2025-12-01) x shares
BNY,0001390777,2025,,https://www.sec.gov/Archives/edgar/data/1390777/000139077726000033/0001390777-26-000033-index.htm,79743077318,https://finance.yahoo.com/quote/BNY/history (month-end close 2025-12-01) x shares
BR,0001383312,2025,,https://www.sec.gov/Archives/edgar/data/1383312/000162828025037656/0001628280-25-037656-index.htm,28465938497,https://finance.yahoo.com/quote/BR/history (month-end close 2025-06-01) x shares
BRK.B,0001067983,2010,,https://www.sec.gov/Archives/edgar/data/1067983/000119312511048914/0001193125-11-048914-index.htm,75563117,https://finance.yahoo.com/quote/BRK-B/history (month-end close 2010-12-01) x shares
BRK.B,0001067983,2009,,https://www.sec.gov/Archives/edgar/data/1067983/000119312510043450/0001193125-10-043450-index.htm,72539371,https://finance.yahoo.com/quote/BRK-B/history (month-end close 2009-12-01) x shares
BRK.B,0001067983,2011,,https://www.sec.gov/Archives/edgar/data/1067983/000115752311002891/0001157523-11-002891-index.htm,71835003,https://finance.yahoo.com/quote/BRK-B/history (month-end close 2011-12-01) x shares
BRO,0000079282,2025,,https://www.sec.gov/Archives/edgar/data/79282/000119312526046984/0001193125-26-046984-index.htm,27131474794,https://finance.yahoo.com/quote/BRO/history (month-end close 2025-12-01) x shares
BSX,0000885725,2025,,https://www.sec.gov/Archives/edgar/data/885725/000088572526000010/0000885725-26-000010-index.htm,141488475965,https://finance.yahoo.com/quote/BSX/history (month-end close 2025-12-01) x shares
BWA,0000908255,2025,,https://www.sec.gov/Archives/edgar/data/908255/000090825526000011/0000908255-26-000011-index.htm,9329617770,https://finance.yahoo.com/quote/BWA/history (month-end close 2025-12-01) x shares
BX,0001393818,2025,,https://www.sec.gov/Archives/edgar/data/1393818/000119312526082531/0001193125-26-082531-index.htm,114399738348,https://finance.yahoo.com/quote/BX/history (month-end close 2025-12-01) x shares
BXP,0001037540,2025,,https://www.sec.gov/Archives/edgar/data/1037540/000103754026000006/0001037540-26-000006-index.htm,10704293820,https://finance.yahoo.com/quote/BXP/history (month-end close 2025-12-01) x shares
C,0000831001,2025,,https://www.sec.gov/Archives/edgar/data/831001/000083100126000011/0000831001-26-000011-index.htm,204128039431,https://finance.yahoo.com/quote/C/history (month-end close 2025-12-01) x shares
CAG,0000023217,2025,,https://www.sec.gov/Archives/edgar/data/23217/000155837025009180/0001558370-25-009180-index.htm,10928669864,https://finance.yahoo.com/quote/CAG/history (month-end close 2025-05-01) x shares
CAH,0000721371,2025,,https://www.sec.gov/Archives/edgar/data/721371/000072137125000079/0000721371-25-000079-index.htm,40117332696,https://finance.yahoo.com/quote/CAH/history (month-end close 2025-06-01) x shares
CAL,0000014707,2025,,https://www.sec.gov/Archives/edgar/data/14707/000001470726000053/0000014707-26-000053-index.htm,546890577,https://finance.yahoo.com/quote/CAL/history (month-end close 2025-02-01) x shares
CAL,0000014707,2026,,https://www.sec.gov/Archives/edgar/data/14707/000001470725000059/0000014707-25-000059-index.htm,413560100,https://finance.yahoo.com/quote/CAL/history (month-end close 2026-01-01) x shares
CAR,0000723612,2025,,https://www.sec.gov/Archives/edgar/data/723612/000072361226000012/0000723612-26-000012-index.htm,4524390483,https://finance.yahoo.com/quote/CAR/history (month-end close 2025-12-01) x shares
CARR,0001783180,2025,,https://www.sec.gov/Archives/edgar/data/1783180/000178318026000008/0001783180-26-000008-index.htm,44165990852,https://finance.yahoo.com/quote/CARR/history (month-end close 2025-12-01) x shares
CASY,0000726958,2026,,https://www.sec.gov/Archives/edgar/data/726958/000072695826000046/0000726958-26-000046-index.htm,30423590949,https://finance.yahoo.com/quote/CASY/history (month-end close 2026-04-01) x shares
CASY,0000726958,2025,,https://www.sec.gov/Archives/edgar/data/726958/000072695825000065/0000726958-25-000065-index.htm,17199551715,https://finance.yahoo.com/quote/CASY/history (month-end close 2025-04-01) x shares
CAT,0000018230,2025,,https://www.sec.gov/Archives/edgar/data/18230/000001823026000008/0000018230-26-000008-index.htm,266549151611,https://finance.yahoo.com/quote/CAT/history (month-end close 2025-12-01) x shares
CB,0000896159,2025,,https://www.sec.gov/Archives/edgar/data/896159/000089615926000005/0000896159-26-000005-index.htm,121775661105,https://finance.yahoo.com/quote/CB/history (month-end close 2025-12-01) x shares
CBE,0001141982,2011,,https://www.sec.gov/Archives/edgar/data/1141982/000119312512070617/0001193125-12-070617-index.htm,8583170158,https://finance.yahoo.com/quote/CBE/history (month-end close 2011-12-01) x shares
CBE,0001141982,2009,,https://www.sec.gov/Archives/edgar/data/1141982/000095012310014528/0000950123-10-014528-index.htm,7127998774,https://finance.yahoo.com/quote/CBE/history (month-end close 2009-12-01) x shares
CBOE,0001374310,2025,,https://www.sec.gov/Archives/edgar/data/1374310/000162828026010013/0001628280-26-010013-index.htm,26271591696,https://finance.yahoo.com/quote/CBOE/history (month-end close 2025-12-01) x shares
CBRE,0001138118,2025,,https://www.sec.gov/Archives/edgar/data/1138118/000113811826000005/0001138118-26-000005-index.htm,47458541916,https://finance.yahoo.com/quote/CBRE/history (month-end close 2025-12-01) x shares
CCB,0001437958,2025,,https://www.sec.gov/Archives/edgar/data/1437958/000143795826000013/0001437958-26-000013-index.htm,1742795014,https://finance.yahoo.com/quote/CCB/history (month-end close 2025-12-01) x shares
CCI,0001051470,2025,,https://www.sec.gov/Archives/edgar/data/1051470/000105147026000016/0001051470-26-000016-index.htm,38753580845,https://finance.yahoo.com/quote/CCI/history (month-end close 2025-12-01) x shares
CCK,0001219601,2025,,https://www.sec.gov/Archives/edgar/data/1219601/000162828026012904/0001628280-26-012904-index.htm,11658847275,https://finance.yahoo.com/quote/CCK/history (month-end close 2025-12-01) x shares
CCL,0000815097,2025,,https://www.sec.gov/Archives/edgar/data/815097/000081509726000007/0000815097-26-000007-index.htm,31882297307,https://finance.yahoo.com/quote/CCL/history (month-end close 2025-11-01) x shares
CDNS,0000813672,2025,,https://www.sec.gov/Archives/edgar/data/813672/000081367226000016/0000813672-26-000016-index.htm,85225245919,https://finance.yahoo.com/quote/CDNS/history (month-end close 2025-12-01) x shares
CDNS,0000813672,2020,,https://www.sec.gov/Archives/edgar/data/813672/000081367221000009/0000813672-21-000009-index.htm,36375419690,https://finance.yahoo.com/quote/CDNS/history (month-end close 2021-01-01) x shares
CDW,0001402057,2025,,https://www.sec.gov/Archives/edgar/data/1402057/000140205726000011/0001402057-26-000011-index.htm,17568926292,https://finance.yahoo.com/quote/CDW/history (month-end close 2025-12-01) x shares
CE,0001306830,2025,,https://www.sec.gov/Archives/edgar/data/1306830/000130683026000031/0001306830-26-000031-index.htm,4632702842,https://finance.yahoo.com/quote/CE/history (month-end close 2025-12-01) x shares
CEG,0001868275,2025,,https://www.sec.gov/Archives/edgar/data/1868275/000186827526000032/0001868275-26-000032-index.htm,127880321669,https://finance.yahoo.com/quote/CEG/history (month-end close 2025-12-01) x shares
CF,0001324404,2025,,https://www.sec.gov/Archives/edgar/data/1324404/000132440426000007/0001324404-26-000007-index.htm,11884746053,https://finance.yahoo.com/quote/CF/history (month-end close 2025-12-01) x shares
CFG,0000759944,2025,,https://www.sec.gov/Archives/edgar/data/759944/000075994426000028/0000759944-26-000028-index.htm,24823295341,https://finance.yahoo.com/quote/CFG/history (month-end close 2025-12-01) x shares
CG,0001527166,2025,,https://www.sec.gov/Archives/edgar/data/1527166/000152716626000009/0001527166-26-000009-index.htm,21348821991,https://finance.yahoo.com/quote/CG/history (month-end close 2025-12-01) x shares
CHD,0000313927,2025,,https://www.sec.gov/Archives/edgar/data/313927/000119312526048139/0001193125-26-048139-index.htm,19846811747,https://finance.yahoo.com/quote/CHD/history (month-end close 2025-12-01) x shares
CHRS,0001512762,2025,,https://www.sec.gov/Archives/edgar/data/1512762/000110465926025308/0001104659-26-025308-index.htm,212843654,https://finance.yahoo.com/quote/CHRS/history (month-end close 2025-12-01) x shares
CHRW,0001043277,2025,,https://www.sec.gov/Archives/edgar/data/1043277/000104327726000009/0001043277-26-000009-index.htm,19069484461,https://finance.yahoo.com/quote/CHRW/history (month-end close 2025-12-01) x shares
CHTR,0001091667,2011,,https://www.sec.gov/Archives/edgar/data/1091667/000109166712000026/0001091667-12-000026-index.htm,5723518355,https://finance.yahoo.com/quote/CHTR/history (month-end close 2011-12-01) x shares
CI,0001739940,2025,,https://www.sec.gov/Archives/edgar/data/1739940/000173994026000006/0001739940-26-000006-index.htm,72530890574,https://finance.yahoo.com/quote/CI/history (month-end close 2025-12-01) x shares
CIEN,0000936395,2025,,https://www.sec.gov/Archives/edgar/data/936395/000162828025056698/0001628280-25-056698-index.htm,28763946380,https://finance.yahoo.com/quote/CIEN/history (month-end close 2025-11-01) x shares
CINF,0000020286,2025,,https://www.sec.gov/Archives/edgar/data/20286/000002028626000008/0000020286-26-000008-index.htm,25415463652,https://finance.yahoo.com/quote/CINF/history (month-end close 2025-12-01) x shares
CL,0000021665,2025,,https://www.sec.gov/Archives/edgar/data/21665/000002166526000006/0000021665-26-000006-index.htm,63338322482,https://finance.yahoo.com/quote/CL/history (month-end close 2025-12-01) x shares
CLF,0000764065,2025,,https://www.sec.gov/Archives/edgar/data/764065/000076406526000025/0000764065-26-000025-index.htm,7574785674,https://finance.yahoo.com/quote/CLF/history (month-end close 2025-12-01) x shares
CLX,0000021076,2025,,https://www.sec.gov/Archives/edgar/data/21076/000002107625000039/0000021076-25-000039-index.htm,14685691302,https://finance.yahoo.com/quote/CLX/history (month-end close 2025-06-01) x shares
CMG,0001058090,2025,,https://www.sec.gov/Archives/edgar/data/1058090/000105809026000009/0001058090-26-000009-index.htm,48189651000,https://finance.yahoo.com/quote/CMG/history (month-end close 2025-12-01) x shares
CMI,0000026172,2025,,https://www.sec.gov/Archives/edgar/data/26172/000002617226000009/0000026172-26-000009-index.htm,70526562275,https://finance.yahoo.com/quote/CMI/history (month-end close 2025-12-01) x shares
CMS,0000811156,2025,,https://www.sec.gov/Archives/edgar/data/811156/000081115626000004/0000811156-26-000004-index.htm,21428013700,https://finance.yahoo.com/quote/CMS/history (month-end close 2025-12-01) x shares
CNC,0001071739,2025,,https://www.sec.gov/Archives/edgar/data/1071739/000107173926000049/0001071739-26-000049-index.htm,20236377400,https://finance.yahoo.com/quote/CNC/history (month-end close 2025-12-01) x shares
CNP,0001130310,2025,,https://www.sec.gov/Archives/edgar/data/1130310/000113031026000008/0001130310-26-000008-index.htm,25031096630,https://finance.yahoo.com/quote/CNP/history (month-end close 2025-12-01) x shares
CNX,0001070412,2025,,https://www.sec.gov/Archives/edgar/data/1070412/000107041226000038/0001070412-26-000038-index.htm,5234877676,https://finance.yahoo.com/quote/CNX/history (month-end close 2025-12-01) x shares
COF,0000927628,2025,,https://www.sec.gov/Archives/edgar/data/927628/000092762826000024/0000927628-26-000024-index.htm,150731341259,https://finance.yahoo.com/quote/COF/history (month-end close 2025-12-01) x shares
COHR,0000820318,2025,,https://www.sec.gov/Archives/edgar/data/820318/000082031825000014/0000820318-25-000014-index.htm,13899406193,https://finance.yahoo.com/quote/COHR/history (month-end close 2025-06-01) x shares
COO,0000711404,2025,,https://www.sec.gov/Archives/edgar/data/711404/000162828025055615/0001628280-25-055615-index.htm,13700824515,https://finance.yahoo.com/quote/COO/history (month-end close 2025-10-01) x shares
COP,0001163165,2025,,https://www.sec.gov/Archives/edgar/data/1163165/000116316526000009/0001163165-26-000009-index.htm,114423168765,https://finance.yahoo.com/quote/COP/history (month-end close 2025-12-01) x shares
COR,0001140859,2025,,https://www.sec.gov/Archives/edgar/data/1140859/000114085925000131/0001140859-25-000131-index.htm,60628770817,https://finance.yahoo.com/quote/COR/history (month-end close 2025-09-01) x shares
COST,0000909832,2025,,https://www.sec.gov/Archives/edgar/data/909832/000090983225000101/0000909832-25-000101-index.htm,418059783550,https://finance.yahoo.com/quote/COST/history (month-end close 2025-08-01) x shares
COTY,0001024305,2025,,https://www.sec.gov/Archives/edgar/data/1024305/000102430525000030/0001024305-25-000030-index.htm,4056171726,https://finance.yahoo.com/quote/COTY/history (month-end close 2025-06-01) x shares
CPAY,0001175454,2025,,https://www.sec.gov/Archives/edgar/data/1175454/000117545426000018/0001175454-26-000018-index.htm,20478375077,https://finance.yahoo.com/quote/CPAY/history (month-end close 2025-12-01) x shares
CPB,0000016732,2025,,https://www.sec.gov/Archives/edgar/data/16732/000001673225000112/0000016732-25-000112-index.htm,9514901414,https://finance.yahoo.com/quote/CPB/history (month-end close 2025-08-01) x shares
CPRI,0001530721,2025,,https://www.sec.gov/Archives/edgar/data/1530721/000153072125000052/0001530721-25-000052-index.htm,2326573266,https://finance.yahoo.com/quote/CPRI/history (month-end close 2025-03-01) x shares
CPRI,0001530721,2026,,https://www.sec.gov/Archives/edgar/data/1530721/000153072126000047/0001530721-26-000047-index.htm,2029549859,https://finance.yahoo.com/quote/CPRI/history (month-end close 2026-03-01) x shares
CPRT,0000900075,2025,,https://www.sec.gov/Archives/edgar/data/900075/000162828025042946/0001628280-25-042946-index.htm,43867271936,https://finance.yahoo.com/quote/CPRT/history (month-end close 2025-07-01) x shares
CPT,0000906345,2025,,https://www.sec.gov/Archives/edgar/data/906345/000162828026007697/0001628280-26-007697-index.htm,11383175946,https://finance.yahoo.com/quote/CPT/history (month-end close 2025-12-01) x shares
CPWR,0000827099,2025,,https://www.sec.gov/Archives/edgar/data/827099/000165495426002627/0001654954-26-002627-index.htm,3097198,https://finance.yahoo.com/quote/CPWR/history (month-end close 2025-12-01) x shares
CR,0001944013,2025,,https://www.sec.gov/Archives/edgar/data/1944013/000194401326000095/0001944013-26-000095-index.htm,10636870173,https://finance.yahoo.com/quote/CR/history (month-end close 2025-12-01) x shares
CRH,0000849395,2025,,https://www.sec.gov/Archives/edgar/data/849395/000162828026009043/0001628280-26-009043-index.htm,83397704126,https://finance.yahoo.com/quote/CRH/history (month-end close 2025-12-01) x shares
CRL,0001100682,2025,,https://www.sec.gov/Archives/edgar/data/1100682/000110068226000022/0001100682-26-000022-index.htm,9819961334,https://finance.yahoo.com/quote/CRL/history (month-end close 2025-12-01) x shares
CRM,0001108524,2025,,https://www.sec.gov/Archives/edgar/data/1108524/000110852426000060/0001108524-26-000060-index.htm,315389111267,https://finance.yahoo.com/quote/CRM/history (month-end close 2025-01-01) x shares
CRM,0001108524,2026,,https://www.sec.gov/Archives/edgar/data/1108524/000110852425000030/0001108524-25-000030-index.htm,202949233582,https://finance.yahoo.com/quote/CRM/history (month-end close 2026-01-01) x shares
CRWD,0001535527,2025,,https://www.sec.gov/Archives/edgar/data/1535527/000153552725000019/0001535527-25-000019-index.htm,24804555612,https://finance.yahoo.com/quote/CRWD/history (month-end close 2025-01-01) x shares
CRWD,0001535527,2026,,https://www.sec.gov/Archives/edgar/data/1535527/000153552725000025/0001535527-25-000025-index.htm,27693213316,https://finance.yahoo.com/quote/CRWD/history (month-end close 2026-01-01) x shares
CSCO,0000858877,2025,,https://www.sec.gov/Archives/edgar/data/858877/000085887725000111/0000858877-25-000111-index.htm,269133655799,https://finance.yahoo.com/quote/CSCO/history (month-end close 2025-07-01) x shares
CSGP,0001057352,2025,,https://www.sec.gov/Archives/edgar/data/1057352/000105735226000020/0001057352-26-000020-index.htm,28226900662,https://finance.yahoo.com/quote/CSGP/history (month-end close 2025-12-01) x shares
CSR,0000798359,2025,,https://www.sec.gov/Archives/edgar/data/798359/000079835926000014/0000798359-26-000014-index.htm,1119183785,https://finance.yahoo.com/quote/CSR/history (month-end close 2025-12-01) x shares
CSX,0000277948,2025,,https://www.sec.gov/Archives/edgar/data/277948/000027794826000006/0000277948-26-000006-index.htm,67408933964,https://finance.yahoo.com/quote/CSX/history (month-end close 2025-12-01) x shares
CTAS,0000723254,2025,,https://www.sec.gov/Archives/edgar/data/723254/000072325425000017/0000723254-25-000017-index.htm,91274500239,https://finance.yahoo.com/quote/CTAS/history (month-end close 2025-05-01) x shares
CTSH,0001058290,2025,,https://www.sec.gov/Archives/edgar/data/1058290/000105829026000008/0001058290-26-000008-index.htm,39694494360,https://finance.yahoo.com/quote/CTSH/history (month-end close 2025-12-01) x shares
CTVA,0001755672,2025,,https://www.sec.gov/Archives/edgar/data/1755672/000175567226000004/0001755672-26-000004-index.htm,45079282899,https://finance.yahoo.com/quote/CTVA/history (month-end close 2025-12-01) x shares
CVS,0000064803,2025,,https://www.sec.gov/Archives/edgar/data/64803/000006480326000010/0000064803-26-000010-index.htm,100962670736,https://finance.yahoo.com/quote/CVS/history (month-end close 2025-12-01) x shares
CVX,0000093410,2025,,https://www.sec.gov/Archives/edgar/data/93410/000009341026000078/0000093410-26-000078-index.htm,304116717306,https://finance.yahoo.com/quote/CVX/history (month-end close 2025-12-01) x shares
CZR,0001590895,2025,,https://www.sec.gov/Archives/edgar/data/1590895/000159089526000011/0001590895-26-000011-index.htm,4760356557,https://finance.yahoo.com/quote/CZR/history (month-end close 2025-12-01) x shares
D,0000715957,2025,,https://www.sec.gov/Archives/edgar/data/715957/000119312526063120/0001193125-26-063120-index.htm,51488050254,https://finance.yahoo.com/quote/D/history (month-end close 2025-12-01) x shares
DAL,0000027904,2025,,https://www.sec.gov/Archives/edgar/data/27904/000002790426000013/0000027904-26-000013-index.htm,45327272132,https://finance.yahoo.com/quote/DAL/history (month-end close 2025-12-01) x shares
DD,0001666700,2025,,https://www.sec.gov/Archives/edgar/data/1666700/000166670026000013/0001666700-26-000013-index.htm,49316216530,https://finance.yahoo.com/quote/DD/history (month-end close 2025-12-01) x shares
DE,0000315189,2025,,https://www.sec.gov/Archives/edgar/data/315189/000110465925122321/0001104659-25-122321-index.htm,125619198391,https://finance.yahoo.com/quote/DE/history (month-end close 2025-11-01) x shares
DEC,0001922446,2025,,https://www.sec.gov/Archives/edgar/data/1922446/000192244626000020/0001922446-26-000020-index.htm,1101504512,https://finance.yahoo.com/quote/DEC/history (month-end close 2025-12-01) x shares
DECK,0000910521,2025,,https://www.sec.gov/Archives/edgar/data/910521/000091052125000017/0000910521-25-000017-index.htm,16708424819,https://finance.yahoo.com/quote/DECK/history (month-end close 2025-03-01) x shares
DECK,0000910521,2026,,https://www.sec.gov/Archives/edgar/data/910521/000162828026037664/0001628280-26-037664-index.htm,13900594478,https://finance.yahoo.com/quote/DECK/history (month-end close 2026-03-01) x shares
DG,0000029534,2026,,https://www.sec.gov/Archives/edgar/data/29534/000110465926069205/0001104659-26-069205-index.htm,31638741164,https://finance.yahoo.com/quote/DG/history (month-end close 2026-01-01) x shares
DG,0000029534,2025,,https://www.sec.gov/Archives/edgar/data/29534/000110465926032325/0001104659-26-032325-index.htm,15649281762,https://finance.yahoo.com/quote/DG/history (month-end close 2025-01-01) x shares
DGX,0001022079,2025,,https://www.sec.gov/Archives/edgar/data/1022079/000102207926000015/0001022079-26-000015-index.htm,19065102375,https://finance.yahoo.com/quote/DGX/history (month-end close 2025-12-01) x shares
DHI,0000882184,2025,,https://www.sec.gov/Archives/edgar/data/882184/000088218425000081/0000882184-25-000081-index.htm,49495499731,https://finance.yahoo.com/quote/DHI/history (month-end close 2025-09-01) x shares
DHR,0000313616,2025,,https://www.sec.gov/Archives/edgar/data/313616/000031361626000062/0000313616-26-000062-index.htm,161878340081,https://finance.yahoo.com/quote/DHR/history (month-end close 2025-12-01) x shares
DIS,0001744489,2025,,https://www.sec.gov/Archives/edgar/data/1744489/000174448925000155/0001744489-25-000155-index.htm,204415572867,https://finance.yahoo.com/quote/DIS/history (month-end close 2025-09-01) x shares
DLR,0001297996,2025,,https://www.sec.gov/Archives/edgar/data/1297996/000110465926015365/0001104659-26-015365-index.htm,53160747648,https://finance.yahoo.com/quote/DLR/history (month-end close 2025-12-01) x shares
DLTR,0000935703,2026,,https://www.sec.gov/Archives/edgar/data/935703/000093570326000065/0000935703-26-000065-index.htm,22597809099,https://finance.yahoo.com/quote/DLTR/history (month-end close 2026-01-01) x shares
DLTR,0000935703,2025,,https://www.sec.gov/Archives/edgar/data/935703/000093570326000025/0000935703-26-000025-index.htm,14375148211,https://finance.yahoo.com/quote/DLTR/history (month-end close 2025-02-01) x shares
DLX,0000027996,2025,,https://www.sec.gov/Archives/edgar/data/27996/000002799626000037/0000027996-26-000037-index.htm,1006669869,https://finance.yahoo.com/quote/DLX/history (month-end close 2025-12-01) x shares
DOC,0000765880,2025,,https://www.sec.gov/Archives/edgar/data/765880/000162828026005044/0001628280-26-005044-index.htm,11176307419,https://finance.yahoo.com/quote/DOC/history (month-end close 2025-12-01) x shares
DOV,0000029905,2025,,https://www.sec.gov/Archives/edgar/data/29905/000002990526000009/0000029905-26-000009-index.htm,26331360801,https://finance.yahoo.com/quote/DOV/history (month-end close 2025-12-01) x shares
DOW,0001751788,2025,,https://www.sec.gov/Archives/edgar/data/1751788/000175178826000018/0001751788-26-000018-index.htm,16775946001,https://finance.yahoo.com/quote/DOW/history (month-end close 2025-12-01) x shares
DPZ,0001286681,2020,,https://www.sec.gov/Archives/edgar/data/1286681/000119312521055734/0001193125-21-055734-index.htm,14386787522,https://finance.yahoo.com/quote/DPZ/history (month-end close 2021-01-01) x shares
DPZ,0001286681,2025,,https://www.sec.gov/Archives/edgar/data/1286681/000119312526062321/0001193125-26-062321-index.htm,14017197094,https://finance.yahoo.com/quote/DPZ/history (month-end close 2025-12-01) x shares
DRI,0000940944,2025,,https://www.sec.gov/Archives/edgar/data/940944/000094094425000038/0000940944-25-000038-index.htm,25069817510,https://finance.yahoo.com/quote/DRI/history (month-end close 2025-05-01) x shares
DTE,0000936340,2025,,https://www.sec.gov/Archives/edgar/data/936340/000093634026000054/0000936340-26-000054-index.htm,26802528593,https://finance.yahoo.com/quote/DTE/history (month-end close 2025-12-01) x shares
DUK,0001326160,2025,,https://www.sec.gov/Archives/edgar/data/1326160/000132616026000014/0001326160-26-000014-index.htm,91150801492,https://finance.yahoo.com/quote/DUK/history (month-end close 2025-12-01) x shares
DVA,0000927066,2025,,https://www.sec.gov/Archives/edgar/data/927066/000092706626000012/0000927066-26-000012-index.htm,7589148041,https://finance.yahoo.com/quote/DVA/history (month-end close 2025-12-01) x shares
DVN,0001090012,2009,,https://www.sec.gov/Archives/edgar/data/1090012/000095012310017093/0000950123-10-017093-index.htm,32839800000,https://finance.yahoo.com/quote/DVN/history (month-end close 2009-12-01) x shares
DVN,0001090012,2025,,https://www.sec.gov/Archives/edgar/data/1090012/000119312526056485/0001193125-26-056485-index.htm,22710600662,https://finance.yahoo.com/quote/DVN/history (month-end close 2025-12-01) x shares
DXC,0001688568,2026,,https://www.sec.gov/Archives/edgar/data/1688568/000168856826000022/0001688568-26-000022-index.htm,2054941765,https://finance.yahoo.com/quote/DXC/history (month-end close 2026-03-01) x shares
DXC,0001688568,2025,,https://www.sec.gov/Archives/edgar/data/1688568/000168856825000029/0001688568-25-000029-index.htm,3090590345,https://finance.yahoo.com/quote/DXC/history (month-end close 2025-03-01) x shares
DXCM,0001093557,2025,,https://www.sec.gov/Archives/edgar/data/1093557/000109355726000027/0001093557-26-000027-index.htm,25543480621,https://finance.yahoo.com/quote/DXCM/history (month-end close 2025-12-01) x shares
DYN,0001818794,2025,,https://www.sec.gov/Archives/edgar/data/1818794/000095017025066386/0000950170-25-066386-index.htm,2223318205,https://finance.yahoo.com/quote/DYN/history (month-end close 2025-12-01) x shares
EBAY,0001065088,2025,,https://www.sec.gov/Archives/edgar/data/1065088/000106508826000027/0001065088-26-000027-index.htm,39020799316,https://finance.yahoo.com/quote/EBAY/history (month-end close 2025-12-01) x shares
ECL,0000031462,2025,,https://www.sec.gov/Archives/edgar/data/31462/000110465926018357/0001104659-26-018357-index.htm,74022616391,https://finance.yahoo.com/quote/ECL/history (month-end close 2025-12-01) x shares
ED,0001047862,2025,,https://www.sec.gov/Archives/edgar/data/1047862/000104786226000031/0001047862-26-000031-index.htm,35879095432,https://finance.yahoo.com/quote/ED/history (month-end close 2025-12-01) x shares
EFX,0000033185,2025,,https://www.sec.gov/Archives/edgar/data/33185/000003318526000010/0000033185-26-000010-index.htm,26096183652,https://finance.yahoo.com/quote/EFX/history (month-end close 2025-12-01) x shares
EG,0001095073,2025,,https://www.sec.gov/Archives/edgar/data/1095073/000109507326000006/0001095073-26-000006-index.htm,13706397988,https://finance.yahoo.com/quote/EG/history (month-end close 2025-12-01) x shares
EHC,0000785161,2025,,https://www.sec.gov/Archives/edgar/data/785161/000078516126000081/0000785161-26-000081-index.htm,10552031374,https://finance.yahoo.com/quote/EHC/history (month-end close 2025-12-01) x shares
EIX,0000827052,2025,,https://www.sec.gov/Archives/edgar/data/827052/000082705226000012/0000827052-26-000012-index.htm,23095151615,https://finance.yahoo.com/quote/EIX/history (month-end close 2025-12-01) x shares
ELV,0001156039,2025,,https://www.sec.gov/Archives/edgar/data/1156039/000115603926000013/0001156039-26-000013-index.htm,77368018323,https://finance.yahoo.com/quote/ELV/history (month-end close 2025-12-01) x shares
EME,0000105634,2025,,https://www.sec.gov/Archives/edgar/data/105634/000010563426000025/0000105634-26-000025-index.htm,27244577575,https://finance.yahoo.com/quote/EME/history (month-end close 2025-12-01) x shares
EMN,0000915389,2025,,https://www.sec.gov/Archives/edgar/data/915389/000091538926000013/0000915389-26-000013-index.htm,7282831762,https://finance.yahoo.com/quote/EMN/history (month-end close 2025-12-01) x shares
EMR,0000032604,2025,,https://www.sec.gov/Archives/edgar/data/32604/000003260425000087/0000032604-25-000087-index.htm,73696919885,https://finance.yahoo.com/quote/EMR/history (month-end close 2025-09-01) x shares
ENPH,0001463101,2025,,https://www.sec.gov/Archives/edgar/data/1463101/000146310126000013/0001463101-26-000013-index.htm,4201717049,https://finance.yahoo.com/quote/ENPH/history (month-end close 2025-12-01) x shares
ENS,0001289308,2026,,https://www.sec.gov/Archives/edgar/data/1289308/000162828026036900/0001628280-26-036900-index.htm,6343867570,https://finance.yahoo.com/quote/ENS/history (month-end close 2026-03-01) x shares
ENS,0001289308,2025,,https://www.sec.gov/Archives/edgar/data/1289308/000128930825000017/0001289308-25-000017-index.htm,3589589441,https://finance.yahoo.com/quote/ENS/history (month-end close 2025-03-01) x shares
EOG,0000821189,2025,,https://www.sec.gov/Archives/edgar/data/821189/000082118926000054/0000821189-26-000054-index.htm,56336972826,https://finance.yahoo.com/quote/EOG/history (month-end close 2025-12-01) x shares
EP,0001066107,2009,,https://www.sec.gov/Archives/edgar/data/1066107/000095012310019484/0000950123-10-019484-index.htm,3164350466,https://finance.yahoo.com/quote/EP/history (month-end close 2009-12-01) x shares
EP,0000887396,2012,,https://www.sec.gov/Archives/edgar/data/887396/000088739612000009/0000887396-12-000009-index.htm,73927501,https://finance.yahoo.com/quote/EP/history (month-end close 2012-12-01) x shares
EP,0000887396,2025,,https://www.sec.gov/Archives/edgar/data/887396/000110465926027675/0001104659-26-027675-index.htm,107703575,https://finance.yahoo.com/quote/EP/history (month-end close 2025-12-01) x shares
EPAM,0001352010,2025,,https://www.sec.gov/Archives/edgar/data/1352010/000135201026000015/0001352010-26-000015-index.htm,11092197113,https://finance.yahoo.com/quote/EPAM/history (month-end close 2025-12-01) x shares
EQ,0001746466,2025,,https://www.sec.gov/Archives/edgar/data/1746466/000119312526124143/0001193125-26-124143-index.htm,98001159,https://finance.yahoo.com/quote/EQ/history (month-end close 2025-12-01) x shares
EQIX,0001101239,2025,,https://www.sec.gov/Archives/edgar/data/1101239/000110123926000032/0001101239-26-000032-index.htm,75278992998,https://finance.yahoo.com/quote/EQIX/history (month-end close 2025-12-01) x shares
EQR,0000906107,2025,,https://www.sec.gov/Archives/edgar/data/906107/000119312526051433/0001193125-26-051433-index.htm,23800570034,https://finance.yahoo.com/quote/EQR/history (month-end close 2025-12-01) x shares
EQT,0000033213,2025,,https://www.sec.gov/Archives/edgar/data/33213/000003321326000018/0000033213-26-000018-index.htm,33461085447,https://finance.yahoo.com/quote/EQT/history (month-end close 2025-12-01) x shares
ES,0000072741,2025,,https://www.sec.gov/Archives/edgar/data/72741/000162828026008461/0001628280-26-008461-index.htm,25282187506,https://finance.yahoo.com/quote/ES/history (month-end close 2025-12-01) x shares
ESS,0000920522,2025,,https://www.sec.gov/Archives/edgar/data/920522/000092052226000003/0000920522-26-000003-index.htm,16871949938,https://finance.yahoo.com/quote/ESS/history (month-end close 2025-12-01) x shares
ETN,0001551182,2025,,https://www.sec.gov/Archives/edgar/data/1551182/000155118226000007/0001551182-26-000007-index.htm,123550032788,https://finance.yahoo.com/quote/ETN/history (month-end close 2025-12-01) x shares
ETR,0000065984,2025,,https://www.sec.gov/Archives/edgar/data/65984/000006598426000174/0000065984-26-000174-index.htm,41869850772,https://finance.yahoo.com/quote/ETR/history (month-end close 2025-12-01) x shares
ETS,0002053641,2025,,https://www.sec.gov/Archives/edgar/data/2053641/000110465925098929/0001104659-25-098929-index.htm,9378053,https://finance.yahoo.com/quote/ETS/history (month-end close 2025-11-01) x shares
ETSY,0001370637,2025,,https://www.sec.gov/Archives/edgar/data/1370637/000137063726000019/0001370637-26-000019-index.htm,5335943527,https://finance.yahoo.com/quote/ETSY/history (month-end close 2025-12-01) x shares
EVRG,0001711269,2025,,https://www.sec.gov/Archives/edgar/data/1711269/000171126926000017/0001711269-26-000017-index.htm,16693111677,https://finance.yahoo.com/quote/EVRG/history (month-end close 2025-12-01) x shares
EW,0001099800,2025,,https://www.sec.gov/Archives/edgar/data/1099800/000109980026000009/0001099800-26-000009-index.htm,49513200000,https://finance.yahoo.com/quote/EW/history (month-end close 2025-12-01) x shares
EXC,0001109357,2025,,https://www.sec.gov/Archives/edgar/data/1109357/000110935726000018/0001109357-26-000018-index.htm,44587887936,https://finance.yahoo.com/quote/EXC/history (month-end close 2025-12-01) x shares
EXE,0000895126,2025,,https://www.sec.gov/Archives/edgar/data/895126/000089512626000011/0000895126-26-000011-index.htm,26530352120,https://finance.yahoo.com/quote/EXE/history (month-end close 2025-12-01) x shares
EXPD,0000746515,2025,,https://www.sec.gov/Archives/edgar/data/746515/000119312526071569/0001193125-26-071569-index.htm,19893382325,https://finance.yahoo.com/quote/EXPD/history (month-end close 2025-12-01) x shares
EXR,0001289490,2025,,https://www.sec.gov/Archives/edgar/data/1289490/000128949026000011/0001289490-26-000011-index.htm,27494347906,https://finance.yahoo.com/quote/EXR/history (month-end close 2025-12-01) x shares
FANG,0001539838,2025,,https://www.sec.gov/Archives/edgar/data/1539838/000153983826000010/0001539838-26-000010-index.htm,42404934933,https://finance.yahoo.com/quote/FANG/history (month-end close 2025-12-01) x shares
FAST,0000815556,2025,,https://www.sec.gov/Archives/edgar/data/815556/000081555626000009/0000815556-26-000009-index.htm,46076432924,https://finance.yahoo.com/quote/FAST/history (month-end close 2025-12-01) x shares
FCN,0000887936,2025,,https://www.sec.gov/Archives/edgar/data/887936/000088793626000013/0000887936-26-000013-index.htm,5224305521,https://finance.yahoo.com/quote/FCN/history (month-end close 2025-12-01) x shares
FCPT,0001650132,2025,,https://www.sec.gov/Archives/edgar/data/1650132/000119312526048898/0001193125-26-048898-index.htm,2530720610,https://finance.yahoo.com/quote/FCPT/history (month-end close 2025-12-01) x shares
FCX,0000831259,2025,,https://www.sec.gov/Archives/edgar/data/831259/000083125926000012/0000831259-26-000012-index.htm,72995470885,https://finance.yahoo.com/quote/FCX/history (month-end close 2025-12-01) x shares
FDS,0001013237,2025,,https://www.sec.gov/Archives/edgar/data/1013237/000162828025045769/0001628280-25-045769-index.htm,13983195897,https://finance.yahoo.com/quote/FDS/history (month-end close 2025-08-01) x shares
FDX,0001048911,2025,,https://www.sec.gov/Archives/edgar/data/1048911/000104891125000011/0001048911-25-000011-index.htm,41458172215,https://finance.yahoo.com/quote/FDX/history (month-end close 2025-05-01) x shares
FE,0001031296,2025,,https://www.sec.gov/Archives/edgar/data/1031296/000103129626000046/0001031296-26-000046-index.htm,25874055257,https://finance.yahoo.com/quote/FE/history (month-end close 2025-12-01) x shares
FFIV,0001048695,2025,,https://www.sec.gov/Archives/edgar/data/1048695/000104869525000157/0001048695-25-000157-index.htm,18773982490,https://finance.yahoo.com/quote/FFIV/history (month-end close 2025-09-01) x shares
FG,0001934850,2025,,https://www.sec.gov/Archives/edgar/data/1934850/000193485026000026/0001934850-26-000026-index.htm,4183572192,https://finance.yahoo.com/quote/FG/history (month-end close 2025-12-01) x shares
FHN,0000036966,2025,,https://www.sec.gov/Archives/edgar/data/36966/000003696626000051/0000036966-26-000051-index.htm,11548208431,https://finance.yahoo.com/quote/FHN/history (month-end close 2025-12-01) x shares
FICO,0000814547,2025,,https://www.sec.gov/Archives/edgar/data/814547/000081454725000030/0000814547-25-000030-index.htm,35481300802,https://finance.yahoo.com/quote/FICO/history (month-end close 2025-09-01) x shares
FIS,0001136893,2025,,https://www.sec.gov/Archives/edgar/data/1136893/000113689326000013/0001136893-26-000013-index.htm,34187268634,https://finance.yahoo.com/quote/FIS/history (month-end close 2025-12-01) x shares
FISV,0000798354,2025,,https://www.sec.gov/Archives/edgar/data/798354/000079835426000009/0000798354-26-000009-index.htm,35921004502,https://finance.yahoo.com/quote/FISV/history (month-end close 2025-12-01) x shares
FITB,0000035527,2025,,https://www.sec.gov/Archives/edgar/data/35527/000003552726000124/0000035527-26-000124-index.htm,42214149658,https://finance.yahoo.com/quote/FITB/history (month-end close 2025-12-01) x shares
FIX,0001035983,2025,,https://www.sec.gov/Archives/edgar/data/1035983/000110465926017530/0001104659-26-017530-index.htm,32828444179,https://finance.yahoo.com/quote/FIX/history (month-end close 2025-12-01) x shares
FLR,0001124198,2025,,https://www.sec.gov/Archives/edgar/data/1124198/000112419826000007/0001124198-26-000007-index.htm,5808358148,https://finance.yahoo.com/quote/FLR/history (month-end close 2025-12-01) x shares
FLS,0000030625,2025,,https://www.sec.gov/Archives/edgar/data/30625/000003062526000003/0000030625-26-000003-index.htm,8829321276,https://finance.yahoo.com/quote/FLS/history (month-end close 2025-12-01) x shares
FMC,0000037785,2025,,https://www.sec.gov/Archives/edgar/data/37785/000003778526000041/0000037785-26-000041-index.htm,1732835342,https://finance.yahoo.com/quote/FMC/history (month-end close 2025-12-01) x shares
FMCC,0001026214,2025,,https://www.sec.gov/Archives/edgar/data/1026214/000102621426000021/0001026214-26-000021-index.htm,6591604091,https://finance.yahoo.com/quote/FMCC/history (month-end close 2025-12-01) x shares
FNMA,0000310522,2025,,https://www.sec.gov/Archives/edgar/data/310522/000031052226000015/0000310522-26-000015-index.htm,12426279064,https://finance.yahoo.com/quote/FNMA/history (month-end close 2025-12-01) x shares
FOSL,0000883569,2014,,https://www.sec.gov/Archives/edgar/data/883569/000104746915000992/0001047469-15-000992-index.htm,4927086501,https://finance.yahoo.com/quote/FOSL/history (month-end close 2015-01-01) x shares
FOSL,0000883569,2026,,https://www.sec.gov/Archives/edgar/data/883569/000119312526197497/0001193125-26-197497-index.htm,204995821,https://finance.yahoo.com/quote/FOSL/history (month-end close 2026-01-01) x shares
FRT,0000034903,2025,,https://www.sec.gov/Archives/edgar/data/34903/000003490325000037/0000034903-25-000037-index.htm,8695082855,https://finance.yahoo.com/quote/FRT/history (month-end close 2025-12-01) x shares
FSLR,0001274494,2025,,https://www.sec.gov/Archives/edgar/data/1274494/000127449426000021/0001274494-26-000021-index.htm,28032852142,https://finance.yahoo.com/quote/FSLR/history (month-end close 2025-12-01) x shares
FTI,0001681459,2025,,https://www.sec.gov/Archives/edgar/data/1681459/000168145926000010/0001681459-26-000010-index.htm,17826002630,https://finance.yahoo.com/quote/FTI/history (month-end close 2025-12-01) x shares
FTNT,0001262039,2025,,https://www.sec.gov/Archives/edgar/data/1262039/000126203926000007/0001262039-26-000007-index.htm,58757334436,https://finance.yahoo.com/quote/FTNT/history (month-end close 2025-12-01) x shares
FTV,0001659166,2025,,https://www.sec.gov/Archives/edgar/data/1659166/000165916626000007/0001659166-26-000007-index.htm,16996905598,https://finance.yahoo.com/quote/FTV/history (month-end close 2025-12-01) x shares
FTV,0001659166,2016,,https://www.sec.gov/Archives/edgar/data/1659166/000165916617000091/0001659166-17-000091-index.htm,11701814468,https://finance.yahoo.com/quote/FTV/history (month-end close 2016-12-01) x shares
G,0001398659,2025,,https://www.sec.gov/Archives/edgar/data/1398659/000139865926000004/0001398659-26-000004-index.htm,7946228123,https://finance.yahoo.com/quote/G/history (month-end close 2025-12-01) x shares
GD,0000040533,2025,,https://www.sec.gov/Archives/edgar/data/40533/000004053326000006/0000040533-26-000006-index.htm,91029417255,https://finance.yahoo.com/quote/GD/history (month-end close 2025-12-01) x shares
GDDY,0001609711,2025,,https://www.sec.gov/Archives/edgar/data/1609711/000160971126000010/0001609711-26-000010-index.htm,16546579082,https://finance.yahoo.com/quote/GDDY/history (month-end close 2025-12-01) x shares
GE,0000040545,2025,,https://www.sec.gov/Archives/edgar/data/40545/000004054526000008/0000040545-26-000008-index.htm,323066055624,https://finance.yahoo.com/quote/GE/history (month-end close 2025-12-01) x shares
GEHC,0001932393,2025,,https://www.sec.gov/Archives/edgar/data/1932393/000193239326000007/0001932393-26-000007-index.htm,37380594359,https://finance.yahoo.com/quote/GEHC/history (month-end close 2025-12-01) x shares
GEN,0000849399,2025,,https://www.sec.gov/Archives/edgar/data/849399/000084939925000033/0000849399-25-000033-index.htm,16460896992,https://finance.yahoo.com/quote/GEN/history (month-end close 2025-03-01) x shares
GEN,0000849399,2026,,https://www.sec.gov/Archives/edgar/data/849399/000084939926000017/0000849399-26-000017-index.htm,11620949595,https://finance.yahoo.com/quote/GEN/history (month-end close 2026-04-01) x shares
GENZ,0000732485,2010,,https://www.sec.gov/Archives/edgar/data/732485/000095012311020797/0000950123-11-020797-index.htm,8224813556,https://finance.yahoo.com/quote/GENZ/history (month-end close 2010-12-01) x shares
GENZ,0000732485,2009,,https://www.sec.gov/Archives/edgar/data/732485/000104746910001574/0001047469-10-001574-index.htm,6240045930,https://finance.yahoo.com/quote/GENZ/history (month-end close 2009-12-01) x shares
GEV,0001996810,2025,,https://www.sec.gov/Archives/edgar/data/1996810/000199681026000015/0001996810-26-000015-index.htm,176156373761,https://finance.yahoo.com/quote/GEV/history (month-end close 2025-12-01) x shares
GILD,0000882095,2025,,https://www.sec.gov/Archives/edgar/data/882095/000088209526000006/0000882095-26-000006-index.htm,152371952955,https://finance.yahoo.com/quote/GILD/history (month-end close 2025-12-01) x shares
GIS,0000040704,2025,,https://www.sec.gov/Archives/edgar/data/40704/000119312525147079/0001193125-25-147079-index.htm,29432114697,https://finance.yahoo.com/quote/GIS/history (month-end close 2025-05-01) x shares
GIS,0000040704,2026,,https://www.sec.gov/Archives/edgar/data/40704/000162828026046466/0001628280-26-046466-index.htm,18044681602,https://finance.yahoo.com/quote/GIS/history (month-end close 2026-05-01) x shares
GL,0000320335,2025,,https://www.sec.gov/Archives/edgar/data/320335/000032033526000090/0000320335-26-000090-index.htm,10998189050,https://finance.yahoo.com/quote/GL/history (month-end close 2025-12-01) x shares
GLD,0001222333,2025,,https://www.sec.gov/Archives/edgar/data/1222333/000143774925036305/0001437749-25-036305-index.htm,129284439444,https://finance.yahoo.com/quote/GLD/history (month-end close 2025-09-01) x shares
GLW,0000024741,2025,,https://www.sec.gov/Archives/edgar/data/24741/000002474126000124/0000024741-26-000124-index.htm,75121934329,https://finance.yahoo.com/quote/GLW/history (month-end close 2025-12-01) x shares
GM,0001467858,2025,,https://www.sec.gov/Archives/edgar/data/1467858/000146785826000013/0001467858-26-000013-index.htm,73510665530,https://finance.yahoo.com/quote/GM/history (month-end close 2025-12-01) x shares
GME,0001326380,2025,,https://www.sec.gov/Archives/edgar/data/1326380/000132638026000013/0001326380-26-000013-index.htm,11227314342,https://finance.yahoo.com/quote/GME/history (month-end close 2025-02-01) x shares
GME,0001326380,2026,,https://www.sec.gov/Archives/edgar/data/1326380/000132638026000025/0001326380-26-000025-index.htm,10714746841,https://finance.yahoo.com/quote/GME/history (month-end close 2026-01-01) x shares
GNRC,0001474735,2025,,https://www.sec.gov/Archives/edgar/data/1474735/000143774926004568/0001437749-26-004568-index.htm,8001622241,https://finance.yahoo.com/quote/GNRC/history (month-end close 2025-12-01) x shares
GNW,0001276520,2025,,https://www.sec.gov/Archives/edgar/data/1276520/000162828026012828/0001628280-26-012828-index.htm,3500127651,https://finance.yahoo.com/quote/GNW/history (month-end close 2025-12-01) x shares
GPC,0000040987,2025,,https://www.sec.gov/Archives/edgar/data/40987/000004098726000003/0000040987-26-000003-index.htm,16922014274,https://finance.yahoo.com/quote/GPC/history (month-end close 2025-12-01) x shares
GPN,0001123360,2025,,https://www.sec.gov/Archives/edgar/data/1123360/000112336026000008/0001123360-26-000008-index.htm,21664363137,https://finance.yahoo.com/quote/GPN/history (month-end close 2025-12-01) x shares
GR,0000042542,2009,,https://www.sec.gov/Archives/edgar/data/42542/000095012310013244/0000950123-10-013244-index.htm,212781077,https://finance.yahoo.com/quote/GR/history (month-end close 2009-12-01) x shares
GR,0000042542,2010,,https://www.sec.gov/Archives/edgar/data/42542/000095012311014160/0000950123-11-014160-index.htm,565226721,https://finance.yahoo.com/quote/GR/history (month-end close 2010-12-01) x shares
GR,0000042542,2011,,https://www.sec.gov/Archives/edgar/data/42542/000119312512074985/0001193125-12-074985-index.htm,188702110,https://finance.yahoo.com/quote/GR/history (month-end close 2011-12-01) x shares
GRMN,0001121788,2025,,https://www.sec.gov/Archives/edgar/data/1121788/000119312526056028/0001193125-26-056028-index.htm,39044737540,https://finance.yahoo.com/quote/GRMN/history (month-end close 2025-12-01) x shares
GS,0000886982,2025,,https://www.sec.gov/Archives/edgar/data/886982/000088698226000091/0000886982-26-000091-index.htm,260845818438,https://finance.yahoo.com/quote/GS/history (month-end close 2025-12-01) x shares
GT,0000042582,2025,,https://www.sec.gov/Archives/edgar/data/42582/000162828026006708/0001628280-26-006708-index.htm,2507524180,https://finance.yahoo.com/quote/GT/history (month-end close 2025-12-01) x shares
GTE,0001273441,2025,,https://www.sec.gov/Archives/edgar/data/1273441/000127344126000010/0001273441-26-000010-index.htm,149666794,https://finance.yahoo.com/quote/GTE/history (month-end close 2025-12-01) x shares
GWW,0000277135,2025,,https://www.sec.gov/Archives/edgar/data/277135/000027713526000011/0000277135-26-000011-index.htm,47801749289,https://finance.yahoo.com/quote/GWW/history (month-end close 2025-12-01) x shares
HAL,0000045012,2025,,https://www.sec.gov/Archives/edgar/data/45012/000004501226000015/0000045012-26-000015-index.htm,23669116421,https://finance.yahoo.com/quote/HAL/history (month-end close 2025-12-01) x shares
HAS,0000046080,2025,,https://www.sec.gov/Archives/edgar/data/46080/000004608026000011/0000046080-26-000011-index.htm,11536232156,https://finance.yahoo.com/quote/HAS/history (month-end close 2025-12-01) x shares
HBAN,0000049196,2025,,https://www.sec.gov/Archives/edgar/data/49196/000004919626000015/0000049196-26-000015-index.htm,35216898758,https://finance.yahoo.com/quote/HBAN/history (month-end close 2025-12-01) x shares
HCA,0000860730,2025,,https://www.sec.gov/Archives/edgar/data/860730/000119312526044769/0001193125-26-044769-index.htm,104400257016,https://finance.yahoo.com/quote/HCA/history (month-end close 2025-12-01) x shares
HD,0000354950,2025,,https://www.sec.gov/Archives/edgar/data/354950/000162828026019436/0001628280-26-019436-index.htm,395018153495,https://finance.yahoo.com/quote/HD/history (month-end close 2025-02-01) x shares
HD,0000354950,2026,,https://www.sec.gov/Archives/edgar/data/354950/000162828026038247/0001628280-26-038247-index.htm,379622264388,https://finance.yahoo.com/quote/HD/history (month-end close 2026-02-01) x shares
HIG,0000874766,2025,,https://www.sec.gov/Archives/edgar/data/874766/000087476626000012/0000874766-26-000012-index.htm,38013952558,https://finance.yahoo.com/quote/HIG/history (month-end close 2025-12-01) x shares
HII,0001501585,2025,,https://www.sec.gov/Archives/edgar/data/1501585/000150158526000006/0001501585-26-000006-index.htm,13345261196,https://finance.yahoo.com/quote/HII/history (month-end close 2025-12-01) x shares
HLT,0001585689,2025,,https://www.sec.gov/Archives/edgar/data/1585689/000158568926000007/0001585689-26-000007-index.htm,65864016409,https://finance.yahoo.com/quote/HLT/history (month-end close 2025-12-01) x shares
HOG,0000793952,2025,,https://www.sec.gov/Archives/edgar/data/793952/000079395226000011/0000793952-26-000011-index.htm,2291818010,https://finance.yahoo.com/quote/HOG/history (month-end close 2025-12-01) x shares
HON,0000773840,2025,,https://www.sec.gov/Archives/edgar/data/773840/000077384026000013/0000773840-26-000013-index.htm,130061851808,https://finance.yahoo.com/quote/HON/history (month-end close 2025-12-01) x shares
HP,0000046765,2025,,https://www.sec.gov/Archives/edgar/data/46765/000004676525000071/0000046765-25-000071-index.htm,2174724575,https://finance.yahoo.com/quote/HP/history (month-end close 2025-09-01) x shares
HPE,0001645590,2025,,https://www.sec.gov/Archives/edgar/data/1645590/000164559025000130/0001645590-25-000130-index.htm,32589300138,https://finance.yahoo.com/quote/HPE/history (month-end close 2025-10-01) x shares
HPQ,0000047217,2025,,https://www.sec.gov/Archives/edgar/data/47217/000004721725000071/0000047217-25-000071-index.htm,25400631821,https://finance.yahoo.com/quote/HPQ/history (month-end close 2025-10-01) x shares
HRB,0000012659,2025,,https://www.sec.gov/Archives/edgar/data/12659/000160529725000016/0001605297-25-000016-index.htm,7352375119,https://finance.yahoo.com/quote/HRB/history (month-end close 2025-06-01) x shares
HSIC,0001000228,2025,,https://www.sec.gov/Archives/edgar/data/1000228/000100022826000013/0001000228-26-000013-index.htm,8669337675,https://finance.yahoo.com/quote/HSIC/history (month-end close 2025-12-01) x shares
HST,0001070750,2025,,https://www.sec.gov/Archives/edgar/data/1070750/000107075026000054/0001070750-26-000054-index.htm,12194732354,https://finance.yahoo.com/quote/HST/history (month-end close 2025-12-01) x shares
HUBB,0000048898,2025,,https://www.sec.gov/Archives/edgar/data/48898/000162828026007500/0001628280-26-007500-index.htm,23609598285,https://finance.yahoo.com/quote/HUBB/history (month-end close 2025-12-01) x shares
HUM,0000049071,2025,,https://www.sec.gov/Archives/edgar/data/49071/000004907126000009/0000049071-26-000009-index.htm,30888245617,https://finance.yahoo.com/quote/HUM/history (month-end close 2025-12-01) x shares
HWM,0000004281,2025,,https://www.sec.gov/Archives/edgar/data/4281/000000428126000012/0000004281-26-000012-index.htm,82200733429,https://finance.yahoo.com/quote/HWM/history (month-end close 2025-12-01) x shares
HWM,0000004281,2016,,https://www.sec.gov/Archives/edgar/data/4281/000119312517062657/0001193125-17-062657-index.htm,6263443725,https://finance.yahoo.com/quote/HWM/history (month-end close 2016-12-01) x shares
IBM,0000051143,2025,,https://www.sec.gov/Archives/edgar/data/51143/000005114326000010/0000051143-26-000010-index.htm,277855162793,https://finance.yahoo.com/quote/IBM/history (month-end close 2025-12-01) x shares
ICE,0001571949,2025,,https://www.sec.gov/Archives/edgar/data/1571949/000157194926000004/0001571949-26-000004-index.htm,91976523058,https://finance.yahoo.com/quote/ICE/history (month-end close 2025-12-01) x shares
IDXX,0000874716,2025,,https://www.sec.gov/Archives/edgar/data/874716/000087471626000038/0000874716-26-000038-index.htm,53868050055,https://finance.yahoo.com/quote/IDXX/history (month-end close 2025-12-01) x shares
IEX,0000832101,2025,,https://www.sec.gov/Archives/edgar/data/832101/000083210126000003/0000832101-26-000003-index.htm,13229451984,https://finance.yahoo.com/quote/IEX/history (month-end close 2025-12-01) x shares
IFF,0000051253,2025,,https://www.sec.gov/Archives/edgar/data/51253/000005125326000006/0000051253-26-000006-index.htm,17216627693,https://finance.yahoo.com/quote/IFF/history (month-end close 2025-12-01) x shares
ILMN,0001110803,2015,,https://www.sec.gov/Archives/edgar/data/1110803/000111080316000175/0001110803-16-000175-index.htm,22586235077,https://finance.yahoo.com/quote/ILMN/history (month-end close 2016-01-01) x shares
ILMN,0001110803,2020,,https://www.sec.gov/Archives/edgar/data/1110803/000111080321000015/0001110803-21-000015-index.htm,60522951471,https://finance.yahoo.com/quote/ILMN/history (month-end close 2021-01-01) x shares
ILMN,0001110803,2025,,https://www.sec.gov/Archives/edgar/data/1110803/000111080326000024/0001110803-26-000024-index.htm,20054364560,https://finance.yahoo.com/quote/ILMN/history (month-end close 2025-12-01) x shares
INCY,0000879169,2025,,https://www.sec.gov/Archives/edgar/data/879169/000087916926000010/0000879169-26-000010-index.htm,19656660114,https://finance.yahoo.com/quote/INCY/history (month-end close 2025-12-01) x shares
INGR,0001046257,2025,,https://www.sec.gov/Archives/edgar/data/1046257/000162828026008603/0001628280-26-008603-index.htm,6940320355,https://finance.yahoo.com/quote/INGR/history (month-end close 2025-12-01) x shares
INTC,0000050863,2025,,https://www.sec.gov/Archives/edgar/data/50863/000005086326000011/0000050863-26-000011-index.htm,184315507622,https://finance.yahoo.com/quote/INTC/history (month-end close 2025-12-01) x shares
INTU,0000896878,2025,,https://www.sec.gov/Archives/edgar/data/896878/000089687825000035/0000896878-25-000035-index.htm,218898171011,https://finance.yahoo.com/quote/INTU/history (month-end close 2025-07-01) x shares
INVH,0001687229,2025,,https://www.sec.gov/Archives/edgar/data/1687229/000168722926000016/0001687229-26-000016-index.htm,16934840082,https://finance.yahoo.com/quote/INVH/history (month-end close 2025-12-01) x shares
IP,0000051434,2025,,https://www.sec.gov/Archives/edgar/data/51434/000005143426000055/0000051434-26-000055-index.htm,20855800406,https://finance.yahoo.com/quote/IP/history (month-end close 2025-12-01) x shares
IPGP,0001111928,2025,,https://www.sec.gov/Archives/edgar/data/1111928/000111192826000040/0001111928-26-000040-index.htm,3020900810,https://finance.yahoo.com/quote/IPGP/history (month-end close 2025-12-01) x shares
IQV,0001478242,2025,,https://www.sec.gov/Archives/edgar/data/1478242/000162828026008322/0001628280-26-008322-index.htm,38252077621,https://finance.yahoo.com/quote/IQV/history (month-end close 2025-12-01) x shares
IR,0001699150,2025,,https://www.sec.gov/Archives/edgar/data/1699150/000162828026008617/0001628280-26-008617-index.htm,31023977963,https://finance.yahoo.com/quote/IR/history (month-end close 2025-12-01) x shares
IRM,0001020569,2025,,https://www.sec.gov/Archives/edgar/data/1020569/000102056926000013/0001020569-26-000013-index.htm,24539529435,https://finance.yahoo.com/quote/IRM/history (month-end close 2025-12-01) x shares
ISRG,0001035267,2025,,https://www.sec.gov/Archives/edgar/data/1035267/000103526726000010/0001035267-26-000010-index.htm,201131555825,https://finance.yahoo.com/quote/ISRG/history (month-end close 2025-12-01) x shares
IT,0000749251,2025,,https://www.sec.gov/Archives/edgar/data/749251/000074925126000112/0000749251-26-000112-index.htm,17773200084,https://finance.yahoo.com/quote/IT/history (month-end close 2025-12-01) x shares
ITT,0000216228,2025,,https://www.sec.gov/Archives/edgar/data/216228/000021622826000012/0000216228-26-000012-index.htm,14921859528,https://finance.yahoo.com/quote/ITT/history (month-end close 2025-12-01) x shares
ITW,0000049826,2025,,https://www.sec.gov/Archives/edgar/data/49826/000004982626000008/0000049826-26-000008-index.htm,70983660880,https://finance.yahoo.com/quote/ITW/history (month-end close 2025-12-01) x shares
IVZ,0000914208,2025,,https://www.sec.gov/Archives/edgar/data/914208/000091420826000079/0000914208-26-000079-index.htm,11655310325,https://finance.yahoo.com/quote/IVZ/history (month-end close 2025-12-01) x shares
J,0000052988,2025,,https://www.sec.gov/Archives/edgar/data/52988/000162828025053316/0001628280-25-053316-index.htm,17795749490,https://finance.yahoo.com/quote/J/history (month-end close 2025-09-01) x shares
JBHT,0000728535,2025,,https://www.sec.gov/Archives/edgar/data/728535/000143774926005294/0001437749-26-005294-index.htm,18385357144,https://finance.yahoo.com/quote/JBHT/history (month-end close 2025-12-01) x shares
JBL,0000898293,2025,,https://www.sec.gov/Archives/edgar/data/898293/000162828025045293/0001628280-25-045293-index.htm,21883491933,https://finance.yahoo.com/quote/JBL/history (month-end close 2025-08-01) x shares
JCI,0000833444,2025,,https://www.sec.gov/Archives/edgar/data/833444/000083344425000097/0000833444-25-000097-index.htm,67194363402,https://finance.yahoo.com/quote/JCI/history (month-end close 2025-09-01) x shares
JEF,0000096223,2025,,https://www.sec.gov/Archives/edgar/data/96223/000009622326000009/0000096223-26-000009-index.htm,11897150073,https://finance.yahoo.com/quote/JEF/history (month-end close 2025-11-01) x shares
JKHY,0000779152,2025,,https://www.sec.gov/Archives/edgar/data/779152/000077915225000055/0000779152-25-000055-index.htm,13129237302,https://finance.yahoo.com/quote/JKHY/history (month-end close 2025-06-01) x shares
JNJ,0000200406,2025,,https://www.sec.gov/Archives/edgar/data/200406/000020040626000016/0000200406-26-000016-index.htm,498728577451,https://finance.yahoo.com/quote/JNJ/history (month-end close 2025-12-01) x shares
JNJ,0000200406,2009,,https://www.sec.gov/Archives/edgar/data/200406/000095012310019392/0000950123-10-019392-index.htm,172986136797,https://finance.yahoo.com/quote/JNJ/history (month-end close 2010-01-01) x shares
JNJ,0000200406,2020,,https://www.sec.gov/Archives/edgar/data/200406/000020040621000008/0000200406-21-000008-index.htm,428816552524,https://finance.yahoo.com/quote/JNJ/history (month-end close 2021-01-01) x shares
JNJ,0000200406,2015,,https://www.sec.gov/Archives/edgar/data/200406/000020040616000071/0000200406-16-000071-index.htm,288187480749,https://finance.yahoo.com/quote/JNJ/history (month-end close 2016-01-01) x shares
JPM,0000019617,2025,,https://www.sec.gov/Archives/edgar/data/19617/000162828026008131/0001628280-26-008131-index.htm,869037775165,https://finance.yahoo.com/quote/JPM/history (month-end close 2025-12-01) x shares
KBH,0000795266,2025,,https://www.sec.gov/Archives/edgar/data/795266/000079526626000017/0000795266-26-000017-index.htm,4063958511,https://finance.yahoo.com/quote/KBH/history (month-end close 2025-11-01) x shares
KDP,0001418135,2025,,https://www.sec.gov/Archives/edgar/data/1418135/000141813526000016/0001418135-26-000016-index.htm,38056236624,https://finance.yahoo.com/quote/KDP/history (month-end close 2025-12-01) x shares
KEY,0000091576,2025,,https://www.sec.gov/Archives/edgar/data/91576/000162828026010546/0001628280-26-010546-index.htm,22490322331,https://finance.yahoo.com/quote/KEY/history (month-end close 2025-12-01) x shares
KEYS,0001601046,2025,,https://www.sec.gov/Archives/edgar/data/1601046/000160104625000127/0001601046-25-000127-index.htm,31435662709,https://finance.yahoo.com/quote/KEYS/history (month-end close 2025-10-01) x shares
KG,0002055116,2025,,https://www.sec.gov/Archives/edgar/data/2055116/000162828026017506/0001628280-26-017506-index.htm,79277495,https://finance.yahoo.com/quote/KG/history (month-end close 2025-12-01) x shares
KHC,0001637459,2025,,https://www.sec.gov/Archives/edgar/data/1637459/000163745926000009/0001637459-26-000009-index.htm,28705810212,https://finance.yahoo.com/quote/KHC/history (month-end close 2025-12-01) x shares
KHC,0001637459,2015,,https://www.sec.gov/Archives/edgar/data/1637459/000163745916000100/0001637459-16-000100-index.htm,94857691433,https://finance.yahoo.com/quote/KHC/history (month-end close 2016-01-01) x shares
KIM,0000879101,2025,,https://www.sec.gov/Archives/edgar/data/879101/000119312526060760/0001193125-26-060760-index.htm,13663331385,https://finance.yahoo.com/quote/KIM/history (month-end close 2025-12-01) x shares
KKR,0001404912,2011,,https://www.sec.gov/Archives/edgar/data/1404912/000104746912001497/0001047469-12-001497-index.htm,2972687965,https://finance.yahoo.com/quote/KKR/history (month-end close 2011-12-01) x shares
KKR,0001404912,2025,,https://www.sec.gov/Archives/edgar/data/1404912/000140491226000007/0001404912-26-000007-index.htm,113654910960,https://finance.yahoo.com/quote/KKR/history (month-end close 2025-12-01) x shares
KLAC,0000319201,2025,,https://www.sec.gov/Archives/edgar/data/319201/000031920125000024/0000319201-25-000024-index.htm,11820307426,https://finance.yahoo.com/quote/KLAC/history (month-end close 2025-06-01) x shares
KMB,0000055785,2025,,https://www.sec.gov/Archives/edgar/data/55785/000162828026007567/0001628280-26-007567-index.htm,33487647808,https://finance.yahoo.com/quote/KMB/history (month-end close 2025-12-01) x shares
KMI,0001506307,2025,,https://www.sec.gov/Archives/edgar/data/1506307/000150630726000011/0001506307-26-000011-index.htm,61159927344,https://finance.yahoo.com/quote/KMI/history (month-end close 2025-12-01) x shares
KMX,0001170010,2026,,https://www.sec.gov/Archives/edgar/data/1170010/000117001026000021/0001170010-26-000021-index.htm,6122400007,https://finance.yahoo.com/quote/KMX/history (month-end close 2026-02-01) x shares
KMX,0001170010,2025,,https://www.sec.gov/Archives/edgar/data/1170010/000117001025000024/0001170010-25-000024-index.htm,12668210335,https://finance.yahoo.com/quote/KMX/history (month-end close 2025-02-01) x shares
KO,0000021344,2025,,https://www.sec.gov/Archives/edgar/data/21344/000162828026010047/0001628280-26-010047-index.htm,300663565504,https://finance.yahoo.com/quote/KO/history (month-end close 2025-12-01) x shares
KR,0000056873,2025,,https://www.sec.gov/Archives/edgar/data/56873/000110465926037723/0001104659-26-037723-index.htm,39707150918,https://finance.yahoo.com/quote/KR/history (month-end close 2025-02-01) x shares
KR,0000056873,2026,,https://www.sec.gov/Archives/edgar/data/56873/000110465926078236/0001104659-26-078236-index.htm,38504880739,https://finance.yahoo.com/quote/KR/history (month-end close 2026-01-01) x shares
KSS,0000885639,2025,,https://www.sec.gov/Archives/edgar/data/885639/000119312526115982/0001193125-26-115982-index.htm,1280366732,https://finance.yahoo.com/quote/KSS/history (month-end close 2025-02-01) x shares
KSS,0000885639,2026,,https://www.sec.gov/Archives/edgar/data/885639/000119312526257402/0001193125-26-257402-index.htm,1981097800,https://finance.yahoo.com/quote/KSS/history (month-end close 2026-01-01) x shares
KVUE,0001944048,2025,,https://www.sec.gov/Archives/edgar/data/1944048/000194404826000030/0001944048-26-000030-index.htm,33063628552,https://finance.yahoo.com/quote/KVUE/history (month-end close 2025-12-01) x shares
L,0000060086,2025,,https://www.sec.gov/Archives/edgar/data/60086/000006008626000008/0000060086-26-000008-index.htm,21699427658,https://finance.yahoo.com/quote/L/history (month-end close 2025-12-01) x shares
LDOS,0001336920,2025,,https://www.sec.gov/Archives/edgar/data/1336920/000133692026000030/0001336920-26-000030-index.htm,17951552754,https://finance.yahoo.com/quote/LDOS/history (month-end close 2025-01-01) x shares
LDOS,0001336920,2019,,https://www.sec.gov/Archives/edgar/data/1336920/000133692020000023/0001336920-20-000023-index.htm,14206686139,https://finance.yahoo.com/quote/LDOS/history (month-end close 2020-01-01) x shares
LDOS,0001336920,2024,,https://www.sec.gov/Archives/edgar/data/1336920/000133692025000006/0001336920-25-000006-index.htm,18629701685,https://finance.yahoo.com/quote/LDOS/history (month-end close 2025-01-01) x shares
LDOS,0001336920,2026,,https://www.sec.gov/Archives/edgar/data/1336920/000133692026000169/0001336920-26-000169-index.htm,23682887385,https://finance.yahoo.com/quote/LDOS/history (month-end close 2026-01-01) x shares
LEG,0000058492,2025,,https://www.sec.gov/Archives/edgar/data/58492/000005849226000107/0000058492-26-000107-index.htm,1494653534,https://finance.yahoo.com/quote/LEG/history (month-end close 2025-12-01) x shares
LH,0000920148,2025,,https://www.sec.gov/Archives/edgar/data/920148/000092014826000111/0000920148-26-000111-index.htm,20672512402,https://finance.yahoo.com/quote/LH/history (month-end close 2025-12-01) x shares
LHX,0000202058,2026,,https://www.sec.gov/Archives/edgar/data/202058/000020205826000035/0000202058-26-000035-index.htm,63871225087,https://finance.yahoo.com/quote/LHX/history (month-end close 2026-01-01) x shares
LHX,0000202058,2024,,https://www.sec.gov/Archives/edgar/data/202058/000020205825000023/0000202058-25-000023-index.htm,39924415972,https://finance.yahoo.com/quote/LHX/history (month-end close 2025-01-01) x shares
LHX,0000202058,2025,,https://www.sec.gov/Archives/edgar/data/202058/000020205826000015/0000202058-26-000015-index.htm,39598434493,https://finance.yahoo.com/quote/LHX/history (month-end close 2025-01-01) x shares
LII,0001069202,2025,,https://www.sec.gov/Archives/edgar/data/1069202/000106920226000028/0001069202-26-000028-index.htm,16899597056,https://finance.yahoo.com/quote/LII/history (month-end close 2025-12-01) x shares
LIN,0001707925,2025,,https://www.sec.gov/Archives/edgar/data/1707925/000162828026011430/0001628280-26-011430-index.htm,197586640965,https://finance.yahoo.com/quote/LIN/history (month-end close 2025-12-01) x shares
LITE,0001633978,2025,,https://www.sec.gov/Archives/edgar/data/1633978/000162828025040830/0001628280-25-040830-index.htm,6644693829,https://finance.yahoo.com/quote/LITE/history (month-end close 2025-06-01) x shares
LKQ,0001065696,2025,,https://www.sec.gov/Archives/edgar/data/1065696/000106569626000012/0001065696-26-000012-index.htm,7704994658,https://finance.yahoo.com/quote/LKQ/history (month-end close 2025-12-01) x shares
LLY,0000059478,2025,,https://www.sec.gov/Archives/edgar/data/59478/000005947826000013/0000059478-26-000013-index.htm,1013807402794,https://finance.yahoo.com/quote/LLY/history (month-end close 2025-12-01) x shares
LMT,0000936468,2025,,https://www.sec.gov/Archives/edgar/data/936468/000162828026004195/0001628280-26-004195-index.htm,111282912770,https://finance.yahoo.com/quote/LMT/history (month-end close 2025-12-01) x shares
LNC,0000059558,2025,,https://www.sec.gov/Archives/edgar/data/59558/000005955826000016/0000059558-26-000016-index.htm,8464725547,https://finance.yahoo.com/quote/LNC/history (month-end close 2025-12-01) x shares
LNT,0000352541,2025,,https://www.sec.gov/Archives/edgar/data/352541/000035254126000007/0000352541-26-000007-index.htm,16716725843,https://finance.yahoo.com/quote/LNT/history (month-end close 2025-12-01) x shares
LOW,0000060667,2025,,https://www.sec.gov/Archives/edgar/data/60667/000006066726000029/0000060667-26-000029-index.htm,145638898863,https://finance.yahoo.com/quote/LOW/history (month-end close 2025-01-01) x shares
LOW,0000060667,2026,,https://www.sec.gov/Archives/edgar/data/60667/000006066726000072/0000060667-26-000072-index.htm,149742421001,https://finance.yahoo.com/quote/LOW/history (month-end close 2026-01-01) x shares
LPX,0000060519,2025,,https://www.sec.gov/Archives/edgar/data/60519/000006051926000012/0000060519-26-000012-index.htm,5639498650,https://finance.yahoo.com/quote/LPX/history (month-end close 2025-12-01) x shares
LRCX,0000707549,2025,,https://www.sec.gov/Archives/edgar/data/707549/000070754925000075/0000707549-25-000075-index.htm,123195543505,https://finance.yahoo.com/quote/LRCX/history (month-end close 2025-06-01) x shares
LULU,0001397187,2025,,https://www.sec.gov/Archives/edgar/data/1397187/000139718726000020/0001397187-26-000020-index.htm,40393567726,https://finance.yahoo.com/quote/LULU/history (month-end close 2025-02-01) x shares
LULU,0001397187,2026,,https://www.sec.gov/Archives/edgar/data/1397187/000139718726000078/0001397187-26-000078-index.htm,20079456299,https://finance.yahoo.com/quote/LULU/history (month-end close 2026-02-01) x shares
LUMN,0000018926,2025,,https://www.sec.gov/Archives/edgar/data/18926/000001892626000014/0000018926-26-000014-index.htm,7959351842,https://finance.yahoo.com/quote/LUMN/history (month-end close 2025-12-01) x shares
LUV,0000092380,2025,,https://www.sec.gov/Archives/edgar/data/92380/000009238026000004/0000092380-26-000004-index.htm,20306173426,https://finance.yahoo.com/quote/LUV/history (month-end close 2025-12-01) x shares
LVS,0001300514,2025,,https://www.sec.gov/Archives/edgar/data/1300514/000130051426000013/0001300514-26-000013-index.htm,43734666499,https://finance.yahoo.com/quote/LVS/history (month-end close 2025-12-01) x shares
LW,0001679273,2025,,https://www.sec.gov/Archives/edgar/data/1679273/000167927325000049/0001679273-25-000049-index.htm,7770199179,https://finance.yahoo.com/quote/LW/history (month-end close 2025-05-01) x shares
LYB,0001489393,2025,,https://www.sec.gov/Archives/edgar/data/1489393/000148939326000012/0001489393-26-000012-index.htm,13949959802,https://finance.yahoo.com/quote/LYB/history (month-end close 2025-12-01) x shares
LYV,0001335258,2025,,https://www.sec.gov/Archives/edgar/data/1335258/000133525826000009/0001335258-26-000009-index.htm,33459273885,https://finance.yahoo.com/quote/LYV/history (month-end close 2025-12-01) x shares
M,0000794367,2025,,https://www.sec.gov/Archives/edgar/data/794367/000162828026021721/0001628280-26-021721-index.htm,3784661782,https://finance.yahoo.com/quote/M/history (month-end close 2025-02-01) x shares
M,0000794367,2026,,https://www.sec.gov/Archives/edgar/data/794367/000162828026040820/0001628280-26-040820-index.htm,5266019959,https://finance.yahoo.com/quote/M/history (month-end close 2026-01-01) x shares
MAA,0000912595,2025,,https://www.sec.gov/Archives/edgar/data/912595/000119312526041208/0001193125-26-041208-index.htm,16238721116,https://finance.yahoo.com/quote/MAA/history (month-end close 2025-12-01) x shares
MAC,0000912242,2025,,https://www.sec.gov/Archives/edgar/data/912242/000091224226000016/0000912242-26-000016-index.htm,4738141755,https://finance.yahoo.com/quote/MAC/history (month-end close 2025-12-01) x shares
MAR,0001048286,2025,,https://www.sec.gov/Archives/edgar/data/1048286/000104828626000007/0001048286-26-000007-index.htm,82208805445,https://finance.yahoo.com/quote/MAR/history (month-end close 2025-12-01) x shares
MAS,0000062996,2025,,https://www.sec.gov/Archives/edgar/data/62996/000006299626000005/0000062996-26-000005-index.htm,12920905428,https://finance.yahoo.com/quote/MAS/history (month-end close 2025-12-01) x shares
MAT,0000063276,2025,,https://www.sec.gov/Archives/edgar/data/63276/000162828026010716/0001628280-26-010716-index.htm,5995648046,https://finance.yahoo.com/quote/MAT/history (month-end close 2025-12-01) x shares
MBI,0000814585,2025,,https://www.sec.gov/Archives/edgar/data/814585/000119312526076834/0001193125-26-076834-index.htm,361659819,https://finance.yahoo.com/quote/MBI/history (month-end close 2025-12-01) x shares
MCD,0000063908,2025,,https://www.sec.gov/Archives/edgar/data/63908/000006390826000035/0000063908-26-000035-index.htm,217119140423,https://finance.yahoo.com/quote/MCD/history (month-end close 2025-12-01) x shares
MCHP,0000827054,2026,,https://www.sec.gov/Archives/edgar/data/827054/000082705426000016/0000827054-26-000016-index.htm,35023742676,https://finance.yahoo.com/quote/MCHP/history (month-end close 2026-03-01) x shares
MCHP,0000827054,2025,,https://www.sec.gov/Archives/edgar/data/827054/000082705425000077/0000827054-25-000077-index.htm,26112327099,https://finance.yahoo.com/quote/MCHP/history (month-end close 2025-03-01) x shares
MCK,0000927653,2026,,https://www.sec.gov/Archives/edgar/data/927653/000092765326000069/0000927653-26-000069-index.htm,104019775813,https://finance.yahoo.com/quote/MCK/history (month-end close 2026-03-01) x shares
MCK,0000927653,2025,,https://www.sec.gov/Archives/edgar/data/927653/000092765325000036/0000927653-25-000036-index.htm,84199282484,https://finance.yahoo.com/quote/MCK/history (month-end close 2025-03-01) x shares
MCO,0001059556,2025,,https://www.sec.gov/Archives/edgar/data/1059556/000162828026009136/0001628280-26-009136-index.htm,90573706082,https://finance.yahoo.com/quote/MCO/history (month-end close 2025-12-01) x shares
MD,0000893949,2025,,https://www.sec.gov/Archives/edgar/data/893949/000119312526058074/0001193125-26-058074-index.htm,1775392879,https://finance.yahoo.com/quote/MD/history (month-end close 2025-12-01) x shares
MDLZ,0001103982,2025,,https://www.sec.gov/Archives/edgar/data/1103982/000162828026005345/0001628280-26-005345-index.htm,69001754709,https://finance.yahoo.com/quote/MDLZ/history (month-end close 2025-12-01) x shares
MDT,0001613103,2025,,https://www.sec.gov/Archives/edgar/data/1613103/000161310325000091/0001613103-25-000091-index.htm,108599998963,https://finance.yahoo.com/quote/MDT/history (month-end close 2025-04-01) x shares
MDT,0001613103,2026,,https://www.sec.gov/Archives/edgar/data/1613103/000162828026044354/0001628280-26-044354-index.htm,103645260597,https://finance.yahoo.com/quote/MDT/history (month-end close 2026-04-01) x shares
MEE,0000037748,2010,,https://www.sec.gov/Archives/edgar/data/37748/000114036111013070/0001140361-11-013070-index.htm,2268246762,https://finance.yahoo.com/quote/MEE/history (month-end close 2010-12-01) x shares
MEE,0000037748,2009,,https://www.sec.gov/Archives/edgar/data/37748/000003774810000014/0000037748-10-000014-index.htm,38796111,https://finance.yahoo.com/quote/MEE/history (month-end close 2009-12-01) x shares
MET,0001099219,2025,,https://www.sec.gov/Archives/edgar/data/1099219/000109921926000013/0001099219-26-000013-index.htm,51473133853,https://finance.yahoo.com/quote/MET/history (month-end close 2025-12-01) x shares
MGM,0000789570,2025,,https://www.sec.gov/Archives/edgar/data/789570/000078957026000018/0000789570-26-000018-index.htm,9335183088,https://finance.yahoo.com/quote/MGM/history (month-end close 2025-12-01) x shares
MHK,0000851968,2025,,https://www.sec.gov/Archives/edgar/data/851968/000085196826000011/0000851968-26-000011-index.htm,6717617317,https://finance.yahoo.com/quote/MHK/history (month-end close 2025-12-01) x shares
MKTX,0001278021,2025,,https://www.sec.gov/Archives/edgar/data/1278021/000119312526067009/0001193125-26-067009-index.htm,6443123031,https://finance.yahoo.com/quote/MKTX/history (month-end close 2025-12-01) x shares
MLM,0000916076,2025,,https://www.sec.gov/Archives/edgar/data/916076/000119312526059193/0001193125-26-059193-index.htm,37553896943,https://finance.yahoo.com/quote/MLM/history (month-end close 2025-12-01) x shares
MMI,0001578732,2025,,https://www.sec.gov/Archives/edgar/data/1578732/000162828026012419/0001628280-26-012419-index.htm,1043418612,https://finance.yahoo.com/quote/MMI/history (month-end close 2025-12-01) x shares
MMM,0000066740,2025,,https://www.sec.gov/Archives/edgar/data/66740/000006674026000014/0000066740-26-000014-index.htm,84324673215,https://finance.yahoo.com/quote/MMM/history (month-end close 2025-12-01) x shares
MNR,0001980088,2025,,https://www.sec.gov/Archives/edgar/data/1980088/000162828026017249/0001628280-26-017249-index.htm,1857135214,https://finance.yahoo.com/quote/MNR/history (month-end close 2025-12-01) x shares
MNST,0000865752,2025,,https://www.sec.gov/Archives/edgar/data/865752/000110465926020831/0001104659-26-020831-index.htm,37502007692,https://finance.yahoo.com/quote/MNST/history (month-end close 2025-12-01) x shares
MO,0000764180,2025,,https://www.sec.gov/Archives/edgar/data/764180/000076418026000017/0000764180-26-000017-index.htm,96401643441,https://finance.yahoo.com/quote/MO/history (month-end close 2025-12-01) x shares
MOH,0001179929,2025,,https://www.sec.gov/Archives/edgar/data/1179929/000117992926000005/0001179929-26-000005-index.htm,8937309654,https://finance.yahoo.com/quote/MOH/history (month-end close 2025-12-01) x shares
MOLX,0000067472,2012,,https://www.sec.gov/Archives/edgar/data/67472/000119312512346793/0001193125-12-346793-index.htm,2287708270,https://finance.yahoo.com/quote/MOLX/history (month-end close 2012-06-01) x shares
MOLX,0000067472,2011,,https://www.sec.gov/Archives/edgar/data/67472/000095012311073357/0000950123-11-073357-index.htm,2462583202,https://finance.yahoo.com/quote/MOLX/history (month-end close 2011-06-01) x shares
MOS,0001285785,2025,,https://www.sec.gov/Archives/edgar/data/1285785/000128578526000017/0001285785-26-000017-index.htm,7648701714,https://finance.yahoo.com/quote/MOS/history (month-end close 2025-12-01) x shares
MPC,0001510295,2025,,https://www.sec.gov/Archives/edgar/data/1510295/000151029526000009/0001510295-26-000009-index.htm,47933594310,https://finance.yahoo.com/quote/MPC/history (month-end close 2025-12-01) x shares
MPWR,0001280452,2025,,https://www.sec.gov/Archives/edgar/data/1280452/000143774926006113/0001437749-26-006113-index.htm,44518589760,https://finance.yahoo.com/quote/MPWR/history (month-end close 2025-12-01) x shares
MRK,0000310158,2025,,https://www.sec.gov/Archives/edgar/data/310158/000031015826000063/0000310158-26-000063-index.htm,260243987517,https://finance.yahoo.com/quote/MRK/history (month-end close 2025-12-01) x shares
MRNA,0001682852,2025,,https://www.sec.gov/Archives/edgar/data/1682852/000168285226000033/0001682852-26-000033-index.htm,11646763523,https://finance.yahoo.com/quote/MRNA/history (month-end close 2025-12-01) x shares
MRSH,0000062709,2025,,https://www.sec.gov/Archives/edgar/data/62709/000006270926000022/0000062709-26-000022-index.htm,89814733485,https://finance.yahoo.com/quote/MRSH/history (month-end close 2025-12-01) x shares
MS,0000895421,2025,,https://www.sec.gov/Archives/edgar/data/895421/000089542126000086/0000895421-26-000086-index.htm,281892820433,https://finance.yahoo.com/quote/MS/history (month-end close 2025-12-01) x shares
MSCI,0001408198,2025,,https://www.sec.gov/Archives/edgar/data/1408198/000140819826000011/0001408198-26-000011-index.htm,42154260682,https://finance.yahoo.com/quote/MSCI/history (month-end close 2025-12-01) x shares
MSFT,0000789019,2025,,https://www.sec.gov/Archives/edgar/data/789019/000095017025100235/0000950170-25-100235-index.htm,3697331315799,https://finance.yahoo.com/quote/MSFT/history (month-end close 2025-06-01) x shares
MSI,0000068505,2025,,https://www.sec.gov/Archives/edgar/data/68505/000006850526000010/0000068505-26-000010-index.htm,63500375361,https://finance.yahoo.com/quote/MSI/history (month-end close 2025-12-01) x shares
MTB,0000036270,2025,,https://www.sec.gov/Archives/edgar/data/36270/000003627026000010/0000036270-26-000010-index.htm,30020570136,https://finance.yahoo.com/quote/MTB/history (month-end close 2025-12-01) x shares
MTCH,0000891103,2025,,https://www.sec.gov/Archives/edgar/data/891103/000089110326000025/0000891103-26-000025-index.htm,7512090375,https://finance.yahoo.com/quote/MTCH/history (month-end close 2025-12-01) x shares
MTD,0001037646,2025,,https://www.sec.gov/Archives/edgar/data/1037646/000103764626000011/0001037646-26-000011-index.htm,28337259107,https://finance.yahoo.com/quote/MTD/history (month-end close 2025-12-01) x shares
MTG,0000876437,2025,,https://www.sec.gov/Archives/edgar/data/876437/000087643726000010/0000876437-26-000010-index.htm,6280937032,https://finance.yahoo.com/quote/MTG/history (month-end close 2025-12-01) x shares
MTW,0000061986,2025,,https://www.sec.gov/Archives/edgar/data/61986/000119312526057356/0001193125-26-057356-index.htm,425326274,https://finance.yahoo.com/quote/MTW/history (month-end close 2025-12-01) x shares
MU,0000723125,2025,,https://www.sec.gov/Archives/edgar/data/723125/000072312525000028/0000723125-25-000028-index.htm,133584685223,https://finance.yahoo.com/quote/MU/history (month-end close 2025-08-01) x shares
MUR,0000717423,2025,,https://www.sec.gov/Archives/edgar/data/717423/000162828026011709/0001628280-26-011709-index.htm,4463448500,https://finance.yahoo.com/quote/MUR/history (month-end close 2025-12-01) x shares
NAVI,0001593538,2025,,https://www.sec.gov/Archives/edgar/data/1593538/000119312526076753/0001193125-26-076753-index.htm,1236165684,https://finance.yahoo.com/quote/NAVI/history (month-end close 2025-12-01) x shares
NBR,0001163739,2025,,https://www.sec.gov/Archives/edgar/data/1163739/000110465926014997/0001104659-26-014997-index.htm,859811655,https://finance.yahoo.com/quote/NBR/history (month-end close 2025-12-01) x shares
NCLH,0001513761,2025,,https://www.sec.gov/Archives/edgar/data/1513761/000110465926022067/0001104659-26-022067-index.htm,10167778568,https://finance.yahoo.com/quote/NCLH/history (month-end close 2025-12-01) x shares
NDAQ,0001120193,2025,,https://www.sec.gov/Archives/edgar/data/1120193/000162828026007703/0001628280-26-007703-index.htm,55212950172,https://finance.yahoo.com/quote/NDAQ/history (month-end close 2025-12-01) x shares
NDSN,0000072331,2025,,https://www.sec.gov/Archives/edgar/data/72331/000007233125000144/0000072331-25-000144-index.htm,12948264366,https://finance.yahoo.com/quote/NDSN/history (month-end close 2025-10-01) x shares
NE,0001895262,2025,,https://www.sec.gov/Archives/edgar/data/1895262/000189526226000076/0001895262-26-000076-index.htm,4495734483,https://finance.yahoo.com/quote/NE/history (month-end close 2025-12-01) x shares
NEE,0000753308,2025,,https://www.sec.gov/Archives/edgar/data/753308/000075330826000015/0000753308-26-000015-index.htm,167265140727,https://finance.yahoo.com/quote/NEE/history (month-end close 2025-12-01) x shares
NEM,0001164727,2025,,https://www.sec.gov/Archives/edgar/data/1164727/000116472726000010/0001164727-26-000010-index.htm,108624238408,https://finance.yahoo.com/quote/NEM/history (month-end close 2025-12-01) x shares
NFLX,0001065280,2025,,https://www.sec.gov/Archives/edgar/data/1065280/000106528026000034/0001065280-26-000034-index.htm,395869932204,https://finance.yahoo.com/quote/NFLX/history (month-end close 2025-12-01) x shares
NI,0001111711,2025,,https://www.sec.gov/Archives/edgar/data/1111711/000111171126000027/0001111711-26-000027-index.htm,19983544418,https://finance.yahoo.com/quote/NI/history (month-end close 2025-12-01) x shares
NKTR,0000906709,2025,,https://www.sec.gov/Archives/edgar/data/906709/000119312526104547/0001193125-26-104547-index.htm,1212927041,https://finance.yahoo.com/quote/NKTR/history (month-end close 2025-12-01) x shares
NOC,0001133421,2025,,https://www.sec.gov/Archives/edgar/data/1133421/000113342126000003/0001133421-26-000003-index.htm,80925130629,https://finance.yahoo.com/quote/NOC/history (month-end close 2025-12-01) x shares
NOV,0001021860,2025,,https://www.sec.gov/Archives/edgar/data/1021860/000119312526048350/0001193125-26-048350-index.htm,5633123064,https://finance.yahoo.com/quote/NOV/history (month-end close 2025-12-01) x shares
NOW,0001373715,2025,,https://www.sec.gov/Archives/edgar/data/1373715/000137371526000007/0001373715-26-000007-index.htm,160236742554,https://finance.yahoo.com/quote/NOW/history (month-end close 2025-12-01) x shares
NRG,0001013871,2025,,https://www.sec.gov/Archives/edgar/data/1013871/000101387126000004/0001013871-26-000004-index.htm,34185253127,https://finance.yahoo.com/quote/NRG/history (month-end close 2025-12-01) x shares
NSC,0000702165,2025,,https://www.sec.gov/Archives/edgar/data/702165/000162828026006268/0001628280-26-006268-index.htm,64838435332,https://finance.yahoo.com/quote/NSC/history (month-end close 2025-12-01) x shares
NTAP,0001002047,2026,,https://www.sec.gov/Archives/edgar/data/1002047/000119312526259683/0001193125-26-259683-index.htm,21702049656,https://finance.yahoo.com/quote/NTAP/history (month-end close 2026-04-01) x shares
NTAP,0001002047,2025,,https://www.sec.gov/Archives/edgar/data/1002047/000095017025083705/0000950170-25-083705-index.htm,17982863040,https://finance.yahoo.com/quote/NTAP/history (month-end close 2025-04-01) x shares
NTRS,0000073124,2025,,https://www.sec.gov/Archives/edgar/data/73124/000007312426000016/0000073124-26-000016-index.htm,25382218931,https://finance.yahoo.com/quote/NTRS/history (month-end close 2025-12-01) x shares
NUE,0000073309,2025,,https://www.sec.gov/Archives/edgar/data/73309/000119312526071575/0001193125-26-071575-index.htm,37152317592,https://finance.yahoo.com/quote/NUE/history (month-end close 2025-12-01) x shares
NVDA,0001045810,2025,,https://www.sec.gov/Archives/edgar/data/1045810/000104581025000023/0001045810-25-000023-index.htm,2929707992554,https://finance.yahoo.com/quote/NVDA/history (month-end close 2025-01-01) x shares
NVDA,0001045810,2026,,https://www.sec.gov/Archives/edgar/data/1045810/000104581026000021/0001045810-26-000021-index.htm,4644459118652,https://finance.yahoo.com/quote/NVDA/history (month-end close 2026-01-01) x shares
NVR,0000906163,2025,,https://www.sec.gov/Archives/edgar/data/906163/000090616326000018/0000906163-26-000018-index.htm,20374249170,https://finance.yahoo.com/quote/NVR/history (month-end close 2025-12-01) x shares
NWL,0000814453,2025,,https://www.sec.gov/Archives/edgar/data/814453/000081445326000008/0000814453-26-000008-index.htm,1559424012,https://finance.yahoo.com/quote/NWL/history (month-end close 2025-12-01) x shares
NXPI,0001413447,2025,,https://www.sec.gov/Archives/edgar/data/1413447/000141344726000008/0001413447-26-000008-index.htm,54849508319,https://finance.yahoo.com/quote/NXPI/history (month-end close 2025-12-01) x shares
O,0000726728,2025,,https://www.sec.gov/Archives/edgar/data/726728/000072672826000011/0000726728-26-000011-index.htm,52561654093,https://finance.yahoo.com/quote/O/history (month-end close 2025-12-01) x shares
ODFL,0000878927,2025,,https://www.sec.gov/Archives/edgar/data/878927/000119312526067161/0001193125-26-067161-index.htm,32681137695,https://finance.yahoo.com/quote/ODFL/history (month-end close 2025-12-01) x shares
OGN,0001821825,2025,,https://www.sec.gov/Archives/edgar/data/1821825/000162828026011125/0001628280-26-011125-index.htm,1866463230,https://finance.yahoo.com/quote/OGN/history (month-end close 2025-12-01) x shares
OI,0000812074,2025,,https://www.sec.gov/Archives/edgar/data/812074/000110465926014319/0001104659-26-014319-index.htm,2248857384,https://finance.yahoo.com/quote/OI/history (month-end close 2025-12-01) x shares
OKE,0001039684,2025,,https://www.sec.gov/Archives/edgar/data/1039684/000103968426000006/0001039684-26-000006-index.htm,46289097099,https://finance.yahoo.com/quote/OKE/history (month-end close 2025-12-01) x shares
OM,0001484612,2025,,https://www.sec.gov/Archives/edgar/data/1484612/000119312526051278/0001193125-26-051278-index.htm,67936133,https://finance.yahoo.com/quote/OM/history (month-end close 2025-12-01) x shares
OMC,0000029989,2025,,https://www.sec.gov/Archives/edgar/data/29989/000002998926000006/0000029989-26-000006-index.htm,25059659778,https://finance.yahoo.com/quote/OMC/history (month-end close 2025-12-01) x shares
ON,0001097864,2025,,https://www.sec.gov/Archives/edgar/data/1097864/000109786426000006/0001097864-26-000006-index.htm,21336212301,https://finance.yahoo.com/quote/ON/history (month-end close 2025-12-01) x shares
ORCL,0001341439,2025,,https://www.sec.gov/Archives/edgar/data/1341439/000095017025087926/0000950170-25-087926-index.htm,464946123061,https://finance.yahoo.com/quote/ORCL/history (month-end close 2025-05-01) x shares
ORCL,0001341439,2026,,https://www.sec.gov/Archives/edgar/data/1341439/000119312526277521/0001193125-26-277521-index.htm,650352738864,https://finance.yahoo.com/quote/ORCL/history (month-end close 2026-05-01) x shares
ORLY,0000898173,2025,,https://www.sec.gov/Archives/edgar/data/898173/000089817326000009/0000898173-26-000009-index.htm,76478401603,https://finance.yahoo.com/quote/ORLY/history (month-end close 2025-12-01) x shares
OTIS,0001781335,2025,,https://www.sec.gov/Archives/edgar/data/1781335/000178133526000011/0001781335-26-000011-index.htm,33954758928,https://finance.yahoo.com/quote/OTIS/history (month-end close 2025-12-01) x shares
OXY,0000797468,2025,,https://www.sec.gov/Archives/edgar/data/797468/000162828026009059/0001628280-26-009059-index.htm,40555283841,https://finance.yahoo.com/quote/OXY/history (month-end close 2025-12-01) x shares
PANW,0001327567,2025,,https://www.sec.gov/Archives/edgar/data/1327567/000132756725000027/0001327567-25-000027-index.htm,116121044083,https://finance.yahoo.com/quote/PANW/history (month-end close 2025-07-01) x shares
PAYC,0001590955,2025,,https://www.sec.gov/Archives/edgar/data/1590955/000119312526059372/0001193125-26-059372-index.htm,8649279491,https://finance.yahoo.com/quote/PAYC/history (month-end close 2025-12-01) x shares
PAYX,0000723531,2025,,https://www.sec.gov/Archives/edgar/data/723531/000095017025095300/0000950170-25-095300-index.htm,56886111936,https://finance.yahoo.com/quote/PAYX/history (month-end close 2025-05-01) x shares
PBG,0001076405,2009,,https://www.sec.gov/Archives/edgar/data/1076405/000095012310015187/0000950123-10-015187-index.htm,45069419166,https://finance.yahoo.com/quote/PBG/history (month-end close 2009-12-01) x shares
PBI,0000078814,2025,,https://www.sec.gov/Archives/edgar/data/78814/000162828026009650/0001628280-26-009650-index.htm,1584894272,https://finance.yahoo.com/quote/PBI/history (month-end close 2025-12-01) x shares
PCAR,0000075362,2025,,https://www.sec.gov/Archives/edgar/data/75362/000119312526057025/0001193125-26-057025-index.htm,57590701576,https://finance.yahoo.com/quote/PCAR/history (month-end close 2025-12-01) x shares
PCG,0001004980,2025,,https://www.sec.gov/Archives/edgar/data/1004980/000100498026000009/0001004980-26-000009-index.htm,42998683696,https://finance.yahoo.com/quote/PCG/history (month-end close 2025-12-01) x shares
PD,0001568100,2025,,https://www.sec.gov/Archives/edgar/data/1568100/000156810025000023/0001568100-25-000023-index.htm,1686884130,https://finance.yahoo.com/quote/PD/history (month-end close 2025-01-01) x shares
PD,0001568100,2026,,https://www.sec.gov/Archives/edgar/data/1568100/000156810026000012/0001568100-26-000012-index.htm,900782542,https://finance.yahoo.com/quote/PD/history (month-end close 2026-01-01) x shares
PEG,0000788784,2025,,https://www.sec.gov/Archives/edgar/data/788784/000119312526077446/0001193125-26-077446-index.htm,40048816295,https://finance.yahoo.com/quote/PEG/history (month-end close 2025-12-01) x shares
PENN,0000921738,2025,,https://www.sec.gov/Archives/edgar/data/921738/000092173826000008/0000921738-26-000008-index.htm,1969807527,https://finance.yahoo.com/quote/PENN/history (month-end close 2025-12-01) x shares
PEP,0000077476,2025,,https://www.sec.gov/Archives/edgar/data/77476/000007747626000007/0000077476-26-000007-index.htm,196141477926,https://finance.yahoo.com/quote/PEP/history (month-end close 2025-12-01) x shares
PFE,0000078003,2025,,https://www.sec.gov/Archives/edgar/data/78003/000007800326000026/0000078003-26-000026-index.htm,141588056863,https://finance.yahoo.com/quote/PFE/history (month-end close 2025-12-01) x shares
PFG,0001126328,2025,,https://www.sec.gov/Archives/edgar/data/1126328/000110465926017031/0001104659-26-017031-index.htm,19127027589,https://finance.yahoo.com/quote/PFG/history (month-end close 2025-12-01) x shares
PG,0000080424,2025,,https://www.sec.gov/Archives/edgar/data/80424/000008042425000076/0000080424-25-000076-index.htm,373186642624,https://finance.yahoo.com/quote/PG/history (month-end close 2025-06-01) x shares
PGR,0000080661,2025,,https://www.sec.gov/Archives/edgar/data/80661/000008066126000086/0000080661-26-000086-index.htm,133422595420,https://finance.yahoo.com/quote/PGR/history (month-end close 2025-12-01) x shares
PH,0000076334,2025,,https://www.sec.gov/Archives/edgar/data/76334/000007633425000035/0000076334-25-000035-index.htm,88483680393,https://finance.yahoo.com/quote/PH/history (month-end close 2025-06-01) x shares
PHM,0000822416,2025,,https://www.sec.gov/Archives/edgar/data/822416/000082241626000007/0000822416-26-000007-index.htm,22552368206,https://finance.yahoo.com/quote/PHM/history (month-end close 2025-12-01) x shares
PKG,0000075677,2025,,https://www.sec.gov/Archives/edgar/data/75677/000119312526074129/0001193125-26-074129-index.htm,18398477863459,https://finance.yahoo.com/quote/PKG/history (month-end close 2025-12-01) x shares
PLD,0001045609,2025,,https://www.sec.gov/Archives/edgar/data/1045609/000119312526051453/0001193125-26-051453-index.htm,118667505344,https://finance.yahoo.com/quote/PLD/history (month-end close 2025-12-01) x shares
PM,0001413329,2025,,https://www.sec.gov/Archives/edgar/data/1413329/000162828026005939/0001628280-26-005939-index.htm,249691394970,https://finance.yahoo.com/quote/PM/history (month-end close 2025-12-01) x shares
PMI,0002030617,2025,,https://www.sec.gov/Archives/edgar/data/2030617/000143774926010133/0001437749-26-010133-index.htm,6578121812,https://finance.yahoo.com/quote/PMI/history (month-end close 2025-12-01) x shares
PNC,0000713676,2025,,https://www.sec.gov/Archives/edgar/data/713676/000071367626000020/0000713676-26-000020-index.htm,84195611034,https://finance.yahoo.com/quote/PNC/history (month-end close 2025-12-01) x shares
PNR,0000077360,2025,,https://www.sec.gov/Archives/edgar/data/77360/000007736026000007/0000077360-26-000007-index.htm,16999366323,https://finance.yahoo.com/quote/PNR/history (month-end close 2025-12-01) x shares
PNW,0000764622,2025,,https://www.sec.gov/Archives/edgar/data/764622/000076462226000011/0000764622-26-000011-index.htm,10724307724,https://finance.yahoo.com/quote/PNW/history (month-end close 2025-12-01) x shares
PODD,0001145197,2025,,https://www.sec.gov/Archives/edgar/data/1145197/000114519726000028/0001145197-26-000028-index.htm,20009315148,https://finance.yahoo.com/quote/PODD/history (month-end close 2025-12-01) x shares
POOL,0000945841,2025,,https://www.sec.gov/Archives/edgar/data/945841/000119312526074833/0001193125-26-074833-index.htm,8415213825,https://finance.yahoo.com/quote/POOL/history (month-end close 2025-12-01) x shares
PPG,0000079879,2025,,https://www.sec.gov/Archives/edgar/data/79879/000007987926000046/0000079879-26-000046-index.htm,22899268192,https://finance.yahoo.com/quote/PPG/history (month-end close 2025-12-01) x shares
PPL,0000922224,2025,,https://www.sec.gov/Archives/edgar/data/922224/000092222426000008/0000922224-26-000008-index.htm,26310764200,https://finance.yahoo.com/quote/PPL/history (month-end close 2025-12-01) x shares
PRGO,0001585364,2025,,https://www.sec.gov/Archives/edgar/data/1585364/000158536426000009/0001585364-26-000009-index.htm,1916078990,https://finance.yahoo.com/quote/PRGO/history (month-end close 2025-12-01) x shares
PRU,0001137774,2009,,https://www.sec.gov/Archives/edgar/data/1137774/000119312510043048/0001193125-10-043048-index.htm,23038879223,https://finance.yahoo.com/quote/PRU/history (month-end close 2009-12-01) x shares
PRU,0001137774,2025,,https://www.sec.gov/Archives/edgar/data/1137774/000113777426000048/0001137774-26-000048-index.htm,39282239044,https://finance.yahoo.com/quote/PRU/history (month-end close 2025-12-01) x shares
PSA,0001393311,2025,,https://www.sec.gov/Archives/edgar/data/1393311/000162828026007696/0001628280-26-007696-index.htm,45543922996,https://finance.yahoo.com/quote/PSA/history (month-end close 2025-12-01) x shares
PSKY,0002041610,2025,,https://www.sec.gov/Archives/edgar/data/2041610/000204161025000010/0002041610-25-000010-index.htm,13400,https://finance.yahoo.com/quote/PSKY/history (month-end close 2025-12-01) x shares
PSX,0001534701,2025,,https://www.sec.gov/Archives/edgar/data/1534701/000153470126000006/0001534701-26-000006-index.htm,51712005908,https://finance.yahoo.com/quote/PSX/history (month-end close 2025-12-01) x shares
PTC,0000857005,2025,,https://www.sec.gov/Archives/edgar/data/857005/000095017025015530/0000950170-25-015530-index.htm,24428086011,https://finance.yahoo.com/quote/PTC/history (month-end close 2025-09-01) x shares
PVH,0000078239,2025,,https://www.sec.gov/Archives/edgar/data/78239/000007823926000021/0000078239-26-000021-index.htm,3428534588,https://finance.yahoo.com/quote/PVH/history (month-end close 2025-02-01) x shares
PVH,0000078239,2026,,https://www.sec.gov/Archives/edgar/data/78239/000007823926000040/0000078239-26-000040-index.htm,3163015041,https://finance.yahoo.com/quote/PVH/history (month-end close 2026-02-01) x shares
PWR,0001050915,2025,,https://www.sec.gov/Archives/edgar/data/1050915/000105091526000006/0001050915-26-000006-index.htm,63148375416,https://finance.yahoo.com/quote/PWR/history (month-end close 2025-12-01) x shares
PYPL,0001633917,2025,,https://www.sec.gov/Archives/edgar/data/1633917/000163391726000024/0001633917-26-000024-index.htm,53748396945,https://finance.yahoo.com/quote/PYPL/history (month-end close 2025-12-01) x shares
Q,0002058873,2025,,https://www.sec.gov/Archives/edgar/data/2058873/000205887326000010/0002058873-26-000010-index.htm,17118650076,https://finance.yahoo.com/quote/Q/history (month-end close 2025-12-01) x shares
QCOM,0000804328,2025,,https://www.sec.gov/Archives/edgar/data/804328/000080432825000085/0000804328-25-000085-index.htm,178171560654,https://finance.yahoo.com/quote/QCOM/history (month-end close 2025-09-01) x shares
QRVO,0001604778,2026,,https://www.sec.gov/Archives/edgar/data/1604778/000162828026032873/0001628280-26-032873-index.htm,6812258424,https://finance.yahoo.com/quote/QRVO/history (month-end close 2026-03-01) x shares
QRVO,0001604778,2025,,https://www.sec.gov/Archives/edgar/data/1604778/000160477825000041/0001604778-25-000041-index.htm,6735953552,https://finance.yahoo.com/quote/QRVO/history (month-end close 2025-03-01) x shares
R,0000085961,2025,,https://www.sec.gov/Archives/edgar/data/85961/000008596126000007/0000085961-26-000007-index.htm,7545972549,https://finance.yahoo.com/quote/R/history (month-end close 2025-12-01) x shares
RAL,0002041385,2025,,https://www.sec.gov/Archives/edgar/data/2041385/000204138526000023/0002041385-26-000023-index.htm,5689603428,https://finance.yahoo.com/quote/RAL/history (month-end close 2025-12-01) x shares
RCL,0000884887,2025,,https://www.sec.gov/Archives/edgar/data/884887/000088488726000007/0000884887-26-000007-index.htm,75455757905,https://finance.yahoo.com/quote/RCL/history (month-end close 2025-12-01) x shares
REG,0000910606,2025,,https://www.sec.gov/Archives/edgar/data/910606/000119312526051668/0001193125-26-051668-index.htm,12626039683,https://finance.yahoo.com/quote/REG/history (month-end close 2025-12-01) x shares
RF,0001281761,2025,,https://www.sec.gov/Archives/edgar/data/1281761/000128176126000019/0001281761-26-000019-index.htm,23401031656,https://finance.yahoo.com/quote/RF/history (month-end close 2025-12-01) x shares
RHI,0000315213,2025,,https://www.sec.gov/Archives/edgar/data/315213/000031521326000006/0000315213-26-000006-index.htm,2747060052,https://finance.yahoo.com/quote/RHI/history (month-end close 2025-12-01) x shares
RIG,0001451505,2025,,https://www.sec.gov/Archives/edgar/data/1451505/000145150526000018/0001451505-26-000018-index.htm,4554765455,https://finance.yahoo.com/quote/RIG/history (month-end close 2025-12-01) x shares
RJF,0000720005,2025,,https://www.sec.gov/Archives/edgar/data/720005/000072000525000093/0000720005-25-000093-index.htm,33945922036,https://finance.yahoo.com/quote/RJF/history (month-end close 2025-09-01) x shares
RMD,0000943819,2025,,https://www.sec.gov/Archives/edgar/data/943819/000094381925000035/0000943819-25-000035-index.htm,37775028462,https://finance.yahoo.com/quote/RMD/history (month-end close 2025-06-01) x shares
ROK,0001024478,2025,,https://www.sec.gov/Archives/edgar/data/1024478/000102447825000116/0001024478-25-000116-index.htm,39242979736,https://finance.yahoo.com/quote/ROK/history (month-end close 2025-09-01) x shares
ROL,0000084839,2025,,https://www.sec.gov/Archives/edgar/data/84839/000008483926000008/0000084839-26-000008-index.htm,28875155325,https://finance.yahoo.com/quote/ROL/history (month-end close 2025-12-01) x shares
ROP,0000882835,2025,,https://www.sec.gov/Archives/edgar/data/882835/000088283526000009/0000882835-26-000009-index.htm,45816125255,https://finance.yahoo.com/quote/ROP/history (month-end close 2025-12-01) x shares
ROST,0000745732,2026,,https://www.sec.gov/Archives/edgar/data/745732/000074573226000032/0000745732-26-000032-index.htm,60515348030,https://finance.yahoo.com/quote/ROST/history (month-end close 2026-01-01) x shares
ROST,0000745732,2025,,https://www.sec.gov/Archives/edgar/data/745732/000074573226000006/0000745732-26-000006-index.htm,45233107835,https://finance.yahoo.com/quote/ROST/history (month-end close 2025-02-01) x shares
RRC,0000315852,2025,,https://www.sec.gov/Archives/edgar/data/315852/000119312526067292/0001193125-26-067292-index.htm,8299533665,https://finance.yahoo.com/quote/RRC/history (month-end close 2025-12-01) x shares
RSG,0001060391,2025,,https://www.sec.gov/Archives/edgar/data/1060391/000106039126000094/0001060391-26-000094-index.htm,65445035030,https://finance.yahoo.com/quote/RSG/history (month-end close 2025-12-01) x shares
RTX,0000101829,2025,,https://www.sec.gov/Archives/edgar/data/101829/000010182926000006/0000101829-26-000006-index.htm,246175551586,https://finance.yahoo.com/quote/RTX/history (month-end close 2025-12-01) x shares
RVTY,0000031791,2025,,https://www.sec.gov/Archives/edgar/data/31791/000003179126000012/0000031791-26-000012-index.htm,10816589434,https://finance.yahoo.com/quote/RVTY/history (month-end close 2025-12-01) x shares
SANM,0000897723,2025,,https://www.sec.gov/Archives/edgar/data/897723/000089772325000042/0000897723-25-000042-index.htm,6280849066,https://finance.yahoo.com/quote/SANM/history (month-end close 2025-09-01) x shares
SBAC,0001034054,2025,,https://www.sec.gov/Archives/edgar/data/1034054/000103405426000002/0001034054-26-000002-index.htm,20462686576,https://finance.yahoo.com/quote/SBAC/history (month-end close 2025-12-01) x shares
SBUX,0000829224,2025,,https://www.sec.gov/Archives/edgar/data/829224/000082922425000114/0000829224-25-000114-index.htm,96198658265,https://finance.yahoo.com/quote/SBUX/history (month-end close 2025-09-01) x shares
SCHW,0000316709,2025,,https://www.sec.gov/Archives/edgar/data/316709/000031670926000009/0000316709-26-000009-index.htm,175063349979,https://finance.yahoo.com/quote/SCHW/history (month-end close 2025-12-01) x shares
SCI,0000089089,2025,,https://www.sec.gov/Archives/edgar/data/89089/000162828026007695/0001628280-26-007695-index.htm,10855269330,https://finance.yahoo.com/quote/SCI/history (month-end close 2025-12-01) x shares
SEDG,0001419612,2025,,https://www.sec.gov/Archives/edgar/data/1419612/000117891326000632/0001178913-26-000632-index.htm,1741567518,https://finance.yahoo.com/quote/SEDG/history (month-end close 2025-12-01) x shares
SEG,0002009684,2025,,https://www.sec.gov/Archives/edgar/data/2009684/000110465926023561/0001104659-26-023561-index.htm,252981868,https://finance.yahoo.com/quote/SEG/history (month-end close 2025-12-01) x shares
SHW,0000089800,2025,,https://www.sec.gov/Archives/edgar/data/89800/000008980026000008/0000089800-26-000008-index.htm,80286457449,https://finance.yahoo.com/quote/SHW/history (month-end close 2025-12-01) x shares
SIG,0000832988,2025,,https://www.sec.gov/Archives/edgar/data/832988/000083298825000018/0000832988-25-000018-index.htm,2244307563,https://finance.yahoo.com/quote/SIG/history (month-end close 2025-02-01) x shares
SIG,0000832988,2026,,https://www.sec.gov/Archives/edgar/data/832988/000083298826000055/0000832988-26-000055-index.htm,3697053372,https://finance.yahoo.com/quote/SIG/history (month-end close 2026-01-01) x shares
SJM,0000091419,2025,,https://www.sec.gov/Archives/edgar/data/91419/000009141925000056/0000091419-25-000056-index.htm,12383686779,https://finance.yahoo.com/quote/SJM/history (month-end close 2025-04-01) x shares
SJM,0000091419,2026,,https://www.sec.gov/Archives/edgar/data/91419/000009141926000050/0000091419-26-000050-index.htm,10456088768,https://finance.yahoo.com/quote/SJM/history (month-end close 2026-04-01) x shares
SLB,0000087347,2025,,https://www.sec.gov/Archives/edgar/data/87347/000119312526021017/0001193125-26-021017-index.htm,57390823991,https://finance.yahoo.com/quote/SLB/history (month-end close 2025-12-01) x shares
SLG,0001040971,2025,,https://www.sec.gov/Archives/edgar/data/1040971/000162828026008669/0001628280-26-008669-index.htm,3258200288,https://finance.yahoo.com/quote/SLG/history (month-end close 2025-12-01) x shares
SLM,0001032033,2025,,https://www.sec.gov/Archives/edgar/data/1032033/000103203326000011/0001032033-26-000011-index.htm,5362064074,https://finance.yahoo.com/quote/SLM/history (month-end close 2025-12-01) x shares
SMCI,0001375365,2025,,https://www.sec.gov/Archives/edgar/data/1375365/000137536525000027/0001375365-25-000027-index.htm,29125333828,https://finance.yahoo.com/quote/SMCI/history (month-end close 2025-06-01) x shares
SNA,0000091440,2026,,https://www.sec.gov/Archives/edgar/data/91440/000009144026000109/0000091440-26-000109-index.htm,18965198708,https://finance.yahoo.com/quote/SNA/history (month-end close 2026-01-01) x shares
SNA,0000091440,2020,,https://www.sec.gov/Archives/edgar/data/91440/000009144021000005/0000091440-21-000005-index.htm,9756015187,https://finance.yahoo.com/quote/SNA/history (month-end close 2021-01-01) x shares
SNA,0000091440,2014,,https://www.sec.gov/Archives/edgar/data/91440/000119312515046309/0001193125-15-046309-index.htm,7713659787,https://finance.yahoo.com/quote/SNA/history (month-end close 2015-01-01) x shares
SNA,0000091440,2025,,https://www.sec.gov/Archives/edgar/data/91440/000009144026000045/0000091440-26-000045-index.htm,19005911969,https://finance.yahoo.com/quote/SNA/history (month-end close 2026-01-01) x shares
SNDK,0002023554,2025,,https://www.sec.gov/Archives/edgar/data/2023554/000202355425000034/0002023554-25-000034-index.htm,6612281379,https://finance.yahoo.com/quote/SNDK/history (month-end close 2025-06-01) x shares
SNPS,0000883241,2025,,https://www.sec.gov/Archives/edgar/data/883241/000088324125000028/0000883241-25-000028-index.htm,86824029648,https://finance.yahoo.com/quote/SNPS/history (month-end close 2025-10-01) x shares
SO,0000092122,2025,,https://www.sec.gov/Archives/edgar/data/92122/000009212226000006/0000092122-26-000006-index.htm,97610917159,https://finance.yahoo.com/quote/SO/history (month-end close 2025-12-01) x shares
SOLS,0002064953,2025,,https://www.sec.gov/Archives/edgar/data/2064953/000206495326000008/0002064953-26-000008-index.htm,7711956027,https://finance.yahoo.com/quote/SOLS/history (month-end close 2025-12-01) x shares
SOLV,0001964738,2025,,https://www.sec.gov/Archives/edgar/data/1964738/000196473826000007/0001964738-26-000007-index.htm,13747585346,https://finance.yahoo.com/quote/SOLV/history (month-end close 2025-12-01) x shares
SPGI,0000064040,2025,,https://www.sec.gov/Archives/edgar/data/64040/000006404026000013/0000064040-26-000013-index.htm,147729316992,https://finance.yahoo.com/quote/SPGI/history (month-end close 2025-12-01) x shares
SRE,0001032208,2025,,https://www.sec.gov/Archives/edgar/data/1032208/000103220826000010/0001032208-26-000010-index.htm,57678457319,https://finance.yahoo.com/quote/SRE/history (month-end close 2025-12-01) x shares
STE,0001757898,2026,,https://www.sec.gov/Archives/edgar/data/1757898/000162828026039136/0001628280-26-039136-index.htm,21582837985,https://finance.yahoo.com/quote/STE/history (month-end close 2026-03-01) x shares
STE,0001757898,2025,,https://www.sec.gov/Archives/edgar/data/1757898/000175789825000005/0001757898-25-000005-index.htm,22296083461,https://finance.yahoo.com/quote/STE/history (month-end close 2025-03-01) x shares
STI,0001881551,2025,,https://www.sec.gov/Archives/edgar/data/1881551/000121390026044126/0001213900-26-044126-index.htm,54916894,https://finance.yahoo.com/quote/STI/history (month-end close 2025-12-01) x shares
STLD,0001022671,2025,,https://www.sec.gov/Archives/edgar/data/1022671/000110465926021395/0001104659-26-021395-index.htm,24550322407,https://finance.yahoo.com/quote/STLD/history (month-end close 2025-12-01) x shares
STT,0000093751,2025,,https://www.sec.gov/Archives/edgar/data/93751/000009375126000124/0000093751-26-000124-index.htm,35958724970,https://finance.yahoo.com/quote/STT/history (month-end close 2025-12-01) x shares
STX,0001137789,2025,,https://www.sec.gov/Archives/edgar/data/1137789/000113778924000182/0001137789-24-000182-index.htm,30530054421,https://finance.yahoo.com/quote/STX/history (month-end close 2025-06-01) x shares
SW,0002005951,2025,,https://www.sec.gov/Archives/edgar/data/2005951/000162828026012555/0001628280-26-012555-index.htm,20272890973,https://finance.yahoo.com/quote/SW/history (month-end close 2025-12-01) x shares
SWK,0000093556,2025,,https://www.sec.gov/Archives/edgar/data/93556/000009355626000009/0000093556-26-000009-index.htm,12198551521,https://finance.yahoo.com/quote/SWK/history (month-end close 2026-01-01) x shares
SWK,0000093556,2020,,https://www.sec.gov/Archives/edgar/data/93556/000009355621000008/0000093556-21-000008-index.htm,27913328148,https://finance.yahoo.com/quote/SWK/history (month-end close 2021-01-01) x shares
SWK,0000093556,2014,,https://www.sec.gov/Archives/edgar/data/93556/000009355615000005/0000093556-15-000005-index.htm,14741065397,https://finance.yahoo.com/quote/SWK/history (month-end close 2015-01-01) x shares
SWK,0000093556,2026,,https://www.sec.gov/Archives/edgar/data/93556/000009355626000015/0000093556-26-000015-index.htm,12228135234,https://finance.yahoo.com/quote/SWK/history (month-end close 2026-01-01) x shares
SWKS,0000004127,2025,,https://www.sec.gov/Archives/edgar/data/4127/000000412725000085/0000004127-25-000085-index.htm,11555391673,https://finance.yahoo.com/quote/SWKS/history (month-end close 2025-10-01) x shares
SYF,0001601712,2025,,https://www.sec.gov/Archives/edgar/data/1601712/000160171226000006/0001601712-26-000006-index.htm,28999957663,https://finance.yahoo.com/quote/SYF/history (month-end close 2025-12-01) x shares
SYK,0000310764,2025,,https://www.sec.gov/Archives/edgar/data/310764/000031076426000010/0000310764-26-000010-index.htm,134503589069,https://finance.yahoo.com/quote/SYK/history (month-end close 2025-12-01) x shares
SYY,0000096021,2025,,https://www.sec.gov/Archives/edgar/data/96021/000009602125000099/0000096021-25-000099-index.htm,36219802898,https://finance.yahoo.com/quote/SYY/history (month-end close 2025-06-01) x shares
T,0000732717,2025,,https://www.sec.gov/Archives/edgar/data/732717/000073271726000120/0000732717-26-000120-index.htm,173894338741,https://finance.yahoo.com/quote/T/history (month-end close 2025-12-01) x shares
TDC,0000816761,2025,,https://www.sec.gov/Archives/edgar/data/816761/000162828026012671/0001628280-26-012671-index.htm,2806568049,https://finance.yahoo.com/quote/TDC/history (month-end close 2025-12-01) x shares
TDG,0001260221,2025,,https://www.sec.gov/Archives/edgar/data/1260221/000126022125000081/0001260221-25-000081-index.htm,74229021184,https://finance.yahoo.com/quote/TDG/history (month-end close 2025-09-01) x shares
TDY,0001094285,2025,,https://www.sec.gov/Archives/edgar/data/1094285/000109428526000017/0001094285-26-000017-index.htm,23649511996,https://finance.yahoo.com/quote/TDY/history (month-end close 2025-12-01) x shares
TDY,0001094285,2020,,https://www.sec.gov/Archives/edgar/data/1094285/000109428521000066/0001094285-21-000066-index.htm,13216507705,https://finance.yahoo.com/quote/TDY/history (month-end close 2021-01-01) x shares
TE,0001992243,2025,,https://www.sec.gov/Archives/edgar/data/1992243/000199224326000007/0001992243-26-000007-index.htm,1863965422,https://finance.yahoo.com/quote/TE/history (month-end close 2025-12-01) x shares
TECH,0000842023,2025,,https://www.sec.gov/Archives/edgar/data/842023/000155837025011716/0001558370-25-011716-index.htm,8003026370,https://finance.yahoo.com/quote/TECH/history (month-end close 2025-06-01) x shares
TEL,0001385157,2025,,https://www.sec.gov/Archives/edgar/data/1385157/000110465925109150/0001104659-25-109150-index.htm,64583364815,https://finance.yahoo.com/quote/TEL/history (month-end close 2025-09-01) x shares
TER,0000097210,2025,,https://www.sec.gov/Archives/edgar/data/97210/000119312526059002/0001193125-26-059002-index.htm,30302969300,https://finance.yahoo.com/quote/TER/history (month-end close 2025-12-01) x shares
TEX,0000097216,2025,,https://www.sec.gov/Archives/edgar/data/97216/000009721626000035/0000097216-26-000035-index.htm,6069306121,https://finance.yahoo.com/quote/TEX/history (month-end close 2025-12-01) x shares
TFC,0000092230,2025,,https://www.sec.gov/Archives/edgar/data/92230/000009223026000030/0000092230-26-000030-index.htm,61471571982,https://finance.yahoo.com/quote/TFC/history (month-end close 2025-12-01) x shares
TFX,0000096943,2025,,https://www.sec.gov/Archives/edgar/data/96943/000009694326000019/0000096943-26-000019-index.htm,5394236627,https://finance.yahoo.com/quote/TFX/history (month-end close 2025-12-01) x shares
TGT,0000027419,2025,,https://www.sec.gov/Archives/edgar/data/27419/000002741926000016/0000027419-26-000016-index.htm,56262777410,https://finance.yahoo.com/quote/TGT/history (month-end close 2025-02-01) x shares
TGT,0000027419,2026,,https://www.sec.gov/Archives/edgar/data/27419/000002741926000022/0000027419-26-000022-index.htm,47903537137,https://finance.yahoo.com/quote/TGT/history (month-end close 2026-01-01) x shares
THC,0000070318,2025,,https://www.sec.gov/Archives/edgar/data/70318/000007031826000012/0000070318-26-000012-index.htm,17281287466,https://finance.yahoo.com/quote/THC/history (month-end close 2025-12-01) x shares
TIE,0001011657,2011,,https://www.sec.gov/Archives/edgar/data/1011657/000119312512087802/0001193125-12-087802-index.htm,1226258418000,https://finance.yahoo.com/quote/TIE/history (month-end close 2011-12-01) x shares
TIE,0001011657,2010,,https://www.sec.gov/Archives/edgar/data/1011657/000119312511049208/0001193125-11-049208-index.htm,3387275956400,https://finance.yahoo.com/quote/TIE/history (month-end close 2010-12-01) x shares
TJX,0000109198,2026,,https://www.sec.gov/Archives/edgar/data/109198/000010919826000008/0000109198-26-000008-index.htm,165811301374,https://finance.yahoo.com/quote/TJX/history (month-end close 2026-01-01) x shares
TJX,0000109198,2025,,https://www.sec.gov/Archives/edgar/data/109198/000010919825000010/0000109198-25-000010-index.htm,139369459145,https://finance.yahoo.com/quote/TJX/history (month-end close 2025-02-01) x shares
TKR,0000098362,2025,,https://www.sec.gov/Archives/edgar/data/98362/000009836226000012/0000098362-26-000012-index.htm,5850761684,https://finance.yahoo.com/quote/TKR/history (month-end close 2025-12-01) x shares
TLAB,0000317771,2010,,https://www.sec.gov/Archives/edgar/data/317771/000119312511050345/0001193125-11-050345-index.htm,2458616228,https://finance.yahoo.com/quote/TLAB/history (month-end close 2010-12-01) x shares
TLAB,0000317771,2011,,https://www.sec.gov/Archives/edgar/data/317771/000119312512085797/0001193125-12-085797-index.htm,1475080803,https://finance.yahoo.com/quote/TLAB/history (month-end close 2011-12-01) x shares
TMC,0001798562,2025,,https://www.sec.gov/Archives/edgar/data/1798562/000110465926037863/0001104659-26-037863-index.htm,2672771147,https://finance.yahoo.com/quote/TMC/history (month-end close 2025-12-01) x shares
TMO,0000097745,2025,,https://www.sec.gov/Archives/edgar/data/97745/000009774526000018/0000097745-26-000018-index.htm,215256549721,https://finance.yahoo.com/quote/TMO/history (month-end close 2025-12-01) x shares
TMUS,0001283699,2025,,https://www.sec.gov/Archives/edgar/data/1283699/000128369926000010/0001283699-26-000010-index.htm,223722203129,https://finance.yahoo.com/quote/TMUS/history (month-end close 2025-12-01) x shares
TPL,0001811074,2025,,https://www.sec.gov/Archives/edgar/data/1811074/000181107426000018/0001811074-26-000018-index.htm,19801393224,https://finance.yahoo.com/quote/TPL/history (month-end close 2025-12-01) x shares
TPR,0001116132,2025,,https://www.sec.gov/Archives/edgar/data/1116132/000111613225000019/0001116132-25-000019-index.htm,18275335267,https://finance.yahoo.com/quote/TPR/history (month-end close 2025-06-01) x shares
TRGP,0001389170,2025,,https://www.sec.gov/Archives/edgar/data/1389170/000119312526059296/0001193125-26-059296-index.htm,39658606731,https://finance.yahoo.com/quote/TRGP/history (month-end close 2025-12-01) x shares
TRIP,0001526520,2025,,https://www.sec.gov/Archives/edgar/data/1526520/000119312526051281/0001193125-26-051281-index.htm,1670836066,https://finance.yahoo.com/quote/TRIP/history (month-end close 2025-12-01) x shares
TRMB,0000864749,2024,,https://www.sec.gov/Archives/edgar/data/864749/000086474925000090/0000864749-25-000090-index.htm,17884217817,https://finance.yahoo.com/quote/TRMB/history (month-end close 2025-01-01) x shares
TRMB,0000864749,2026,,https://www.sec.gov/Archives/edgar/data/864749/000086474926000063/0000864749-26-000063-index.htm,15758338329,https://finance.yahoo.com/quote/TRMB/history (month-end close 2026-01-01) x shares
TRMB,0000864749,2025,,https://www.sec.gov/Archives/edgar/data/864749/000086474926000015/0000864749-26-000015-index.htm,17535348210,https://finance.yahoo.com/quote/TRMB/history (month-end close 2025-01-01) x shares
TROW,0001113169,2025,,https://www.sec.gov/Archives/edgar/data/1113169/000162828026008002/0001628280-26-008002-index.htm,22326303005,https://finance.yahoo.com/quote/TROW/history (month-end close 2025-12-01) x shares
TRV,0000086312,2025,,https://www.sec.gov/Archives/edgar/data/86312/000008631226000065/0000086312-26-000065-index.htm,62721965326,https://finance.yahoo.com/quote/TRV/history (month-end close 2025-12-01) x shares
TSCO,0000916365,2025,,https://www.sec.gov/Archives/edgar/data/916365/000091636526000014/0000916365-26-000014-index.htm,26322826929,https://finance.yahoo.com/quote/TSCO/history (month-end close 2025-12-01) x shares
TSLA,0001318605,2025,,https://www.sec.gov/Archives/edgar/data/1318605/000162828026003952/0001628280-26-003952-index.htm,1687543716425,https://finance.yahoo.com/quote/TSLA/history (month-end close 2025-12-01) x shares
TT,0001466258,2025,,https://www.sec.gov/Archives/edgar/data/1466258/000162828026005731/0001628280-26-005731-index.htm,86142380128,https://finance.yahoo.com/quote/TT/history (month-end close 2025-12-01) x shares
TTWO,0000946581,2026,,https://www.sec.gov/Archives/edgar/data/946581/000162828026037434/0001628280-26-037434-index.htm,36669165942,https://finance.yahoo.com/quote/TTWO/history (month-end close 2026-03-01) x shares
TTWO,0000946581,2025,,https://www.sec.gov/Archives/edgar/data/946581/000162828025026694/0001628280-25-026694-index.htm,36771312183,https://finance.yahoo.com/quote/TTWO/history (month-end close 2025-03-01) x shares
TXN,0000097476,2025,,https://www.sec.gov/Archives/edgar/data/97476/000009747626000059/0000097476-26-000059-index.htm,157450988767,https://finance.yahoo.com/quote/TXN/history (month-end close 2025-12-01) x shares
TXT,0000217346,2014,,https://www.sec.gov/Archives/edgar/data/217346/000110465915013784/0001104659-15-013784-index.htm,11782082233,https://finance.yahoo.com/quote/TXT/history (month-end close 2015-01-01) x shares
TXT,0000217346,2019,,https://www.sec.gov/Archives/edgar/data/217346/000110465920024773/0001104659-20-024773-index.htm,10474314431,https://finance.yahoo.com/quote/TXT/history (month-end close 2020-01-01) x shares
TXT,0000217346,2026,,https://www.sec.gov/Archives/edgar/data/217346/000021734626000012/0000217346-26-000012-index.htm,15312663242,https://finance.yahoo.com/quote/TXT/history (month-end close 2026-01-01) x shares
TXT,0000217346,2025,,https://www.sec.gov/Archives/edgar/data/217346/000021734626000006/0000217346-26-000006-index.htm,15336743777,https://finance.yahoo.com/quote/TXT/history (month-end close 2026-01-01) x shares
TYL,0000860731,2025,,https://www.sec.gov/Archives/edgar/data/860731/000086073126000016/0000860731-26-000016-index.htm,19513195618,https://finance.yahoo.com/quote/TYL/history (month-end close 2025-12-01) x shares
UAL,0000100517,2025,,https://www.sec.gov/Archives/edgar/data/100517/000010051726000023/0000100517-26-000023-index.htm,36165989354,https://finance.yahoo.com/quote/UAL/history (month-end close 2025-12-01) x shares
UBER,0001543151,2025,,https://www.sec.gov/Archives/edgar/data/1543151/000154315126000015/0001543151-26-000015-index.htm,168168655087,https://finance.yahoo.com/quote/UBER/history (month-end close 2025-12-01) x shares
UDR,0000074208,2025,,https://www.sec.gov/Archives/edgar/data/74208/000007420826000013/0000074208-26-000013-index.htm,12052019776,https://finance.yahoo.com/quote/UDR/history (month-end close 2025-12-01) x shares
UIS,0000746838,2025,,https://www.sec.gov/Archives/edgar/data/746838/000074683826000006/0000746838-26-000006-index.htm,196821172,https://finance.yahoo.com/quote/UIS/history (month-end close 2025-12-01) x shares
ULTA,0001403568,2026,,https://www.sec.gov/Archives/edgar/data/1403568/000110465926069491/0001104659-26-069491-index.htm,27829559739,https://finance.yahoo.com/quote/ULTA/history (month-end close 2026-01-01) x shares
ULTA,0001403568,2025,,https://www.sec.gov/Archives/edgar/data/1403568/000110465926035243/0001104659-26-035243-index.htm,16023351126,https://finance.yahoo.com/quote/ULTA/history (month-end close 2025-02-01) x shares
UNH,0000731766,2025,,https://www.sec.gov/Archives/edgar/data/731766/000073176626000062/0000731766-26-000062-index.htm,299632857916,https://finance.yahoo.com/quote/UNH/history (month-end close 2025-12-01) x shares
UNM,0000005513,2025,,https://www.sec.gov/Archives/edgar/data/5513/000000551326000008/0000005513-26-000008-index.htm,12690920895,https://finance.yahoo.com/quote/UNM/history (month-end close 2025-12-01) x shares
UNP,0000100885,2025,,https://www.sec.gov/Archives/edgar/data/100885/000010088526000037/0000100885-26-000037-index.htm,137263316873,https://finance.yahoo.com/quote/UNP/history (month-end close 2025-12-01) x shares
URBN,0000912615,2026,,https://www.sec.gov/Archives/edgar/data/912615/000119312526137916/0001193125-26-137916-index.htm,6064850557,https://finance.yahoo.com/quote/URBN/history (month-end close 2026-01-01) x shares
URBN,0000912615,2025,,https://www.sec.gov/Archives/edgar/data/912615/000095017025048506/0000950170-25-048506-index.htm,5135261366,https://finance.yahoo.com/quote/URBN/history (month-end close 2025-01-01) x shares
URI,0001067701,2025,,https://www.sec.gov/Archives/edgar/data/1067701/000106770126000007/0001067701-26-000007-index.htm,50985660791,https://finance.yahoo.com/quote/URI/history (month-end close 2025-12-01) x shares
USB,0000036104,2025,,https://www.sec.gov/Archives/edgar/data/36104/000003610426000011/0000036104-26-000011-index.htm,82905208783,https://finance.yahoo.com/quote/USB/history (month-end close 2025-12-01) x shares
USBC,0001074828,2025,,https://www.sec.gov/Archives/edgar/data/1074828/000165495426002725/0001654954-26-002725-index.htm,520113548,https://finance.yahoo.com/quote/USBC/history (month-end close 2025-09-01) x shares
V,0001403161,2010,,https://www.sec.gov/Archives/edgar/data/1403161/000119312510020834/0001193125-10-020834-index.htm,8712199082,https://finance.yahoo.com/quote/V/history (month-end close 2010-09-01) x shares
VEEV,0001393052,2025,,https://www.sec.gov/Archives/edgar/data/1393052/000139305225000022/0001393052-25-000022-index.htm,37950477397,https://finance.yahoo.com/quote/VEEV/history (month-end close 2025-01-01) x shares
VEEV,0001393052,2026,,https://www.sec.gov/Archives/edgar/data/1393052/000139305226000014/0001393052-26-000014-index.htm,33306443558,https://finance.yahoo.com/quote/VEEV/history (month-end close 2026-01-01) x shares
VFC,0000103379,2026,,https://www.sec.gov/Archives/edgar/data/103379/000010337926000030/0000103379-26-000030-index.htm,6656167198,https://finance.yahoo.com/quote/VFC/history (month-end close 2026-03-01) x shares
VFC,0000103379,2025,,https://www.sec.gov/Archives/edgar/data/103379/000010337925000023/0000103379-25-000023-index.htm,6048831870,https://finance.yahoo.com/quote/VFC/history (month-end close 2025-03-01) x shares
VFC,0000103379,2014,,https://www.sec.gov/Archives/edgar/data/103379/000119312515075174/0001193125-15-075174-index.htm,27953698748,https://finance.yahoo.com/quote/VFC/history (month-end close 2015-01-01) x shares
VIAV,0000912093,2025,,https://www.sec.gov/Archives/edgar/data/912093/000091209325000096/0000912093-25-000096-index.htm,2248086296,https://finance.yahoo.com/quote/VIAV/history (month-end close 2025-06-01) x shares
VICI,0001705696,2025,,https://www.sec.gov/Archives/edgar/data/1705696/000170569626000034/0001705696-26-000034-index.htm,30052893745,https://finance.yahoo.com/quote/VICI/history (month-end close 2025-12-01) x shares
VLO,0001035002,2025,,https://www.sec.gov/Archives/edgar/data/1035002/000162828026011499/0001628280-26-011499-index.htm,48678477323,https://finance.yahoo.com/quote/VLO/history (month-end close 2025-12-01) x shares
VLTO,0001967680,2025,,https://www.sec.gov/Archives/edgar/data/1967680/000196768026000011/0001967680-26-000011-index.htm,24729810158,https://finance.yahoo.com/quote/VLTO/history (month-end close 2025-12-01) x shares
VMC,0001396009,2025,,https://www.sec.gov/Archives/edgar/data/1396009/000162828026009546/0001628280-26-009546-index.htm,37244137284,https://finance.yahoo.com/quote/VMC/history (month-end close 2025-12-01) x shares
VNO,0000899689,2025,,https://www.sec.gov/Archives/edgar/data/899689/000089968926000009/0000899689-26-000009-index.htm,6345376461,https://finance.yahoo.com/quote/VNO/history (month-end close 2025-12-01) x shares
VNT,0001786842,2025,,https://www.sec.gov/Archives/edgar/data/1786842/000162828026007648/0001628280-26-007648-index.htm,5264688043,https://finance.yahoo.com/quote/VNT/history (month-end close 2025-12-01) x shares
VRSK,0001442145,2025,,https://www.sec.gov/Archives/edgar/data/1442145/000143774926004452/0001437749-26-004452-index.htm,30856221263,https://finance.yahoo.com/quote/VRSK/history (month-end close 2025-12-01) x shares
VRSN,0001014473,2025,,https://www.sec.gov/Archives/edgar/data/1014473/000101447326000006/0001014473-26-000006-index.htm,22278514720,https://finance.yahoo.com/quote/VRSN/history (month-end close 2025-12-01) x shares
VRT,0001674101,2025,,https://www.sec.gov/Archives/edgar/data/1674101/000167410126000008/0001674101-26-000008-index.htm,61984775051,https://finance.yahoo.com/quote/VRT/history (month-end close 2025-12-01) x shares
VRTS,0000883237,2025,,https://www.sec.gov/Archives/edgar/data/883237/000088323726000009/0000883237-26-000009-index.htm,1092373231,https://finance.yahoo.com/quote/VRTS/history (month-end close 2025-12-01) x shares
VRTX,0000875320,2025,,https://www.sec.gov/Archives/edgar/data/875320/000087532026000056/0000875320-26-000056-index.htm,115168936657,https://finance.yahoo.com/quote/VRTX/history (month-end close 2025-12-01) x shares
VST,0001692819,2025,,https://www.sec.gov/Archives/edgar/data/1692819/000169281926000006/0001692819-26-000006-index.htm,54360830737,https://finance.yahoo.com/quote/VST/history (month-end close 2025-12-01) x shares
VTR,0000740260,2025,,https://www.sec.gov/Archives/edgar/data/740260/000074026026000006/0000740260-26-000006-index.htm,36752807729,https://finance.yahoo.com/quote/VTR/history (month-end close 2025-12-01) x shares
VTRS,0001792044,2025,,https://www.sec.gov/Archives/edgar/data/1792044/000179204426000013/0001792044-26-000013-index.htm,14334841659,https://finance.yahoo.com/quote/VTRS/history (month-end close 2025-12-01) x shares
VZ,0000732712,2025,,https://www.sec.gov/Archives/edgar/data/732712/000073271226000007/0000732712-26-000007-index.htm,171786274232,https://finance.yahoo.com/quote/VZ/history (month-end close 2025-12-01) x shares
WAB,0000943452,2025,,https://www.sec.gov/Archives/edgar/data/943452/000162828026008067/0001628280-26-008067-index.htm,36396893685,https://finance.yahoo.com/quote/WAB/history (month-end close 2025-12-01) x shares
WAT,0001000697,2025,,https://www.sec.gov/Archives/edgar/data/1000697/000119312526062604/0001193125-26-062604-index.htm,37262032345,https://finance.yahoo.com/quote/WAT/history (month-end close 2025-12-01) x shares
WBD,0001437107,2025,,https://www.sec.gov/Archives/edgar/data/1437107/000143710726000020/0001437107-26-000020-index.htm,71471567865,https://finance.yahoo.com/quote/WBD/history (month-end close 2025-12-01) x shares
WDAY,0001327811,2019,,https://www.sec.gov/Archives/edgar/data/1327811/000132781118000022/0001327811-18-000022-index.htm,39210479736,https://finance.yahoo.com/quote/WDAY/history (month-end close 2019-01-01) x shares
WDC,0000106040,2025,,https://www.sec.gov/Archives/edgar/data/106040/000010604025000038/0000106040-25-000038-index.htm,22199547425,https://finance.yahoo.com/quote/WDC/history (month-end close 2025-06-01) x shares
WEC,0000783325,2025,,https://www.sec.gov/Archives/edgar/data/783325/000078332526000018/0000783325-26-000018-index.htm,34330537033,https://finance.yahoo.com/quote/WEC/history (month-end close 2025-12-01) x shares
WELL,0000766704,2025,,https://www.sec.gov/Archives/edgar/data/766704/000076670426000010/0000766704-26-000010-index.htm,129509847519,https://finance.yahoo.com/quote/WELL/history (month-end close 2025-12-01) x shares
WEN,0000030697,2025,,https://www.sec.gov/Archives/edgar/data/30697/000003069726000009/0000030697-26-000009-index.htm,1585703425,https://finance.yahoo.com/quote/WEN/history (month-end close 2025-12-01) x shares
WFC,0000072971,2025,,https://www.sec.gov/Archives/edgar/data/72971/000007297126000133/0000072971-26-000133-index.htm,287581232325,https://finance.yahoo.com/quote/WFC/history (month-end close 2025-12-01) x shares
WHR,0000106640,2025,,https://www.sec.gov/Archives/edgar/data/106640/000010664026000009/0000106640-26-000009-index.htm,4077258911,https://finance.yahoo.com/quote/WHR/history (month-end close 2025-12-01) x shares
WM,0000823768,2025,,https://www.sec.gov/Archives/edgar/data/823768/000110465926012049/0001104659-26-012049-index.htm,88616907151,https://finance.yahoo.com/quote/WM/history (month-end close 2025-12-01) x shares
WMB,0000107263,2025,,https://www.sec.gov/Archives/edgar/data/107263/000010726326000006/0000107263-26-000006-index.htm,73428159348,https://finance.yahoo.com/quote/WMB/history (month-end close 2025-12-01) x shares
WMT,0000104169,2026,,https://www.sec.gov/Archives/edgar/data/104169/000010416926000055/0000104169-26-000055-index.htm,949832029103,https://finance.yahoo.com/quote/WMT/history (month-end close 2026-01-01) x shares
WMT,0000104169,2025,,https://www.sec.gov/Archives/edgar/data/104169/000010416925000021/0000104169-25-000021-index.htm,786933970782,https://finance.yahoo.com/quote/WMT/history (month-end close 2025-01-01) x shares
WOR,0000108516,2025,,https://www.sec.gov/Archives/edgar/data/108516/000095017025100137/0000950170-25-100137-index.htm,2935086059,https://finance.yahoo.com/quote/WOR/history (month-end close 2025-05-01) x shares
WRB,0000011544,2025,,https://www.sec.gov/Archives/edgar/data/11544/000001154426000005/0000011544-26-000005-index.htm,26259299851,https://finance.yahoo.com/quote/WRB/history (month-end close 2025-12-01) x shares
WSM,0000719955,2025,,https://www.sec.gov/Archives/edgar/data/719955/000071995526000059/0000719955-26-000059-index.htm,23158143032,https://finance.yahoo.com/quote/WSM/history (month-end close 2025-02-01) x shares
WSM,0000719955,2026,,https://www.sec.gov/Archives/edgar/data/719955/000071995526000131/0000719955-26-000131-index.htm,24214589833,https://finance.yahoo.com/quote/WSM/history (month-end close 2026-02-01) x shares
WST,0000105770,2025,,https://www.sec.gov/Archives/edgar/data/105770/000010577026000010/0000105770-26-000010-index.htm,19815994089,https://finance.yahoo.com/quote/WST/history (month-end close 2025-12-01) x shares
WTW,0001140536,2025,,https://www.sec.gov/Archives/edgar/data/1140536/000119312526069307/0001193125-26-069307-index.htm,31067784303,https://finance.yahoo.com/quote/WTW/history (month-end close 2025-12-01) x shares
WU,0001365135,2025,,https://www.sec.gov/Archives/edgar/data/1365135/000119312526061340/0001193125-26-061340-index.htm,2918264403,https://finance.yahoo.com/quote/WU/history (month-end close 2025-12-01) x shares
WY,0000106535,2025,,https://www.sec.gov/Archives/edgar/data/106535/000119312526051422/0001193125-26-051422-index.htm,17072554235,https://finance.yahoo.com/quote/WY/history (month-end close 2025-12-01) x shares
WYNN,0001174922,2025,,https://www.sec.gov/Archives/edgar/data/1174922/000117492226000013/0001174922-26-000013-index.htm,12548408597,https://finance.yahoo.com/quote/WYNN/history (month-end close 2025-12-01) x shares
XEL,0000072903,2025,,https://www.sec.gov/Archives/edgar/data/72903/000007290326000009/0000072903-26-000009-index.htm,46079541789,https://finance.yahoo.com/quote/XEL/history (month-end close 2025-12-01) x shares
XOM,0000034088,2009,,https://www.sec.gov/Archives/edgar/data/34088/000119312510042929/0001193125-10-042929-index.htm,321943625102,https://finance.yahoo.com/quote/XOM/history (month-end close 2009-12-01) x shares
XOM,0000034088,2025,,https://www.sec.gov/Archives/edgar/data/34088/000003408826000045/0000034088-26-000045-index.htm,501428298675,https://finance.yahoo.com/quote/XOM/history (month-end close 2025-12-01) x shares
XRAY,0000818479,2025,,https://www.sec.gov/Archives/edgar/data/818479/000081847926000075/0000818479-26-000075-index.htm,2283134937,https://finance.yahoo.com/quote/XRAY/history (month-end close 2025-12-01) x shares
XRX,0001770450,2025,,https://www.sec.gov/Archives/edgar/data/1770450/000177045026000009/0001770450-26-000009-index.htm,304824181,https://finance.yahoo.com/quote/XRX/history (month-end close 2025-12-01) x shares
XYL,0001524472,2025,,https://www.sec.gov/Archives/edgar/data/1524472/000152447226000012/0001524472-26-000012-index.htm,33110994752,https://finance.yahoo.com/quote/XYL/history (month-end close 2025-12-01) x shares
YUM,0001041061,2025,,https://www.sec.gov/Archives/edgar/data/1041061/000104106126000084/0001041061-26-000084-index.htm,41818349729,https://finance.yahoo.com/quote/YUM/history (month-end close 2025-12-01) x shares
ZBH,0001136869,2025,,https://www.sec.gov/Archives/edgar/data/1136869/000119312526059853/0001193125-26-059853-index.htm,17593027841,https://finance.yahoo.com/quote/ZBH/history (month-end close 2025-12-01) x shares
ZBRA,0000877212,2025,,https://www.sec.gov/Archives/edgar/data/877212/000162828026007668/0001628280-26-007668-index.htm,11944729926,https://finance.yahoo.com/quote/ZBRA/history (month-end close 2025-12-01) x shares
ZION,0000109380,2025,,https://www.sec.gov/Archives/edgar/data/109380/000010938026000046/0000109380-26-000046-index.htm,8657412185,https://finance.yahoo.com/quote/ZION/history (month-end close 2025-12-01) x shares
ZTS,0001555280,2025,,https://www.sec.gov/Archives/edgar/data/1555280/000155528026000011/0001555280-26-000011-index.htm,53112108218,https://finance.yahoo.com/quote/ZTS/history (month-end close 2025-12-01) x shares
