symbol,cik,edgar_name,sic,sic_description,entity_type,state_of_inc,former_names,existing_sector,source_url,retrieved
ABT,0000001800,ABBOTT LABORATORIES,2834,Pharmaceutical Preparations,operating,IL,,Health Care,https://data.sec.gov/submissions/CIK0000001800.json,2026-09-15
ACS,0000002135,AFFILIATED COMPUTER SERVICES INC,7374,Services-Computer Processing & Data Preparation,operating,DE,,Information Technology,https://data.sec.gov/submissions/CIK0000002135.json,2026-09-15
AMD,0000002488,ADVANCED MICRO DEVICES INC,3674,Semiconductors & Related Devices,operating,DE,,Information Technology,https://data.sec.gov/submissions/CIK0000002488.json,2026-09-15
APD,0000002969,"Air Products & Chemicals, Inc.",2810,Industrial Inorganic Chemicals,operating,DE,AIR PRODUCTS & CHEMICALS INC /DE/,Materials,https://data.sec.gov/submissions/CIK0000002969.json,2026-09-15
ABS,0000003333,ALBERTSONS INC /DE/,5411,Retail-Grocery Stores,operating,DE,,Consumer Staples,https://data.sec.gov/submissions/CIK0000003333.json,2026-09-15
IKN,0000003370,IKON OFFICE SOLUTIONS INC,5045,Wholesale-Computers & Peripheral Equipment & Software,operating,OH,ALCO STANDARD CORP,Industrials,https://data.sec.gov/submissions/CIK0000003370.json,2026-09-15
AYE,0000003673,"ALLEGHENY ENERGY, INC",4911,Electric Services,operating,MD,ALLEGHENY ENERGY INC; ALLEGHENY POWER SYSTEM INC,Utilities,https://data.sec.gov/submissions/CIK0000003673.json,2026-09-15
SWKS,0000004127,"SKYWORKS SOLUTIONS, INC.",3674,Semiconductors & Related Devices,operating,DE,SKYWORKS SOLUTIONS INC; ALPHA INDUSTRIES INC,Information Technology,https://data.sec.gov/submissions/CIK0000004127.json,2026-09-15
HWM,0000004281,Howmet Aerospace Inc.,3350,Rolling Drawing & Extruding of  Nonferrous Metals,operating,DE,Arconic Inc.; ALCOA INC.; ALCOA INC; ALUMINUM CO OF AMERICA,Industrials,https://data.sec.gov/submissions/CIK0000004281.json,2026-09-15
AL,0000004285,ALCAN INC,3330,Primary Smelting & Refining of  Nonferrous Metals,operating,A6,ALCAN ALUMINIUM LTD /NEW,Materials,https://data.sec.gov/submissions/CIK0000004285.json,2026-09-15
AZA.A,0000004310,ALZA CORP,2834,Pharmaceutical Preparations,operating,DE,,Health Care,https://data.sec.gov/submissions/CIK0000004310.json,2026-09-15
HES,0000004447,HESS CORP,2911,Petroleum Refining,operating,DE,AMERADA HESS CORP,Energy,https://data.sec.gov/submissions/CIK0000004447.json,2026-09-15
AEP,0000004904,AMERICAN ELECTRIC POWER CO INC,4911,Electric Services,operating,NY,AMERICAN ELECTRIC POWER COMPANY INC,Utilities,https://data.sec.gov/submissions/CIK0000004904.json,2026-09-15
AXP,0000004962,AMERICAN EXPRESS CO,6199,Finance Services,operating,NY,,Financials,https://data.sec.gov/submissions/CIK0000004962.json,2026-09-15
AFL,0000004977,AFLAC INC,6321,Accident & Health Insurance,operating,GA,,Financials,https://data.sec.gov/submissions/CIK0000004977.json,2026-09-15
WYE,0000005187,WYETH,2834,Pharmaceutical Preparations,operating,DE,AMERICAN HOME PRODUCTS CORP,Health Care,https://data.sec.gov/submissions/CIK0000005187.json,2026-09-15
AIG,0000005272,"AMERICAN INTERNATIONAL GROUP, INC.",6331,"Fire, Marine & Casualty Insurance",operating,DE,AMERICAN INTERNATIONAL GROUP INC,Financials,https://data.sec.gov/submissions/CIK0000005272.json,2026-09-15
UNM,0000005513,Unum Group,6321,Accident & Health Insurance,operating,DE,UNUMPROVIDENT CORP; PROVIDENT COMPANIES INC /DE/; PROVIDENT COMPANIES INC /TN/; PROVIDENT LIFE & ACCIDENT INSURANCE CO OF AMERICA,Financials,https://data.sec.gov/submissions/CIK0000005513.json,2026-09-15
AAMRQ,0000006201,American Airlines Group Inc.,4512,"Air Transportation, Scheduled",operating,DE,AMR CORP,Industrials,https://data.sec.gov/submissions/CIK0000006201.json,2026-09-15
ADI,0000006281,ANALOG DEVICES INC,3674,Semiconductors & Related Devices,operating,MA,,Information Technology,https://data.sec.gov/submissions/CIK0000006281.json,2026-09-15
AMAT,0000006951,APPLIED MATERIALS INC /DE,3674,Semiconductors & Related Devices,operating,DC,,Information Technology,https://data.sec.gov/submissions/CIK0000006951.json,2026-09-15
ADM,0000007084,Archer-Daniels-Midland Co,2070,Fats & Oils,operating,DE,Archer-Daniels-Midland Co; ARCHER DANIELS MIDLAND CO,Consumer Staples,https://data.sec.gov/submissions/CIK0000007084.json,2026-09-15
SWN,0000007332,SOUTHWESTERN ENERGY CO,1311,Crude Petroleum & Natural Gas,operating,DE,,Energy,https://data.sec.gov/submissions/CIK0000007332.json,2026-09-15
ACKH,0000007431,ARMSTRONG WORLD INDUSTRIES INC,3089,"Plastics Products, NEC",operating,PA,,Materials,https://data.sec.gov/submissions/CIK0000007431.json,2026-09-15
ADP,0000008670,AUTOMATIC DATA PROCESSING INC,7374,Services-Computer Processing & Data Preparation,operating,DE,,Industrials,https://data.sec.gov/submissions/CIK0000008670.json,2026-09-15
AVY,0000008818,Avery Dennison Corp,2670,Converted Paper & Paperboard Prods (No Contaners/Boxes),operating,DE,AVERY DENNISON CORPORATION,Materials,https://data.sec.gov/submissions/CIK0000008818.json,2026-09-15
AVP,0000008868,AVON PRODUCTS INC,2844,"Perfumes, Cosmetics & Other Toilet Preparations",operating,NY,,Consumer Staples,https://data.sec.gov/submissions/CIK0000008868.json,2026-09-15
BLL,0000009389,BALL Corp,3411,Metal Cans,operating,IN,,Industrials,https://data.sec.gov/submissions/CIK0000009389.json,2026-09-15
BK,0000009626,BANK OF NEW YORK CO INC,6022,State Commercial Banks,operating,NY,,Financials,https://data.sec.gov/submissions/CIK0000009626.json,2026-09-15
BCR,0000009892,BARD C R INC /NJ/,3841,Surgical & Medical Instruments & Apparatus,operating,NJ,,Health Care,https://data.sec.gov/submissions/CIK0000009892.json,2026-09-15
BRL,0000010081,BARR PHARMACEUTICALS INC,2834,Pharmaceutical Preparations,operating,DE,BARR LABORATORIES INC,Health Care,https://data.sec.gov/submissions/CIK0000010081.json,2026-09-15
BOL,0000010427,BAUSCH & LOMB INC,3851,Ophthalmic Goods,operating,NY,,Health Care,https://data.sec.gov/submissions/CIK0000010427.json,2026-09-15
BAX,0000010456,BAXTER INTERNATIONAL INC,3841,Surgical & Medical Instruments & Apparatus,operating,DE,,Health Care,https://data.sec.gov/submissions/CIK0000010456.json,2026-09-15
BDX,0000010795,BECTON DICKINSON & CO,3841,Surgical & Medical Instruments & Apparatus,operating,NJ,,Health Care,https://data.sec.gov/submissions/CIK0000010795.json,2026-09-15
BMS,0000011199,"Amcor Flexibles North America, Inc.",2670,Converted Paper & Paperboard Prods (No Contaners/Boxes),operating,MO,BEMIS CO INC,Materials,https://data.sec.gov/submissions/CIK0000011199.json,2026-09-15
WRB,0000011544,BERKLEY W R CORP,6331,"Fire, Marine & Casualty Insurance",operating,DE,,Financials,https://data.sec.gov/submissions/CIK0000011544.json,2026-09-15
BIO,0000012208,"BIO-RAD LABORATORIES, INC.",3826,Laboratory Analytical Instruments,operating,DE,BIO RAD LABORATORIES INC,Health Care,https://data.sec.gov/submissions/CIK0000012208.json,2026-09-15
BDK,0000012355,BLACK & DECKER CORP,3540,Metalworkg Machinery & Equipment,operating,MD,,Industrials,https://data.sec.gov/submissions/CIK0000012355.json,2026-09-15
HRB,0000012659,H&R BLOCK INC,7200,Services-Personal Services,operating,MO,,Consumer Discretionary,https://data.sec.gov/submissions/CIK0000012659.json,2026-09-15
BA,0000012927,BOEING CO,3721,Aircraft,operating,DE,,Industrials,https://data.sec.gov/submissions/CIK0000012927.json,2026-09-15
OMX,0000012978,MAPLEBY HOLDINGS MERGER Corp,5110,Wholesale-Paper & Paper Products,operating,,OFFICEMAX INC; BOISE CASCADE CORP,Industrials,https://data.sec.gov/submissions/CIK0000012978.json,2026-09-15
BGG,0000014195,BRIGGS & STRATTON CORP,3510,Engines & Turbines,operating,WI,,Industrials,https://data.sec.gov/submissions/CIK0000014195.json,2026-09-15
BMY,0000014272,BRISTOL MYERS SQUIBB CO,2834,Pharmaceutical Preparations,operating,DE,,Health Care,https://data.sec.gov/submissions/CIK0000014272.json,2026-09-15
BF.B,0000014693,BROWN FORMAN CORP,2080,Beverages,operating,DE,,Consumer Staples,https://data.sec.gov/submissions/CIK0000014693.json,2026-09-15
CAL,0000014707,CALERES INC,3140,"Footwear, (No Rubber)",operating,NY,BROWN SHOE CO INC; BROWN SHOE CO INC/; BROWN GROUP INC,Consumer Discretionary,https://data.sec.gov/submissions/CIK0000014707.json,2026-09-15
BC,0000014930,BRUNSWICK CORP,3510,Engines & Turbines,operating,DE,,Industrials,https://data.sec.gov/submissions/CIK0000014930.json,2026-09-15
CPB,0000016732,CAMPBELL'S Co,2000,Food and Kindred Products,operating,NJ,CAMPBELL SOUP CO,Consumer Staples,https://data.sec.gov/submissions/CIK0000016732.json,2026-09-15
STZ,0000016918,"CONSTELLATION BRANDS, INC.",2080,Beverages,operating,DE,CONSTELLATION BRANDS INC; CANANDAIGUA BRANDS INC; CANANDAIGUA WINE CO INC,Consumer Staples,https://data.sec.gov/submissions/CIK0000016918.json,2026-09-15
CAT,0000018230,CATERPILLAR INC,3531,Construction Machinery & Equip,operating,DE,,Industrials,https://data.sec.gov/submissions/CIK0000018230.json,2026-09-15
SNV,0000018349,SYNOVUS FINANCIAL CORP,6021,National Commercial Banks,operating,X1,,Financials,https://data.sec.gov/submissions/CIK0000018349.json,2026-09-15
CTX,0000018532,CENTEX LLC,1531,Operative Builders,operating,NV,CENTEX CORP,Consumer Discretionary,https://data.sec.gov/submissions/CIK0000018532.json,2026-09-15
CBSS,0000018568,COMPASS BANCSHARES INC,6021,National Commercial Banks,operating,DE,,Financials,https://data.sec.gov/submissions/CIK0000018568.json,2026-09-15
LUMN,0000018926,"Lumen Technologies, Inc.",4813,Telephone Communications (No Radiotelephone),operating,LA,"CENTURYLINK, INC; CENTURYTEL INC; CENTURY TELEPHONE ENTERPRISES INC",Communication Services,https://data.sec.gov/submissions/CIK0000018926.json,2026-09-15
JPM,0000019617,JPMORGAN CHASE & CO,6021,National Commercial Banks,operating,DE,JPMORGAN CHASE & CO; J P MORGAN CHASE & CO; CHASE MANHATTAN CORP /DE/; CHEMICAL BANKING CORP,Financials,https://data.sec.gov/submissions/CIK0000019617.json,2026-09-15
CINF,0000020286,CINCINNATI FINANCIAL CORP,6331,"Fire, Marine & Casualty Insurance",operating,OH,,Financials,https://data.sec.gov/submissions/CIK0000020286.json,2026-09-15
CIT.A,0000020388,CIT GROUP INC,6172,Finance Lessors,operating,NV,TYCO CAPITAL CORP; CIT GROUP HOLDINGS INC /DE/,Financials,https://data.sec.gov/submissions/CIK0000020388.json,2026-09-15
FTR,0000020520,"Frontier Communications Parent, Inc.",4813,Telephone Communications (No Radiotelephone),operating,,FRONTIER COMMUNICATIONS CORP; CITIZENS COMMUNICATIONS CO; CITIZENS UTILITIES CO,Communication Services,https://data.sec.gov/submissions/CIK0000020520.json,2026-09-15
CLX,0000021076,CLOROX CO /DE/,2842,"Specialty Cleaning, Polishing and Sanitation Preparations",operating,DE,CLOROX CO /DE/,Consumer Staples,https://data.sec.gov/submissions/CIK0000021076.json,2026-09-15
CGP,0000021267,EL PASO CGP CO LLC,4922,Natural Gas Transmission,operating,DE,EL PASO CGP CO; COASTAL CORP,Energy,https://data.sec.gov/submissions/CIK0000021267.json,2026-09-15
KO,0000021344,COCA COLA CO,2080,Beverages,operating,DE,,Consumer Staples,https://data.sec.gov/submissions/CIK0000021344.json,2026-09-15
CL,0000021665,COLGATE PALMOLIVE CO,2844,"Perfumes, Cosmetics & Other Toilet Preparations",operating,DE,COLGATE PALMOLIVE CO,Consumer Staples,https://data.sec.gov/submissions/CIK0000021665.json,2026-09-15
CAG,0000023217,CONAGRA BRANDS INC.,2000,Food and Kindred Products,operating,DE,CONAGRA FOODS INC /DE/; CONAGRA INC /DE/,Consumer Staples,https://data.sec.gov/submissions/CIK0000023217.json,2026-09-15
HSH,0000023666,Hillshire Brands Co,2000,Food and Kindred Products,operating,MD,Sara Lee Corp; LEE SARA CORP,Consumer Staples,https://data.sec.gov/submissions/CIK0000023666.json,2026-09-15
CNG,0000023738,CONSOLIDATED NATURAL GAS CO/VA,4923,Natural Gas Transmisison & Distribution,operating,DE,CONSOLIDATED NATURAL GAS CO,Energy,https://data.sec.gov/submissions/CIK0000023738.json,2026-09-15
CTB,0000024491,COOPER TIRE & RUBBER CO,3011,Tires & Inner Tubes,operating,OH,,Materials,https://data.sec.gov/submissions/CIK0000024491.json,2026-09-15
TAP,0000024545,MOLSON COORS BEVERAGE CO,2082,Malt Beverages,operating,DE,MOLSON COORS BREWING CO; COORS ADOLPH CO,Consumer Staples,https://data.sec.gov/submissions/CIK0000024545.json,2026-09-15
GLW,0000024741,CORNING INC /NY,3357,Drawing & Insulating of  Nonferrous Wire,operating,NY,,Information Technology,https://data.sec.gov/submissions/CIK0000024741.json,2026-09-15
CFC,0000025191,COUNTRYWIDE FINANCIAL CORP,6035,"Savings Institution, Federally Chartered",operating,DE,COUNTRYWIDE CREDIT INDUSTRIES INC,Financials,https://data.sec.gov/submissions/CIK0000025191.json,2026-09-15
CMI,0000026172,CUMMINS INC,3510,Engines & Turbines,operating,IN,CUMMINS ENGINE CO INC,Industrials,https://data.sec.gov/submissions/CIK0000026172.json,2026-09-15
DCNAQ,0000026780,DANA Inc,3714,Motor Vehicle Parts & Accessories,operating,DE,DANA HOLDING CORP; DANA CORP,Consumer Discretionary,https://data.sec.gov/submissions/CIK0000026780.json,2026-09-15
TGT,0000027419,TARGET CORP,5331,Retail-Variety Stores,operating,MN,DAYTON HUDSON CORP,Consumer Staples,https://data.sec.gov/submissions/CIK0000027419.json,2026-09-15
DALRQ,0000027904,"DELTA AIR LINES, INC.",4512,"Air Transportation, Scheduled",operating,DE,DELTA AIR LINES INC /DE/,Industrials,https://data.sec.gov/submissions/CIK0000027904.json,2026-09-15
DLX,0000027996,DELUXE CORP,2780,"Blankbooks, Looseleaf Binders & Bookbindg & Relatd Work",operating,MN,,Communication Services,https://data.sec.gov/submissions/CIK0000027996.json,2026-09-15
CMA,0000028412,COMERICA INC,6021,National Commercial Banks,operating,DE,COMERICA INC /NEW/,Financials,https://data.sec.gov/submissions/CIK0000028412.json,2026-09-15
DDS,0000028917,"DILLARD'S, INC.",5311,Retail-Department Stores,operating,TX,DILLARDS INC; DILLARD DEPARTMENT STORES INC,Consumer Discretionary,https://data.sec.gov/submissions/CIK0000028917.json,2026-09-15
DG,0000029534,DOLLAR GENERAL CORP,5331,Retail-Variety Stores,operating,TN,,Consumer Staples,https://data.sec.gov/submissions/CIK0000029534.json,2026-09-15
RRD,0000029669,RR Donnelley & Sons Co,2750,Commercial Printing,operating,DE,DONNELLEY R R & SONS CO,Communication Services,https://data.sec.gov/submissions/CIK0000029669.json,2026-09-15
DOV,0000029905,DOVER Corp,3530,"Construction, Mining & Materials Handling Machinery & Equip",operating,NY,,Industrials,https://data.sec.gov/submissions/CIK0000029905.json,2026-09-15
DJ,0000029924,DOW JONES & CO INC,2711,Newspapers: Publishing or  Publishing & Printing,operating,DE,,Communication Services,https://data.sec.gov/submissions/CIK0000029924.json,2026-09-15
OMC,0000029989,OMNICOM GROUP INC.,7311,Services-Advertising Agencies,operating,NY,OMNICOM GROUP INC,Communication Services,https://data.sec.gov/submissions/CIK0000029989.json,2026-09-15
FLS,0000030625,FLOWSERVE CORP,3561,Pumps & Pumping Equipment,operating,NY,DURCO INTERNATIONAL INC; DURIRON CO INC,Industrials,https://data.sec.gov/submissions/CIK0000030625.json,2026-09-15
WEN,0000030697,Wendy's Co,5810,Retail-Eating & Drinking Places,operating,DE,"WENDY'S/ARBY'S GROUP, INC.; TRIARC COMPANIES INC",Consumer Discretionary,https://data.sec.gov/submissions/CIK0000030697.json,2026-09-15
EKDKQ,0000031235,EASTMAN KODAK CO,3861,Photographic Equipment & Supplies,operating,NJ,,Health Care,https://data.sec.gov/submissions/CIK0000031235.json,2026-09-15
ECL,0000031462,ECOLAB INC.,2840,"Soap, Detergents, Cleang Preparations, Perfumes, Cosmetics",operating,DE,ECOLAB INC,Materials,https://data.sec.gov/submissions/CIK0000031462.json,2026-09-15
RVTY,0000031791,"REVVITY, INC.",3826,Laboratory Analytical Instruments,operating,MA,PERKINELMER INC; EG&G INC,Health Care,https://data.sec.gov/submissions/CIK0000031791.json,2026-09-15
EMR,0000032604,EMERSON ELECTRIC CO,3600,Electronic & Other Electrical Equipment (No Computer Equip),operating,MO,,Industrials,https://data.sec.gov/submissions/CIK0000032604.json,2026-09-15
EFX,0000033185,EQUIFAX INC,7320,"Services-Consumer Credit Reporting, Collection Agencies",operating,GA,EQUIFAX INC,Industrials,https://data.sec.gov/submissions/CIK0000033185.json,2026-09-15
EQT,0000033213,EQT Corp,1311,Crude Petroleum & Natural Gas,operating,PA,EQUITABLE RESOURCES INC /PA/,Energy,https://data.sec.gov/submissions/CIK0000033213.json,2026-09-15
XOM,0000034088,EXXON MOBIL CORP,2911,Petroleum Refining,operating,NJ,EXXON CORP,Energy,https://data.sec.gov/submissions/CIK0000034088.json,2026-09-15
FDO,0000034408,FAMILY DOLLAR STORES INC,5331,Retail-Variety Stores,operating,DE,,Consumer Staples,https://data.sec.gov/submissions/CIK0000034408.json,2026-09-15
FRT,0000034903,FEDERAL REALTY INVESTMENT TRUST,6798,Real Estate Investment Trusts,operating,MD,,Real Estate,https://data.sec.gov/submissions/CIK0000034903.json,2026-09-15
FITB,0000035527,FIFTH THIRD BANCORP,6022,State Commercial Banks,operating,OH,,Financials,https://data.sec.gov/submissions/CIK0000035527.json,2026-09-15
USB,0000036104,US BANCORP \DE\,6021,National Commercial Banks,operating,DE,FIRST BANK SYSTEM INC,Financials,https://data.sec.gov/submissions/CIK0000036104.json,2026-09-15
MTB,0000036270,M&T BANK CORP,6022,State Commercial Banks,operating,NY,FIRST EMPIRE STATE CORP,Financials,https://data.sec.gov/submissions/CIK0000036270.json,2026-09-15
FHN,0000036966,FIRST HORIZON CORP,6021,National Commercial Banks,operating,TN,FIRST HORIZON NATIONAL CORP; FIRST TENNESSEE NATIONAL CORP,Financials,https://data.sec.gov/submissions/CIK0000036966.json,2026-09-15
MEE,0000037748,"Alpha Appalachia Holdings, Inc.",1221,Bituminous Coal & Lignite Surface Mining,operating,DE,MASSEY ENERGY CO; FLUOR CORP/DE/,Energy,https://data.sec.gov/submissions/CIK0000037748.json,2026-09-15
FMC,0000037785,FMC CORP,2800,Chemicals & Allied Products,operating,DE,,Materials,https://data.sec.gov/submissions/CIK0000037785.json,2026-09-15
F,0000037996,FORD MOTOR CO,3711,Motor Vehicles & Passenger Car Bodies,operating,DE,,Consumer Discretionary,https://data.sec.gov/submissions/CIK0000037996.json,2026-09-15
FRX,0000038074,"Forest Laboratories, LLC",2834,Pharmaceutical Preparations,operating,DE,Tango Merger Sub 2 LLC; FOREST LABORATORIES INC,Health Care,https://data.sec.gov/submissions/CIK0000038074.json,2026-09-15
FWLT,0000038321,FOSTER WHEELER CORP,1600,Heavy Construction Other Than Bldg Const - Contractors,operating,NY,,Industrials,https://data.sec.gov/submissions/CIK0000038321.json,2026-09-15
BEN,0000038777,FRANKLIN TEMPLETON INC,6282,Investment Advice,operating,DE,FRANKLIN RESOURCES INC,Financials,https://data.sec.gov/submissions/CIK0000038777.json,2026-09-15
TGNA,0000039899,TEGNA INC,4833,Television Broadcasting Stations,operating,DE,GANNETT CO INC /DE/,Communication Services,https://data.sec.gov/submissions/CIK0000039899.json,2026-09-15
GPS,0000039911,GAP INC,5651,Retail-Family Clothing Stores,operating,DE,,Consumer Discretionary,https://data.sec.gov/submissions/CIK0000039911.json,2026-09-15
GD,0000040533,GENERAL DYNAMICS CORP,3730,Ship & Boat Building & Repairing,operating,DE,,Industrials,https://data.sec.gov/submissions/CIK0000040533.json,2026-09-15
GE,0000040545,GENERAL ELECTRIC CO,3600,Electronic & Other Electrical Equipment (No Computer Equip),operating,NY,,Industrials,https://data.sec.gov/submissions/CIK0000040545.json,2026-09-15
GIS,0000040704,GENERAL MILLS INC,2040,Grain Mill Products,operating,DE,,Consumer Staples,https://data.sec.gov/submissions/CIK0000040704.json,2026-09-15
MTLQQ,0000040730,Motors Liquidation Co,3711,Motor Vehicles & Passenger Car Bodies,operating,DE,GENERAL MOTORS CORP,Consumer Discretionary,https://data.sec.gov/submissions/CIK0000040730.json,2026-09-15
GPU,0000040779,GPU INC /PA/,4911,Electric Services,operating,PA,GENERAL PUBLIC UTILITIES CORP /PA/,Utilities,https://data.sec.gov/submissions/CIK0000040779.json,2026-09-15
GPC,0000040987,GENUINE PARTS CO,5013,Wholesale-Motor Vehicle Supplies & New Parts,operating,GA,,Consumer Discretionary,https://data.sec.gov/submissions/CIK0000040987.json,2026-09-15
GDW,0000042293,GOLDEN WEST FINANCIAL CORP /DE/,6035,"Savings Institution, Federally Chartered",operating,DE,,Financials,https://data.sec.gov/submissions/CIK0000042293.json,2026-09-15
GR,0000042542,GOODRICH CORP,3760,Guided Missiles & Space Vehicles & Parts,operating,NY,GOODRICH B F CO,Industrials,https://data.sec.gov/submissions/CIK0000042542.json,2026-09-15
GT,0000042582,GOODYEAR TIRE & RUBBER CO /OH/,3011,Tires & Inner Tubes,operating,OH,,Materials,https://data.sec.gov/submissions/CIK0000042582.json,2026-09-15
GAPTQ,0000043300,GREAT ATLANTIC & PACIFIC TEA CO INC,5411,Retail-Grocery Stores,operating,MD,,Consumer Staples,https://data.sec.gov/submissions/CIK0000043300.json,2026-09-15
GLK,0000043362,GREAT LAKES CHEMICAL CORP,2890,Miscellaneous Chemical Products,operating,DE,,Materials,https://data.sec.gov/submissions/CIK0000043362.json,2026-09-15
HAL,0000045012,HALLIBURTON CO,1389,"Oil & Gas Field Services, NEC",operating,DE,,Energy,https://data.sec.gov/submissions/CIK0000045012.json,2026-09-15
HAS,0000046080,"HASBRO, INC.",3944,"Games, Toys & Children's Vehicles (No Dolls & Bicycles)",operating,RI,HASBRO INC,Consumer Discretionary,https://data.sec.gov/submissions/CIK0000046080.json,2026-09-15
HNZ,0000046640,Kraft Heinz Foods Co,2030,"Canned, Frozen & Preservd Fruit, Veg & Food Specialties",operating,PA,HEINZ H J CO,Consumer Staples,https://data.sec.gov/submissions/CIK0000046640.json,2026-09-15
HP,0000046765,"Helmerich & Payne, Inc.",1381,Drilling Oil & Gas Wells,operating,DE,HELMERICH & PAYNE INC,Energy,https://data.sec.gov/submissions/CIK0000046765.json,2026-09-15
HPC,0000046989,HERCULES INC,2890,Miscellaneous Chemical Products,operating,DE,,Materials,https://data.sec.gov/submissions/CIK0000046989.json,2026-09-15
HSY,0000047111,HERSHEY CO,2060,Sugar & Confectionery Products,operating,DE,HERSHEY FOODS CORP,Consumer Staples,https://data.sec.gov/submissions/CIK0000047111.json,2026-09-15
HPQ,0000047217,HP INC,3570,Computer & office Equipment,operating,DE,HEWLETT PACKARD CO,Information Technology,https://data.sec.gov/submissions/CIK0000047217.json,2026-09-15
HFC,0000048039,HollyFrontier Corp,2911,Petroleum Refining,operating,DE,HOLLY CORP,Energy,https://data.sec.gov/submissions/CIK0000048039.json,2026-09-15
HRL,0000048465,HORMEL FOODS CORP /DE/,2011,Meat Packing Plants,operating,DE,HORMEL GEO A & CO,Consumer Staples,https://data.sec.gov/submissions/CIK0000048465.json,2026-09-15
HUBB,0000048898,HUBBELL INC,3670,Electronic Components & Accessories,operating,CT,,Industrials,https://data.sec.gov/submissions/CIK0000048898.json,2026-09-15
HUM,0000049071,HUMANA INC,6324,Hospital & Medical Service Plans,operating,DE,,Health Care,https://data.sec.gov/submissions/CIK0000049071.json,2026-09-15
HBAN,0000049196,HUNTINGTON BANCSHARES INC /MD/,6021,National Commercial Banks,operating,MD,HUNTINGTON BANCSHARES INC /MD/; HUNTINGTON BANCSHARES INC/MD,Financials,https://data.sec.gov/submissions/CIK0000049196.json,2026-09-15
ITW,0000049826,ILLINOIS TOOL WORKS INC,3560,General Industrial Machinery & Equipment,operating,DE,,Industrials,https://data.sec.gov/submissions/CIK0000049826.json,2026-09-15
INCLF,0000049996,INCO LTD,3330,Primary Smelting & Refining of  Nonferrous Metals,operating,,,Materials,https://data.sec.gov/submissions/CIK0000049996.json,2026-09-15
ANDV,0000050104,ANDEAVOR LLC,2911,Petroleum Refining,operating,,ANDEAVOR; TESORO CORP /NEW/; TESORO PETROLEUM CORP /NEW/,Energy,https://data.sec.gov/submissions/CIK0000050104.json,2026-09-15
FBF,0000050341,FLEETBOSTON FINANCIAL CORP,6021,National Commercial Banks,operating,RI,FLEET BOSTON CORP; FLEET FINANCIAL GROUP INC; FLEET FINANCIAL GROUP INC /RI/,Financials,https://data.sec.gov/submissions/CIK0000050341.json,2026-09-15
INTC,0000050863,INTEL CORP,3674,Semiconductors & Related Devices,operating,DE,,Information Technology,https://data.sec.gov/submissions/CIK0000050863.json,2026-09-15
IBM,0000051143,INTERNATIONAL BUSINESS MACHINES CORP,3570,Computer & office Equipment,operating,NY,,Information Technology,https://data.sec.gov/submissions/CIK0000051143.json,2026-09-15
IFF,0000051253,INTERNATIONAL FLAVORS & FRAGRANCES INC,2860,Industrial Organic Chemicals,operating,NY,,Materials,https://data.sec.gov/submissions/CIK0000051253.json,2026-09-15
NAV,0000051303,NAVISTAR FINANCIAL CORP,6159,Miscellaneous Business Credit Institution,operating,DE,,Financials,https://data.sec.gov/submissions/CIK0000051303.json,2026-09-15
MKG,0000051396,MALLINCKRODT INC /MO,2835,In Vitro & In Vivo Diagnostic Substances,operating,NY,MALLINCKRODT GROUP INC; IMCERA GROUP INC,Health Care,https://data.sec.gov/submissions/CIK0000051396.json,2026-09-15
IP,0000051434,INTERNATIONAL PAPER CO /NEW/,2621,Paper Mills,operating,NY,,Materials,https://data.sec.gov/submissions/CIK0000051434.json,2026-09-15
IPG,0000051644,"INTERPUBLIC GROUP OF COMPANIES, INC.",7311,Services-Advertising Agencies,operating,DE,INTERPUBLIC GROUP OF COMPANIES INC,Communication Services,https://data.sec.gov/submissions/CIK0000051644.json,2026-09-15
JEC,0000052988,JACOBS SOLUTIONS INC.,1600,Heavy Construction Other Than Bldg Const - Contractors,operating,DE,JACOBS ENGINEERING GROUP INC /DE/,Industrials,https://data.sec.gov/submissions/CIK0000052988.json,2026-09-15
JP,0000053347,JEFFERSON PILOT CORP,6311,Life Insurance,operating,NC,,Financials,https://data.sec.gov/submissions/CIK0000053347.json,2026-09-15
JOS,0000054050,JOSTENS INC,3911,"Jewelry, Precious Metal",operating,MN,,Consumer Discretionary,https://data.sec.gov/submissions/CIK0000054050.json,2026-09-15
KSU,0000054480,KANSAS CITY SOUTHERN,4011,"Railroads, Line-Haul Operating",operating,DE,KANSAS CITY SOUTHERN INDUSTRIES INC,Industrials,https://data.sec.gov/submissions/CIK0000054480.json,2026-09-15
K,0000055067,KELLANOVA,2040,Grain Mill Products,operating,DE,KELLOGG CO,Consumer Staples,https://data.sec.gov/submissions/CIK0000055067.json,2026-09-15
KMB,0000055785,KIMBERLY CLARK CORP,2670,Converted Paper & Paperboard Prods (No Contaners/Boxes),operating,DE,,Consumer Staples,https://data.sec.gov/submissions/CIK0000055785.json,2026-09-15
KM,0000056824,KMART CORP,5331,Retail-Variety Stores,operating,MI,,Consumer Staples,https://data.sec.gov/submissions/CIK0000056824.json,2026-09-15
KR,0000056873,KROGER CO,5411,Retail-Grocery Stores,operating,OH,,Consumer Staples,https://data.sec.gov/submissions/CIK0000056873.json,2026-09-15
LEG,0000058492,LEGGETT & PLATT INC,2510,Household Furniture,operating,MO,,Consumer Discretionary,https://data.sec.gov/submissions/CIK0000058492.json,2026-09-15
LLY,0000059478,ELI LILLY & Co,2834,Pharmaceutical Preparations,operating,IN,LILLY ELI & CO; LILLY ELI & CO ET AL,Health Care,https://data.sec.gov/submissions/CIK0000059478.json,2026-09-15
LNC,0000059558,LINCOLN NATIONAL CORP,6311,Life Insurance,operating,IN,LINCOLN NATIONAL CORP ET AL,Financials,https://data.sec.gov/submissions/CIK0000059558.json,2026-09-15
L,0000060086,LOEWS CORP,6331,"Fire, Marine & Casualty Insurance",operating,DE,,Financials,https://data.sec.gov/submissions/CIK0000060086.json,2026-09-15
LPX,0000060519,LOUISIANA-PACIFIC CORP,2400,Lumber & Wood Products (No Furniture),operating,DE,LOUISIANA PACIFIC CORP,Industrials,https://data.sec.gov/submissions/CIK0000060519.json,2026-09-15
LOW,0000060667,LOWES COMPANIES INC,5211,Retail-Lumber & Other Building Materials Dealers,operating,NC,,Consumer Discretionary,https://data.sec.gov/submissions/CIK0000060667.json,2026-09-15
MTW,0000061986,MANITOWOC CO INC,3531,Construction Machinery & Equip,operating,WI,,Industrials,https://data.sec.gov/submissions/CIK0000061986.json,2026-09-15
MRSH,0000062709,"MARSH & MCLENNAN COMPANIES, INC.",6411,"Insurance Agents, Brokers & Service",operating,DE,MARSH & MCLENNAN COMPANIES INC,Financials,https://data.sec.gov/submissions/CIK0000062709.json,2026-09-15
MAS,0000062996,MASCO CORP /DE/,3430,"Heating Equip, Except Elec & Warm Air; & Plumbing Fixtures",operating,DE,,Industrials,https://data.sec.gov/submissions/CIK0000062996.json,2026-09-15
MAT,0000063276,MATTEL INC /DE/,3942,Dolls & Stuffed Toys,operating,DE,,Consumer Discretionary,https://data.sec.gov/submissions/CIK0000063276.json,2026-09-15
MAY,0000063416,MAY DEPARTMENT STORES CO,5311,Retail-Department Stores,operating,DE,,Consumer Discretionary,https://data.sec.gov/submissions/CIK0000063416.json,2026-09-15
MYG,0000063541,MAYTAG CORP,3630,Household Appliances,operating,DE,,Consumer Discretionary,https://data.sec.gov/submissions/CIK0000063541.json,2026-09-15
MKC,0000063754,MCCORMICK & CO INC,2090,Miscellaneous Food Preparations & Kindred Products,operating,MD,MCCORMICK & CO INC,Consumer Staples,https://data.sec.gov/submissions/CIK0000063754.json,2026-09-15
MCD,0000063908,MCDONALDS CORP,5812,Retail-Eating  Places,operating,DE,,Consumer Discretionary,https://data.sec.gov/submissions/CIK0000063908.json,2026-09-15
SPGI,0000064040,S&P Global Inc.,7320,"Services-Consumer Credit Reporting, Collection Agencies",operating,NY,MCGRAW HILL FINANCIAL INC; MCGRAW-HILL COMPANIES INC; MCGRAW HILL INC,Financials,https://data.sec.gov/submissions/CIK0000064040.json,2026-09-15
MEA,0000064394,MEAD CORP,2631,Paperboard Mills,operating,OH,,Materials,https://data.sec.gov/submissions/CIK0000064394.json,2026-09-15
MEL,0000064782,MELLON FINANCIAL CORP,6021,National Commercial Banks,operating,PA,MELLON BANK CORP,Financials,https://data.sec.gov/submissions/CIK0000064782.json,2026-09-15
CVS,0000064803,CVS HEALTH Corp,5912,Retail-Drug Stores and Proprietary Stores,operating,DE,CVS CAREMARK CORP; CVS/CAREMARK CORP; CVS CORP; MELVILLE CORP,Health Care,https://data.sec.gov/submissions/CIK0000064803.json,2026-09-15
MDP,0000065011,"Hawkeye Acquisition, Inc.",2721,Periodicals: Publishing or  Publishing & Printing,operating,IA,MEREDITH CORP,Communication Services,https://data.sec.gov/submissions/CIK0000065011.json,2026-09-15
MER,0000065100,"MERRILL LYNCH & CO., INC.",6211,"Security Brokers, Dealers & Flotation Companies",operating,DE,MERRILL LYNCH & CO INC,Financials,https://data.sec.gov/submissions/CIK0000065100.json,2026-09-15
AT,0000065873,ALLTEL CORP,4812,Radiotelephone Communications,operating,DE,,Communication Services,https://data.sec.gov/submissions/CIK0000065873.json,2026-09-15
ETR,0000065984,ENTERGY CORP /DE/,4911,Electric Services,operating,DE,ENTERGY CORP/FL,Utilities,https://data.sec.gov/submissions/CIK0000065984.json,2026-09-15
MIL,0000066479,MILLIPORE CORP /MA,3826,Laboratory Analytical Instruments,operating,MA,MILLIPORE CORP,Health Care,https://data.sec.gov/submissions/CIK0000066479.json,2026-09-15
MMM,0000066740,3M CO,3841,Surgical & Medical Instruments & Apparatus,operating,DE,MINNESOTA MINING & MANUFACTURING CO,Industrials,https://data.sec.gov/submissions/CIK0000066740.json,2026-09-15
MOLX,0000067472,MOLEX INC,3678,Electronic Connectors,operating,DE,,Information Technology,https://data.sec.gov/submissions/CIK0000067472.json,2026-09-15
PHA,0000067686,PHARMACIA CORP /DE/,2800,Chemicals & Allied Products,operating,DE,MONSANTO CO,Materials,https://data.sec.gov/submissions/CIK0000067686.json,2026-09-15
MSI,0000068505,"Motorola Solutions, Inc.",3663,Radio & Tv Broadcasting & Communications Equipment,operating,DE,MOTOROLA INC,Information Technology,https://data.sec.gov/submissions/CIK0000068505.json,2026-09-15
USW,0000068622,QWEST CORP,4813,Telephone Communications (No Radiotelephone),operating,CO,U S WEST COMMUNICATIONS INC,Communication Services,https://data.sec.gov/submissions/CIK0000068622.json,2026-09-15
MYL,0000069499,MYLAN INC.,2834,Pharmaceutical Preparations,operating,PA,MYLAN LABORATORIES INC,Health Care,https://data.sec.gov/submissions/CIK0000069499.json,2026-09-15
NCC,0000069970,NATIONAL CITY CORP,6021,National Commercial Banks,operating,DE,,Financials,https://data.sec.gov/submissions/CIK0000069970.json,2026-09-15
THC,0000070318,TENET HEALTHCARE CORP,8062,"Services-General Medical & Surgical Hospitals, NEC",operating,NV,NATIONAL MEDICAL ENTERPRISES INC /NV/,Health Care,https://data.sec.gov/submissions/CIK0000070318.json,2026-09-15
NSM,0000070530,NATIONAL SEMICONDUCTOR CORP,3674,Semiconductors & Related Devices,operating,DE,,Information Technology,https://data.sec.gov/submissions/CIK0000070530.json,2026-09-15
NSI,0000070538,NATIONAL SERVICE INDUSTRIES INC,7200,Services-Personal Services,operating,DE,,Consumer Discretionary,https://data.sec.gov/submissions/CIK0000070538.json,2026-09-15
BAC,0000070858,BANK OF AMERICA CORP /DE/,6021,National Commercial Banks,operating,DE,BANKAMERICA CORP/DE/; NATIONSBANK CORP,Financials,https://data.sec.gov/submissions/CIK0000070858.json,2026-09-15
NCR,0000070866,NCR Voyix Corp,3578,Calculating & Accounting Machines (No Electronic Computers),operating,MD,NCR CORP,Information Technology,https://data.sec.gov/submissions/CIK0000070866.json,2026-09-15
NYT,0000071691,NEW YORK TIMES CO,2711,Newspapers: Publishing or  Publishing & Printing,operating,NY,,Communication Services,https://data.sec.gov/submissions/CIK0000071691.json,2026-09-15
NMK,0000071932,NIAGARA MOHAWK POWER CORP /NY/,4931,Electric & Other Services Combined,operating,NY,,Utilities,https://data.sec.gov/submissions/CIK0000071932.json,2026-09-15
NBL,0000072207,NOBLE ENERGY INC,1311,Crude Petroleum & Natural Gas,operating,DE,NOBLE AFFILIATES INC,Energy,https://data.sec.gov/submissions/CIK0000072207.json,2026-09-15
NDSN,0000072331,NORDSON CORP,3569,"General Industrial Machinery & Equipment, NEC",operating,OH,,Industrials,https://data.sec.gov/submissions/CIK0000072331.json,2026-09-15
JWN,0000072333,NORDSTROM INC,5651,Retail-Family Clothing Stores,operating,WA,,Consumer Discretionary,https://data.sec.gov/submissions/CIK0000072333.json,2026-09-15
ES,0000072741,EVERSOURCE ENERGY,4911,Electric Services,operating,MA,NORTHEAST UTILITIES; NORTHEAST UTILITIES SYSTEM,Utilities,https://data.sec.gov/submissions/CIK0000072741.json,2026-09-15
XEL,0000072903,XCEL ENERGY INC,4931,Electric & Other Services Combined,operating,MN,NORTHERN STATES POWER CO /MN/,Utilities,https://data.sec.gov/submissions/CIK0000072903.json,2026-09-15
NRTLQ,0000072911,NORTEL NETWORKS CORP,3661,Telephone & Telegraph Apparatus,operating,,NORTHERN TELECOM LTD,Information Technology,https://data.sec.gov/submissions/CIK0000072911.json,2026-09-15
WFC,0000072971,WELLS FARGO & COMPANY/MN,6021,National Commercial Banks,operating,DE,WELLS FARGO & CO/MN; NORWEST CORP,Financials,https://data.sec.gov/submissions/CIK0000072971.json,2026-09-15
NTRS,0000073124,NORTHERN TRUST CORP,6022,State Commercial Banks,operating,DE,,Financials,https://data.sec.gov/submissions/CIK0000073124.json,2026-09-15
NUE,0000073309,NUCOR CORP,3312,"Steel Works, Blast Furnaces & Rolling Mills (Coke Ovens)",operating,DE,,Materials,https://data.sec.gov/submissions/CIK0000073309.json,2026-09-15
TOS,0000074091,TOSCO CORP,2911,Petroleum Refining,operating,NV,,Energy,https://data.sec.gov/submissions/CIK0000074091.json,2026-09-15
UDR,0000074208,"UDR, Inc.",6798,Real Estate Investment Trusts,operating,MD,UNITED DOMINION REALTY TRUST INC,Real Estate,https://data.sec.gov/submissions/CIK0000074208.json,2026-09-15
OWENQ,0000075234,"OWENS CORNING SALES, LLC",3290,"Abrasive, Asbestos & Misc Nonmetallic Mineral Prods",operating,DE,"OWENS CORNING SALES, INC.; OWENS CORNING; OWENS CORNING FIBERGLAS CORP",Materials,https://data.sec.gov/submissions/CIK0000075234.json,2026-09-15
PCAR,0000075362,PACCAR INC,3711,Motor Vehicles & Passenger Car Bodies,operating,DE,,Industrials,https://data.sec.gov/submissions/CIK0000075362.json,2026-09-15
PKG,0000075677,PACKAGING CORP OF AMERICA,2650,Paperboard Containers & Boxes,operating,,,Materials,https://data.sec.gov/submissions/CIK0000075677.json,2026-09-15
PLL,0000075829,PALL CORP,3569,"General Industrial Machinery & Equipment, NEC",operating,NY,,Industrials,https://data.sec.gov/submissions/CIK0000075829.json,2026-09-15
PH,0000076334,Parker-Hannifin Corp,3490,Miscellaneous Fabricated Metal Products,operating,OH,PARKER HANNIFIN CORP,Industrials,https://data.sec.gov/submissions/CIK0000076334.json,2026-09-15
PNR,0000077360,PENTAIR plc,3550,Special Industry Machinery (No Metalworking Machinery),operating,L2,PENTAIR LTD; PENTAIR INC,Industrials,https://data.sec.gov/submissions/CIK0000077360.json,2026-09-15
PGL,0000077385,PEOPLES ENERGY CORP,4924,Natural Gas Distribution,operating,IL,,Energy,https://data.sec.gov/submissions/CIK0000077385.json,2026-09-15
PBY,0000077449,PEP BOYS MANNY MOE & JACK,5531,Retail-Auto & Home Supply Stores,operating,PA,,Consumer Discretionary,https://data.sec.gov/submissions/CIK0000077449.json,2026-09-15
PEP,0000077476,PEPSICO INC,2080,Beverages,operating,NC,,Consumer Staples,https://data.sec.gov/submissions/CIK0000077476.json,2026-09-15
ABI,0000077551,APPLIED BIOSYSTEMS INC.,3826,Laboratory Analytical Instruments,operating,DE,APPLERA CORP; PE CORP; PERKIN ELMER CORP,Health Care,https://data.sec.gov/submissions/CIK0000077551.json,2026-09-15
PFE,0000078003,PFIZER INC,2834,Pharmaceutical Preparations,operating,DE,PFIZER INC,Health Care,https://data.sec.gov/submissions/CIK0000078003.json,2026-09-15
PVH,0000078239,PVH CORP. /DE/,2320,"Men's & Boys' Furnishgs, Work Clothg, & Allied Garments",operating,DE,PHILLIPS VAN HEUSEN CORP /DE/,Consumer Discretionary,https://data.sec.gov/submissions/CIK0000078239.json,2026-09-15
PBI,0000078814,PITNEY BOWES INC /DE/,3579,"Office Machines, NEC",operating,DE,,Information Technology,https://data.sec.gov/submissions/CIK0000078814.json,2026-09-15
BCO,0000078890,BRINKS CO,4731,Arrangement of  Transportation of  Freight & Cargo,operating,VA,PITTSTON CO,Industrials,https://data.sec.gov/submissions/CIK0000078890.json,2026-09-15
BRO,0000079282,"BROWN & BROWN, INC.",6411,"Insurance Agents, Brokers & Service",operating,FL,"BROWN & BROWN, INC; BROWN & BROWN INC; POE & BROWN INC",Financials,https://data.sec.gov/submissions/CIK0000079282.json,2026-09-15
PRD,0000079326,PRIMARY PDC INC,3861,Photographic Equipment & Supplies,operating,DE,POLAROID CORP,Health Care,https://data.sec.gov/submissions/CIK0000079326.json,2026-09-15
PCH,0000079716,POTLATCH CORP (OLD),2621,Paper Mills,operating,DE,POTLATCH CORP,Materials,https://data.sec.gov/submissions/CIK0000079716.json,2026-09-15
PPG,0000079879,PPG INDUSTRIES INC,2851,"Paints, Varnishes, Lacquers, Enamels & Allied Prods",operating,PA,,Materials,https://data.sec.gov/submissions/CIK0000079879.json,2026-09-15
PCP,0000079958,PRECISION CASTPARTS CORP,3320,Iron & Steel Foundries,operating,OR,,Materials,https://data.sec.gov/submissions/CIK0000079958.json,2026-09-15
PG,0000080424,PROCTER & GAMBLE Co,2840,"Soap, Detergents, Cleang Preparations, Perfumes, Cosmetics",operating,OH,,Consumer Staples,https://data.sec.gov/submissions/CIK0000080424.json,2026-09-15
PGR,0000080661,PROGRESSIVE CORP/OH/,6331,"Fire, Marine & Casualty Insurance",operating,OH,,Financials,https://data.sec.gov/submissions/CIK0000080661.json,2026-09-15
RAD,0000084129,"NEW RITE AID, LLC",5912,Retail-Drug Stores and Proprietary Stores,operating,DE,RITE AID CORP,Consumer Staples,https://data.sec.gov/submissions/CIK0000084129.json,2026-09-15
ROH,0000084792,ROHM & HAAS CO,2821,"Plastic Materials, Synth Resins & Nonvulcan Elastomers",operating,DE,,Materials,https://data.sec.gov/submissions/CIK0000084792.json,2026-09-15
ROL,0000084839,ROLLINS INC,7340,Services-To Dwellings & Other Buildings,operating,DE,,Industrials,https://data.sec.gov/submissions/CIK0000084839.json,2026-09-15
RDC,0000085408,ROWAN COMPANIES PLC,1381,Drilling Oil & Gas Wells,operating,X0,ROWAN COMPANIES INC,Energy,https://data.sec.gov/submissions/CIK0000085408.json,2026-09-15
RML,0000085812,RUSSELL CORP,2253,Knit Outerwear Mills,operating,AL,,Consumer Discretionary,https://data.sec.gov/submissions/CIK0000085812.json,2026-09-15
R,0000085961,RYDER SYSTEM INC,7510,Services-Auto Rental & Leasing (No Drivers),operating,FL,,Consumer Discretionary,https://data.sec.gov/submissions/CIK0000085961.json,2026-09-15
SAF,0000086104,SAFECO CORP,6331,"Fire, Marine & Casualty Insurance",operating,WA,,Financials,https://data.sec.gov/submissions/CIK0000086104.json,2026-09-15
SWY,0000086144,SAFEWAY INC,5411,Retail-Grocery Stores,operating,DE,,Consumer Staples,https://data.sec.gov/submissions/CIK0000086144.json,2026-09-15
TRV,0000086312,"TRAVELERS COMPANIES, INC.",6331,"Fire, Marine & Casualty Insurance",operating,MN,ST PAUL TRAVELERS COMPANIES INC; ST PAUL COMPANIES INC /MN/; ST PAUL FIRE & MARINE INSURANCE CO/MD,Financials,https://data.sec.gov/submissions/CIK0000086312.json,2026-09-15
SLB,0000087347,SLB LIMITED/NV,1389,"Oil & Gas Field Services, NEC",operating,P8,SCHLUMBERGER LIMITED/NV; SCHLUMBERGER LTD /NV/; SCHLUMBERGER LTD /NY/,Energy,https://data.sec.gov/submissions/CIK0000087347.json,2026-09-15
SFA,0000087777,SCIENTIFIC ATLANTA INC,3663,Radio & Tv Broadcasting & Communications Equipment,operating,GA,,Information Technology,https://data.sec.gov/submissions/CIK0000087777.json,2026-09-15
SCI,0000089089,SERVICE CORP INTERNATIONAL,7200,Services-Personal Services,operating,TX,SERVICE CORPORATION INTERNATIONAL,Consumer Discretionary,https://data.sec.gov/submissions/CIK0000089089.json,2026-09-15
SHW,0000089800,SHERWIN WILLIAMS CO,5200,"Retail-Building Materials, Hardware, Garden Supply",operating,OH,,Materials,https://data.sec.gov/submissions/CIK0000089800.json,2026-09-15
SIAL,0000090185,SIGMA ALDRICH CORP,5160,Wholesale-Chemicals & Allied Products,operating,DE,,Industrials,https://data.sec.gov/submissions/CIK0000090185.json,2026-09-15
AOS,0000091142,SMITH A O CORP,3630,Household Appliances,operating,DE,,Industrials,https://data.sec.gov/submissions/CIK0000091142.json,2026-09-15
SJM,0000091419,J M SMUCKER Co,2033,"Canned, Fruits, Veg, Preserves, Jams & Jellies",operating,OH,SMUCKER J M CO,Consumer Staples,https://data.sec.gov/submissions/CIK0000091419.json,2026-09-15
SNA,0000091440,Snap-on Inc,3420,"Cutlery, Handtools & General Hardware",operating,DE,SNAP ON INC; SNAP ON TOOLS CORP,Industrials,https://data.sec.gov/submissions/CIK0000091440.json,2026-09-15
KEY,0000091576,KEYCORP /NEW/,6021,National Commercial Banks,operating,OH,KEYCORP/NEW; SOCIETY CORP,Financials,https://data.sec.gov/submissions/CIK0000091576.json,2026-09-15
SO,0000092122,SOUTHERN CO,4911,Electric Services,operating,DE,SOUTHERN CO,Utilities,https://data.sec.gov/submissions/CIK0000092122.json,2026-09-15
TFC,0000092230,TRUIST FINANCIAL CORP,6021,National Commercial Banks,operating,NC,BB&T CORP; SOUTHERN NATIONAL CORP /NC/,Financials,https://data.sec.gov/submissions/CIK0000092230.json,2026-09-15
LUV,0000092380,SOUTHWEST AIRLINES CO,4512,"Air Transportation, Scheduled",operating,TX,,Industrials,https://data.sec.gov/submissions/CIK0000092380.json,2026-09-15
SMI,0000093102,SPRINGS INDUSTRIES INC,2211,"Broadwoven Fabric Mills, Cotton",operating,SC,,Consumer Discretionary,https://data.sec.gov/submissions/CIK0000093102.json,2026-09-15
CVX,0000093410,CHEVRON CORP,2911,Petroleum Refining,operating,DE,CHEVRONTEXACO CORP,Energy,https://data.sec.gov/submissions/CIK0000093410.json,2026-09-15
SWK,0000093556,"STANLEY BLACK & DECKER, INC.",3420,"Cutlery, Handtools & General Hardware",operating,CT,STANLEY WORKS,Industrials,https://data.sec.gov/submissions/CIK0000093556.json,2026-09-15
STT,0000093751,STATE STREET CORP,6022,State Commercial Banks,operating,MA,STATE STREET CORP; STATE STREET Corp; STATE STREET BOSTON CORP,Financials,https://data.sec.gov/submissions/CIK0000093751.json,2026-09-15
SVU,0000095521,SUPERVALU INC,5141,"Wholesale-Groceries, General Line",operating,DE,,Consumer Staples,https://data.sec.gov/submissions/CIK0000095521.json,2026-09-15
SYY,0000096021,SYSCO CORP,5140,Wholesale-Groceries & Related Products,operating,DE,,Consumer Staples,https://data.sec.gov/submissions/CIK0000096021.json,2026-09-15
JEF,0000096223,Jefferies Financial Group Inc.,6211,"Security Brokers, Dealers & Flotation Companies",operating,NY,Jefferies Financial Group Inc.; LEUCADIA NATIONAL CORP,Financials,https://data.sec.gov/submissions/CIK0000096223.json,2026-09-15
RSHCQ,0000096289,RS Legacy Corp,5731,"Retail-Radio, Tv & Consumer Electronics Stores",operating,DE,RADIOSHACK CORP; TANDY CORP /DE/,Consumer Discretionary,https://data.sec.gov/submissions/CIK0000096289.json,2026-09-15
TEK,0000096879,TEKTRONIX INC,3825,Instruments For Meas & Testing of  Electricity & Elec Signals,operating,OR,,Information Technology,https://data.sec.gov/submissions/CIK0000096879.json,2026-09-15
TFX,0000096943,TELEFLEX INC,3841,Surgical & Medical Instruments & Apparatus,operating,DE,,Health Care,https://data.sec.gov/submissions/CIK0000096943.json,2026-09-15
TER,0000097210,"TERADYNE, INC",3825,Instruments For Meas & Testing of  Electricity & Elec Signals,operating,MA,TERADYNE INC,Information Technology,https://data.sec.gov/submissions/CIK0000097210.json,2026-09-15
TEX,0000097216,TEREX CORP,3537,"Industrial Trucks, Tractors, Trailors & Stackers",operating,DE,,Industrials,https://data.sec.gov/submissions/CIK0000097216.json,2026-09-15
TXN,0000097476,TEXAS INSTRUMENTS INC,3674,Semiconductors & Related Devices,operating,DE,,Information Technology,https://data.sec.gov/submissions/CIK0000097476.json,2026-09-15
TMO,0000097745,THERMO FISHER SCIENTIFIC INC.,3829,"Measuring & Controlling Devices, NEC",operating,DE,THERMO ELECTRON CORP,Health Care,https://data.sec.gov/submissions/CIK0000097745.json,2026-09-15
TNB,0000097854,THOMAS & BETTS CORP,3640,Electric Lighting & Wiring Equipment,operating,TN,,Information Technology,https://data.sec.gov/submissions/CIK0000097854.json,2026-09-15
TIF,0000098246,TIFFANY & CO,5944,Retail-Jewelry Stores,operating,DE,,Consumer Discretionary,https://data.sec.gov/submissions/CIK0000098246.json,2026-09-15
TKR,0000098362,TIMKEN CO,3562,Ball & Roller Bearings,operating,OH,,Industrials,https://data.sec.gov/submissions/CIK0000098362.json,2026-09-15
TRW,0000100030,NORTHROP GRUMMAN SPACE & MISSION SYSTEMS CORP,3714,Motor Vehicle Parts & Accessories,operating,OH,TRW INC,Consumer Discretionary,https://data.sec.gov/submissions/CIK0000100030.json,2026-09-15
TSN,0000100493,"TYSON FOODS, INC.",2015,Poultry Slaughtering and Processing,operating,DE,TYSON FOODS INC,Consumer Staples,https://data.sec.gov/submissions/CIK0000100493.json,2026-09-15
UAWGQ,0000100517,"United Airlines Holdings, Inc.",4512,"Air Transportation, Scheduled",operating,DE,"United Continental Holdings, Inc.; UAL CORP /DE/",Industrials,https://data.sec.gov/submissions/CIK0000100517.json,2026-09-15
UNP,0000100885,UNION PACIFIC CORP,4011,"Railroads, Line-Haul Operating",operating,UT,,Industrials,https://data.sec.gov/submissions/CIK0000100885.json,2026-09-15
MRO,0000101778,MARATHON OIL CORP,1311,Crude Petroleum & Natural Gas,operating,DE,USX CORP,Energy,https://data.sec.gov/submissions/CIK0000101778.json,2026-09-15
UTX,0000101829,RTX Corp,3724,Aircraft Engines & Engine Parts,operating,DE,RAYTHEON TECHNOLOGIES CORP; UNITED TECHNOLOGIES CORP /DE/,Industrials,https://data.sec.gov/submissions/CIK0000101829.json,2026-09-15
PCS,0000101830,SPRINT LLC,4813,Telephone Communications (No Radiotelephone),operating,,SPRINT CORP; SPRINT Corp; SPRINT NEXTEL CORP,Communication Services,https://data.sec.gov/submissions/CIK0000101830.json,2026-09-15
VFC,0000103379,V F CORP,2320,"Men's & Boys' Furnishgs, Work Clothg, & Allied Garments",operating,PA,V F CORP/NC; V F CORP /PA/,Consumer Discretionary,https://data.sec.gov/submissions/CIK0000103379.json,2026-09-15
WMT,0000104169,Walmart Inc.,5331,Retail-Variety Stores,operating,DE,Walmart Inc.; WAL MART STORES INC,Consumer Staples,https://data.sec.gov/submissions/CIK0000104169.json,2026-09-15
WBA,0000104207,WALGREEN CO,5912,Retail-Drug Stores and Proprietary Stores,operating,IL,,Consumer Staples,https://data.sec.gov/submissions/CIK0000104207.json,2026-09-15
CCTYQ,0000104599,CIRCUIT CITY STORES INC,5731,"Retail-Radio, Tv & Consumer Electronics Stores",operating,VA,,Consumer Discretionary,https://data.sec.gov/submissions/CIK0000104599.json,2026-09-15
GHC,0000104889,Graham Holdings Co,8200,Services-Educational Services,operating,DE,WASHINGTON POST CO,Consumer Discretionary,https://data.sec.gov/submissions/CIK0000104889.json,2026-09-15
EME,0000105634,"EMCOR Group, Inc.",1731,Electrical Work,operating,DE,EMCOR GROUP INC; JWP INC/DE/,Industrials,https://data.sec.gov/submissions/CIK0000105634.json,2026-09-15
WST,0000105770,WEST PHARMACEUTICAL SERVICES INC,3841,Surgical & Medical Instruments & Apparatus,operating,PA,WEST CO INC,Health Care,https://data.sec.gov/submissions/CIK0000105770.json,2026-09-15
WDC,0000106040,WESTERN DIGITAL CORP,3572,Computer Storage Devices,operating,DE,,Information Technology,https://data.sec.gov/submissions/CIK0000106040.json,2026-09-15
WY,0000106535,WEYERHAEUSER CO,6798,Real Estate Investment Trusts,operating,WA,,Real Estate,https://data.sec.gov/submissions/CIK0000106535.json,2026-09-15
WHR,0000106640,WHIRLPOOL CORP /DE/,3630,Household Appliances,operating,DE,,Consumer Discretionary,https://data.sec.gov/submissions/CIK0000106640.json,2026-09-15
WLL,0000107189,WILLAMETTE INDUSTRIES INC,2621,Paper Mills,operating,OR,,Materials,https://data.sec.gov/submissions/CIK0000107189.json,2026-09-15
WMB,0000107263,"WILLIAMS COMPANIES, INC.",4922,Natural Gas Transmission,operating,DE,WILLIAMS COMPANIES INC,Energy,https://data.sec.gov/submissions/CIK0000107263.json,2026-09-15
WNDXQ,0000107681,WINN DIXIE STORES INC,5411,Retail-Grocery Stores,operating,FL,,Consumer Staples,https://data.sec.gov/submissions/CIK0000107681.json,2026-09-15
WOR,0000108516,"WORTHINGTON ENTERPRISES, INC.",3310,"Steel Works, Blast Furnaces & Rolling & Finishing Mills",operating,OH,WORTHINGTON INDUSTRIES INC,Materials,https://data.sec.gov/submissions/CIK0000108516.json,2026-09-15
WWY,0000108601,WRIGLEY WM JR CO,2060,Sugar & Confectionery Products,operating,DE,WRIGLEY WILLIAM JR CO,Consumer Staples,https://data.sec.gov/submissions/CIK0000108601.json,2026-09-15
TJX,0000109198,TJX COMPANIES INC /DE/,5651,Retail-Family Clothing Stores,operating,DE,TJX COMPANIES INC /DE/,Consumer Discretionary,https://data.sec.gov/submissions/CIK0000109198.json,2026-09-15
ZION,0000109380,"ZIONS BANCORPORATION, NATIONAL ASSOCIATION /UT/",6021,National Commercial Banks,operating,UT,ZIONS BANCORPORATION /UT/,Financials,https://data.sec.gov/submissions/CIK0000109380.json,2026-09-15
AIT,0000109563,APPLIED INDUSTRIAL TECHNOLOGIES INC,5080,"Wholesale-Machinery, Equipment & Supplies",operating,OH,BEARINGS INC /OH/,Industrials,https://data.sec.gov/submissions/CIK0000109563.json,2026-09-15
CEN,0000109758,ARBITRON INC,8700,"Services-Engineering, Accounting, Research, Management",operating,DE,CERIDIAN CORP,Industrials,https://data.sec.gov/submissions/CIK0000109758.json,2026-09-15
JNJ,0000200406,JOHNSON & JOHNSON,2834,Pharmaceutical Preparations,operating,NJ,JOHNSON & JOHNSON ET AL,Health Care,https://data.sec.gov/submissions/CIK0000200406.json,2026-09-15
LHX,0000202058,"L3HARRIS TECHNOLOGIES, INC. /DE/",3812,"Search, Detection, Navigation, Guidance, Aeronautical Sys",operating,DE,HARRIS CORP /DE/,Industrials,https://data.sec.gov/submissions/CIK0000202058.json,2026-09-15
STJ,0000203077,"ST JUDE MEDICAL, LLC",3845,Electromedical & Electrotherapeutic Apparatus,operating,DE,ST JUDE MEDICAL INC,Health Care,https://data.sec.gov/submissions/CIK0000203077.json,2026-09-15
VAR,0000203527,VARIAN MEDICAL SYSTEMS INC,3845,Electromedical & Electrotherapeutic Apparatus,operating,DE,VARIAN ASSOCIATES INC /DE/,Health Care,https://data.sec.gov/submissions/CIK0000203527.json,2026-09-15
KRI,0000205520,KNIGHT RIDDER INC,2711,Newspapers: Publishing or  Publishing & Printing,operating,FL,,Communication Services,https://data.sec.gov/submissions/CIK0000205520.json,2026-09-15
ITT,0000216228,ITT INC.,3561,Pumps & Pumping Equipment,operating,,ITT CORP; ITT Corp; ITT INDUSTRIES INC,Industrials,https://data.sec.gov/submissions/CIK0000216228.json,2026-09-15
TXT,0000217346,TEXTRON INC,3720,Aircraft & Parts,operating,DE,,Industrials,https://data.sec.gov/submissions/CIK0000217346.json,2026-09-15
GWW,0000277135,"W.W. GRAINGER, INC.",5000,Wholesale-Durable Goods,operating,IL,GRAINGER W W INC,Industrials,https://data.sec.gov/submissions/CIK0000277135.json,2026-09-15
CSX,0000277948,CSX CORP,4011,"Railroads, Line-Haul Operating",operating,VA,,Industrials,https://data.sec.gov/submissions/CIK0000277948.json,2026-09-15
SBL,0000278352,SYMBOL TECHNOLOGIES INC,3577,"Computer Peripheral Equipment, NEC",operating,DE,,Information Technology,https://data.sec.gov/submissions/CIK0000278352.json,2026-09-15
MRK,0000310158,"Merck & Co., Inc.",2834,Pharmaceutical Preparations,operating,NJ,Merck & Co. Inc.; SCHERING PLOUGH CORP,Health Care,https://data.sec.gov/submissions/CIK0000310158.json,2026-09-15
FNMA,0000310522,FEDERAL NATIONAL MORTGAGE ASSOCIATION FANNIE MAE,6111,Federal & Federally-Sponsored Credit Agencies,operating,,FEDERAL NATIONAL MORTGAGE ASSOCIATION,Financials,https://data.sec.gov/submissions/CIK0000310522.json,2026-09-15
SYK,0000310764,STRYKER CORP,3841,Surgical & Medical Instruments & Apparatus,operating,MI,,Health Care,https://data.sec.gov/submissions/CIK0000310764.json,2026-09-15
GRN,0000312070,BARCLAYS BANK PLC,6029,"Commercial Banks, NEC",other,X0,BARCLAYS BANK PLC; BARCLAYS BANK PLC /ENG/,Financials,https://data.sec.gov/submissions/CIK0000312070.json,2026-09-15
DHR,0000313616,DANAHER CORP /DE/,3823,"Industrial Instruments For Measurement, Display, and Control",operating,DE,,Health Care,https://data.sec.gov/submissions/CIK0000313616.json,2026-09-15
CHD,0000313927,CHURCH & DWIGHT CO INC /DE/,2840,"Soap, Detergents, Cleang Preparations, Perfumes, Cosmetics",operating,DE,,Consumer Staples,https://data.sec.gov/submissions/CIK0000313927.json,2026-09-15
ESV,0000314808,Valaris Ltd,1381,Drilling Oil & Gas Wells,operating,,Valaris plc; Ensco Rowan plc; Ensco plc; Ensco International plc; ENSCO INTERNATIONAL INC; ENERGY SERVICE COMPANY INC,Energy,https://data.sec.gov/submissions/CIK0000314808.json,2026-09-15
DE,0000315189,DEERE & CO,3523,Farm Machinery & Equipment,operating,DE,,Industrials,https://data.sec.gov/submissions/CIK0000315189.json,2026-09-15
RHI,0000315213,ROBERT HALF INC.,7363,Services-Help Supply Services,operating,DE,ROBERT HALF INTERNATIONAL INC.; HALF ROBERT INTERNATIONAL INC /DE/,Industrials,https://data.sec.gov/submissions/CIK0000315213.json,2026-09-15
AON,0000315293,Aon plc,6411,"Insurance Agents, Brokers & Service",operating,L2,AON CORP,Financials,https://data.sec.gov/submissions/CIK0000315293.json,2026-09-15
RRC,0000315852,RANGE RESOURCES CORP,1311,Crude Petroleum & Natural Gas,operating,DE,LOMAK PETROLEUM INC,Energy,https://data.sec.gov/submissions/CIK0000315852.json,2026-09-15
HOT,0000316206,"STARWOOD HOTELS & RESORTS WORLDWIDE, LLC",7011,Hotels & Motels,operating,MD,"STARWOOD HOTEL & RESORTS WORLDWIDE, INC; STARWOOD HOTEL & RESORTS WORLDWIDE INC; STARWOOD LODGING CORP; HOTEL INVESTORS CORP",Consumer Discretionary,https://data.sec.gov/submissions/CIK0000316206.json,2026-09-15
SCHW,0000316709,SCHWAB CHARLES CORP,6211,"Security Brokers, Dealers & Flotation Companies",operating,DE,,Financials,https://data.sec.gov/submissions/CIK0000316709.json,2026-09-15
ANDW,0000317093,ANDREW CORP,3357,Drawing & Insulating of  Nonferrous Wire,operating,DE,,Materials,https://data.sec.gov/submissions/CIK0000317093.json,2026-09-15
TLAB,0000317771,TELLABS INC,3661,Telephone & Telegraph Apparatus,operating,DE,,Information Technology,https://data.sec.gov/submissions/CIK0000317771.json,2026-09-15
AMGN,0000318154,AMGEN INC,2836,"Biological Products, (No Diagnostic Substances)",operating,DE,,Health Care,https://data.sec.gov/submissions/CIK0000318154.json,2026-09-15
KLAC,0000319201,KLA CORP,3827,Optical Instruments & Lenses,operating,DE,KLA TENCOR CORP; KLA INSTRUMENTS CORP,Information Technology,https://data.sec.gov/submissions/CIK0000319201.json,2026-09-15
NKE,0000320187,"NIKE, Inc.",3021,Rubber & Plastics Footwear,operating,OR,NIKE INC,Consumer Discretionary,https://data.sec.gov/submissions/CIK0000320187.json,2026-09-15
AAPL,0000320193,Apple Inc.,3571,Electronic Computers,operating,CA,APPLE INC; APPLE COMPUTER INC; APPLE COMPUTER INC/ FA,Information Technology,https://data.sec.gov/submissions/CIK0000320193.json,2026-09-15
TMK,0000320335,GLOBE LIFE INC.,6311,Life Insurance,operating,DE,TORCHMARK CORP,Financials,https://data.sec.gov/submissions/CIK0000320335.json,2026-09-15
AN,0000350698,"AUTONATION, INC.",5500,Retail-Auto Dealers & Gasoline Stations,operating,DE,AUTONATION INC /FL; REPUBLIC INDUSTRIES INC; REPUBLIC WASTE INDUSTRIES INC,Consumer Discretionary,https://data.sec.gov/submissions/CIK0000350698.json,2026-09-15
BMET,0000351346,BIOMET INC,3842,"Orthopedic, Prosthetic & Surgical Appliances & Supplies",operating,IN,,Health Care,https://data.sec.gov/submissions/CIK0000351346.json,2026-09-15
KATE,0000352363,Kate Spade & Co,2330,"Women's, Misses':  and Juniors Outerwear",operating,DE,"Fifth & Pacific Companies, Inc.; CLAIBORNE LIZ INC",Consumer Discretionary,https://data.sec.gov/submissions/CIK0000352363.json,2026-09-15
NFB,0000352510,NORTH FORK BANCORPORATION INC,6022,State Commercial Banks,operating,DE,,Financials,https://data.sec.gov/submissions/CIK0000352510.json,2026-09-15
LNT,0000352541,ALLIANT ENERGY CORP,4931,Electric & Other Services Combined,operating,WI,ALLIANT ENERGY CORP; INTERSTATE ENERGY CORP; WPL HOLDINGS INC,Utilities,https://data.sec.gov/submissions/CIK0000352541.json,2026-09-15
UHS,0000352915,UNIVERSAL HEALTH SERVICES INC,8062,"Services-General Medical & Surgical Hospitals, NEC",operating,DE,,Health Care,https://data.sec.gov/submissions/CIK0000352915.json,2026-09-15
IGT,0000353944,INTERNATIONAL GAME TECHNOLOGY,3990,Miscellaneous Manufacturing Industries,operating,NV,,Consumer Discretionary,https://data.sec.gov/submissions/CIK0000353944.json,2026-09-15
AJG,0000354190,Arthur J. Gallagher & Co.,6411,"Insurance Agents, Brokers & Service",operating,DE,GALLAGHER ARTHUR J & CO,Financials,https://data.sec.gov/submissions/CIK0000354190.json,2026-09-15
FLIR,0000354908,"Teledyne FLIR, LLC",3812,"Search, Detection, Navigation, Guidance, Aeronautical Sys",operating,DE,FLIR SYSTEMS INC,Industrials,https://data.sec.gov/submissions/CIK0000354908.json,2026-09-15
HD,0000354950,"HOME DEPOT, INC.",5211,Retail-Lumber & Other Building Materials Dealers,operating,DE,HOME DEPOT INC,Consumer Discretionary,https://data.sec.gov/submissions/CIK0000354950.json,2026-09-15
HI,0000354964,HSBC Finance Corp,6141,Personal Credit Institutions,operating,DE,HOUSEHOLD INTERNATIONAL INC,Financials,https://data.sec.gov/submissions/CIK0000354964.json,2026-09-15
CA,0000356028,"CA, INC.",7372,Services-Prepackaged Software,operating,DE,COMPUTER ASSOCIATES INTERNATIONAL INC,Information Technology,https://data.sec.gov/submissions/CIK0000356028.json,2026-09-15
BBWI,0000701985,"Bath & Body Works, Inc.",5990,"Retail-Retail Stores, NEC",operating,DE,"L Brands, Inc.; LIMITED BRANDS INC; LIMITED INC",Consumer Discretionary,https://data.sec.gov/submissions/CIK0000701985.json,2026-09-15
NSC,0000702165,NORFOLK SOUTHERN CORP,4011,"Railroads, Line-Haul Operating",operating,VA,,Industrials,https://data.sec.gov/submissions/CIK0000702165.json,2026-09-15
LSI,0000703360,LSI CORP,3674,Semiconductors & Related Devices,operating,DE,LSI LOGIC CORP,Information Technology,https://data.sec.gov/submissions/CIK0000703360.json,2026-09-15
LM,0000704051,"LEGG MASON, INC.",6282,Investment Advice,operating,MD,LEGG MASON INC,Financials,https://data.sec.gov/submissions/CIK0000704051.json,2026-09-15
CHIR,0000706539,CHIRON CORP,2834,Pharmaceutical Preparations,operating,DE,,Health Care,https://data.sec.gov/submissions/CIK0000706539.json,2026-09-15
LRCX,0000707549,LAM RESEARCH CORP,3559,"Special Industry Machinery, NEC",operating,DE,,Information Technology,https://data.sec.gov/submissions/CIK0000707549.json,2026-09-15
MDR,0000708819,MCDERMOTT INTERNATIONAL INC,3443,Fabricated Plate Work (Boiler Shops),operating,R1,,Industrials,https://data.sec.gov/submissions/CIK0000708819.json,2026-09-15
JAVA,0000709519,"SUN MICROSYSTEMS, INC.",3571,Electronic Computers,operating,DE,SUN MICROSYSTEMS INC,Information Technology,https://data.sec.gov/submissions/CIK0000709519.json,2026-09-15
SXCL,0000709804,Steel Excel Inc.,1389,"Oil & Gas Field Services, NEC",operating,DE,ADPT Corp; ADAPTEC INC,Energy,https://data.sec.gov/submissions/CIK0000709804.json,2026-09-15
AMCC,0000711065,APPLIED MICRO CIRCUITS CORP,3674,Semiconductors & Related Devices,operating,DE,,Information Technology,https://data.sec.gov/submissions/CIK0000711065.json,2026-09-15
COO,0000711404,"COOPER COMPANIES, INC.",3851,Ophthalmic Goods,operating,DE,COOPER COMPANIES INC,Health Care,https://data.sec.gov/submissions/CIK0000711404.json,2026-09-15
EA,0000712515,ELECTRONIC ARTS INC.,7372,Services-Prepackaged Software,operating,DE,ELECTRONIC ARTS INC,Communication Services,https://data.sec.gov/submissions/CIK0000712515.json,2026-09-15
PNC,0000713676,"PNC FINANCIAL SERVICES GROUP, INC.",6021,National Commercial Banks,operating,PA,PNC FINANCIAL SERVICES GROUP INC; PNC BANK CORP,Financials,https://data.sec.gov/submissions/CIK0000713676.json,2026-09-15
CPQ,0000714154,COMPAQ COMPUTER CORP,3570,Computer & office Equipment,operating,DE,,Information Technology,https://data.sec.gov/submissions/CIK0000714154.json,2026-09-15
BGEN,0000714655,BIOGEN IDEC MA INC,2836,"Biological Products, (No Diagnostic Substances)",operating,MA,BIOGEN INC,Health Care,https://data.sec.gov/submissions/CIK0000714655.json,2026-09-15
CBH,0000715096,COMMERCE BANCORP INC /NJ/,6021,National Commercial Banks,operating,NJ,,Financials,https://data.sec.gov/submissions/CIK0000715096.json,2026-09-15
D,0000715957,"DOMINION ENERGY, INC",4911,Electric Services,operating,VA,DOMINION ENERGY INC /VA/; DOMINION RESOURCES INC /VA/,Utilities,https://data.sec.gov/submissions/CIK0000715957.json,2026-09-15
MZIAQ,0000716823,MI 2009 Inc.,3559,"Special Industry Machinery, NEC",operating,DE,MILACRON INC; CINCINNATI MILACRON INC /DE/,Industrials,https://data.sec.gov/submissions/CIK0000716823.json,2026-09-15
MUR,0000717423,MURPHY OIL CORP,1311,Crude Petroleum & Natural Gas,operating,DE,MURPHY OIL CORP /DE,Energy,https://data.sec.gov/submissions/CIK0000717423.json,2026-09-15
ATVI,0000718877,"Activision Blizzard, Inc.",7372,Services-Prepackaged Software,operating,DE,ACTIVISION INC /NY,Information Technology,https://data.sec.gov/submissions/CIK0000718877.json,2026-09-15
IMNX,0000719529,IMMUNEX CORP /DE/,2836,"Biological Products, (No Diagnostic Substances)",operating,WA,,Health Care,https://data.sec.gov/submissions/CIK0000719529.json,2026-09-15
SIVB,0000719739,SVB FINANCIAL GROUP,6022,State Commercial Banks,operating,DE,SILICON VALLEY BANCSHARES,Financials,https://data.sec.gov/submissions/CIK0000719739.json,2026-09-15
WSM,0000719955,WILLIAMS SONOMA INC,5700,"Retail-Home Furniture, Furnishings & Equipment Stores",operating,DE,,Consumer Discretionary,https://data.sec.gov/submissions/CIK0000719955.json,2026-09-15
RJF,0000720005,RAYMOND JAMES FINANCIAL INC,6211,"Security Brokers, Dealers & Flotation Companies",operating,FL,,Financials,https://data.sec.gov/submissions/CIK0000720005.json,2026-09-15
SII,0000721083,SMITH INTERNATIONAL INC,3533,Oil & Gas Field Machinery & Equipment,operating,DE,,Industrials,https://data.sec.gov/submissions/CIK0000721083.json,2026-09-15
CAH,0000721371,CARDINAL HEALTH INC,5122,"Wholesale-Drugs, Proprietaries & Druggists' Sundries",operating,OH,CARDINAL HEALTH INC; CARDINAL DISTRIBUTION INC,Health Care,https://data.sec.gov/submissions/CIK0000721371.json,2026-09-15
TSS,0000721683,TOTAL SYSTEM SERVICES INC,7389,"Services-Business Services, NEC",operating,GA,,Industrials,https://data.sec.gov/submissions/CIK0000721683.json,2026-09-15
RATL,0000722056,RATIONAL SOFTWARE CORP,7372,Services-Prepackaged Software,operating,DE,,Information Technology,https://data.sec.gov/submissions/CIK0000722056.json,2026-09-15
MU,0000723125,MICRON TECHNOLOGY INC,3674,Semiconductors & Related Devices,operating,DE,,Information Technology,https://data.sec.gov/submissions/CIK0000723125.json,2026-09-15
CTAS,0000723254,CINTAS CORP,2320,"Men's & Boys' Furnishgs, Work Clothg, & Allied Garments",operating,WA,,Industrials,https://data.sec.gov/submissions/CIK0000723254.json,2026-09-15
WCOEQ,0000723527,MCI INC,4813,Telephone Communications (No Radiotelephone),operating,DE,WORLDCOM INC; WORLDCOM INC/GA//; MCI WORLDCOM INC; WORLDCOM INC /GA/; WORLDCOM INC /MS/; LDDS COMMUNICATIONS INC /GA/,Communication Services,https://data.sec.gov/submissions/CIK0000723527.json,2026-09-15
PAYX,0000723531,PAYCHEX INC,8700,"Services-Engineering, Accounting, Research, Management",operating,DE,,Industrials,https://data.sec.gov/submissions/CIK0000723531.json,2026-09-15
CAR,0000723612,"AVIS BUDGET GROUP, INC.",7510,Services-Auto Rental & Leasing (No Drivers),operating,DE,CENDANT CORP; CUC INTERNATIONAL INC /DE/,Consumer Discretionary,https://data.sec.gov/submissions/CIK0000723612.json,2026-09-15
TRB,0000726513,TRIBUNE MEDIA CO,4833,Television Broadcasting Stations,operating,DE,TRIBUNE CO,Communication Services,https://data.sec.gov/submissions/CIK0000726513.json,2026-09-15
O,0000726728,REALTY INCOME CORP,6798,Real Estate Investment Trusts,operating,MD,,Real Estate,https://data.sec.gov/submissions/CIK0000726728.json,2026-09-15
CASY,0000726958,CASEYS GENERAL STORES INC,5500,Retail-Auto Dealers & Gasoline Stations,operating,IA,,Consumer Staples,https://data.sec.gov/submissions/CIK0000726958.json,2026-09-15
JBHT,0000728535,HUNT J B TRANSPORT SERVICES INC,4213,Trucking (No Local),operating,AR,,Industrials,https://data.sec.gov/submissions/CIK0000728535.json,2026-09-15
ATGE,0000730464,Covista Inc.,8200,Services-Educational Services,operating,DE,Adtalem Global Education Inc.; Adtalem Global Education; DEVRY EDUCATION GROUP INC.; DEVRY EDUCATION GROUP; DEVRY INC,Consumer Discretionary,https://data.sec.gov/submissions/CIK0000730464.json,2026-09-15
UNH,0000731766,UNITEDHEALTH GROUP INC,6324,Hospital & Medical Service Plans,operating,DE,UNITED HEALTHCARE CORP,Health Care,https://data.sec.gov/submissions/CIK0000731766.json,2026-09-15
ATO,0000731802,ATMOS ENERGY CORP,4924,Natural Gas Distribution,operating,TX,,Utilities,https://data.sec.gov/submissions/CIK0000731802.json,2026-09-15
TIN,0000731939,TEMPLE INLAND INC,2631,Paperboard Mills,operating,DE,,Materials,https://data.sec.gov/submissions/CIK0000731939.json,2026-09-15
GENZ,0000732485,GENZYME CORP,2836,"Biological Products, (No Diagnostic Substances)",operating,MA,,Health Care,https://data.sec.gov/submissions/CIK0000732485.json,2026-09-15
VZ,0000732712,VERIZON COMMUNICATIONS INC,4813,Telephone Communications (No Radiotelephone),operating,DE,BELL ATLANTIC CORP,Communication Services,https://data.sec.gov/submissions/CIK0000732712.json,2026-09-15
BLS,0000732713,BELLSOUTH CORP,4813,Telephone Communications (No Radiotelephone),operating,GA,,Communication Services,https://data.sec.gov/submissions/CIK0000732713.json,2026-09-15
T,0000732717,AT&T INC.,4813,Telephone Communications (No Radiotelephone),operating,DE,SBC COMMUNICATIONS INC; SOUTHWESTERN BELL CORP,Communication Services,https://data.sec.gov/submissions/CIK0000732717.json,2026-09-15
JHF,0000736260,HANCOCK JOHN FINANCIAL SERVICES INC,6311,Life Insurance,operating,,,Financials,https://data.sec.gov/submissions/CIK0000736260.json,2026-09-15
COMS,0000738076,3COM CORP,3576,Computer Communications Equipment,operating,DE,,Information Technology,https://data.sec.gov/submissions/CIK0000738076.json,2026-09-15
VTR,0000740260,"Ventas, Inc.",6798,Real Estate Investment Trusts,operating,DE,VENTAS INC; VENCOR INC,Real Estate,https://data.sec.gov/submissions/CIK0000740260.json,2026-09-15
MXIM,0000743316,MAXIM INTEGRATED PRODUCTS INC,3674,Semiconductors & Related Devices,operating,DE,,Information Technology,https://data.sec.gov/submissions/CIK0000743316.json,2026-09-15
HM,0000743872,HOMESTAKE MINING CO /DE/,1040,Gold and Silver Ores,operating,DE,,Materials,https://data.sec.gov/submissions/CIK0000743872.json,2026-09-15
XLNX,0000743988,XILINX INC,3674,Semiconductors & Related Devices,operating,DE,"XILINX, INCORPORATED",Information Technology,https://data.sec.gov/submissions/CIK0000743988.json,2026-09-15
ROST,0000745732,"ROSS STORES, INC.",5651,Retail-Family Clothing Stores,operating,DE,ROSS STORES INC,Consumer Discretionary,https://data.sec.gov/submissions/CIK0000745732.json,2026-09-15
EXPD,0000746515,EXPEDITORS INTERNATIONAL OF WASHINGTON INC,4731,Arrangement of  Transportation of  Freight & Cargo,operating,WA,,Industrials,https://data.sec.gov/submissions/CIK0000746515.json,2026-09-15
UIS,0000746838,UNISYS CORP,7373,Services-Computer Integrated Systems Design,operating,DE,,Information Technology,https://data.sec.gov/submissions/CIK0000746838.json,2026-09-15
IT,0000749251,GARTNER INC,8741,Services-Management Services,operating,DE,GARTNER GROUP INC,Information Technology,https://data.sec.gov/submissions/CIK0000749251.json,2026-09-15
STR,0000751652,DOMINION QUESTAR CORP,4923,Natural Gas Transmisison & Distribution,operating,UT,QUESTAR CORP,Energy,https://data.sec.gov/submissions/CIK0000751652.json,2026-09-15
NEE,0000753308,NEXTERA ENERGY INC,4911,Electric Services,operating,FL,FPL GROUP INC,Utilities,https://data.sec.gov/submissions/CIK0000753308.json,2026-09-15
SCG,0000754737,SCANA CORP,4931,Electric & Other Services Combined,operating,SC,,Utilities,https://data.sec.gov/submissions/CIK0000754737.json,2026-09-15
NOVL,0000758004,NOVELL INC,7372,Services-Prepackaged Software,operating,DE,,Information Technology,https://data.sec.gov/submissions/CIK0000758004.json,2026-09-15
CFG,0000759944,CITIZENS FINANCIAL GROUP INC/RI,6022,State Commercial Banks,operating,DE,CITIZENS FINANCIAL GROUP INC/DE,Financials,https://data.sec.gov/submissions/CIK0000759944.json,2026-09-15
CLF,0000764065,CLEVELAND-CLIFFS INC.,1000,Metal Mining,operating,OH,CLIFFS NATURAL RESOURCES INC.; CLEVELAND CLIFFS INC,Materials,https://data.sec.gov/submissions/CIK0000764065.json,2026-09-15
MO,0000764180,"ALTRIA GROUP, INC.",2111,Cigarettes,operating,VA,ALTRIA GROUP INC; PHILIP MORRIS COMPANIES INC,Consumer Staples,https://data.sec.gov/submissions/CIK0000764180.json,2026-09-15
BBY,0000764478,BEST BUY CO INC,5731,"Retail-Radio, Tv & Consumer Electronics Stores",operating,MN,,Consumer Discretionary,https://data.sec.gov/submissions/CIK0000764478.json,2026-09-15
PNW,0000764622,PINNACLE WEST CAPITAL CORP,4911,Electric Services,operating,AZ,,Utilities,https://data.sec.gov/submissions/CIK0000764622.json,2026-09-15
LDG,0000764762,LONGS DRUG STORES CORP,5912,Retail-Drug Stores and Proprietary Stores,operating,MD,,Consumer Staples,https://data.sec.gov/submissions/CIK0000764762.json,2026-09-15
HCP,0000765880,"HEALTHPEAK PROPERTIES, INC.",6798,Real Estate Investment Trusts,operating,MD,"HCP, INC.; HEALTH CARE PROPERTY INVESTORS INC",Real Estate,https://data.sec.gov/submissions/CIK0000765880.json,2026-09-15
ALK,0000766421,"ALASKA AIR GROUP, INC.",4512,"Air Transportation, Scheduled",operating,DE,ALASKA AIR GROUP INC,Industrials,https://data.sec.gov/submissions/CIK0000766421.json,2026-09-15
WELL,0000766704,WELLTOWER INC.,6798,Real Estate Investment Trusts,operating,DE,HEALTH CARE REIT INC /DE/,Real Estate,https://data.sec.gov/submissions/CIK0000766704.json,2026-09-15
PMCS,0000767920,PMC SIERRA INC,3674,Semiconductors & Related Devices,operating,DE,SIERRA SEMICONDUCTOR CORP; SIERRA SEMICONDUCTOR CORPORATION,Information Technology,https://data.sec.gov/submissions/CIK0000767920.json,2026-09-15
ALTR,0000768251,ALTERA CORP,3674,Semiconductors & Related Devices,operating,DE,,Information Technology,https://data.sec.gov/submissions/CIK0000768251.json,2026-09-15
BIG,0000768835,FORMER BL STORES INC,5331,Retail-Variety Stores,operating,OH,BIG LOTS INC; CONSOLIDATED STORES CORP /DE/,Consumer Staples,https://data.sec.gov/submissions/CIK0000768835.json,2026-09-15
ADSK,0000769397,"Autodesk, Inc.",7372,Services-Prepackaged Software,operating,DE,AUTODESK INC,Information Technology,https://data.sec.gov/submissions/CIK0000769397.json,2026-09-15
RBK,0000770949,REEBOK INTERNATIONAL LTD,3021,Rubber & Plastics Footwear,operating,MA,,Consumer Discretionary,https://data.sec.gov/submissions/CIK0000770949.json,2026-09-15
FLTWQ,0000771298,FRUIT OF THE LOOM INC /DE/,2250,Knitting Mills,operating,DE,,Consumer Discretionary,https://data.sec.gov/submissions/CIK0000771298.json,2026-09-15
HON,0000773840,HONEYWELL INTERNATIONAL INC,3724,Aircraft Engines & Engine Parts,operating,DE,ALLIEDSIGNAL INC; ALLIED SIGNAL INC,Industrials,https://data.sec.gov/submissions/CIK0000773840.json,2026-09-15
APC,0000773910,ANADARKO PETROLEUM CORP,1311,Crude Petroleum & Natural Gas,operating,DE,,Energy,https://data.sec.gov/submissions/CIK0000773910.json,2026-09-15
BSC,0000777001,BEAR STEARNS COMPANIES INC,6211,"Security Brokers, Dealers & Flotation Companies",operating,DE,,Financials,https://data.sec.gov/submissions/CIK0000777001.json,2026-09-15
JKHY,0000779152,JACK HENRY & ASSOCIATES INC,7373,Services-Computer Integrated Systems Design,operating,DE,HENRY JACK & ASSOCIATES INC,Financials,https://data.sec.gov/submissions/CIK0000779152.json,2026-09-15
DRE,0000783280,DUKE REALTY CORP,6798,Real Estate Investment Trusts,operating,IN,DUKE WEEKS REALTY CORP; DUKE REALTY INVESTMENTS INC,Real Estate,https://data.sec.gov/submissions/CIK0000783280.json,2026-09-15
WEC,0000783325,"WEC ENERGY GROUP, INC.",4931,Electric & Other Services Combined,operating,WI,WISCONSIN ENERGY CORP,Utilities,https://data.sec.gov/submissions/CIK0000783325.json,2026-09-15
EHC,0000785161,Encompass Health Corp,8060,Services-Hospitals,operating,DE,HEALTHSOUTH CORP; HEALTHSOUTH REHABILITATION CORP,Health Care,https://data.sec.gov/submissions/CIK0000785161.json,2026-09-15
PEG,0000788784,PUBLIC SERVICE ENTERPRISE GROUP INC,4931,Electric & Other Services Combined,operating,NJ,,Utilities,https://data.sec.gov/submissions/CIK0000788784.json,2026-09-15
MSFT,0000789019,MICROSOFT CORP,7372,Services-Prepackaged Software,operating,WA,,Information Technology,https://data.sec.gov/submissions/CIK0000789019.json,2026-09-15
SDS,0000789388,SUNGARD DATA SYSTEMS INC,7374,Services-Computer Processing & Data Preparation,operating,DE,,Information Technology,https://data.sec.gov/submissions/CIK0000789388.json,2026-09-15
MGM,0000789570,MGM Resorts International,7011,Hotels & Motels,operating,DE,MGM MIRAGE; MGM GRAND INC,Consumer Discretionary,https://data.sec.gov/submissions/CIK0000789570.json,2026-09-15
NC,0000789933,NACCO INDUSTRIES INC,1221,Bituminous Coal & Lignite Surface Mining,operating,DE,,Energy,https://data.sec.gov/submissions/CIK0000789933.json,2026-09-15
EMC,0000790070,EMC CORP,3572,Computer Storage Devices,operating,MA,,Information Technology,https://data.sec.gov/submissions/CIK0000790070.json,2026-09-15
SPLS,0000791519,STAPLES INC,5940,Retail-Miscellaneous Shopping Goods Stores,operating,DE,,Consumer Discretionary,https://data.sec.gov/submissions/CIK0000791519.json,2026-09-15
LLTC,0000791907,LINEAR TECHNOLOGY CORP /CA/,3674,Semiconductors & Related Devices,operating,DE,,Information Technology,https://data.sec.gov/submissions/CIK0000791907.json,2026-09-15
HMA,0000792985,"HEALTH MANAGEMENT ASSOCIATES, INC",8062,"Services-General Medical & Surgical Hospitals, NEC",operating,DE,HEALTH MANAGEMENT ASSOCIATES INC; HEALTH MANAGEMENT ASSOCIATES,Health Care,https://data.sec.gov/submissions/CIK0000792985.json,2026-09-15
HOG,0000793952,"HARLEY-DAVIDSON, INC.",3751,"Motorcycles, Bicycles & Parts",operating,WI,HARLEY DAVIDSON INC,Consumer Discretionary,https://data.sec.gov/submissions/CIK0000793952.json,2026-09-15
LVLT,0000794323,"Level 3 Parent, LLC",4813,Telephone Communications (No Radiotelephone),operating,DE,LEVEL 3 COMMUNICATIONS INC; KIEWIT PETER SONS INC,Communication Services,https://data.sec.gov/submissions/CIK0000794323.json,2026-09-15
FD,0000794367,"Macy's, Inc.",5311,Retail-Department Stores,operating,DE,FEDERATED DEPARTMENT STORES INC /DE/,,https://data.sec.gov/submissions/CIK0000794367.json,2026-09-15
KBH,0000795266,KB HOME,1531,Operative Builders,operating,DE,KAUFMAN & BROAD HOME CORP,Consumer Discretionary,https://data.sec.gov/submissions/CIK0000795266.json,2026-09-15
ADBE,0000796343,ADOBE INC.,7372,Services-Prepackaged Software,operating,DE,ADOBE SYSTEMS INC,Information Technology,https://data.sec.gov/submissions/CIK0000796343.json,2026-09-15
OXY,0000797468,OCCIDENTAL PETROLEUM CORP /DE/,1311,Crude Petroleum & Natural Gas,operating,DE,,Energy,https://data.sec.gov/submissions/CIK0000797468.json,2026-09-15
FISV,0000798354,FISERV INC,7389,"Services-Business Services, NEC",operating,WI,,Financials,https://data.sec.gov/submissions/CIK0000798354.json,2026-09-15
CSR,0000798359,CENTERSPACE,6798,Real Estate Investment Trusts,operating,ND,INVESTORS REAL ESTATE TRUST,Real Estate,https://data.sec.gov/submissions/CIK0000798359.json,2026-09-15
ODP,0000800240,ODP Corp,5940,Retail-Miscellaneous Shopping Goods Stores,operating,DE,OFFICE DEPOT INC,Consumer Discretionary,https://data.sec.gov/submissions/CIK0000800240.json,2026-09-15
HAR,0000800459,HARMAN INTERNATIONAL INDUSTRIES INC /DE/,3651,Household Audio & Video Equipment,operating,DE,,Consumer Discretionary,https://data.sec.gov/submissions/CIK0000800459.json,2026-09-15
JOY,0000801898,JOY GLOBAL INC,3532,Mining Machinery & Equip (No Oil & Gas Field Mach & Equip),operating,DE,HARNISCHFEGER INDUSTRIES INC,Industrials,https://data.sec.gov/submissions/CIK0000801898.json,2026-09-15
SGID,0000802301,"Graphics Properties Holdings, Inc.",3571,Electronic Computers,operating,DE,SILICON GRAPHICS INC; SILICON GRAPHICS INC /CA/,Information Technology,https://data.sec.gov/submissions/CIK0000802301.json,2026-09-15
CMVT,0000803014,COMVERSE TECHNOLOGY INC/NY/,3661,Telephone & Telegraph Apparatus,operating,NY,,Information Technology,https://data.sec.gov/submissions/CIK0000803014.json,2026-09-15
ARG,0000804212,AIRGAS INC,5084,Wholesale-Industrial Machinery & Equipment,operating,DE,,Industrials,https://data.sec.gov/submissions/CIK0000804212.json,2026-09-15
QCOM,0000804328,QUALCOMM INC/DE,3663,Radio & Tv Broadcasting & Communications Equipment,operating,DE,,Information Technology,https://data.sec.gov/submissions/CIK0000804328.json,2026-09-15
CERN,0000804753,CERNER Corp,7373,Services-Computer Integrated Systems Design,operating,DE,CERNER CORP /MO/,Information Technology,https://data.sec.gov/submissions/CIK0000804753.json,2026-09-15
LEHMQ,0000806085,LEHMAN BROTHERS HOLDINGS INC. PLAN TRUST,6211,"Security Brokers, Dealers & Flotation Companies",operating,,LEHMAN BROTHERS HOLDINGS INC,Financials,https://data.sec.gov/submissions/CIK0000806085.json,2026-09-15
BHGE,0000808362,Baker Hughes Holdings LLC,3533,Oil & Gas Field Machinery & Equipment,operating,DE,BAKER HUGHES a GE Co LLC; BAKER HUGHES INC,Industrials,https://data.sec.gov/submissions/CIK0000808362.json,2026-09-15
CMS,0000811156,CMS ENERGY CORP,4931,Electric & Other Services Combined,operating,MI,,Utilities,https://data.sec.gov/submissions/CIK0000811156.json,2026-09-15
UST,0000811669,UST INC,2100,Tobacco Products,operating,DE,,Consumer Staples,https://data.sec.gov/submissions/CIK0000811669.json,2026-09-15
SOV,0000811830,"Santander Holdings USA, Inc.",6021,National Commercial Banks,operating,VA,SOVEREIGN BANCORP INC,Financials,https://data.sec.gov/submissions/CIK0000811830.json,2026-09-15
OI,0000812074,"O-I Glass, Inc. /DE/",3221,Glass Containers,operating,DE,OWENS ILLINOIS INC /DE/,Materials,https://data.sec.gov/submissions/CIK0000812074.json,2026-09-15
CDNS,0000813672,CADENCE DESIGN SYSTEMS INC,7372,Services-Prepackaged Software,operating,DE,,Information Technology,https://data.sec.gov/submissions/CIK0000813672.json,2026-09-15
VIAC,0000813828,Paramount Global,4833,Television Broadcasting Stations,operating,DE,ViacomCBS Inc.; CBS CORP; VIACOM INC,Communication Services,https://data.sec.gov/submissions/CIK0000813828.json,2026-09-15
NWL,0000814453,NEWELL BRANDS INC.,3089,"Plastics Products, NEC",operating,DE,"NEWELL BRANDS, INC.; NEWELL BRANDS INC; NEWELL RUBBERMAID INC; NEWELL CO",Materials,https://data.sec.gov/submissions/CIK0000814453.json,2026-09-15
FICO,0000814547,FAIR ISAAC CORP,7389,"Services-Business Services, NEC",operating,DE,FAIR ISAAC & COMPANY INC,Information Technology,https://data.sec.gov/submissions/CIK0000814547.json,2026-09-15
MBI,0000814585,MBIA INC,6351,Surety Insurance,operating,CT,,Financials,https://data.sec.gov/submissions/CIK0000814585.json,2026-09-15
ABMD,0000815094,ABIOMED INC,3841,Surgical & Medical Instruments & Apparatus,operating,DE,,Health Care,https://data.sec.gov/submissions/CIK0000815094.json,2026-09-15
CCL,0000815097,Carnival Corp Ltd.,4400,Water Transportation,operating,D0,CARNIVAL CORP; CARNIVAL CRUISE LINES INC,Consumer Discretionary,https://data.sec.gov/submissions/CIK0000815097.json,2026-09-15
FAST,0000815556,FASTENAL CO,5200,"Retail-Building Materials, Hardware, Garden Supply",operating,MN,FASTENAL COMPANY,Industrials,https://data.sec.gov/submissions/CIK0000815556.json,2026-09-15
CELG,0000816284,CELGENE CORP /DE/,2834,Pharmaceutical Preparations,operating,DE,,Health Care,https://data.sec.gov/submissions/CIK0000816284.json,2026-09-15
TDC,0000816761,TERADATA CORP /DE/,7372,Services-Prepackaged Software,operating,,TERADATA CORP /DE/,Information Technology,https://data.sec.gov/submissions/CIK0000816761.json,2026-09-15
ACAS,0000817473,"AMERICAN CAPITAL, LTD",,,operating,,AMERICAN CAPITAL STRATEGIES LTD,,https://data.sec.gov/submissions/CIK0000817473.json,2026-09-15
XRAY,0000818479,DENTSPLY SIRONA Inc.,3843,Dental Equipment & Supplies,operating,DE,DENTSPLY INTERNATIONAL INC /DE/,Health Care,https://data.sec.gov/submissions/CIK0000818479.json,2026-09-15
AMP,0000820027,AMERIPRISE FINANCIAL INC,6282,Investment Advice,operating,DE,AMERICAN EXPRESS FINANCIAL CORP; AMERICAN EXPRESS FINANCIAL ADVISORS; IDS FINANCIAL CORP/MN/,Financials,https://data.sec.gov/submissions/CIK0000820027.json,2026-09-15
APH,0000820313,AMPHENOL CORP /DE/,3678,Electronic Connectors,operating,DE,,Information Technology,https://data.sec.gov/submissions/CIK0000820313.json,2026-09-15
COHR,0000820318,COHERENT CORP.,3827,Optical Instruments & Lenses,operating,PA,II-VI INC,Information Technology,https://data.sec.gov/submissions/CIK0000820318.json,2026-09-15
EOG,0000821189,EOG RESOURCES INC,1311,Crude Petroleum & Natural Gas,operating,DE,ENRON OIL & GAS CO,Energy,https://data.sec.gov/submissions/CIK0000821189.json,2026-09-15
PHM,0000822416,PULTEGROUP INC/MI/,1531,Operative Builders,operating,MI,PULTE HOMES INC/MI/; PULTE CORP,Consumer Discretionary,https://data.sec.gov/submissions/CIK0000822416.json,2026-09-15
WM,0000823768,WASTE MANAGEMENT INC,4953,Refuse Systems,operating,DE,USA WASTE SERVICES INC,Industrials,https://data.sec.gov/submissions/CIK0000823768.json,2026-09-15
NXTL,0000824169,NEXTEL COMMUNICATIONS INC,4812,Radiotelephone Communications,operating,DE,"NEXTEL COMMUNICATIONS INC/DE/; NEXTEL COMMUNICATIONS, INC",Communication Services,https://data.sec.gov/submissions/CIK0000824169.json,2026-09-15
EIX,0000827052,EDISON INTERNATIONAL,4911,Electric Services,operating,CA,SCECORP,Utilities,https://data.sec.gov/submissions/CIK0000827052.json,2026-09-15
MCHP,0000827054,MICROCHIP TECHNOLOGY INC,3674,Semiconductors & Related Devices,operating,DE,,Information Technology,https://data.sec.gov/submissions/CIK0000827054.json,2026-09-15
SBUX,0000829224,STARBUCKS CORP,5810,Retail-Eating & Drinking Places,operating,WA,,Consumer Discretionary,https://data.sec.gov/submissions/CIK0000829224.json,2026-09-15
C,0000831001,CITIGROUP INC,6021,National Commercial Banks,operating,DE,CITIGROUP INC; TRAVELERS GROUP INC; TRAVELERS INC,Financials,https://data.sec.gov/submissions/CIK0000831001.json,2026-09-15
FCX,0000831259,FREEPORT-MCMORAN INC,1000,Metal Mining,operating,DE,FREEPORT MCMORAN COPPER & GOLD INC,Materials,https://data.sec.gov/submissions/CIK0000831259.json,2026-09-15
IEX,0000832101,IDEX CORP /DE/,3561,Pumps & Pumping Equipment,operating,DE,,Industrials,https://data.sec.gov/submissions/CIK0000832101.json,2026-09-15
SSP,0000832428,E.W. SCRIPPS Co,4833,Television Broadcasting Stations,operating,OH,SCRIPPS E W CO /DE,Communication Services,https://data.sec.gov/submissions/CIK0000832428.json,2026-09-15
SIG,0000832988,SIGNET JEWELERS LTD,5944,Retail-Jewelry Stores,operating,,SIGNET GROUP PLC,Consumer Discretionary,https://data.sec.gov/submissions/CIK0000832988.json,2026-09-15
JCI,0000833444,Johnson Controls International plc,3585,Air-Cond & Warm Air Heatg Equip & Comm & Indl Refrig Equip,operating,L2,TYCO INTERNATIONAL plc; TYCO INTERNATIONAL LTD; TYCO INTERNATIONAL LTD /BER/; ADT LIMITED,Industrials,https://data.sec.gov/submissions/CIK0000833444.json,2026-09-15
SLR,0000835541,SOLECTRON CORP,3672,Printed Circuit Boards,operating,DE,,Information Technology,https://data.sec.gov/submissions/CIK0000835541.json,2026-09-15
BMC,0000835729,BMC SOFTWARE INC,7372,Services-Prepackaged Software,operating,DE,,Information Technology,https://data.sec.gov/submissions/CIK0000835729.json,2026-09-15
APCC,0000835910,AMERICAN POWER CONVERSION CORP,3620,Electrical Industrial Apparatus,operating,MA,AMERICAN POWER CONVERSION CORPORATION,Industrials,https://data.sec.gov/submissions/CIK0000835910.json,2026-09-15
NVLS,0000836106,NOVELLUS SYSTEMS INC,3559,"Special Industry Machinery, NEC",operating,CA,,Industrials,https://data.sec.gov/submissions/CIK0000836106.json,2026-09-15
TECH,0000842023,BIO-TECHNE Corp,2836,"Biological Products, (No Diagnostic Substances)",operating,MN,TECHNE CORP /MN/,Health Care,https://data.sec.gov/submissions/CIK0000842023.json,2026-09-15
AW,0000848865,"Allied Waste Industries, LLC",4953,Refuse Systems,operating,DE,ALLIED WASTE INDUSTRIES INC,Industrials,https://data.sec.gov/submissions/CIK0000848865.json,2026-09-15
PCL,0000849213,PLUM CREEK TIMBER CO INC,6798,Real Estate Investment Trusts,operating,DE,PLUM CREEK TIMBER CO L P,Real Estate,https://data.sec.gov/submissions/CIK0000849213.json,2026-09-15
CRH,0000849395,CRH PUBLIC LTD CO,3241,"Cement, Hydraulic",operating,L2,,Materials,https://data.sec.gov/submissions/CIK0000849395.json,2026-09-15
SYMC,0000849399,Gen Digital Inc.,7372,Services-Prepackaged Software,operating,DE,NortonLifeLock Inc.; SYMANTEC CORP,Information Technology,https://data.sec.gov/submissions/CIK0000849399.json,2026-09-15
FL,0000850209,"FOOT LOCKER, INC.",5661,Retail-Shoe Stores,operating,NY,FOOT LOCKER INC; VENATOR GROUP INC; WOOLWORTH CORPORATION,Consumer Discretionary,https://data.sec.gov/submissions/CIK0000850209.json,2026-09-15
AGN,0000850693,ALLERGAN INC,2834,Pharmaceutical Preparations,operating,DE,,Health Care,https://data.sec.gov/submissions/CIK0000850693.json,2026-09-15
MHK,0000851968,MOHAWK INDUSTRIES INC,2273,Carpets & Rugs,operating,DE,MOHAWK INDUSTRIES INC.,Consumer Discretionary,https://data.sec.gov/submissions/CIK0000851968.json,2026-09-15
PTC,0000857005,PTC INC.,7372,Services-Prepackaged Software,operating,MA,PARAMETRIC TECHNOLOGY CORP,Information Technology,https://data.sec.gov/submissions/CIK0000857005.json,2026-09-15
HET,0000858339,"CAESARS HOLDINGS, INC.",7011,Hotels & Motels,operating,DE,CAESARS ENTERTAINMENT Corp; HARRAHS ENTERTAINMENT INC; PROMUS COMPANIES INC,Consumer Discretionary,https://data.sec.gov/submissions/CIK0000858339.json,2026-09-15
CTRA,0000858470,Coterra Energy Inc.,1311,Crude Petroleum & Natural Gas,operating,DE,CABOT OIL & GAS CORP,Energy,https://data.sec.gov/submissions/CIK0000858470.json,2026-09-15
CSCO,0000858877,"CISCO SYSTEMS, INC.",3576,Computer Communications Equipment,operating,DE,"CISCO SYSTEMS, INC.; CISCO SYSTEMS INC",Information Technology,https://data.sec.gov/submissions/CIK0000858877.json,2026-09-15
CPWR,0000859014,COMPUWARE CORP,7372,Services-Prepackaged Software,operating,MI,COMPUWARE CORPORATION,Information Technology,https://data.sec.gov/submissions/CIK0000859014.json,2026-09-15
HOLX,0000859737,HOLOGIC INC,3844,X-Ray Apparatus & Tubes & Related Irradiation Apparatus,operating,DE,HOLOGIC INC,Health Care,https://data.sec.gov/submissions/CIK0000859737.json,2026-09-15
HCA,0000860730,"HCA Healthcare, Inc.",8062,"Services-General Medical & Surgical Hospitals, NEC",operating,,"HCA Holdings, Inc.; HCA INC/TN; HCA THE HEALTHCARE CO; HCA-THE HEALTHCARE CO; COLUMBIA HCA HEALTHCARE CORP; COLUMBIA HCA HEALTHCARE CORP/; COLUMBIA HEALTHCARE CORP",Health Care,https://data.sec.gov/submissions/CIK0000860730.json,2026-09-15
TYL,0000860731,TYLER TECHNOLOGIES INC,7372,Services-Prepackaged Software,operating,DE,TYLER CORP /NEW/,Information Technology,https://data.sec.gov/submissions/CIK0000860731.json,2026-09-15
SRCL,0000861878,STERICYCLE INC,4955,Hazardous Waste Management,operating,DE,,Utilities,https://data.sec.gov/submissions/CIK0000861878.json,2026-09-15
PETM,0000863157,PETSMART INC,5990,"Retail-Retail Stores, NEC",operating,DE,,Consumer Discretionary,https://data.sec.gov/submissions/CIK0000863157.json,2026-09-15
BJS,0000864328,BJ SERVICES CO LLC,1389,"Oil & Gas Field Services, NEC",operating,,BJ SERVICES CO,Energy,https://data.sec.gov/submissions/CIK0000864328.json,2026-09-15
TRMB,0000864749,TRIMBLE INC.,3829,"Measuring & Controlling Devices, NEC",operating,DE,TRIMBLE NAVIGATION LTD /CA/,Information Technology,https://data.sec.gov/submissions/CIK0000864749.json,2026-09-15
WFM,0000865436,WHOLE FOODS MARKET INC,5411,Retail-Grocery Stores,operating,TX,,Consumer Staples,https://data.sec.gov/submissions/CIK0000865436.json,2026-09-15
MNST,0000865752,Monster Beverage Corp,2086,Bottled & Canned Soft Drinks & Carbonated Waters,operating,,HANSEN NATURAL CORP,Consumer Staples,https://data.sec.gov/submissions/CIK0000865752.json,2026-09-15
AZO,0000866787,AUTOZONE INC,5531,Retail-Auto & Home Supply Stores,operating,NV,AUTOZONE INC,Consumer Discretionary,https://data.sec.gov/submissions/CIK0000866787.json,2026-09-15
MERQ,0000867058,MERCURY INTERACTIVE CORP,7372,Services-Prepackaged Software,operating,DE,MERCURY INTERACTIVE CORPORATION,Information Technology,https://data.sec.gov/submissions/CIK0000867058.json,2026-09-15
XTO,0000868809,XTO ENERGY INC,1311,Crude Petroleum & Natural Gas,operating,DE,CROSS TIMBERS OIL CO,Energy,https://data.sec.gov/submissions/CIK0000868809.json,2026-09-15
KRB,0000870517,MBNA CORP,6021,National Commercial Banks,operating,MD,,Financials,https://data.sec.gov/submissions/CIK0000870517.json,2026-09-15
REGN,0000872589,"REGENERON PHARMACEUTICALS, INC.",2834,Pharmaceutical Preparations,operating,NY,REGENERON PHARMACEUTICALS INC,Health Care,https://data.sec.gov/submissions/CIK0000872589.json,2026-09-15
CEPH,0000873364,CEPHALON INC,2834,Pharmaceutical Preparations,operating,DE,,Health Care,https://data.sec.gov/submissions/CIK0000873364.json,2026-09-15
MEDI,0000873591,MEDIMMUNE INC /DE,2836,"Biological Products, (No Diagnostic Substances)",operating,DE,,Health Care,https://data.sec.gov/submissions/CIK0000873591.json,2026-09-15
JNY,0000874016,JONES GROUP INC,2330,"Women's, Misses':  and Juniors Outerwear",operating,PA,JONES APPAREL GROUP INC,Consumer Discretionary,https://data.sec.gov/submissions/CIK0000874016.json,2026-09-15
ABKFQ,0000874501,OCTAVE SPECIALTY GROUP INC,6351,Surety Insurance,operating,DE,AMBAC FINANCIAL GROUP INC; AMBAC INC /DE/,Financials,https://data.sec.gov/submissions/CIK0000874501.json,2026-09-15
IDXX,0000874716,IDEXX LABORATORIES INC /DE,2835,In Vitro & In Vivo Diagnostic Substances,operating,DE,,Health Care,https://data.sec.gov/submissions/CIK0000874716.json,2026-09-15
AES,0000874761,AES CORP,4991,Cogeneration Services & Small Power Producers,operating,DE,AES CORPORATION,Utilities,https://data.sec.gov/submissions/CIK0000874761.json,2026-09-15
HIG,0000874766,"HARTFORD INSURANCE GROUP, INC.",6331,"Fire, Marine & Casualty Insurance",operating,DE,"HARTFORD INSURANCE GROUP, INC.; HARTFORD FINANCIAL SERVICES GROUP, INC.; HARTFORD FINANCIAL SERVICES GROUP INC/DE; ITT HARTFORD GROUP INC /DE",Financials,https://data.sec.gov/submissions/CIK0000874766.json,2026-09-15
BIIB,0000875045,BIOGEN INC.,2836,"Biological Products, (No Diagnostic Substances)",operating,DE,BIOGEN IDEC INC.; BIOGEN IDEC INC; IDEC PHARMACEUTICALS CORP / DE; IDEC PHARMACEUTICALS CORP / CA,Health Care,https://data.sec.gov/submissions/CIK0000875045.json,2026-09-15
XL,0000875159,XL GROUP LTD,6331,"Fire, Marine & Casualty Insurance",operating,D0,XL GROUP PLC; XL CAPITAL LTD; EXEL LTD,Financials,https://data.sec.gov/submissions/CIK0000875159.json,2026-09-15
VRTX,0000875320,VERTEX PHARMACEUTICALS INC / MA,2834,Pharmaceutical Preparations,operating,MA,,Health Care,https://data.sec.gov/submissions/CIK0000875320.json,2026-09-15
PSFT,0000875570,PEOPLESOFT INC,7372,Services-Prepackaged Software,operating,DE,,Information Technology,https://data.sec.gov/submissions/CIK0000875570.json,2026-09-15
MTG,0000876437,MGIC INVESTMENT CORP,6351,Surety Insurance,operating,WI,,Financials,https://data.sec.gov/submissions/CIK0000876437.json,2026-09-15
ZBRA,0000877212,ZEBRA TECHNOLOGIES CORP,3560,General Industrial Machinery & Equipment,operating,,ZEBRA TECHNOLOGIES CORP/DE,Information Technology,https://data.sec.gov/submissions/CIK0000877212.json,2026-09-15
CTXS,0000877890,CITRIX SYSTEMS INC,7372,Services-Prepackaged Software,operating,DE,,Information Technology,https://data.sec.gov/submissions/CIK0000877890.json,2026-09-15
HCR,0000878736,MANOR CARE INC,8051,Services-Skilled Nursing Care Facilities,operating,DE,HCR MANOR CARE INC; HEALTH CARE & RETIREMENT CORP / DE,Health Care,https://data.sec.gov/submissions/CIK0000878736.json,2026-09-15
ODFL,0000878927,"OLD DOMINION FREIGHT LINE, INC.",4213,Trucking (No Local),operating,VA,OLD DOMINION FREIGHT LINE INC/VA,Industrials,https://data.sec.gov/submissions/CIK0000878927.json,2026-09-15
KIM,0000879101,KIMCO REALTY CORP,6798,Real Estate Investment Trusts,operating,MD,,Real Estate,https://data.sec.gov/submissions/CIK0000879101.json,2026-09-15
INCY,0000879169,INCYTE CORP,8731,Services-Commercial Physical & Biological Research,operating,DE,INCYTE INC; INCYTE GENOMICS INC; INCYTE PHARMACEUTICALS INC,Health Care,https://data.sec.gov/submissions/CIK0000879169.json,2026-09-15
FSH,0000880430,FISHER SCIENTIFIC INTERNATIONAL INC,5040,Wholesale-Professional & Commercial Equipment & Supplies,operating,DE,,Industrials,https://data.sec.gov/submissions/CIK0000880430.json,2026-09-15
VTSS,0000880446,VITESSE SEMICONDUCTOR CORP,3674,Semiconductors & Related Devices,operating,DE,,Information Technology,https://data.sec.gov/submissions/CIK0000880446.json,2026-09-15
GILD,0000882095,"GILEAD SCIENCES, INC.",2836,"Biological Products, (No Diagnostic Substances)",operating,DE,GILEAD SCIENCES INC,Health Care,https://data.sec.gov/submissions/CIK0000882095.json,2026-09-15
DHI,0000882184,HORTON D R INC /DE/,1531,Operative Builders,operating,DE,,Consumer Discretionary,https://data.sec.gov/submissions/CIK0000882184.json,2026-09-15
ROP,0000882835,ROPER TECHNOLOGIES INC,3823,"Industrial Instruments For Measurement, Display, and Control",operating,DE,ROPER TECHNOLOGIES INC; ROPER INDUSTRIES INC; ROPER INDUSTRIES INC /DE/,Information Technology,https://data.sec.gov/submissions/CIK0000882835.json,2026-09-15
VRTS,0000883237,"VIRTUS INVESTMENT PARTNERS, INC.",6282,Investment Advice,operating,DE,PHOENIX INVESTMENT PARTNERS LTD/CT; PHOENIX DUFF & PHELPS CORP; DUFF & PHELPS CORP,Financials,https://data.sec.gov/submissions/CIK0000883237.json,2026-09-15
SNPS,0000883241,SYNOPSYS INC,7372,Services-Prepackaged Software,operating,DE,,Information Technology,https://data.sec.gov/submissions/CIK0000883241.json,2026-09-15
FOSL,0000883569,"Fossil Group, Inc.",3873,"Watches, Clocks, Clockwork Operated Devices/Parts",operating,DE,FOSSIL INC; FOSSIL INCORPORATED,Health Care,https://data.sec.gov/submissions/CIK0000883569.json,2026-09-15
FDC,0000883980,FIRST DATA CORP,7389,"Services-Business Services, NEC",operating,DE,FIRST DATA CORPORATION,Industrials,https://data.sec.gov/submissions/CIK0000883980.json,2026-09-15
RCL,0000884887,ROYAL CARIBBEAN CRUISES LTD,4400,Water Transportation,operating,,,Consumer Discretionary,https://data.sec.gov/submissions/CIK0000884887.json,2026-09-15
PX,0000884905,LINDE INC,2810,Industrial Inorganic Chemicals,operating,DE,PRAXAIR INC,Materials,https://data.sec.gov/submissions/CIK0000884905.json,2026-09-15
KSS,0000885639,KOHLS Corp,5311,Retail-Department Stores,operating,WI,KOHLS CORPORATION,Consumer Discretionary,https://data.sec.gov/submissions/CIK0000885639.json,2026-09-15
ESRX,0000885721,EXPRESS SCRIPTS INC,5912,Retail-Drug Stores and Proprietary Stores,operating,DE,,Consumer Staples,https://data.sec.gov/submissions/CIK0000885721.json,2026-09-15
BSX,0000885725,BOSTON SCIENTIFIC CORP,3841,Surgical & Medical Instruments & Apparatus,operating,DE,,Health Care,https://data.sec.gov/submissions/CIK0000885725.json,2026-09-15
GS,0000886982,GOLDMAN SACHS GROUP INC,6211,"Security Brokers, Dealers & Flotation Companies",operating,DE,GOLDMAN SACHS GROUP INC/,Financials,https://data.sec.gov/submissions/CIK0000886982.json,2026-09-15
FCN,0000887936,"FTI CONSULTING, INC",8742,Services-Management Consulting Services,operating,MD,FTI CONSULTING INC; FORENSIC TECHNOLOGIES INTERNATIONAL CORP,Industrials,https://data.sec.gov/submissions/CIK0000887936.json,2026-09-15
CCU,0000888746,UNITED BREWERIES CO INC,2082,Malt Beverages,other,,UNITED BREWERIES COMPANY INC,Consumer Staples,https://data.sec.gov/submissions/CIK0000888746.json,2026-09-15
MFE,0000890801,"McAfee, Inc.",7372,Services-Prepackaged Software,operating,DE,NETWORKS ASSOCIATES INC/; NETWORK ASSOCIATES INC; MCAFEE ASSOCIATES INC,Information Technology,https://data.sec.gov/submissions/CIK0000890801.json,2026-09-15
PDCO,0000891024,"PATTERSON COMPANIES, INC.",5047,"Wholesale-Medical, Dental & Hospital Equipment & Supplies",operating,MN,PATTERSON DENTAL CO,Industrials,https://data.sec.gov/submissions/CIK0000891024.json,2026-09-15
MTCH,0000891103,"Match Group, Inc.",7370,"Services-Computer Programming, Data Processing, Etc.",operating,DE,IAC/INTERACTIVECORP; INTERACTIVECORP; USA INTERACTIVE; USA NETWORKS INC; HSN INC; SILVER KING COMMUNICATIONS INC,Information Technology,https://data.sec.gov/submissions/CIK0000891103.json,2026-09-15
MD,0000893949,"Pediatrix Medical Group, Inc.",8060,Services-Hospitals,operating,FL,"MEDNAX, INC.; PEDIATRIX MEDICAL GROUP INC",Health Care,https://data.sec.gov/submissions/CIK0000893949.json,2026-09-15
DDR,0000894315,SITE Centers Corp.,6798,Real Estate Investment Trusts,operating,OH,DDR CORP; DEVELOPERS DIVERSIFIED REALTY CORP; DEVELOPERS DIVERSIFIED REALTY,Real Estate,https://data.sec.gov/submissions/CIK0000894315.json,2026-09-15
EXE,0000895126,EXPAND ENERGY Corp,1311,Crude Petroleum & Natural Gas,operating,OK,CHESAPEAKE ENERGY CORP,Energy,https://data.sec.gov/submissions/CIK0000895126.json,2026-09-15
MS,0000895421,MORGAN STANLEY,6211,"Security Brokers, Dealers & Flotation Companies",operating,DE,MORGAN STANLEY; MORGAN STANLEY; MORGAN STANLEY DEAN WITTER & CO; MORGAN STANLEY DEAN WITTER DISCOVER & CO; DEAN WITTER DISCOVER & CO,Financials,https://data.sec.gov/submissions/CIK0000895421.json,2026-09-15
GTW,0000895812,GATEWAY INC,3571,Electronic Computers,operating,DE,GATEWAY 2000 INC,Information Technology,https://data.sec.gov/submissions/CIK0000895812.json,2026-09-15
CB,0000896159,Chubb Ltd,6331,"Fire, Marine & Casualty Insurance",operating,V8,ACE LTD; ACE Ltd,Financials,https://data.sec.gov/submissions/CIK0000896159.json,2026-09-15
INTU,0000896878,INTUIT INC.,7372,Services-Prepackaged Software,operating,DE,INTUIT INC,Information Technology,https://data.sec.gov/submissions/CIK0000896878.json,2026-09-15
SANM,0000897723,SANMINA CORP,3672,Printed Circuit Boards,operating,DE,SANMINA-SCI CORP; SANMINA CORP/DE,Information Technology,https://data.sec.gov/submissions/CIK0000897723.json,2026-09-15
ORLY,0000898173,O REILLY AUTOMOTIVE INC,5531,Retail-Auto & Home Supply Stores,operating,,OREILLY AUTOMOTIVE INC,Consumer Discretionary,https://data.sec.gov/submissions/CIK0000898173.json,2026-09-15
JBL,0000898293,JABIL INC,3672,Printed Circuit Boards,operating,DE,JABIL CIRCUIT INC,Information Technology,https://data.sec.gov/submissions/CIK0000898293.json,2026-09-15
ALL,0000899051,ALLSTATE CORP,6331,"Fire, Marine & Casualty Insurance",operating,DE,,Financials,https://data.sec.gov/submissions/CIK0000899051.json,2026-09-15
CIN,0000899652,CINERGY CORP,4931,Electric & Other Services Combined,operating,DE,,Utilities,https://data.sec.gov/submissions/CIK0000899652.json,2026-09-15
VNO,0000899689,VORNADO REALTY TRUST,6798,Real Estate Investment Trusts,operating,MD,,Real Estate,https://data.sec.gov/submissions/CIK0000899689.json,2026-09-15
ALXN,0000899866,"ALEXION PHARMACEUTICALS, INC.",2834,Pharmaceutical Preparations,operating,DE,ALEXION PHARMACEUTICALS INC,Health Care,https://data.sec.gov/submissions/CIK0000899866.json,2026-09-15
CPRT,0000900075,COPART INC,5500,Retail-Auto Dealers & Gasoline Stations,operating,DE,,Industrials,https://data.sec.gov/submissions/CIK0000900075.json,2026-09-15
EQR,0000906107,VIVMARK RESIDENTIAL,6798,Real Estate Investment Trusts,operating,,EQUITY RESIDENTIAL; EQUITY RESIDENTIAL PROPERTIES TRUST,Real Estate,https://data.sec.gov/submissions/CIK0000906107.json,2026-09-15
NVR,0000906163,NVR INC,1531,Operative Builders,operating,VA,,Consumer Discretionary,https://data.sec.gov/submissions/CIK0000906163.json,2026-09-15
CPT,0000906345,CAMDEN PROPERTY TRUST,6798,Real Estate Investment Trusts,operating,TX,,Real Estate,https://data.sec.gov/submissions/CIK0000906345.json,2026-09-15
NKTR,0000906709,NEKTAR THERAPEUTICS,2834,Pharmaceutical Preparations,operating,DE,INHALE THERAPEUTIC SYSTEMS INC; INHALE THERAPEUTIC SYSTEMS,Health Care,https://data.sec.gov/submissions/CIK0000906709.json,2026-09-15
BWA,0000908255,BORGWARNER INC,3714,Motor Vehicle Parts & Accessories,operating,DE,BORG WARNER AUTOMOTIVE INC,Consumer Discretionary,https://data.sec.gov/submissions/CIK0000908255.json,2026-09-15
COST,0000909832,COSTCO WHOLESALE CORP /NEW,5331,Retail-Variety Stores,operating,WA,COSTCO COMPANIES INC; PRICE/COSTCO INC,Consumer Staples,https://data.sec.gov/submissions/CIK0000909832.json,2026-09-15
GMCR,0000909954,"KEURIG GREEN MOUNTAIN, INC.",2090,Miscellaneous Food Preparations & Kindred Products,operating,DE,GREEN MOUNTAIN COFFEE ROASTERS INC; GREEN MOUNTAIN COFFEE INC,Consumer Staples,https://data.sec.gov/submissions/CIK0000909954.json,2026-09-15
DECK,0000910521,DECKERS OUTDOOR CORP,3021,Rubber & Plastics Footwear,operating,DE,,Consumer Discretionary,https://data.sec.gov/submissions/CIK0000910521.json,2026-09-15
REG,0000910606,REGENCY CENTERS CORP,6798,Real Estate Investment Trusts,operating,FL,REGENCY REALTY CORP,Real Estate,https://data.sec.gov/submissions/CIK0000910606.json,2026-09-15
VIAV,0000912093,VIAVI SOLUTIONS INC.,3674,Semiconductors & Related Devices,operating,DE,JDS UNIPHASE CORP /CA/; UNIPHASE CORP /CA/,Information Technology,https://data.sec.gov/submissions/CIK0000912093.json,2026-09-15
MAC,0000912242,MACERICH CO,6798,Real Estate Investment Trusts,operating,MD,,Real Estate,https://data.sec.gov/submissions/CIK0000912242.json,2026-09-15
MAA,0000912595,MID AMERICA APARTMENT COMMUNITIES INC.,6798,Real Estate Investment Trusts,operating,TN,MID AMERICA APARTMENT COMMUNITIES INC,Real Estate,https://data.sec.gov/submissions/CIK0000912595.json,2026-09-15
URBN,0000912615,URBAN OUTFITTERS INC,5651,Retail-Family Clothing Stores,operating,PA,,Consumer Discretionary,https://data.sec.gov/submissions/CIK0000912615.json,2026-09-15
NFX,0000912750,NEWFIELD EXPLORATION CO /DE/,1311,Crude Petroleum & Natural Gas,operating,DE,,Energy,https://data.sec.gov/submissions/CIK0000912750.json,2026-09-15
FRO,0000913290,Frontline plc,4412,Deep Sea Foreign Transportation of  Freight,other,,FRONTLINE LTD /; LONDON & OVERSEAS FREIGHTERS LTD,Industrials,https://data.sec.gov/submissions/CIK0000913290.json,2026-09-15
IVZ,0000914208,Invesco Ltd.,6282,Investment Advice,operating,D0,Invesco Asset Management Deutschland GMBH; Invesco Ltd; INVESCO PLC/LONDON/; AMVESCAP PLC/LONDON/; AMVESCAP /LONDON/; INVESCO PLC /LONDON,Financials,https://data.sec.gov/submissions/CIK0000914208.json,2026-09-15
EMN,0000915389,EASTMAN CHEMICAL CO,2821,"Plastic Materials, Synth Resins & Nonvulcan Elastomers",operating,DE,,Materials,https://data.sec.gov/submissions/CIK0000915389.json,2026-09-15
AVB,0000915912,AVALONBAY COMMUNITIES INC,6798,Real Estate Investment Trusts,operating,MD,AVALON BAY COMMUNITIES INC; BAY APARTMENT COMMUNITIES INC,Real Estate,https://data.sec.gov/submissions/CIK0000915912.json,2026-09-15
ALB,0000915913,ALBEMARLE CORP,2821,"Plastic Materials, Synth Resins & Nonvulcan Elastomers",operating,VA,,Materials,https://data.sec.gov/submissions/CIK0000915913.json,2026-09-15
MLM,0000916076,MARTIN MARIETTA MATERIALS INC,1400,Mining & Quarrying of  Nonmetallic Minerals (No Fuels),operating,NC,,Materials,https://data.sec.gov/submissions/CIK0000916076.json,2026-09-15
TSCO,0000916365,TRACTOR SUPPLY CO /DE/,5200,"Retail-Building Materials, Hardware, Garden Supply",operating,DE,,Consumer Discretionary,https://data.sec.gov/submissions/CIK0000916365.json,2026-09-15
CPNLQ,0000916457,CALPINE CORP,4911,Electric Services,operating,DE,,Utilities,https://data.sec.gov/submissions/CIK0000916457.json,2026-09-15
TEG,0000916863,"INTEGRYS HOLDING, INC.",4931,Electric & Other Services Combined,operating,WI,"INTEGRYS ENERGY GROUP, INC.; WPS RESOURCES CORP",Utilities,https://data.sec.gov/submissions/CIK0000916863.json,2026-09-15
AKS,0000918160,Cleveland-Cliffs Steel Holding Corp,3312,"Steel Works, Blast Furnaces & Rolling Mills (Coke Ovens)",operating,DE,AK STEEL HOLDING CORP,Materials,https://data.sec.gov/submissions/CIK0000918160.json,2026-09-15
QLGC,0000918386,QLOGIC CORP,3576,Computer Communications Equipment,operating,DE,Q LOGIC CORP,Information Technology,https://data.sec.gov/submissions/CIK0000918386.json,2026-09-15
QTRN,0000919623,QUINTILES TRANSNATIONAL CORP,8731,Services-Commercial Physical & Biological Research,operating,NC,,Health Care,https://data.sec.gov/submissions/CIK0000919623.json,2026-09-15
LH,0000920148,LABCORP HOLDINGS INC.,8071,Services-Medical Laboratories,operating,,LABORATORY CORP OF AMERICA HOLDINGS; NATIONAL HEALTH LABORATORIES HOLDINGS INC,Health Care,https://data.sec.gov/submissions/CIK0000920148.json,2026-09-15
BVSN,0000920448,BROADVISION INC,7372,Services-Prepackaged Software,operating,DE,,Information Technology,https://data.sec.gov/submissions/CIK0000920448.json,2026-09-15
ESS,0000920522,"ESSEX PROPERTY TRUST, INC.",6798,Real Estate Investment Trusts,operating,MD,ESSEX PORTFOLIO LP; ESSEX PROPERTY TRUST INC,Real Estate,https://data.sec.gov/submissions/CIK0000920522.json,2026-09-15
LEN,0000920760,LENNAR CORP /NEW/,1520,General Bldg Contractors - Residential Bldgs,operating,DE,PACIFIC GREYSTONE CORP /DE/,Consumer Discretionary,https://data.sec.gov/submissions/CIK0000920760.json,2026-09-15
PENN,0000921738,"PENN Entertainment, Inc.",7011,Hotels & Motels,operating,PA,PENN NATIONAL GAMING INC,Consumer Discretionary,https://data.sec.gov/submissions/CIK0000921738.json,2026-09-15
HCBK,0000921847,HUDSON CITY BANCORP INC,6036,"Savings Institutions, Not Federally Chartered",operating,DE,,Financials,https://data.sec.gov/submissions/CIK0000921847.json,2026-09-15
PPL,0000922224,PPL Corp,4911,Electric Services,operating,,PP&L RESOURCES INC,Utilities,https://data.sec.gov/submissions/CIK0000922224.json,2026-09-15
ERIE,0000922621,ERIE INDEMNITY CO,6411,"Insurance Agents, Brokers & Service",operating,PA,,Financials,https://data.sec.gov/submissions/CIK0000922621.json,2026-09-15
AIV,0000922864,APARTMENT INVESTMENT & MANAGEMENT CO,6798,Real Estate Investment Trusts,operating,MD,,Real Estate,https://data.sec.gov/submissions/CIK0000922864.json,2026-09-15
DVA,0000927066,DAVITA INC.,8090,"Services-Misc Health & Allied Services, NEC",operating,DE,DAVITA HEALTHCARE PARTNERS INC.; DAVITA INC; TOTAL RENAL CARE HOLDINGS INC,Health Care,https://data.sec.gov/submissions/CIK0000927066.json,2026-09-15
COF,0000927628,CAPITAL ONE FINANCIAL CORP,6021,National Commercial Banks,operating,DE,,Financials,https://data.sec.gov/submissions/CIK0000927628.json,2026-09-15
MCK,0000927653,MCKESSON CORP,5122,"Wholesale-Drugs, Proprietaries & Druggists' Sundries",operating,DE,MCKESSON HBOC INC,Health Care,https://data.sec.gov/submissions/CIK0000927653.json,2026-09-15
APOL,0000929887,APOLLO EDUCATION GROUP INC,8200,Services-Educational Services,operating,AZ,APOLLO GROUP INC,Consumer Discretionary,https://data.sec.gov/submissions/CIK0000929887.json,2026-09-15
GDT,0000929987,GUIDANT CORP,3841,Surgical & Medical Instruments & Apparatus,operating,IN,,Health Care,https://data.sec.gov/submissions/CIK0000929987.json,2026-09-15
DF,0000931336,DEAN FOODS CO,2020,Dairy Products,operating,DE,DEAN FOODS CO/; SUIZA FOODS CORP,Consumer Staples,https://data.sec.gov/submissions/CIK0000931336.json,2026-09-15
WAMUQ,0000933136,"Maverick Merger Sub 2, LLC",6199,Finance Services,operating,DE,"Mr. Cooper Group Inc.; WMIH CORP.; WMI HOLDINGS CORP.; WASHINGTON MUTUAL, INC; WASHINGTON MUTUAL INC",Financials,https://data.sec.gov/submissions/CIK0000933136.json,2026-09-15
BNI,0000934612,"BURLINGTON NORTHERN SANTA FE, LLC",4011,"Railroads, Line-Haul Operating",operating,,BURLINGTON NORTHERN SANTA FE CORP; BURLINGTON NORTHERN SANTE FE CORP; BNSF CORP,Industrials,https://data.sec.gov/submissions/CIK0000934612.json,2026-09-15
DLTR,0000935703,"DOLLAR TREE, INC.",5331,Retail-Variety Stores,operating,VA,DOLLAR TREE INC; DOLLAR TREE STORES INC,Consumer Staples,https://data.sec.gov/submissions/CIK0000935703.json,2026-09-15
DTE,0000936340,DTE ENERGY CO,4911,Electric Services,operating,MI,DTE HOLDINGS INC,Utilities,https://data.sec.gov/submissions/CIK0000936340.json,2026-09-15
CIEN,0000936395,CIENA CORP,3661,Telephone & Telegraph Apparatus,operating,MD,,Information Technology,https://data.sec.gov/submissions/CIK0000936395.json,2026-09-15
LMT,0000936468,LOCKHEED MARTIN CORP,3760,Guided Missiles & Space Vehicles & Parts,operating,MD,LOCKHEED MARTIN CORP,Industrials,https://data.sec.gov/submissions/CIK0000936468.json,2026-09-15
DRI,0000940944,DARDEN RESTAURANTS INC,5812,Retail-Eating  Places,operating,FL,,Consumer Discretionary,https://data.sec.gov/submissions/CIK0000940944.json,2026-09-15
CAM,0000941548,CAMERON INTERNATIONAL CORP,3533,Oil & Gas Field Machinery & Equipment,operating,DE,COOPER CAMERON CORP,Industrials,https://data.sec.gov/submissions/CIK0000941548.json,2026-09-15
WAB,0000943452,WESTINGHOUSE AIR BRAKE TECHNOLOGIES CORP,3743,Railroad Equipment,operating,DE,WABTEC CORP; WESTINGHOUSE AIR BRAKE CO /DE/,Industrials,https://data.sec.gov/submissions/CIK0000943452.json,2026-09-15
RMD,0000943819,RESMED INC,3841,Surgical & Medical Instruments & Apparatus,operating,DE,,Health Care,https://data.sec.gov/submissions/CIK0000943819.json,2026-09-15
DTV,0000944868,DIRECTV GROUP INC,4899,"Communications Services, NEC",operating,DE,HUGHES ELECTRONICS CORP,Communication Services,https://data.sec.gov/submissions/CIK0000944868.json,2026-09-15
SUNEQ,0000945436,"SUNEDISON, INC.",3674,Semiconductors & Related Devices,operating,DE,MEMC ELECTRONIC MATERIALS INC,Information Technology,https://data.sec.gov/submissions/CIK0000945436.json,2026-09-15
DNR,0000945764,DENBURY INC,1311,Crude Petroleum & Natural Gas,operating,DE,DENBURY RESOURCES INC,Energy,https://data.sec.gov/submissions/CIK0000945764.json,2026-09-15
POOL,0000945841,POOL CORP,5090,Wholesale-Misc Durable Goods,operating,DE,SCP POOL CORP,Consumer Discretionary,https://data.sec.gov/submissions/CIK0000945841.json,2026-09-15
TTWO,0000946581,TAKE TWO INTERACTIVE SOFTWARE INC,7372,Services-Prepackaged Software,operating,DE,,Communication Services,https://data.sec.gov/submissions/CIK0000946581.json,2026-09-15
ACGL,0000947484,ARCH CAPITAL GROUP LTD.,6331,"Fire, Marine & Casualty Insurance",operating,,ARCH CAPITAL GROUP LTD; RISK CAPITAL HOLDINGS INC,Financials,https://data.sec.gov/submissions/CIK0000947484.json,2026-09-15
DO,0000949039,"DIAMOND OFFSHORE DRILLING, INC.",1381,Drilling Oil & Gas Wells,operating,DE,DIAMOND OFFSHORE DRILLING INC,Energy,https://data.sec.gov/submissions/CIK0000949039.json,2026-09-15
HSIC,0001000228,HENRY SCHEIN INC,5047,"Wholesale-Medical, Dental & Hospital Equipment & Supplies",operating,DE,SCHEIN HENRY INC,Health Care,https://data.sec.gov/submissions/CIK0001000228.json,2026-09-15
WAT,0001000697,WATERS CORP /DE/,3826,Laboratory Analytical Instruments,operating,DE,,Health Care,https://data.sec.gov/submissions/CIK0001000697.json,2026-09-15
CMX,0001000736,CAREMARK RX INC,5912,Retail-Drug Stores and Proprietary Stores,operating,DE,MEDPARTNERS INC; MEDPARTNERS INC /DE/; MEDPARTNERS MULLIKIN INC,Consumer Staples,https://data.sec.gov/submissions/CIK0001000736.json,2026-09-15
DISH,0001001082,DISH Network CORP,4841,Cable & Other Pay Television Services,operating,NV,ECHOSTAR COMMUNICATIONS CORP,Communication Services,https://data.sec.gov/submissions/CIK0001001082.json,2026-09-15
EL,0001001250,ESTEE LAUDER COMPANIES INC,2844,"Perfumes, Cosmetics & Other Toilet Preparations",operating,DE,,Consumer Staples,https://data.sec.gov/submissions/CIK0001001250.json,2026-09-15
LXK,0001001288,LEXMARK INTERNATIONAL INC /KY/,3570,Computer & office Equipment,operating,DE,LEXMARK INTERNATIONAL GROUP INC,Information Technology,https://data.sec.gov/submissions/CIK0001001288.json,2026-09-15
NTAP,0001002047,"NetApp, Inc.",3572,Computer Storage Devices,operating,CA,NETWORK APPLIANCE INC,Information Technology,https://data.sec.gov/submissions/CIK0001002047.json,2026-09-15
AEE,0001002910,AMEREN CORP,4931,Electric & Other Services Combined,operating,MO,,Utilities,https://data.sec.gov/submissions/CIK0001002910.json,2026-09-15
GAS,0001004155,SOUTHERN CO GAS,4924,Natural Gas Distribution,operating,GA,AGL RESOURCES INC,Energy,https://data.sec.gov/submissions/CIK0001004155.json,2026-09-15
AMG,0001004434,"AFFILIATED MANAGERS GROUP, INC.",6282,Investment Advice,operating,DE,AFFILIATED MANAGERS GROUP INC,Financials,https://data.sec.gov/submissions/CIK0001004434.json,2026-09-15
PCG,0001004980,PG&E Corp,4931,Electric & Other Services Combined,operating,CA,PG&E CORP; PG&E Corp; PG&E PARENT CO INC,Utilities,https://data.sec.gov/submissions/CIK0001004980.json,2026-09-15
TOY,0001005414,TOYS R US INC,5945,"Retail-Hobby, Toy & Game Shops",operating,DE,TOYS R US INC /,Consumer Discretionary,https://data.sec.gov/submissions/CIK0001005414.json,2026-09-15
SEBL,0001006835,SIEBEL SYSTEMS INC,7372,Services-Prepackaged Software,operating,DE,,Information Technology,https://data.sec.gov/submissions/CIK0001006835.json,2026-09-15
EDS,0001007456,ELECTRONIC DATA SYSTEMS CORP /DE/,7370,"Services-Computer Programming, Data Processing, Etc.",operating,DE,ELECTRONIC DATA SYSTEMS HOLDING CORP,Information Technology,https://data.sec.gov/submissions/CIK0001007456.json,2026-09-15
TUP,0001008654,TUPPERWARE BRANDS CORP,3089,"Plastics Products, NEC",operating,DE,TUPPERWARE CORP,Materials,https://data.sec.gov/submissions/CIK0001008654.json,2026-09-15
SAPE,0001008817,SAPIENT CORP,7373,Services-Computer Integrated Systems Design,operating,DE,,Information Technology,https://data.sec.gov/submissions/CIK0001008817.json,2026-09-15
AABA,0001011006,ALTABA INC.,,,operating,DE,YAHOO INC,Financials,https://data.sec.gov/submissions/CIK0001011006.json,2026-09-15
TIE,0001011657,TITANIUM METALS CORP,3341,Secondary Smelting & Refining of  Nonferrous Metals,operating,DE,,Materials,https://data.sec.gov/submissions/CIK0001011657.json,2026-09-15
SEE,0001012100,SEALED AIR CORP/DE,2820,"Plastic Material, Synth Resin/Rubber, Cellulos (No Glass)",operating,DE,WR GRACE & CO/DE; GRACE HOLDING INC; GRACE HOLDINGING INC,Materials,https://data.sec.gov/submissions/CIK0001012100.json,2026-09-15
WLP,0001013220,WELLPOINT HEALTH NETWORKS INC /DE/,6324,Hospital & Medical Service Plans,operating,DE,WELLPOINT HEALTH NETWORKS INC /CA/; BLUE CROSS OF CALIFORNIA /CA/,Health Care,https://data.sec.gov/submissions/CIK0001013220.json,2026-09-15
FDS,0001013237,FACTSET RESEARCH SYSTEMS INC,7370,"Services-Computer Programming, Data Processing, Etc.",operating,DE,,Financials,https://data.sec.gov/submissions/CIK0001013237.json,2026-09-15
ANSS,0001013462,ANSYS INC,7372,Services-Prepackaged Software,operating,DE,,Information Technology,https://data.sec.gov/submissions/CIK0001013462.json,2026-09-15
NRG,0001013871,"NRG ENERGY, INC.",4911,Electric Services,operating,DE,"NRG ENERGY, INC.; NRG ENERGY INC",Utilities,https://data.sec.gov/submissions/CIK0001013871.json,2026-09-15
VRSN,0001014473,VERISIGN INC/CA,7371,Services-Computer Programming Services,operating,DE,,Information Technology,https://data.sec.gov/submissions/CIK0001014473.json,2026-09-15
ETFC,0001015780,E TRADE FINANCIAL CORP,6035,"Savings Institution, Federally Chartered",operating,DE,E TRADE GROUP INC,Financials,https://data.sec.gov/submissions/CIK0001015780.json,2026-09-15
UVN,0001017008,UNIVISION COMMUNICATIONS INC,4833,Television Broadcasting Stations,operating,DE,,Communication Services,https://data.sec.gov/submissions/CIK0001017008.json,2026-09-15
AMZN,0001018724,AMAZON COM INC,5961,Retail-Catalog & Mail-Order Houses,operating,DE,,Consumer Discretionary,https://data.sec.gov/submissions/CIK0001018724.json,2026-09-15
ANF,0001018840,ABERCROMBIE & FITCH CO /DE/,5651,Retail-Family Clothing Stores,operating,OH,ABERCROMBIE & FITCH CO /DE/,Consumer Discretionary,https://data.sec.gov/submissions/CIK0001018840.json,2026-09-15
ATI,0001018963,ATI INC,3317,Steel Pipe & Tubes,operating,DE,ALLEGHENY TECHNOLOGIES INC; ALLEGHENY TELEDYNE INC,Materials,https://data.sec.gov/submissions/CIK0001018963.json,2026-09-15
TSG,0001020265,SABRE HOLDINGS CORP,4700,Transportation Services,operating,DE,SABRE HOLDING CORP; SABRE GROUP HOLDINGS INC,Industrials,https://data.sec.gov/submissions/CIK0001020265.json,2026-09-15
MWW,0001020416,"MONSTER WORLDWIDE, INC.",7363,Services-Help Supply Services,operating,DE,MONSTER WORLDWIDE INC; TMP WORLDWIDE INC; TMP WORLDWIDE INC /FA/,Industrials,https://data.sec.gov/submissions/CIK0001020416.json,2026-09-15
IRM,0001020569,IRON MOUNTAIN INC,6798,Real Estate Investment Trusts,operating,DE,IRON MOUNTAIN INC/PA; PIERCE LEAHY CORP,Real Estate,https://data.sec.gov/submissions/CIK0001020569.json,2026-09-15
NOV,0001021860,NOV Inc.,3533,Oil & Gas Field Machinery & Equipment,operating,DE,NATIONAL OILWELL VARCO INC; NATIONAL OILWELL INC,Industrials,https://data.sec.gov/submissions/CIK0001021860.json,2026-09-15
DGX,0001022079,QUEST DIAGNOSTICS INC,8071,Services-Medical Laboratories,operating,DE,CORNING CLINICAL LABORATORIES INC,Health Care,https://data.sec.gov/submissions/CIK0001022079.json,2026-09-15
STLD,0001022671,STEEL DYNAMICS INC,3312,"Steel Works, Blast Furnaces & Rolling Mills (Coke Ovens)",operating,IN,STEEL DYNAMICS INC,Materials,https://data.sec.gov/submissions/CIK0001022671.json,2026-09-15
TXU,0001023291,Energy Future Holdings Corp /TX/,4911,Electric Services,operating,,TXU CORP /TX/; TEXAS UTILITIES CO /TX/; TEXAS UTILITIES CO /DE/; TUC HOLDING CO,Utilities,https://data.sec.gov/submissions/CIK0001023291.json,2026-09-15
COTY,0001024305,COTY INC.,2844,"Perfumes, Cosmetics & Other Toilet Preparations",operating,,COTY INC /,Consumer Staples,https://data.sec.gov/submissions/CIK0001024305.json,2026-09-15
ENRNQ,0001024401,ENRON CORP/OR/,6200,"Security & Commodity Brokers, Dealers, Exchanges & Services",operating,OR,ENRON OREGON CORP,Financials,https://data.sec.gov/submissions/CIK0001024401.json,2026-09-15
ROK,0001024478,"ROCKWELL AUTOMATION, INC",3829,"Measuring & Controlling Devices, NEC",operating,DE,ROCKWELL AUTOMATION INC; ROCKWELL  AUTOMATION INC; ROCKWELL INTERNATIONAL CORP; NEW ROCKWELL INTERNATIONAL CORP,Industrials,https://data.sec.gov/submissions/CIK0001024478.json,2026-09-15
FMCC,0001026214,FEDERAL HOME LOAN MORTGAGE CORP,6111,Federal & Federally-Sponsored Credit Agencies,operating,,,Financials,https://data.sec.gov/submissions/CIK0001026214.json,2026-09-15
FE,0001031296,FIRSTENERGY CORP,4911,Electric Services,operating,OH,,Utilities,https://data.sec.gov/submissions/CIK0001031296.json,2026-09-15
SLM,0001032033,SLM Corp,6141,Personal Credit Institutions,operating,DE,USA EDUCATION INC; SLM HOLDING CORP,Financials,https://data.sec.gov/submissions/CIK0001032033.json,2026-09-15
SRE,0001032208,SEMPRA,4932,Gas & Other Services Combined,operating,CA,SEMPRA ENERGY; MINERAL ENERGY CO,Utilities,https://data.sec.gov/submissions/CIK0001032208.json,2026-09-15
SBAC,0001034054,SBA COMMUNICATIONS CORP,6798,Real Estate Investment Trusts,operating,FL,,Real Estate,https://data.sec.gov/submissions/CIK0001034054.json,2026-09-15
VLO,0001035002,VALERO ENERGY CORP/TX,2911,Petroleum Refining,operating,DE,VALERO REFINING & MARKETING CO,Energy,https://data.sec.gov/submissions/CIK0001035002.json,2026-09-15
ISRG,0001035267,INTUITIVE SURGICAL INC,3842,"Orthopedic, Prosthetic & Surgical Appliances & Supplies",operating,DE,,Health Care,https://data.sec.gov/submissions/CIK0001035267.json,2026-09-15
ARE,0001035443,"ALEXANDRIA REAL ESTATE EQUITIES, INC.",6798,Real Estate Investment Trusts,operating,MD,"ALEXANDRIA REAL ESTATE EQUITIES, INC.; ALEXANDRIA REAL ESTATE EQUITIES INC",Real Estate,https://data.sec.gov/submissions/CIK0001035443.json,2026-09-15
PVN,0001035713,PROVIDIAN FINANCIAL CORP,6021,National Commercial Banks,operating,DE,PROVIDIAN BANCORP INC,Financials,https://data.sec.gov/submissions/CIK0001035713.json,2026-09-15
FIX,0001035983,COMFORT SYSTEMS USA INC,1731,Electrical Work,operating,,COMFORT SYSTEMS USA INC,Industrials,https://data.sec.gov/submissions/CIK0001035983.json,2026-09-15
RL,0001037038,RALPH LAUREN CORP,2320,"Men's & Boys' Furnishgs, Work Clothg, & Allied Garments",operating,DE,POLO RALPH LAUREN CORP,Consumer Discretionary,https://data.sec.gov/submissions/CIK0001037038.json,2026-09-15
BXP,0001037540,"BXP, Inc.",6798,Real Estate Investment Trusts,operating,DE,BOSTON PROPERTIES INC,Real Estate,https://data.sec.gov/submissions/CIK0001037540.json,2026-09-15
MTD,0001037646,METTLER TOLEDO INTERNATIONAL INC/,3826,Laboratory Analytical Instruments,operating,DE,MT INVESTORS INC/; METTLER TOLEDO INTERNATIONAL INC; MT INVESTORS INC,Health Care,https://data.sec.gov/submissions/CIK0001037646.json,2026-09-15
AME,0001037868,AMETEK INC/,3823,"Industrial Instruments For Measurement, Display, and Control",operating,DE,,Industrials,https://data.sec.gov/submissions/CIK0001037868.json,2026-09-15
EOP,0001038339,EQUITY OFFICE PROPERTIES TRUST,6798,Real Estate Investment Trusts,operating,MD,,Real Estate,https://data.sec.gov/submissions/CIK0001038339.json,2026-09-15
PXD,0001038357,PIONEER NATURAL RESOURCES CO,1311,Crude Petroleum & Natural Gas,operating,DE,,Energy,https://data.sec.gov/submissions/CIK0001038357.json,2026-09-15
OKE,0001039684,ONEOK INC /NEW/,4923,Natural Gas Transmisison & Distribution,operating,OK,ONEOK INC /NEW/; WAI INC,Energy,https://data.sec.gov/submissions/CIK0001039684.json,2026-09-15
SLG,0001040971,SL GREEN REALTY CORP,6798,Real Estate Investment Trusts,operating,MD,,Real Estate,https://data.sec.gov/submissions/CIK0001040971.json,2026-09-15
YUM,0001041061,YUM BRANDS INC,5812,Retail-Eating  Places,operating,NC,TRICON GLOBAL RESTAURANTS INC,Consumer Discretionary,https://data.sec.gov/submissions/CIK0001041061.json,2026-09-15
PWER,0001042825,POWER ONE INC,3679,"Electronic Components, NEC",operating,DE,,Information Technology,https://data.sec.gov/submissions/CIK0001042825.json,2026-09-15
CHRW,0001043277,"C. H. ROBINSON WORLDWIDE, INC.",4731,Arrangement of  Transportation of  Freight & Cargo,operating,DE,C H ROBINSON WORLDWIDE INC,Industrials,https://data.sec.gov/submissions/CIK0001043277.json,2026-09-15
JNPR,0001043604,JUNIPER NETWORKS INC,3576,Computer Communications Equipment,operating,DE,JUNIPER NETWORKS INC,Information Technology,https://data.sec.gov/submissions/CIK0001043604.json,2026-09-15
GRA,0001045309,W R GRACE & CO,2800,Chemicals & Allied Products,operating,DE,GRACE SPECIALTY CHEMICALS INC,Materials,https://data.sec.gov/submissions/CIK0001045309.json,2026-09-15
PLD,0001045609,"Prologis, Inc.",6798,Real Estate Investment Trusts,operating,MD,AMB PROPERTY CORP,Real Estate,https://data.sec.gov/submissions/CIK0001045609.json,2026-09-15
NVDA,0001045810,NVIDIA CORP,3674,Semiconductors & Related Devices,operating,DE,NVIDIA CORP/CA,Information Technology,https://data.sec.gov/submissions/CIK0001045810.json,2026-09-15
INGR,0001046257,Ingredion Inc,2040,Grain Mill Products,operating,DE,CORN PRODUCTS INTERNATIONAL INC,Consumer Staples,https://data.sec.gov/submissions/CIK0001046257.json,2026-09-15
RTN,0001047122,RAYTHEON CO/,3812,"Search, Detection, Navigation, Guidance, Aeronautical Sys",operating,DE,HE HOLDINGS INC,Industrials,https://data.sec.gov/submissions/CIK0001047122.json,2026-09-15
ED,0001047862,CONSOLIDATED EDISON INC,4931,Electric & Other Services Combined,operating,NY,,Utilities,https://data.sec.gov/submissions/CIK0001047862.json,2026-09-15
MAR,0001048286,MARRIOTT INTERNATIONAL INC /MD/,7011,Hotels & Motels,operating,DE,MARRIOTT INTERNATIONAL INC /MD/; NEW MARRIOTT MI INC,Consumer Discretionary,https://data.sec.gov/submissions/CIK0001048286.json,2026-09-15
FFIV,0001048695,"F5, INC.",3576,Computer Communications Equipment,operating,WA,"F5 NETWORKS, INC.; F5 NETWORKS INC",Information Technology,https://data.sec.gov/submissions/CIK0001048695.json,2026-09-15
FDX,0001048911,FEDEX CORP,4513,Air Courier Services,operating,DE,FDX CORP,Industrials,https://data.sec.gov/submissions/CIK0001048911.json,2026-09-15
PWR,0001050915,"QUANTA SERVICES, INC.",1731,Electrical Work,operating,DE,QUANTA SERVICES INC,Industrials,https://data.sec.gov/submissions/CIK0001050915.json,2026-09-15
CCI,0001051470,CROWN CASTLE INC.,6798,Real Estate Investment Trusts,operating,DE,CROWN CASTLE INTERNATIONAL CORP,Real Estate,https://data.sec.gov/submissions/CIK0001051470.json,2026-09-15
CVC,0001053112,CABLEVISION SYSTEMS CORP /NY,4841,Cable & Other Pay Television Services,operating,DE,CABLEVISIONS SYSTEM CORP /NY; CSC PARENT CORP,Communication Services,https://data.sec.gov/submissions/CIK0001053112.json,2026-09-15
AMT,0001053507,AMERICAN TOWER CORP /MA/,6798,Real Estate Investment Trusts,operating,DE,AMERICAN TOWER SYSTEMS CORP,Real Estate,https://data.sec.gov/submissions/CIK0001053507.json,2026-09-15
BRCM,0001054374,BROADCOM CORP,3674,Semiconductors & Related Devices,operating,CA,,Information Technology,https://data.sec.gov/submissions/CIK0001054374.json,2026-09-15
CVH,0001054833,COVENTRY HEALTH CARE INC,6324,Hospital & Medical Service Plans,operating,DE,,Health Care,https://data.sec.gov/submissions/CIK0001054833.json,2026-09-15
LLL,0001056239,L 3 COMMUNICATIONS HOLDINGS INC,3663,Radio & Tv Broadcasting & Communications Equipment,operating,DE,,Information Technology,https://data.sec.gov/submissions/CIK0001056239.json,2026-09-15
FII,0001056288,"FEDERATED HERMES, INC.",6282,Investment Advice,operating,PA,FEDERATED INVESTORS INC /PA/,Financials,https://data.sec.gov/submissions/CIK0001056288.json,2026-09-15
CSGP,0001057352,"COSTAR GROUP, INC.",7389,"Services-Business Services, NEC",operating,DE,"COSTAR GROUP, INC.; COSTAR GROUP INC; REALTY INFORMATION GROUP INC",Real Estate,https://data.sec.gov/submissions/CIK0001057352.json,2026-09-15
RX,0001058083,IMS HEALTH INC,7374,Services-Computer Processing & Data Preparation,operating,DE,,Information Technology,https://data.sec.gov/submissions/CIK0001058083.json,2026-09-15
CMG,0001058090,CHIPOTLE MEXICAN GRILL INC,5812,Retail-Eating  Places,operating,,,Consumer Discretionary,https://data.sec.gov/submissions/CIK0001058090.json,2026-09-15
CTSH,0001058290,COGNIZANT TECHNOLOGY SOLUTIONS CORP,7371,Services-Computer Programming Services,operating,,,Information Technology,https://data.sec.gov/submissions/CIK0001058290.json,2026-09-15
MCO,0001059556,MOODYS CORP /DE/,7320,"Services-Consumer Credit Reporting, Collection Agencies",operating,DE,DUN & BRADSTREET CORP /DE/; NEW DUN & BRADSTREET CORP,Financials,https://data.sec.gov/submissions/CIK0001059556.json,2026-09-15
RSG,0001060391,"REPUBLIC SERVICES, INC.",4953,Refuse Systems,operating,DE,REPUBLIC SERVICES INC,Industrials,https://data.sec.gov/submissions/CIK0001060391.json,2026-09-15
GX,0001061322,GLOBAL CROSSING LTD,4813,Telephone Communications (No Radiotelephone),operating,,,Communication Services,https://data.sec.gov/submissions/CIK0001061322.json,2026-09-15
CVG,0001062047,CONCENTRIX CVG Corp,7373,Services-Computer Integrated Systems Design,operating,DE,CONVERGYS CORP,Information Technology,https://data.sec.gov/submissions/CIK0001062047.json,2026-09-15
KSE,0001062379,KEYSPAN CORP,4924,Natural Gas Distribution,operating,NY,MARKETSPAN CORP,Energy,https://data.sec.gov/submissions/CIK0001062379.json,2026-09-15
SPG,0001063761,SIMON PROPERTY GROUP INC.,6798,Real Estate Investment Trusts,operating,IN,SIMON PROPERTY GROUP INC /DE/; CORPORATE PROPERTY INVESTORS INC,Real Estate,https://data.sec.gov/submissions/CIK0001063761.json,2026-09-15
BTUUQ,0001064728,PEABODY ENERGY CORP,1221,Bituminous Coal & Lignite Surface Mining,operating,DE,P&L COAL HOLDINGS CORP,Energy,https://data.sec.gov/submissions/CIK0001064728.json,2026-09-15
EBAY,0001065088,EBAY INC,7389,"Services-Business Services, NEC",operating,DE,,Consumer Discretionary,https://data.sec.gov/submissions/CIK0001065088.json,2026-09-15
NFLX,0001065280,NETFLIX INC,7841,Services-Video Tape Rental,operating,DE,NETFLIX COM INC,Communication Services,https://data.sec.gov/submissions/CIK0001065280.json,2026-09-15
LKQ,0001065696,LKQ CORP,5010,Wholesale-Motor Vehicles & Motor Vehicle Parts & Supplies,operating,DE,LKQ CORP,Industrials,https://data.sec.gov/submissions/CIK0001065696.json,2026-09-15
JNS,0001065865,JANUS CAPITAL GROUP INC,6282,Investment Advice,operating,DE,STILWELL FINANCIAL INC,Financials,https://data.sec.gov/submissions/CIK0001065865.json,2026-09-15
EP,0001066107,EL PASO LLC,4922,Natural Gas Transmission,operating,DE,EL PASO CORP/DE; EL PASO ENERGY CORP/DE,Energy,https://data.sec.gov/submissions/CIK0001066107.json,2026-09-15
COC.B,0001066806,CONOCOPHILLIPS HOLDING CO,2911,Petroleum Refining,operating,DE,CONOCO INC /DE,Energy,https://data.sec.gov/submissions/CIK0001066806.json,2026-09-15
ONE,0001067092,BANK ONE CORP,6021,National Commercial Banks,operating,DE,,Financials,https://data.sec.gov/submissions/CIK0001067092.json,2026-09-15
URI,0001067701,"UNITED RENTALS, INC.",7359,"Services-Equipment Rental & Leasing, NEC",operating,DE,UNITED RENTALS INC /DE,Industrials,https://data.sec.gov/submissions/CIK0001067701.json,2026-09-15
BRK.B,0001067983,BERKSHIRE HATHAWAY INC,6331,"Fire, Marine & Casualty Insurance",operating,DE,NBH INC,Financials,https://data.sec.gov/submissions/CIK0001067983.json,2026-09-15
AXON,0001069183,"AXON ENTERPRISE, INC.",3480,"Ordnance & Accessories, (No Vehicles/Guided Missiles)",operating,DE,TASER INTERNATIONAL INC,Industrials,https://data.sec.gov/submissions/CIK0001069183.json,2026-09-15
LII,0001069202,LENNOX INTERNATIONAL INC,3585,Air-Cond & Warm Air Heatg Equip & Comm & Indl Refrig Equip,operating,DE,,Industrials,https://data.sec.gov/submissions/CIK0001069202.json,2026-09-15
CNXT,0001069353,CONEXANT SYSTEMS INC,3674,Semiconductors & Related Devices,operating,DE,ROCKWELL SEMICONDUCTOR SYSTMES INC,Information Technology,https://data.sec.gov/submissions/CIK0001069353.json,2026-09-15
CNX,0001070412,CNX Resources Corp,1311,Crude Petroleum & Natural Gas,operating,DE,CONSOL ENERGY INC; CONSOL Energy Inc,Energy,https://data.sec.gov/submissions/CIK0001070412.json,2026-09-15
HST,0001070750,"HOST HOTELS & RESORTS, INC.",6798,Real Estate Investment Trusts,operating,MD,HOST MARRIOTT CORP/; HMC MERGER CORP,Real Estate,https://data.sec.gov/submissions/CIK0001070750.json,2026-09-15
CNC,0001071739,CENTENE CORP,6324,Hospital & Medical Service Plans,operating,DE,,Health Care,https://data.sec.gov/submissions/CIK0001071739.json,2026-09-15
DPHIQ,0001072342,DELPHI CORP,3714,Motor Vehicle Parts & Accessories,operating,DE,DELPHI AUTOMOTIVE SYSTEMS CORP,Consumer Discretionary,https://data.sec.gov/submissions/CIK0001072342.json,2026-09-15
USBC,0001074828,"USBC, Inc.",6199,Finance Services,operating,NV,"KNOW LABS, INC.; VISUALANT INC; Visualant, INC; STARBERRYS CORP; CIGAR KING CORP",Financials,https://data.sec.gov/submissions/CIK0001074828.json,2026-09-15
BKNG,0001075531,Booking Holdings Inc.,4700,Transportation Services,operating,DE,Priceline Group Inc.; PRICELINE COM INC,Consumer Discretionary,https://data.sec.gov/submissions/CIK0001075531.json,2026-09-15
PBG,0001076405,PEPSI BOTTLING GROUP INC,2080,Beverages,operating,DE,,Consumer Staples,https://data.sec.gov/submissions/CIK0001076405.json,2026-09-15
AKAM,0001086222,AKAMAI TECHNOLOGIES INC,7389,"Services-Business Services, NEC",operating,DE,,Information Technology,https://data.sec.gov/submissions/CIK0001086222.json,2026-09-15
RHT,0001087423,RED HAT INC,7370,"Services-Computer Programming, Data Processing, Etc.",operating,DE,,Information Technology,https://data.sec.gov/submissions/CIK0001087423.json,2026-09-15
PTV,0001089976,PACTIV LLC,2673,"Plastics, Foil & Coated Paper Bags",operating,DE,PACTIV CORP; TENNECO PACKAGING INC,Materials,https://data.sec.gov/submissions/CIK0001089976.json,2026-09-15
DVN,0001090012,DEVON ENERGY CORP/DE,1311,Crude Petroleum & Natural Gas,operating,DE,DEVON ENERGY CORP; DEVON DELAWARE CORP,Energy,https://data.sec.gov/submissions/CIK0001090012.json,2026-09-15
UPS,0001090727,UNITED PARCEL SERVICE INC,4210,Trucking & Courier Services (No Air),operating,DE,,Industrials,https://data.sec.gov/submissions/CIK0001090727.json,2026-09-15
A,0001090872,"AGILENT TECHNOLOGIES, INC.",3826,Laboratory Analytical Instruments,operating,DE,AGILENT TECHNOLOGIES INC,Health Care,https://data.sec.gov/submissions/CIK0001090872.json,2026-09-15
CHTR,0001091667,"CHARTER COMMUNICATIONS, INC. /MO/",4841,Cable & Other Pay Television Services,operating,,CHARTER COMMUNICATIONS INC /MO/,Communication Services,https://data.sec.gov/submissions/CIK0001091667.json,2026-09-15
DXCM,0001093557,DEXCOM INC,3841,Surgical & Medical Instruments & Apparatus,operating,DE,,Health Care,https://data.sec.gov/submissions/CIK0001093557.json,2026-09-15
PGN,0001094093,PROGRESS ENERGY INC,4911,Electric Services,operating,NC,CP&L ENERGY INC; CP&L HOLDINGS INC,Utilities,https://data.sec.gov/submissions/CIK0001094093.json,2026-09-15
TDY,0001094285,TELEDYNE TECHNOLOGIES INC,3812,"Search, Detection, Navigation, Guidance, Aeronautical Sys",operating,DE,,Information Technology,https://data.sec.gov/submissions/CIK0001094285.json,2026-09-15
EG,0001095073,"EVEREST GROUP, LTD.",6331,"Fire, Marine & Casualty Insurance",operating,D0,EVEREST RE GROUP LTD; EVEREST REINSURANCE GROUP LTD,Financials,https://data.sec.gov/submissions/CIK0001095073.json,2026-09-15
ALGN,0001097149,ALIGN TECHNOLOGY INC,3842,"Orthopedic, Prosthetic & Surgical Appliances & Supplies",operating,DE,,Health Care,https://data.sec.gov/submissions/CIK0001097149.json,2026-09-15
ON,0001097864,ON SEMICONDUCTOR CORP,3674,Semiconductors & Related Devices,operating,DE,SCG HOLDING CORP,Information Technology,https://data.sec.gov/submissions/CIK0001097864.json,2026-09-15
MET,0001099219,METLIFE INC,6311,Life Insurance,operating,DE,,Financials,https://data.sec.gov/submissions/CIK0001099219.json,2026-09-15
EW,0001099800,Edwards Lifesciences Corp,3842,"Orthopedic, Prosthetic & Surgical Appliances & Supplies",operating,DE,CVG CONTROLLED INC,Health Care,https://data.sec.gov/submissions/CIK0001099800.json,2026-09-15
PALM,0001100389,PALM INC,3575,Computer Terminals,operating,DE,PALMONE INC,Information Technology,https://data.sec.gov/submissions/CIK0001100389.json,2026-09-15
CRL,0001100682,"CHARLES RIVER LABORATORIES INTERNATIONAL, INC.",8731,Services-Commercial Physical & Biological Research,operating,,CHARLES RIVER LABORATORIES INTERNATIONAL INC; CHARLES RIVER LABORATORIES HOLDINGS INC,Health Care,https://data.sec.gov/submissions/CIK0001100682.json,2026-09-15
ADS,0001101215,"BREAD FINANCIAL HOLDINGS, INC.",6141,Personal Credit Institutions,operating,DE,ALLIANCE DATA SYSTEMS CORP,Financials,https://data.sec.gov/submissions/CIK0001101215.json,2026-09-15
EQIX,0001101239,EQUINIX INC,6798,Real Estate Investment Trusts,operating,DE,,Real Estate,https://data.sec.gov/submissions/CIK0001101239.json,2026-09-15
MDLZ,0001103982,"Mondelez International, Inc.",2000,Food and Kindred Products,operating,IL,KRAFT FOODS INC,Consumer Staples,https://data.sec.gov/submissions/CIK0001103982.json,2026-09-15
TWX,0001105705,"WARNER MEDIA, LLC",4841,Cable & Other Pay Television Services,operating,,TIME WARNER LLC; TIME WARNER INC.; TIME WARNER INC; AOL TIME WARNER INC,Communication Services,https://data.sec.gov/submissions/CIK0001105705.json,2026-09-15
BBT,0001108134,Beacon Financial Corp,6036,"Savings Institutions, Not Federally Chartered",operating,DE,BERKSHIRE HILLS BANCORP INC,Financials,https://data.sec.gov/submissions/CIK0001108134.json,2026-09-15
CRM,0001108524,"Salesforce, Inc.",7372,Services-Prepackaged Software,operating,DE,"SALESFORCE.COM, INC.; SALESFORCE COM INC",Information Technology,https://data.sec.gov/submissions/CIK0001108524.json,2026-09-15
QEP,0001108827,"QEP RESOURCES, INC.",1311,Crude Petroleum & Natural Gas,operating,DE,QUESTAR MARKET RESOURCES INC,Energy,https://data.sec.gov/submissions/CIK0001108827.json,2026-09-15
EXC,0001109357,EXELON CORP,4931,Electric & Other Services Combined,operating,PA,,Utilities,https://data.sec.gov/submissions/CIK0001109357.json,2026-09-15
MON,0001110783,MONSANTO CO /NEW/,2870,Agricultural Chemicals,operating,DE,,Materials,https://data.sec.gov/submissions/CIK0001110783.json,2026-09-15
ILMN,0001110803,"ILLUMINA, INC.",3826,Laboratory Analytical Instruments,operating,DE,ILLUMINA INC,Health Care,https://data.sec.gov/submissions/CIK0001110803.json,2026-09-15
VSTNQ,0001111335,VISTEON CORP,3714,Motor Vehicle Parts & Accessories,operating,DE,,Consumer Discretionary,https://data.sec.gov/submissions/CIK0001111335.json,2026-09-15
NI,0001111711,NISOURCE INC.,4931,Electric & Other Services Combined,operating,DE,NISOURCE INC/DE; NEW NISOURCE INC,Utilities,https://data.sec.gov/submissions/CIK0001111711.json,2026-09-15
IPGP,0001111928,IPG PHOTONICS CORP,3674,Semiconductors & Related Devices,operating,DE,,Information Technology,https://data.sec.gov/submissions/CIK0001111928.json,2026-09-15
TROW,0001113169,PRICE T ROWE GROUP INC,6282,Investment Advice,operating,MD,,Financials,https://data.sec.gov/submissions/CIK0001113169.json,2026-09-15
DNB,0001115222,DUN & BRADSTREET CORP/NW,7320,"Services-Consumer Credit Reporting, Collection Agencies",operating,DE,NEW D&B CORP,Financials,https://data.sec.gov/submissions/CIK0001115222.json,2026-09-15
TPR,0001116132,"TAPESTRY, INC.",3100,Leather & Leather Products,operating,MD,COACH INC,Consumer Discretionary,https://data.sec.gov/submissions/CIK0001116132.json,2026-09-15
AV,0001116521,AVAYA INC,3661,Telephone & Telegraph Apparatus,operating,DE,LUCENT EN CORP,Information Technology,https://data.sec.gov/submissions/CIK0001116521.json,2026-09-15
NDAQ,0001120193,"NASDAQ, INC.",6200,"Security & Commodity Brokers, Dealers, Exchanges & Services",operating,DE,"NASDAQ OMX GROUP, INC.; NASDAQ STOCK MARKET INC",Financials,https://data.sec.gov/submissions/CIK0001120193.json,2026-09-15
GRMN,0001121788,GARMIN LTD,3812,"Search, Detection, Navigation, Guidance, Aeronautical Sys",operating,V8,,Consumer Discretionary,https://data.sec.gov/submissions/CIK0001121788.json,2026-09-15
AET,0001122304,AETNA INC /PA/,6324,Hospital & Medical Service Plans,operating,PA,AETNA U S HEALTHCARE INC,Health Care,https://data.sec.gov/submissions/CIK0001122304.json,2026-09-15
GPN,0001123360,GLOBAL PAYMENTS INC,7389,"Services-Business Services, NEC",operating,GA,,Financials,https://data.sec.gov/submissions/CIK0001123360.json,2026-09-15
FLR,0001124198,FLUOR CORP,1600,Heavy Construction Other Than Bldg Const - Contractors,operating,DE,,Industrials,https://data.sec.gov/submissions/CIK0001124198.json,2026-09-15
PFG,0001126328,PRINCIPAL FINANCIAL GROUP INC,6321,Accident & Health Insurance,operating,DE,,Financials,https://data.sec.gov/submissions/CIK0001126328.json,2026-09-15
CNP,0001130310,CENTERPOINT ENERGY INC,4911,Electric Services,operating,TX,CENTERPOINT ENERGY INC; RELIANT ENERGY REGCO INC,Utilities,https://data.sec.gov/submissions/CIK0001130310.json,2026-09-15
BBBY,0001130713,"NEIGHBORHOOD INTELLIGENCE, INC.",5961,Retail-Catalog & Mail-Order Houses,operating,DE,"BED BATH & BEYOND, INC.; BEYOND, INC.; OVERSTOCK.COM, INC; OVERSTOCK COM INC",Consumer Discretionary,https://data.sec.gov/submissions/CIK0001130713.json,2026-09-15
NOC,0001133421,NORTHROP GRUMMAN CORP /DE/,3812,"Search, Detection, Navigation, Guidance, Aeronautical Sys",operating,,NNG INC,Industrials,https://data.sec.gov/submissions/CIK0001133421.json,2026-09-15
POM,0001135971,PEPCO HOLDINGS LLC,4931,Electric & Other Services Combined,operating,DE,PEPCO HOLDINGS INC; NEW RC INC,Utilities,https://data.sec.gov/submissions/CIK0001135971.json,2026-09-15
ZBH,0001136869,"ZIMMER BIOMET HOLDINGS, INC.",3842,"Orthopedic, Prosthetic & Surgical Appliances & Supplies",operating,DE,ZIMMER HOLDINGS INC,Health Care,https://data.sec.gov/submissions/CIK0001136869.json,2026-09-15
FIS,0001136893,"Fidelity National Information Services, Inc.",7389,"Services-Business Services, NEC",operating,,CERTEGY INC; EQUIFAX PS INC,Financials,https://data.sec.gov/submissions/CIK0001136893.json,2026-09-15
COL,0001137411,ROCKWELL COLLINS INC,3728,"Aircraft Parts & Auxiliary Equipment, NEC",operating,DE,NEW ROCKWELL COLLINS INC,Industrials,https://data.sec.gov/submissions/CIK0001137411.json,2026-09-15
PRU,0001137774,PRUDENTIAL FINANCIAL INC,6311,Life Insurance,operating,NJ,,Financials,https://data.sec.gov/submissions/CIK0001137774.json,2026-09-15
STX,0001137789,Seagate Technology Holdings plc,3572,Computer Storage Devices,operating,,Seagate Technology plc; SEAGATE TECHNOLOGY; Seagate Technology; SEAGATE TECHNOLOGY HOLDINGS,Information Technology,https://data.sec.gov/submissions/CIK0001137789.json,2026-09-15
CBRE,0001138118,"CBRE GROUP, INC.",6500,Real Estate,operating,DE,CB RICHARD ELLIS GROUP INC; CB RICHARD ELLIS SERVICES INC; CBRE HOLDING INC,Real Estate,https://data.sec.gov/submissions/CIK0001138118.json,2026-09-15
AWE,0001138234,"NEW CINGULAR WIRELESS SERVICES, INC.",4812,Radiotelephone Communications,operating,DE,AT&T WIRELESS SERVICES INC,Communication Services,https://data.sec.gov/submissions/CIK0001138234.json,2026-09-15
WLTW,0001140536,WILLIS TOWERS WATSON PLC,6411,"Insurance Agents, Brokers & Service",operating,L2,WILLIS GROUP HOLDINGS PLC; WILLIS GROUP HOLDINGS LTD,,https://data.sec.gov/submissions/CIK0001140536.json,2026-09-15
COR,0001140859,"Cencora, Inc.",5122,"Wholesale-Drugs, Proprietaries & Druggists' Sundries",operating,DE,AMERISOURCEBERGEN CORP; AMERISOURCE BERGEN CORP,Health Care,https://data.sec.gov/submissions/CIK0001140859.json,2026-09-15
KMG_B,0001141185,KERR MCGEE CORP /DE,1311,Crude Petroleum & Natural Gas,operating,DE,KERR MCGEE HOLDCO INC,,https://data.sec.gov/submissions/CIK0001141185.json,2026-09-15
MA,0001141391,Mastercard Inc,7389,"Services-Business Services, NEC",operating,DE,,Financials,https://data.sec.gov/submissions/CIK0001141391.json,2026-09-15
CBE,0001141982,Cooper Industries plc,3670,Electronic Components & Accessories,operating,,COOPER INDUSTRIES LTD,Information Technology,https://data.sec.gov/submissions/CIK0001141982.json,2026-09-15
AYI,0001144215,ACUITY INC. (DE),3640,Electric Lighting & Wiring Equipment,operating,DE,ACUITY BRANDS INC; L&C SPINCO INC,Information Technology,https://data.sec.gov/submissions/CIK0001144215.json,2026-09-15
PODD,0001145197,INSULET CORP,3841,Surgical & Medical Instruments & Apparatus,operating,DE,,Health Care,https://data.sec.gov/submissions/CIK0001145197.json,2026-09-15
ELV,0001156039,"Elevance Health, Inc.",6324,Hospital & Medical Service Plans,operating,IN,"Anthem, Inc.; WELLPOINT, INC; WELLPOINT INC; ANTHEM INC",Health Care,https://data.sec.gov/submissions/CIK0001156039.json,2026-09-15
CME,0001156375,CME GROUP INC.,6200,"Security & Commodity Brokers, Dealers, Exchanges & Services",operating,DE,CHICAGO MERCANTILE EXCHANGE HOLDINGS INC,Financials,https://data.sec.gov/submissions/CIK0001156375.json,2026-09-15
ASN,0001156826,ARCHSTONE SMITH TRUST,6798,Real Estate Investment Trusts,operating,MD,,Real Estate,https://data.sec.gov/submissions/CIK0001156826.json,2026-09-15
AAP,0001158449,ADVANCE AUTO PARTS INC,5531,Retail-Auto & Home Supply Stores,operating,DE,,Consumer Discretionary,https://data.sec.gov/submissions/CIK0001158449.json,2026-09-15
MWV,0001159297,MEADWESTVACO Corp,2621,Paper Mills,operating,DE,MW HOLDING CORP,Materials,https://data.sec.gov/submissions/CIK0001159297.json,2026-09-15
COP,0001163165,CONOCOPHILLIPS,2911,Petroleum Refining,operating,DE,CORVETTEPORSCHE CORP,Energy,https://data.sec.gov/submissions/CIK0001163165.json,2026-09-15
X,0001163302,UNITED STATES STEEL CORP,3312,"Steel Works, Blast Furnaces & Rolling Mills (Coke Ovens)",operating,DE,UNITED STATES STEEL LLC,Materials,https://data.sec.gov/submissions/CIK0001163302.json,2026-09-15
NBR,0001163739,NABORS INDUSTRIES LTD,1381,Drilling Oil & Gas Wells,operating,D0,,Energy,https://data.sec.gov/submissions/CIK0001163739.json,2026-09-15
NEM,0001164727,NEWMONT Corp /DE/,1040,Gold and Silver Ores,operating,DE,NEWMONT GOLDCORP CORP /DE/; NEWMONT MINING CORP /DE/; DELTA HOLDCO CORP,Materials,https://data.sec.gov/submissions/CIK0001164727.json,2026-09-15
JCP,0001166126,"Old COPPER Company, Inc.",5311,Retail-Department Stores,operating,DE,J C PENNEY CO INC,Consumer Discretionary,https://data.sec.gov/submissions/CIK0001166126.json,2026-09-15
TEN,0001166663,TSAKOS ENERGY NAVIGATION LTD,4412,Deep Sea Foreign Transportation of  Freight,other,J3,,Industrials,https://data.sec.gov/submissions/CIK0001166663.json,2026-09-15
CMCSA,0001166691,COMCAST CORP,4841,Cable & Other Pay Television Services,operating,PA,AT&T COMCAST CORP,Communication Services,https://data.sec.gov/submissions/CIK0001166691.json,2026-09-15
XEC,0001168054,CIMAREX ENERGY CO,1311,Crude Petroleum & Natural Gas,operating,DE,HELMERICH & PAYNE EXPLORATION & PRODUCTION CO,Energy,https://data.sec.gov/submissions/CIK0001168054.json,2026-09-15
KMX,0001170010,CARMAX INC,5500,Retail-Auto Dealers & Gasoline Stations,operating,VA,,Consumer Discretionary,https://data.sec.gov/submissions/CIK0001170010.json,2026-09-15
WFT,0001170565,WEATHERFORD INTERNATIONAL LTD,1381,Drilling Oil & Gas Wells,operating,D0,,Energy,https://data.sec.gov/submissions/CIK0001170565.json,2026-09-15
MHS,0001170650,MEDCO HEALTH SOLUTIONS INC,5912,Retail-Drug Stores and Proprietary Stores,operating,DE,MERCK MEDCO MANAGED CARE LLC,Consumer Staples,https://data.sec.gov/submissions/CIK0001170650.json,2026-09-15
CITGQ,0001171825,CIT GROUP INC,6021,National Commercial Banks,operating,DE,CIT GROUP INC DEL,Financials,https://data.sec.gov/submissions/CIK0001171825.json,2026-09-15
WYNN,0001174922,WYNN RESORTS LTD,7011,Hotels & Motels,operating,,,Consumer Discretionary,https://data.sec.gov/submissions/CIK0001174922.json,2026-09-15
CPAY,0001175454,"CORPAY, INC.",7389,"Services-Business Services, NEC",operating,DE,FLEETCOR TECHNOLOGIES INC,Financials,https://data.sec.gov/submissions/CIK0001175454.json,2026-09-15
ARES,0001176948,Ares Management Corp,6282,Investment Advice,operating,DE,ARES MANAGEMENT LP,Financials,https://data.sec.gov/submissions/CIK0001176948.json,2026-09-15
MOH,0001179929,"MOLINA HEALTHCARE, INC.",6324,Hospital & Medical Service Plans,operating,DE,MOLINA HEALTHCARE INC,Health Care,https://data.sec.gov/submissions/CIK0001179929.json,2026-09-15
CCK,0001219601,"CROWN HOLDINGS, INC.",3411,Metal Cans,operating,PA,CROWN HOLDINGS INC,Industrials,https://data.sec.gov/submissions/CIK0001219601.json,2026-09-15
GLD,0001222333,SPDR GOLD TRUST,6221,Commodity Contracts Brokers & Dealers,operating,,streetTRACKS GOLD TRUST; EQUITY GOLD TRUST,Financials,https://data.sec.gov/submissions/CIK0001222333.json,2026-09-15
TDG,0001260221,TransDigm Group INC,3728,"Aircraft Parts & Auxiliary Equipment, NEC",operating,DE,TD HOLDING CORP,Industrials,https://data.sec.gov/submissions/CIK0001260221.json,2026-09-15
FTNT,0001262039,"Fortinet, Inc.",3577,"Computer Peripheral Equipment, NEC",operating,DE,FORTINET INC,Information Technology,https://data.sec.gov/submissions/CIK0001262039.json,2026-09-15
AIZ,0001267238,"ASSURANT, INC.",6399,"Insurance Carriers, NEC",operating,DE,ASSURANT INC,Financials,https://data.sec.gov/submissions/CIK0001267238.json,2026-09-15
FSL,0001272547,FREESCALE SEMICONDUCTOR INC,3674,Semiconductors & Related Devices,operating,DE,SPS SPINCO INC,Information Technology,https://data.sec.gov/submissions/CIK0001272547.json,2026-09-15
GTE,0001273441,GRAN TIERRA ENERGY INC.,1311,Crude Petroleum & Natural Gas,operating,DE,"GRAN TIERRA ENERGY, INC.; GOLDSTRIKE INC; GOLKSTRIKE INC",Energy,https://data.sec.gov/submissions/CIK0001273441.json,2026-09-15
HSP,0001274057,HOSPIRA INC,2834,Pharmaceutical Preparations,operating,DE,,Health Care,https://data.sec.gov/submissions/CIK0001274057.json,2026-09-15
FSLR,0001274494,"FIRST SOLAR, INC.",3674,Semiconductors & Related Devices,operating,DE,FIRST SOLAR HOLDINGS LLC,Information Technology,https://data.sec.gov/submissions/CIK0001274494.json,2026-09-15
RAI_B,0001275283,REYNOLDS AMERICAN INC,2111,Cigarettes,operating,,,,https://data.sec.gov/submissions/CIK0001275283.json,2026-09-15
GNW,0001276520,GENWORTH FINANCIAL INC,6311,Life Insurance,operating,DE,,Financials,https://data.sec.gov/submissions/CIK0001276520.json,2026-09-15
MKTX,0001278021,MARKETAXESS HOLDINGS INC,6211,"Security Brokers, Dealers & Flotation Companies",operating,,MARKETAXESS HOLDINGS INC; MARKETAXESS HOLDING INC,Financials,https://data.sec.gov/submissions/CIK0001278021.json,2026-09-15
WCG,0001279363,"WELLCARE HEALTH PLANS, INC.",6324,Hospital & Medical Service Plans,operating,DE,WELLCARE GROUP INC,Health Care,https://data.sec.gov/submissions/CIK0001279363.json,2026-09-15
MPWR,0001280452,"MONOLITHIC POWER SYSTEMS, INC.",3674,Semiconductors & Related Devices,operating,DE,MONOLITHIC POWER SYSTEMS INC,Information Technology,https://data.sec.gov/submissions/CIK0001280452.json,2026-09-15
RF,0001281761,REGIONS FINANCIAL CORP,6021,National Commercial Banks,operating,DE,NEW REGIONS FINANCIAL CORP,Financials,https://data.sec.gov/submissions/CIK0001281761.json,2026-09-15
WIN,0001282266,"WINDSTREAM HOLDINGS, INC.",4813,Telephone Communications (No Radiotelephone),operating,,WINDSTREAM CORP; VALOR COMMUNICATIONS GROUP INC,Communication Services,https://data.sec.gov/submissions/CIK0001282266.json,2026-09-15
TMUS,0001283699,"T-Mobile US, Inc.",4812,Radiotelephone Communications,operating,DE,METROPCS COMMUNICATIONS INC,Communication Services,https://data.sec.gov/submissions/CIK0001283699.json,2026-09-15
MOS,0001285785,MOSAIC CO,2870,Agricultural Chemicals,operating,,GLOBAL NUTRITION SOLUTIONS INC,Materials,https://data.sec.gov/submissions/CIK0001285785.json,2026-09-15
DPZ,0001286681,DOMINOS PIZZA INC,5140,Wholesale-Groceries & Related Products,operating,DE,,Consumer Discretionary,https://data.sec.gov/submissions/CIK0001286681.json,2026-09-15
ENS,0001289308,EnerSys,3690,"Miscellaneous Electrical Machinery, Equipment & Supplies",operating,DE,,Industrials,https://data.sec.gov/submissions/CIK0001289308.json,2026-09-15
EXR,0001289490,Extra Space Storage Inc.,6798,Real Estate Investment Trusts,operating,MD,,Real Estate,https://data.sec.gov/submissions/CIK0001289490.json,2026-09-15
DLR,0001297996,"DIGITAL REALTY TRUST, INC.",6798,Real Estate Investment Trusts,operating,MD,,Real Estate,https://data.sec.gov/submissions/CIK0001297996.json,2026-09-15
LVS,0001300514,LAS VEGAS SANDS CORP,7011,Hotels & Motels,operating,NV,,Consumer Discretionary,https://data.sec.gov/submissions/CIK0001300514.json,2026-09-15
ANRZQ,0001301063,"Alpha Natural Resources, Inc.",1221,Bituminous Coal & Lignite Surface Mining,operating,DE,"Foundation Coal Holdings, Inc.",Energy,https://data.sec.gov/submissions/CIK0001301063.json,2026-09-15
CE,0001306830,Celanese Corp,2820,"Plastic Material, Synth Resin/Rubber, Cellulos (No Glass)",operating,DE,,Materials,https://data.sec.gov/submissions/CIK0001306830.json,2026-09-15
SHLD,0001310067,SEARS HOLDINGS CORP,5311,Retail-Department Stores,operating,DE,,Consumer Discretionary,https://data.sec.gov/submissions/CIK0001310067.json,2026-09-15
BLDR,0001316835,"Builders FirstSource, Inc.",5211,Retail-Lumber & Other Building Materials Dealers,operating,DE,,Industrials,https://data.sec.gov/submissions/CIK0001316835.json,2026-09-15
TSLA,0001318605,"Tesla, Inc.",3711,Motor Vehicles & Passenger Car Bodies,operating,TX,TESLA MOTORS INC,Consumer Discretionary,https://data.sec.gov/submissions/CIK0001318605.json,2026-09-15
FMY,0001319183,FIRST TRUST MORTGAGE INCOME FUND,,,other,,FIRST TRUST/FIDAC MORTGAGE INCOME FUND,,https://data.sec.gov/submissions/CIK0001319183.json,2026-09-15
PLTR,0001321655,Palantir Technologies Inc.,7372,Services-Prepackaged Software,operating,,Palantir Technologies Inc,Information Technology,https://data.sec.gov/submissions/CIK0001321655.json,2026-09-15
CF,0001324404,"CF Industries Holdings, Inc.",2870,Agricultural Chemicals,operating,DE,,Materials,https://data.sec.gov/submissions/CIK0001324404.json,2026-09-15
EXPE,0001324424,"Expedia Group, Inc.",4700,Transportation Services,operating,DE,"Expedia, Inc.",Consumer Discretionary,https://data.sec.gov/submissions/CIK0001324424.json,2026-09-15
DUK,0001326160,Duke Energy CORP,4931,Electric & Other Services Combined,operating,DE,Duke Energy Holding Corp.; Deer Holding Corp.,Utilities,https://data.sec.gov/submissions/CIK0001326160.json,2026-09-15
GME,0001326380,GameStop Corp.,5734,Retail-Computer & Computer Software Stores,operating,DE,GSC Holdings Corp.,Consumer Discretionary,https://data.sec.gov/submissions/CIK0001326380.json,2026-09-15
META,0001326801,"Meta Platforms, Inc.",7370,"Services-Computer Programming, Data Processing, Etc.",operating,DE,Facebook Inc,Communication Services,https://data.sec.gov/submissions/CIK0001326801.json,2026-09-15
PANW,0001327567,Palo Alto Networks Inc,3577,"Computer Peripheral Equipment, NEC",operating,DE,Palo Alto Networks Inc,Information Technology,https://data.sec.gov/submissions/CIK0001327567.json,2026-09-15
WDAY,0001327811,"Workday, Inc.",7374,Services-Computer Processing & Data Preparation,operating,DE,Workday Inc; North Tahoe Power Tools Inc,Information Technology,https://data.sec.gov/submissions/CIK0001327811.json,2026-09-15
LYV,0001335258,"Live Nation Entertainment, Inc.",7900,Services-Amusement & Recreation Services,operating,DE,"Live Nation, Inc.; CCE Spinco, Inc.",Communication Services,https://data.sec.gov/submissions/CIK0001335258.json,2026-09-15
UAA,0001336917,"Under Armour, Inc.",2300,Apparel & Other Finishd Prods of  Fabrics & Similar Matl,operating,MD,,Consumer Discretionary,https://data.sec.gov/submissions/CIK0001336917.json,2026-09-15
LDOS,0001336920,"Leidos Holdings, Inc.",7373,Services-Computer Integrated Systems Design,operating,,"SAIC, Inc.",Industrials,https://data.sec.gov/submissions/CIK0001336920.json,2026-09-15
VIAB,0001339947,Viacom Inc.,4841,Cable & Other Pay Television Services,operating,DE,New Viacom Corp.,Communication Services,https://data.sec.gov/submissions/CIK0001339947.json,2026-09-15
ORCL,0001341439,ORACLE CORP,7372,Services-Prepackaged Software,operating,,Ozark Holding Inc.,Information Technology,https://data.sec.gov/submissions/CIK0001341439.json,2026-09-15
TX,0001342874,Ternium S.A.,3312,"Steel Works, Blast Furnaces & Rolling Mills (Coke Ovens)",other,N4,,Materials,https://data.sec.gov/submissions/CIK0001342874.json,2026-09-15
PAC,0001347557,Pacific Airport Group,4581,"Airports, Flying Fields & Airport Terminal Services",other,O5,,Industrials,https://data.sec.gov/submissions/CIK0001347557.json,2026-09-15
EPAM,0001352010,"EPAM Systems, Inc.",7371,Services-Computer Programming Services,operating,DE,EPAM SYSTEMS INC,Information Technology,https://data.sec.gov/submissions/CIK0001352010.json,2026-09-15
CXO,0001358071,CONCHO RESOURCES INC,1311,Crude Petroleum & Natural Gas,operating,DE,CONCO RESOURCES INC,Energy,https://data.sec.gov/submissions/CIK0001358071.json,2026-09-15
HBI,0001359841,Hanesbrands Inc.,5600,Retail-Apparel & Accessory Stores,operating,MD,Hanesbrands Inc.,Consumer Discretionary,https://data.sec.gov/submissions/CIK0001359841.json,2026-09-15
WYND,0001361658,Travel & Leisure Co.,7011,Hotels & Motels,operating,DE,"Travel & Leisure Co.; Wyndham Destinations, Inc.; WYNDHAM WORLDWIDE CORP",Consumer Discretionary,https://data.sec.gov/submissions/CIK0001361658.json,2026-09-15
WU,0001365135,Western Union CO,7389,"Services-Business Services, NEC",operating,DE,,Industrials,https://data.sec.gov/submissions/CIK0001365135.json,2026-09-15
NYX,0001368007,NYSE Euronext,6200,"Security & Commodity Brokers, Dealers, Exchanges & Services",operating,DE,"NYSE Euronext, Inc.",Financials,https://data.sec.gov/submissions/CIK0001368007.json,2026-09-15
ETSY,0001370637,ETSY INC,7389,"Services-Business Services, NEC",operating,DE,,Consumer Discretionary,https://data.sec.gov/submissions/CIK0001370637.json,2026-09-15
NOW,0001373715,"ServiceNow, Inc.",7372,Services-Prepackaged Software,operating,DE,SERVICE-NOW.COM,Information Technology,https://data.sec.gov/submissions/CIK0001373715.json,2026-09-15
SE,0001373835,Spectra Energy Corp.,4923,Natural Gas Transmisison & Distribution,operating,DE,"Gas SpinCo, Inc.",Energy,https://data.sec.gov/submissions/CIK0001373835.json,2026-09-15
CBOE,0001374310,"Cboe Global Markets, Inc.",6200,"Security & Commodity Brokers, Dealers, Exchanges & Services",operating,DE,"CBOE Holdings, Inc.",Financials,https://data.sec.gov/submissions/CIK0001374310.json,2026-09-15
SMCI,0001375365,"Super Micro Computer, Inc.",3571,Electronic Computers,operating,CA,,Information Technology,https://data.sec.gov/submissions/CIK0001375365.json,2026-09-15
TWC,0001377013,"SPECTRUM MANAGEMENT HOLDING COMPANY, LLC",4841,Cable & Other Pay Television Services,operating,DE,TIME WARNER CABLE INC.,Communication Services,https://data.sec.gov/submissions/CIK0001377013.json,2026-09-15
PBCT,0001378946,"People's United Financial, Inc.",6035,"Savings Institution, Federally Chartered",operating,DE,,Financials,https://data.sec.gov/submissions/CIK0001378946.json,2026-09-15
IBKR,0001381197,"Interactive Brokers Group, Inc.",6211,"Security Brokers, Dealers & Flotation Companies",operating,DE,,Financials,https://data.sec.gov/submissions/CIK0001381197.json,2026-09-15
BR,0001383312,"BROADRIDGE FINANCIAL SOLUTIONS, INC.",7389,"Services-Business Services, NEC",operating,DE,"BROADRIDGE FINANCIAL SOLUTIONS, INC.; BROADRIDGE FINANCIAL SOLUTIONS, LLC; BSG LLC",Industrials,https://data.sec.gov/submissions/CIK0001383312.json,2026-09-15
TEL,0001385157,TE Connectivity plc,5065,"Wholesale-Electronic Parts & Equipment, NEC",operating,,TE Connectivity Ltd.; Tyco Electronics Ltd.,Information Technology,https://data.sec.gov/submissions/CIK0001385157.json,2026-09-15
COV,0001385187,Covidien plc,3841,Surgical & Medical Instruments & Apparatus,operating,,Covidien Ltd.; Tyco Healthcare Ltd.,Health Care,https://data.sec.gov/submissions/CIK0001385187.json,2026-09-15
TRGP,0001389170,Targa Resources Corp.,4922,Natural Gas Transmission,operating,,Targa Resources Corp.; Targa Resources Investments Inc.,Energy,https://data.sec.gov/submissions/CIK0001389170.json,2026-09-15
BNY,0001390777,Bank of New York Mellon Corp,6022,State Commercial Banks,operating,DE,,Financials,https://data.sec.gov/submissions/CIK0001390777.json,2026-09-15
VEEV,0001393052,VEEVA SYSTEMS INC,7372,Services-Prepackaged Software,operating,DE,VERTICALS ONDEMAND INC,Health Care,https://data.sec.gov/submissions/CIK0001393052.json,2026-09-15
PSA,0001393311,Public Storage,6798,Real Estate Investment Trusts,operating,MD,,Real Estate,https://data.sec.gov/submissions/CIK0001393311.json,2026-09-15
DFS,0001393612,Discover Financial Services,6141,Personal Credit Institutions,operating,DE,,Financials,https://data.sec.gov/submissions/CIK0001393612.json,2026-09-15
BX,0001393818,Blackstone Inc.,6282,Investment Advice,operating,DE,Blackstone Inc; Blackstone Group Inc; Blackstone Group L.P.,Financials,https://data.sec.gov/submissions/CIK0001393818.json,2026-09-15
VMC,0001396009,Vulcan Materials CO,1400,Mining & Quarrying of  Nonmetallic Minerals (No Fuels),operating,NJ,"Virginia Holdco, Inc.",Materials,https://data.sec.gov/submissions/CIK0001396009.json,2026-09-15
LULU,0001397187,lululemon athletica inc.,2300,Apparel & Other Finishd Prods of  Fabrics & Similar Matl,operating,DE,Lululemon Corp.,Consumer Discretionary,https://data.sec.gov/submissions/CIK0001397187.json,2026-09-15
G,0001398659,Genpact LTD,8742,Services-Management Consulting Services,operating,D0,,Industrials,https://data.sec.gov/submissions/CIK0001398659.json,2026-09-15
MI,0001399315,MARSHALL & ILSLEY CORP,6022,State Commercial Banks,operating,WI,NEW M&I CORP,Financials,https://data.sec.gov/submissions/CIK0001399315.json,2026-09-15
CDW,0001402057,CDW Corp,5961,Retail-Catalog & Mail-Order Houses,operating,DE,"VH Holdings, Inc.",Information Technology,https://data.sec.gov/submissions/CIK0001402057.json,2026-09-15
V,0001403161,VISA INC.,7389,"Services-Business Services, NEC",operating,DE,,Financials,https://data.sec.gov/submissions/CIK0001403161.json,2026-09-15
ULTA,0001403568,"Ulta Beauty, Inc.",5990,"Retail-Retail Stores, NEC",operating,,"Ulta Salon, Cosmetics & Fragrance, Inc.",Consumer Discretionary,https://data.sec.gov/submissions/CIK0001403568.json,2026-09-15
KKR,0001404912,KKR & Co. Inc.,6282,Investment Advice,operating,,KKR & Co. L.P.,Financials,https://data.sec.gov/submissions/CIK0001404912.json,2026-09-15
MSCI,0001408198,MSCI Inc.,7389,"Services-Business Services, NEC",operating,DE,,Financials,https://data.sec.gov/submissions/CIK0001408198.json,2026-09-15
AWK,0001410636,"American Water Works Company, Inc.",4941,Water Supply,operating,DE,,Utilities,https://data.sec.gov/submissions/CIK0001410636.json,2026-09-15
PM,0001413329,Philip Morris International Inc.,2111,Cigarettes,operating,VA,,Consumer Staples,https://data.sec.gov/submissions/CIK0001413329.json,2026-09-15
NXPI,0001413447,NXP Semiconductors N.V.,3674,Semiconductors & Related Devices,operating,,KASLION Acquisition B.V.,Information Technology,https://data.sec.gov/submissions/CIK0001413447.json,2026-09-15
SATS,0001415404,EchoStar CORP,4899,"Communications Services, NEC",operating,NV,EchoStar Holding CORP,Communication Services,https://data.sec.gov/submissions/CIK0001415404.json,2026-09-15
TWTR,0001418091,"TWITTER, INC.",7370,"Services-Computer Programming, Data Processing, Etc.",operating,DE,Twitter Inc,Communication Services,https://data.sec.gov/submissions/CIK0001418091.json,2026-09-15
KDP,0001418135,Keurig Dr Pepper Inc.,2080,Beverages,operating,DE,"Dr Pepper Snapple Group, Inc.; CSAB Inc.",Consumer Staples,https://data.sec.gov/submissions/CIK0001418135.json,2026-09-15
SEDG,0001419612,"SOLAREDGE TECHNOLOGIES, INC.",3674,Semiconductors & Related Devices,operating,DE,SolarEdge Technologies Inc,Information Technology,https://data.sec.gov/submissions/CIK0001419612.json,2026-09-15
BNL,0001424182,"Broadstone Net Lease, Inc.",6798,Real Estate Investment Trusts,operating,,Broadstone Net Lease Inc,Real Estate,https://data.sec.gov/submissions/CIK0001424182.json,2026-09-15
LO,0001424847,"LORILLARD, LLC",2111,Cigarettes,operating,DE,"LORILLARD, INC.",Consumer Staples,https://data.sec.gov/submissions/CIK0001424847.json,2026-09-15
SNI,0001430602,"Scripps Networks Interactive, Inc.",4841,Cable & Other Pay Television Services,operating,OH,,Communication Services,https://data.sec.gov/submissions/CIK0001430602.json,2026-09-15
AR,0001433270,ANTERO RESOURCES Corp,1311,Crude Petroleum & Natural Gas,operating,,ANTERO RESOURCES APPALACHIAN CORP; ANTERO RESOURCES BARNETT CORP,Energy,https://data.sec.gov/submissions/CIK0001433270.json,2026-09-15
SB,0001434754,"SAFE BULKERS, INC.",4412,Deep Sea Foreign Transportation of  Freight,other,,,Industrials,https://data.sec.gov/submissions/CIK0001434754.json,2026-09-15
WBD,0001437107,"Warner Bros. Discovery, Inc.",4841,Cable & Other Pay Television Services,operating,DE,"Discovery, Inc.; Discovery Communications, Inc.",Communication Services,https://data.sec.gov/submissions/CIK0001437107.json,2026-09-15
CCB,0001437958,COASTAL FINANCIAL CORP,6022,State Commercial Banks,operating,WA,,Financials,https://data.sec.gov/submissions/CIK0001437958.json,2026-09-15
GNT,0001438893,"GAMCO Natural Resources, Gold & Income Trust",,,other,DE,"GAMCO Natural Resources, Gold & Income Trust by Gabelli; Gabelli Natural Resources, Gold & Income Trust",,https://data.sec.gov/submissions/CIK0001438893.json,2026-09-15
VRSK,0001442145,"Verisk Analytics, Inc.",7374,Services-Computer Processing & Data Preparation,operating,DE,,Industrials,https://data.sec.gov/submissions/CIK0001442145.json,2026-09-15
EC,0001444406,ECOPETROL S.A.,1311,Crude Petroleum & Natural Gas,other,F8,,Energy,https://data.sec.gov/submissions/CIK0001444406.json,2026-09-15
RIG,0001451505,Transocean Ltd.,1381,Drilling Oil & Gas Wells,operating,V8,,Energy,https://data.sec.gov/submissions/CIK0001451505.json,2026-09-15
MJN,0001452575,Mead Johnson Nutrition Co,2000,Food and Kindred Products,operating,DE,,Consumer Staples,https://data.sec.gov/submissions/CIK0001452575.json,2026-09-15
CFN,0001457543,CAREFUSION Corp,3841,Surgical & Medical Instruments & Apparatus,operating,,,Health Care,https://data.sec.gov/submissions/CIK0001457543.json,2026-09-15
ENPH,0001463101,"Enphase Energy, Inc.",3674,Semiconductors & Related Devices,operating,DE,,Information Technology,https://data.sec.gov/submissions/CIK0001463101.json,2026-09-15
TT,0001466258,Trane Technologies plc,3822,Auto Controls For Regulating Residential & Comml Environments,operating,L2,Ingersoll-Rand plc,Industrials,https://data.sec.gov/submissions/CIK0001466258.json,2026-09-15
ACN,0001467373,Accenture plc,7389,"Services-Business Services, NEC",operating,L2,Accenture plc,Information Technology,https://data.sec.gov/submissions/CIK0001467373.json,2026-09-15
GM,0001467858,General Motors Co,3711,Motor Vehicles & Passenger Car Bodies,operating,,,Consumer Discretionary,https://data.sec.gov/submissions/CIK0001467858.json,2026-09-15
H,0001468174,Hyatt Hotels Corp,7011,Hotels & Motels,operating,IL,,Consumer Discretionary,https://data.sec.gov/submissions/CIK0001468174.json,2026-09-15
GNRC,0001474735,GENERAC HOLDINGS INC.,3621,Motors & Generators,operating,DE,,Industrials,https://data.sec.gov/submissions/CIK0001474735.json,2026-09-15
IQV,0001478242,IQVIA HOLDINGS INC.,8731,Services-Commercial Physical & Biological Research,operating,DE,"Quintiles IMS Holdings, Inc.; Quintiles Transnational Holdings Inc.",Health Care,https://data.sec.gov/submissions/CIK0001478242.json,2026-09-15
OM,0001484612,"Outset Medical, Inc.",3845,Electromedical & Electrotherapeutic Apparatus,operating,DE,"Home Dialysis Plus, Ltd.",Health Care,https://data.sec.gov/submissions/CIK0001484612.json,2026-09-15
LYB,0001489393,LyondellBasell Industries N.V.,2860,Industrial Organic Chemicals,operating,P7,,Materials,https://data.sec.gov/submissions/CIK0001489393.json,2026-09-15
CCE,0001491675,"COCA-COLA EUROPEAN PARTNERS US, LLC",2086,Bottled & Canned Soft Drinks & Carbonated Waters,operating,DE,"COCA-COLA ENTERPRISES, INC.; International CCE Inc.",Consumer Staples,https://data.sec.gov/submissions/CIK0001491675.json,2026-09-15
NLSN,0001492633,Nielsen Holdings plc,7389,"Services-Business Services, NEC",operating,X0,Nielsen N.V.; Nielsen Holdings N.V.; Nielsen Holdings B.V.,Industrials,https://data.sec.gov/submissions/CIK0001492633.json,2026-09-15
GGP,0001496048,Brookfield Property REIT Inc.,6798,Real Estate Investment Trusts,operating,DE,"GGP Inc.; General Growth Properties, Inc.; New GGP, Inc.",Real Estate,https://data.sec.gov/submissions/CIK0001496048.json,2026-09-15
HII,0001501585,"HUNTINGTON INGALLS INDUSTRIES, INC.",3730,Ship & Boat Building & Repairing,operating,DE,"HUNTINGTON INGALLS INDUSTRIES, INC.; New Ships, Inc.",Industrials,https://data.sec.gov/submissions/CIK0001501585.json,2026-09-15
KMI,0001506307,"KINDER MORGAN, INC.",4922,Natural Gas Transmission,operating,DE,Kinder Morgan Holdco LLC,Energy,https://data.sec.gov/submissions/CIK0001506307.json,2026-09-15
MPC,0001510295,Marathon Petroleum Corp,2911,Petroleum Refining,operating,DE,,Energy,https://data.sec.gov/submissions/CIK0001510295.json,2026-09-15
XYZ,0001512673,"Block, Inc.",7372,Services-Prepackaged Software,operating,DE,"Square, Inc.",Financials,https://data.sec.gov/submissions/CIK0001512673.json,2026-09-15
CHRS,0001512762,"Coherus Oncology, Inc.",2836,"Biological Products, (No Diagnostic Substances)",operating,DE,"Coherus BioSciences, Inc.; BioGenerics, Inc.",Health Care,https://data.sec.gov/submissions/CIK0001512762.json,2026-09-15
NCLH,0001513761,Norwegian Cruise Line Holdings Ltd.,4400,Water Transportation,operating,D0,,Consumer Discretionary,https://data.sec.gov/submissions/CIK0001513761.json,2026-09-15
WPX,0001518832,"WPX ENERGY, INC.",1311,Crude Petroleum & Natural Gas,operating,DE,,Energy,https://data.sec.gov/submissions/CIK0001518832.json,2026-09-15
FBHS,0001519751,"Fortune Brands Innovations, Inc.",2430,"Millwood, Veneer, Plywood, & Structural Wood Members",operating,DE,"Fortune Brands Home & Security, Inc.; Fortune Brands Home & Security LLC",Industrials,https://data.sec.gov/submissions/CIK0001519751.json,2026-09-15
APTV,0001521332,Aptiv PLC,3714,Motor Vehicle Parts & Accessories,operating,Y9,Delphi Automotive PLC,Consumer Discretionary,https://data.sec.gov/submissions/CIK0001521332.json,2026-09-15
XYL,0001524472,Xylem Inc.,3561,Pumps & Pumping Equipment,operating,IN,"ITT WCO, Inc.",Industrials,https://data.sec.gov/submissions/CIK0001524472.json,2026-09-15
TRIP,0001526520,"TripAdvisor, Inc.",7370,"Services-Computer Programming, Data Processing, Etc.",operating,DE,,Consumer Discretionary,https://data.sec.gov/submissions/CIK0001526520.json,2026-09-15
CG,0001527166,Carlyle Group Inc.,6282,Investment Advice,operating,DE,Carlyle Group L.P.,Financials,https://data.sec.gov/submissions/CIK0001527166.json,2026-09-15
CPRI,0001530721,Capri Holdings Ltd,3100,Leather & Leather Products,operating,D8,Michael Kors Holdings Ltd,Consumer Discretionary,https://data.sec.gov/submissions/CIK0001530721.json,2026-09-15
PSX,0001534701,Phillips 66,2911,Petroleum Refining,operating,DE,,Energy,https://data.sec.gov/submissions/CIK0001534701.json,2026-09-15
CRWD,0001535527,"CrowdStrike Holdings, Inc.",7372,Services-Prepackaged Software,operating,DE,,Information Technology,https://data.sec.gov/submissions/CIK0001535527.json,2026-09-15
FANG,0001539838,"Diamondback Energy, Inc.",1311,Crude Petroleum & Natural Gas,operating,DE,"Diamondback Energy, Inc.",Energy,https://data.sec.gov/submissions/CIK0001539838.json,2026-09-15
UBER,0001543151,"Uber Technologies, Inc",7389,"Services-Business Services, NEC",operating,DE,,Industrials,https://data.sec.gov/submissions/CIK0001543151.json,2026-09-15
KRFT,0001545158,"Kraft Foods Group, Inc.",2000,Food and Kindred Products,operating,,,Consumer Staples,https://data.sec.gov/submissions/CIK0001545158.json,2026-09-15
ABBV,0001551152,AbbVie Inc.,2834,Pharmaceutical Preparations,operating,DE,,Health Care,https://data.sec.gov/submissions/CIK0001551152.json,2026-09-15
ETN,0001551182,Eaton Corp plc,3590,Misc Industrial & Commercial Machinery & Equipment,operating,,Eaton Corp Ltd,Industrials,https://data.sec.gov/submissions/CIK0001551182.json,2026-09-15
SUN,0001552275,Sunoco LP,2911,Petroleum Refining,operating,OK,Susser Petroleum Partners LP,Energy,https://data.sec.gov/submissions/CIK0001552275.json,2026-09-15
ZTS,0001555280,Zoetis Inc.,2834,Pharmaceutical Preparations,operating,,,Health Care,https://data.sec.gov/submissions/CIK0001555280.json,2026-09-15
ABNB,0001559720,"Airbnb, Inc.",7340,Services-To Dwellings & Other Buildings,operating,DE,"Airbnb, Inc.",Consumer Discretionary,https://data.sec.gov/submissions/CIK0001559720.json,2026-09-15
DDOG,0001561550,"Datadog, Inc.",7372,Services-Prepackaged Software,operating,NV,,Information Technology,https://data.sec.gov/submissions/CIK0001561550.json,2026-09-15
AMH,0001562401,American Homes 4 Rent,6798,Real Estate Investment Trusts,operating,MD,,Real Estate,https://data.sec.gov/submissions/CIK0001562401.json,2026-09-15
NWSA,0001564708,NEWS CORP,2711,Newspapers: Publishing or  Publishing & Printing,operating,DE,New Newscorp Inc; New Newscorp LLC,Communication Services,https://data.sec.gov/submissions/CIK0001564708.json,2026-09-15
MNK,0001567892,Keenova Therapeutics plc,2834,Pharmaceutical Preparations,operating,L2,Mallinckrodt plc,Health Care,https://data.sec.gov/submissions/CIK0001567892.json,2026-09-15
PD,0001568100,"PagerDuty, Inc.",7372,Services-Prepackaged Software,operating,DE,,Information Technology,https://data.sec.gov/submissions/CIK0001568100.json,2026-09-15
ICE,0001571949,"Intercontinental Exchange, Inc.",6200,"Security & Commodity Brokers, Dealers, Exchanges & Services",operating,DE,"IntercontinentalExchange Group, Inc.",Financials,https://data.sec.gov/submissions/CIK0001571949.json,2026-09-15
DELL,0001571996,Dell Technologies Inc.,3571,Electronic Computers,operating,TX,Dell Technologies Inc; Denali Holding Inc.,Information Technology,https://data.sec.gov/submissions/CIK0001571996.json,2026-09-15
ASC,0001577437,Ardmore Shipping Corp,4412,Deep Sea Foreign Transportation of  Freight,other,1T,,Industrials,https://data.sec.gov/submissions/CIK0001577437.json,2026-09-15
MMI,0001578732,"Marcus & Millichap, Inc.",6531,Real Estate Agents & Managers (For Others),operating,,,Real Estate,https://data.sec.gov/submissions/CIK0001578732.json,2026-09-15
ALLE,0001579241,Allegion plc,7381,"Services-Detective, Guard & Armored Car Services",operating,L2,,Industrials,https://data.sec.gov/submissions/CIK0001579241.json,2026-09-15
S,0001583708,"SentinelOne, Inc.",7372,Services-Prepackaged Software,operating,DE,"Sentinel Labs, Inc.",Information Technology,https://data.sec.gov/submissions/CIK0001583708.json,2026-09-15
GP,0001584547,GREENPOWER MOTOR Co INC.,3713,Truck & Bus Bodies,other,A1,OAKMONT MINERALS CORP.,Consumer Discretionary,https://data.sec.gov/submissions/CIK0001584547.json,2026-09-15
PRGO,0001585364,PERRIGO Co plc,2834,Pharmaceutical Preparations,operating,L2,PERRIGO Co Ltd,Health Care,https://data.sec.gov/submissions/CIK0001585364.json,2026-09-15
HLT,0001585689,Hilton Worldwide Holdings Inc.,7011,Hotels & Motels,operating,DE,,Consumer Discretionary,https://data.sec.gov/submissions/CIK0001585689.json,2026-09-15
CZR,0001590895,"Caesars Entertainment, Inc.",7011,Hotels & Motels,operating,DE,"Eldorado Resorts, Inc.; Eclair Holdings Co",Consumer Discretionary,https://data.sec.gov/submissions/CIK0001590895.json,2026-09-15
PAYC,0001590955,"Paycom Software, Inc.",7372,Services-Prepackaged Software,operating,DE,,Information Technology,https://data.sec.gov/submissions/CIK0001590955.json,2026-09-15
ENDP,0001593034,Endo International plc,2834,Pharmaceutical Preparations,operating,,Endo International Ltd,Health Care,https://data.sec.gov/submissions/CIK0001593034.json,2026-09-15
NAVI,0001593538,NAVIENT CORP,6211,"Security Brokers, Dealers & Flotation Companies",operating,DE,New Corp,Financials,https://data.sec.gov/submissions/CIK0001593538.json,2026-09-15
WB,0001595761,WEIBO Corp,7370,"Services-Computer Programming, Data Processing, Etc.",other,E9,,Information Technology,https://data.sec.gov/submissions/CIK0001595761.json,2026-09-15
ANET,0001596532,"Arista Networks, Inc.",3576,Computer Communications Equipment,operating,DE,,Information Technology,https://data.sec.gov/submissions/CIK0001596532.json,2026-09-15
CTLT,0001596783,"Catalent, Inc.",2834,Pharmaceutical Preparations,operating,DE,PTS Holdings Corp.,Health Care,https://data.sec.gov/submissions/CIK0001596783.json,2026-09-15
INFO,0001598014,IHS Markit Ltd.,7370,"Services-Computer Programming, Data Processing, Etc.",operating,D0,Markit Ltd.,Information Technology,https://data.sec.gov/submissions/CIK0001598014.json,2026-09-15
KEYS,0001601046,"Keysight Technologies, Inc.",3823,"Industrial Instruments For Measurement, Display, and Control",operating,DE,,Information Technology,https://data.sec.gov/submissions/CIK0001601046.json,2026-09-15
SYF,0001601712,Synchrony Financial,6199,Finance Services,operating,NY,Synchrony Financial,Financials,https://data.sec.gov/submissions/CIK0001601712.json,2026-09-15
QRVO,0001604778,"Qorvo, Inc.",3674,Semiconductors & Related Devices,operating,DE,"Rocky Holding, Inc.",Information Technology,https://data.sec.gov/submissions/CIK0001604778.json,2026-09-15
GDDY,0001609711,GoDaddy Inc.,7373,Services-Computer Integrated Systems Design,operating,DE,,Information Technology,https://data.sec.gov/submissions/CIK0001609711.json,2026-09-15
ASND,0001612042,Ascendis Pharma A/S,2834,Pharmaceutical Preparations,other,G7,,Health Care,https://data.sec.gov/submissions/CIK0001612042.json,2026-09-15
MDT,0001613103,Medtronic plc,3845,Electromedical & Electrotherapeutic Apparatus,operating,,Medtronic Ltd; Medtronic Holdings Ltd,Health Care,https://data.sec.gov/submissions/CIK0001613103.json,2026-09-15
BXLT,0001620546,Baxalta Inc,2834,Pharmaceutical Preparations,operating,DE,,Health Care,https://data.sec.gov/submissions/CIK0001620546.json,2026-09-15
AM,0001623925,Antero Midstream Corp,4922,Natural Gas Transmission,operating,,Antero Midstream GP LP; Antero Resources Midstream Management LLC,Energy,https://data.sec.gov/submissions/CIK0001623925.json,2026-09-15
CPGX,0001629995,"Columbia Pipeline Group, Inc.",4922,Natural Gas Transmission,operating,DE,,Energy,https://data.sec.gov/submissions/CIK0001629995.json,2026-09-15
PYPL,0001633917,"PayPal Holdings, Inc.",7389,"Services-Business Services, NEC",operating,,,Financials,https://data.sec.gov/submissions/CIK0001633917.json,2026-09-15
LITE,0001633978,Lumentum Holdings Inc.,3669,"Communications Equipment, NEC",operating,DE,,Information Technology,https://data.sec.gov/submissions/CIK0001633978.json,2026-09-15
ACV,0001636289,Virtus Diversified Income & Convertible Fund,,,other,MA,Virtus AllianzGI Diversified Income & Convertible Fund; Virtus AllianzGI Diversified Income & Convertible; AllianzGI Diversified Income & Convertible Fund; AllianzGI Income & Growth Opportunities Fund,,https://data.sec.gov/submissions/CIK0001636289.json,2026-09-15
KHC,0001637459,Kraft Heinz Co,2030,"Canned, Frozen & Preservd Fruit, Veg & Food Specialties",operating,DE,H.J. Heinz Holding Corp,Consumer Staples,https://data.sec.gov/submissions/CIK0001637459.json,2026-09-15
HPE,0001645590,Hewlett Packard Enterprise Co,3570,Computer & office Equipment,operating,DE,,Information Technology,https://data.sec.gov/submissions/CIK0001645590.json,2026-09-15
CSRA,0001646383,CSRA Inc.,7373,Services-Computer Integrated Systems Design,operating,NV,Computer Sciences Government Services Inc.,Information Technology,https://data.sec.gov/submissions/CIK0001646383.json,2026-09-15
CCEP,0001650107,COCA-COLA EUROPACIFIC PARTNERS plc,2086,Bottled & Canned Soft Drinks & Carbonated Waters,other,X0,COCA-COLA EUROPEAN PARTNERS plc; COCA-COLA EUROPEAN PARTNERS LTD; Spark Orange Ltd,Consumer Staples,https://data.sec.gov/submissions/CIK0001650107.json,2026-09-15
FCPT,0001650132,"Four Corners Property Trust, Inc.",6798,Real Estate Investment Trusts,operating,MD,,Real Estate,https://data.sec.gov/submissions/CIK0001650132.json,2026-09-15
GOOGL,0001652044,Alphabet Inc.,7370,"Services-Computer Programming, Data Processing, Etc.",operating,DE,,Communication Services,https://data.sec.gov/submissions/CIK0001652044.json,2026-09-15
FTV,0001659166,Fortive Corp,3823,"Industrial Instruments For Measurement, Display, and Control",operating,DE,,Industrials,https://data.sec.gov/submissions/CIK0001659166.json,2026-09-15
DD,0001666700,"DuPont de Nemours, Inc.",2821,"Plastic Materials, Synth Resins & Nonvulcan Elastomers",operating,DE,DowDuPont Inc.,Materials,https://data.sec.gov/submissions/CIK0001666700.json,2026-09-15
BUD,0001668717,Anheuser-Busch InBev SA/NV,2082,Malt Beverages,other,C9,Newbelco SA/NV,Consumer Staples,https://data.sec.gov/submissions/CIK0001668717.json,2026-09-15
TTD,0001671933,"Trade Desk, Inc.",7370,"Services-Computer Programming, Data Processing, Etc.",operating,NV,,Communication Services,https://data.sec.gov/submissions/CIK0001671933.json,2026-09-15
VRT,0001674101,Vertiv Holdings Co,3679,"Electronic Components, NEC",operating,DE,GS Acquisition Holdings Corp,Industrials,https://data.sec.gov/submissions/CIK0001674101.json,2026-09-15
ASH,0001674862,ASHLAND INC.,5160,Wholesale-Chemicals & Allied Products,operating,DE,ASHLAND INC.; ASHLAND GLOBAL HOLDINGS INC,Industrials,https://data.sec.gov/submissions/CIK0001674862.json,2026-09-15
EVHC,0001678531,Envision Healthcare Corp,8011,Services-Offices & Clinics of  Doctors of  Medicine,operating,,New Amethyst Corp.,Health Care,https://data.sec.gov/submissions/CIK0001678531.json,2026-09-15
LW,0001679273,"Lamb Weston Holdings, Inc.",2030,"Canned, Frozen & Preservd Fruit, Veg & Food Specialties",operating,DE,,Consumer Staples,https://data.sec.gov/submissions/CIK0001679273.json,2026-09-15
COIN,0001679788,"Coinbase Global, Inc.",6199,Finance Services,operating,TX,,Financials,https://data.sec.gov/submissions/CIK0001679788.json,2026-09-15
FTI,0001681459,TechnipFMC plc,3533,Oil & Gas Field Machinery & Equipment,operating,X0,TechnipFMC Ltd,Industrials,https://data.sec.gov/submissions/CIK0001681459.json,2026-09-15
MRNA,0001682852,"Moderna, Inc.",2836,"Biological Products, (No Diagnostic Substances)",operating,DE,"Moderna Therapeutics, Inc.",Health Care,https://data.sec.gov/submissions/CIK0001682852.json,2026-09-15
BHF,0001685040,"Brighthouse Financial, Inc.",6311,Life Insurance,operating,DE,,Financials,https://data.sec.gov/submissions/CIK0001685040.json,2026-09-15
INVH,0001687229,Invitation Homes Inc.,6510,Real Estate Operators (No Developers) & Lessors,operating,,,Real Estate,https://data.sec.gov/submissions/CIK0001687229.json,2026-09-15
DXC,0001688568,DXC Technology Co,7374,Services-Computer Processing & Data Preparation,operating,NV,"Everett SpinCo, Inc.",Information Technology,https://data.sec.gov/submissions/CIK0001688568.json,2026-09-15
CVNA,0001690820,CARVANA CO.,5500,Retail-Auto Dealers & Gasoline Stations,operating,DE,,Consumer Discretionary,https://data.sec.gov/submissions/CIK0001690820.json,2026-09-15
VST,0001692819,Vistra Corp.,4911,Electric Services,operating,DE,Vistra Energy Corp.; Vistra Energy Corp,Utilities,https://data.sec.gov/submissions/CIK0001692819.json,2026-09-15
IR,0001699150,Ingersoll Rand Inc.,3560,General Industrial Machinery & Equipment,operating,DE,"GARDNER DENVER HOLDINGS, INC.",Industrials,https://data.sec.gov/submissions/CIK0001699150.json,2026-09-15
BKR,0001701605,Baker Hughes Co,3533,Oil & Gas Field Machinery & Equipment,operating,DE,"Baker Hughes a GE Co; Bear Newco, Inc.",Energy,https://data.sec.gov/submissions/CIK0001701605.json,2026-09-15
ADT,0001703056,ADT Inc.,7381,"Services-Detective, Guard & Armored Car Services",operating,DE,"ADT Inc.; ADT, Inc.; Prime Security Services Parent, Inc.",Industrials,https://data.sec.gov/submissions/CIK0001703056.json,2026-09-15
VICI,0001705696,VICI PROPERTIES INC.,6798,Real Estate Investment Trusts,operating,MD,,Real Estate,https://data.sec.gov/submissions/CIK0001705696.json,2026-09-15
LIN,0001707925,LINDE PLC,2810,Industrial Inorganic Chemicals,operating,L2,ZAMALIGHT PLC,Materials,https://data.sec.gov/submissions/CIK0001707925.json,2026-09-15
GFS.A,0001709048,GLOBALFOUNDRIES Inc.,3674,Semiconductors & Related Devices,other,E9,,Information Technology,https://data.sec.gov/submissions/CIK0001709048.json,2026-09-15
EVRG,0001711269,"Evergy, Inc.",4931,Electric & Other Services Combined,operating,,"Monarch Energy Holding, Inc.",Utilities,https://data.sec.gov/submissions/CIK0001711269.json,2026-09-15
CDAY,0001725057,"Dayforce, Inc.",7372,Services-Prepackaged Software,operating,DE,Ceridian HCM Holding Inc.,Information Technology,https://data.sec.gov/submissions/CIK0001725057.json,2026-09-15
AVGO,0001730168,Broadcom Inc.,3674,Semiconductors & Related Devices,operating,,Broadcom Ltd,Information Technology,https://data.sec.gov/submissions/CIK0001730168.json,2026-09-15
WRK,0001732845,WestRock Co,2650,Paperboard Containers & Boxes,operating,DE,"Whiskey Holdco, Inc.",Materials,https://data.sec.gov/submissions/CIK0001732845.json,2026-09-15
CI,0001739940,Cigna Group,6324,Hospital & Medical Service Plans,operating,DE,"Cigna Corp; Halfmoon Parent, Inc.",Health Care,https://data.sec.gov/submissions/CIK0001739940.json,2026-09-15
DIS,0001744489,Walt Disney Co,7990,Services-Miscellaneous Amusement & Recreation,operating,DE,TWDC Holdco 613 Corp; TWDC Holdco 613 Corp.,Communication Services,https://data.sec.gov/submissions/CIK0001744489.json,2026-09-15
BEAM,0001745999,Beam Therapeutics Inc.,2836,"Biological Products, (No Diagnostic Substances)",operating,DE,Beam Therapeutics Inc.,Health Care,https://data.sec.gov/submissions/CIK0001745999.json,2026-09-15
EQ,0001746466,"Equillium, Inc.",2834,Pharmaceutical Preparations,operating,DE,,Health Care,https://data.sec.gov/submissions/CIK0001746466.json,2026-09-15
AMCR,0001748790,Amcor plc,3990,Miscellaneous Manufacturing Industries,operating,Y9,ARCTIC JERSEY Ltd,Materials,https://data.sec.gov/submissions/CIK0001748790.json,2026-09-15
APP,0001751008,AppLovin Corp,7370,"Services-Computer Programming, Data Processing, Etc.",operating,DE,,Information Technology,https://data.sec.gov/submissions/CIK0001751008.json,2026-09-15
DOW,0001751788,DOW INC.,2821,"Plastic Materials, Synth Resins & Nonvulcan Elastomers",operating,DE,Dow Holdings Inc.,Materials,https://data.sec.gov/submissions/CIK0001751788.json,2026-09-15
FOXA,0001754301,Fox Corp,4833,Television Broadcasting Stations,operating,DE,"NEW FOX, INC.",Communication Services,https://data.sec.gov/submissions/CIK0001754301.json,2026-09-15
CTVA,0001755672,"Corteva, Inc.",0100,Agricultural Production-Crops,operating,DE,,Materials,https://data.sec.gov/submissions/CIK0001755672.json,2026-09-15
STE,0001757898,STERIS plc,3842,"Orthopedic, Prosthetic & Surgical Appliances & Supplies",operating,L2,STERIS Ltd,Health Care,https://data.sec.gov/submissions/CIK0001757898.json,2026-09-15
XRX,0001770450,Xerox Holdings Corp,3577,"Computer Peripheral Equipment, NEC",operating,CT,,Information Technology,https://data.sec.gov/submissions/CIK0001770450.json,2026-09-15
ADCT,0001771910,ADC Therapeutics SA,2834,Pharmaceutical Preparations,operating,V8,,Health Care,https://data.sec.gov/submissions/CIK0001771910.json,2026-09-15
UCL,0001775898,uCloudlink Group Inc.,4899,"Communications Services, NEC",other,E9,,Communication Services,https://data.sec.gov/submissions/CIK0001775898.json,2026-09-15
SGP,0001778922,"SpyGlass Pharma, Inc.",3841,Surgical & Medical Instruments & Apparatus,operating,DE,"SpyGlassPharma, Inc.; SpyGlass Ophthalmics, Inc.",Health Care,https://data.sec.gov/submissions/CIK0001778922.json,2026-09-15
OTIS,0001781335,Otis Worldwide Corp,3600,Electronic & Other Electrical Equipment (No Computer Equip),operating,DE,,Industrials,https://data.sec.gov/submissions/CIK0001781335.json,2026-09-15
CARR,0001783180,CARRIER GLOBAL Corp,3585,Air-Cond & Warm Air Heatg Equip & Comm & Indl Refrig Equip,operating,DE,,Industrials,https://data.sec.gov/submissions/CIK0001783180.json,2026-09-15
HOOD,0001783879,"Robinhood Markets, Inc.",6211,"Security Brokers, Dealers & Flotation Companies",operating,DE,,Financials,https://data.sec.gov/submissions/CIK0001783879.json,2026-09-15
VNT,0001786842,Vontier Corp,3824,Totalizing Fluid Meters & Counting Devices,operating,DE,TTF Holdings Corp.,Industrials,https://data.sec.gov/submissions/CIK0001786842.json,2026-09-15
LIFE,0001788451,Ethos Technologies Inc.,6411,"Insurance Agents, Brokers & Service",operating,DE,,Financials,https://data.sec.gov/submissions/CIK0001788451.json,2026-09-15
VTRS,0001792044,Viatris Inc,2834,Pharmaceutical Preparations,operating,DE,Upjohn Inc,Health Care,https://data.sec.gov/submissions/CIK0001792044.json,2026-09-15
DASH,0001792789,"DoorDash, Inc.",7389,"Services-Business Services, NEC",operating,DE,"DoorDash, Inc.; DoorDash Inc",Consumer Discretionary,https://data.sec.gov/submissions/CIK0001792789.json,2026-09-15
TMC.A,0001798562,TMC the metals Co Inc.,1000,Metal Mining,operating,A1,Sustainable Opportunities Acquisition Corp.,Materials,https://data.sec.gov/submissions/CIK0001798562.json,2026-09-15
IAC,0001800227,People Inc,7370,"Services-Computer Programming, Data Processing, Etc.",operating,DE,"IAC Inc.; IAC/InterActiveCorp; IAC Holdings, Inc.",Communication Services,https://data.sec.gov/submissions/CIK0001800227.json,2026-09-15
UPC,0001809616,Universe Pharmaceuticals INC,2834,Pharmaceutical Preparations,other,F4,,Health Care,https://data.sec.gov/submissions/CIK0001809616.json,2026-09-15
MIR,0001809987,"Mirion Technologies, Inc.",3829,"Measuring & Controlling Devices, NEC",operating,,GS Acquisition Holdings Corp II,Industrials,https://data.sec.gov/submissions/CIK0001809987.json,2026-09-15
TPL,0001811074,Texas Pacific Land Corp,6792,Oil Royalty Traders,operating,DE,,Energy,https://data.sec.gov/submissions/CIK0001811074.json,2026-09-15
ABX,0001814287,"Abacus Global Management, Inc.",6282,Investment Advice,operating,DE,"Abacus Life, Inc.; East Resources Acquisition Co",Financials,https://data.sec.gov/submissions/CIK0001814287.json,2026-09-15
LU,0001816007,Lufax Holding Ltd,6199,Finance Services,other,E9,,Financials,https://data.sec.gov/submissions/CIK0001816007.json,2026-09-15
ASO,0001817358,"Academy Sports & Outdoors, Inc.",5940,Retail-Miscellaneous Shopping Goods Stores,operating,DE,,Consumer Discretionary,https://data.sec.gov/submissions/CIK0001817358.json,2026-09-15
DYN,0001818794,"Dyne Therapeutics, Inc.",2834,Pharmaceutical Preparations,operating,DE,,Health Care,https://data.sec.gov/submissions/CIK0001818794.json,2026-09-15
UK,0001821424,Ucommune International Ltd,7389,"Services-Business Services, NEC",other,E9,,Industrials,https://data.sec.gov/submissions/CIK0001821424.json,2026-09-15
OGN,0001821825,Organon & Co.,2834,Pharmaceutical Preparations,operating,,,Health Care,https://data.sec.gov/submissions/CIK0001821825.json,2026-09-15
APA,0001841666,APA Corp,1311,Crude Petroleum & Natural Gas,operating,DE,,Energy,https://data.sec.gov/submissions/CIK0001841666.json,2026-09-15
RYAN,0001849253,"RYAN SPECIALTY HOLDINGS, INC.",6411,"Insurance Agents, Brokers & Service",operating,DE,"RYAN SPECIALTY GROUP HOLDINGS, INC.; MAVERICK SPECIALTY, INC.",Financials,https://data.sec.gov/submissions/CIK0001849253.json,2026-09-15
APO,0001858681,"Apollo Global Management, Inc.",6282,Investment Advice,operating,DE,"Tango Holdings, Inc.",Financials,https://data.sec.gov/submissions/CIK0001858681.json,2026-09-15
CEG,0001868275,Constellation Energy Corp,4911,Electric Services,operating,PA,"Constellation Newholdco, Inc.",Utilities,https://data.sec.gov/submissions/CIK0001868275.json,2026-09-15
STI,0001881551,Solidion Technology Inc.,3690,"Miscellaneous Electrical Machinery, Equipment & Supplies",operating,DE,Nubia Brand International Corp.,Industrials,https://data.sec.gov/submissions/CIK0001881551.json,2026-09-15
NE,0001895262,Noble Corp plc,1381,Drilling Oil & Gas Wells,operating,X0,Noble Finco Ltd,Energy,https://data.sec.gov/submissions/CIK0001895262.json,2026-09-15
MOB,0001898643,Mobilicom Ltd,3721,Aircraft,other,C3,,Industrials,https://data.sec.gov/submissions/CIK0001898643.json,2026-09-15
DEC,0001922446,Diversified Energy Co,1311,Crude Petroleum & Natural Gas,operating,DE,Diversified Energy Co PLC,Energy,https://data.sec.gov/submissions/CIK0001922446.json,2026-09-15
GEHC,0001932393,GE HealthCare Technologies Inc.,3844,X-Ray Apparatus & Tubes & Related Irradiation Apparatus,operating,DE,GE Healthcare Holding LLC,Health Care,https://data.sec.gov/submissions/CIK0001932393.json,2026-09-15
FG,0001934850,"F&G Annuities & Life, Inc.",6311,Life Insurance,operating,DE,,Financials,https://data.sec.gov/submissions/CIK0001934850.json,2026-09-15
WAI,0001938865,Top KingWin Ltd,7389,"Services-Business Services, NEC",other,E9,,Industrials,https://data.sec.gov/submissions/CIK0001938865.json,2026-09-15
CR,0001944013,Crane Co,3490,Miscellaneous Fabricated Metal Products,operating,DE,,Industrials,https://data.sec.gov/submissions/CIK0001944013.json,2026-09-15
KVUE,0001944048,Kenvue Inc.,2844,"Perfumes, Cosmetics & Other Toilet Preparations",operating,DE,"JNTL, Inc.",Consumer Staples,https://data.sec.gov/submissions/CIK0001944048.json,2026-09-15
SOLV,0001964738,Solventum Corp,3841,Surgical & Medical Instruments & Apparatus,operating,DE,3M Health Care Co,Health Care,https://data.sec.gov/submissions/CIK0001964738.json,2026-09-15
ECO,0001964954,Okeanis Eco Tankers Corp.,4412,Deep Sea Foreign Transportation of  Freight,other,1T,,Industrials,https://data.sec.gov/submissions/CIK0001964954.json,2026-09-15
VLTO,0001967680,Veralto Corp,3825,Instruments For Meas & Testing of  Electricity & Elec Signals,operating,X1,,Industrials,https://data.sec.gov/submissions/CIK0001967680.json,2026-09-15
TKO,0001973266,"TKO Group Holdings, Inc.",7900,Services-Amusement & Recreation Services,operating,DE,New Whale Inc.,Communication Services,https://data.sec.gov/submissions/CIK0001973266.json,2026-09-15
MNR,0001980088,MACH NATURAL RESOURCES LP,1311,Crude Petroleum & Natural Gas,operating,DE,,Energy,https://data.sec.gov/submissions/CIK0001980088.json,2026-09-15
AS,0001988894,"Amer Sports, Inc.",2300,Apparel & Other Finishd Prods of  Fabrics & Similar Matl,other,E9,,Consumer Discretionary,https://data.sec.gov/submissions/CIK0001988894.json,2026-09-15
TE,0001992243,T1 Energy Inc.,3674,Semiconductors & Related Devices,operating,DE,"FREYR Battery, Inc. /DE/",Information Technology,https://data.sec.gov/submissions/CIK0001992243.json,2026-09-15
SNT,0001993727,Senstar Technologies Corp,3669,"Communications Equipment, NEC",other,A6,,Information Technology,https://data.sec.gov/submissions/CIK0001993727.json,2026-09-15
LB,0001995807,LandBridge Co LLC,6792,Oil Royalty Traders,operating,DE,,Energy,https://data.sec.gov/submissions/CIK0001995807.json,2026-09-15
GEV,0001996810,GE Vernova Inc.,3600,Electronic & Other Electrical Equipment (No Computer Equip),operating,DE,GE Vernova LLC,Industrials,https://data.sec.gov/submissions/CIK0001996810.json,2026-09-15
BG,0001996862,Bunge Global SA,2070,Fats & Oils,operating,V8,,Consumer Staples,https://data.sec.gov/submissions/CIK0001996862.json,2026-09-15
SW,0002005951,Smurfit Westrock plc,2650,Paperboard Containers & Boxes,operating,L2,Smurfit WestRock Ltd,Materials,https://data.sec.gov/submissions/CIK0002005951.json,2026-09-15
SEG,0002009684,Seaport Entertainment Group Inc.,7990,Services-Miscellaneous Amusement & Recreation,operating,DE,,Communication Services,https://data.sec.gov/submissions/CIK0002009684.json,2026-09-15
AMTM,0002011286,"Amentum Holdings, Inc.",7389,"Services-Business Services, NEC",operating,DE,Amazon Holdco Inc.,Industrials,https://data.sec.gov/submissions/CIK0002011286.json,2026-09-15
BLK,0002012383,"BlackRock, Inc.",6211,"Security Brokers, Dealers & Flotation Companies",operating,DE,"BlackRock, Inc.; BlackRock Funding, Inc. /DE",Financials,https://data.sec.gov/submissions/CIK0002012383.json,2026-09-15
CHA,0002013649,Chagee Holdings Ltd.,5810,Retail-Eating & Drinking Places,other,,,Consumer Discretionary,https://data.sec.gov/submissions/CIK0002013649.json,2026-09-15
SNDK,0002023554,Sandisk Corp,3572,Computer Storage Devices,operating,DE,,Information Technology,https://data.sec.gov/submissions/CIK0002023554.json,2026-09-15
PMI,0002030617,"Picard Medical, Inc.",3841,Surgical & Medical Instruments & Apparatus,operating,DE,,Health Care,https://data.sec.gov/submissions/CIK0002030617.json,2026-09-15
RAL,0002041385,Ralliant Corp,3823,"Industrial Instruments For Measurement, Display, and Control",operating,DE,NPTG Holdings Corp,Industrials,https://data.sec.gov/submissions/CIK0002041385.json,2026-09-15
PSKY,0002041610,Paramount Skydance Corp,4833,Television Broadcasting Stations,operating,DE,"New Pluto Global, Inc.",Communication Services,https://data.sec.gov/submissions/CIK0002041610.json,2026-09-15
ETS,0002053641,Elite Express Holding Inc.,4210,Trucking & Courier Services (No Air),operating,DE,,Industrials,https://data.sec.gov/submissions/CIK0002053641.json,2026-09-15
KG,0002055116,Kestrel Group Ltd,6331,"Fire, Marine & Casualty Insurance",operating,D0,Ranger Bermuda Topco Ltd,Financials,https://data.sec.gov/submissions/CIK0002055116.json,2026-09-15
Q,0002058873,"Qnity Electronics, Inc.",3674,Semiconductors & Related Devices,operating,DE,"Novus SpinCo 1, Inc.",Information Technology,https://data.sec.gov/submissions/CIK0002058873.json,2026-09-15
SOLS,0002064953,Solstice Advanced Materials Inc.,2800,Chemicals & Allied Products,operating,DE,"Solstice Advanced Materials, LLC",Materials,https://data.sec.gov/submissions/CIK0002064953.json,2026-09-15
FDXF,0002082247,"FedEx Freight Holding Company, Inc.",4513,Air Courier Services,operating,DE,,Industrials,https://data.sec.gov/submissions/CIK0002082247.json,2026-09-15
VAT,0002109801,"VARSAL TECH, INC.",2800,Chemicals & Allied Products,other,DE,,Materials,https://data.sec.gov/submissions/CIK0002109801.json,2026-09-15
