queue,priority,ticker,company,spine_id,issues,next_step,entry_not_certified,exit_not_certified,manual_required,source_upgrade_pending,decision_status,decision_note,accepted_source_url,certified_boundary,corroborating_source_url,blocked_financial_rows,financial_unlock_rank
P1_HIGH_YIELD_EXIT_CERTIFICATION,P1,AABA,Yahoo! Inc,SP500_SPELL_0002,,COMPLETE,NO,False,NO,NO,PROMOTED_PUBLICATION_SAFE,S&P DJI: Yahoo! deleted effective prior to open 2017-06-19; half-open exit date 2017-06-19.,https://press.spglobal.com/2017-06-09-Hilton-Worldwide-Align-Technology-ANSYS-Set-to-Join-S-P-500-Teradata-and-Ryder-System-to-Join-S-P-MidCap-400,2017-06-19,,7,
P1_HIGH_YIELD_EXIT_CERTIFICATION,P1,AAL,American Airlines Group Inc,SP500_SPELL_0004,,COMPLETE,NO,False,NO,NO,PROMOTED_PUBLICATION_SAFE,S&P DJI: American Airlines Group deleted effective prior to open 2024-09-23; half-open exit date 2024-09-23.,https://press.spglobal.com/2024-09-06-Palantir-Technologies%2C-Dell-Technologies%2C-and-Erie-Indemnity-Set-to-Join-S-P-500-Others-to-Join-S-P-MidCap-400-and-S-P-SmallCap-600,2024-09-23,,9,
P0_MANUAL_DEEP_RESEARCH,P0,AAMRQ,AMR Corporation,SP500_SPELL_0005,EXIT_NOT_CERTIFIED;MANUAL_REQUIRED;ENTRY_NOT_CERTIFIED,MANUAL_REVIEW_AND_PART4_EXIT_CERTIFICATION,YES,YES,YES,NO,UNTOUCHED,,,,,2,98
P1_HIGH_YIELD_EXIT_CERTIFICATION,P1,AAP,Advance Auto Parts Inc,SP500_SPELL_0006,EXIT_NOT_CERTIFIED,DONE_EXIT_CERTIFIED,NO,YES,NO,NO,PROMOTED_PUBLICATION_SAFE,Primary S&P DJI evidence certifies S&P 500 deletion; half-open exit boundary 2023-08-25. Promoted to historical publication scope.,https://press.spglobal.com/2023-08-21-Kenvue-Set-to-Join-S-P-500-Advance-Auto-Parts-to-Join-S-P-SmallCap-600,2023-08-25,,6,
P0_MANUAL_DEEP_RESEARCH,P0,ABI,Applied Biosystems Inc.,SP500_SPELL_0010,EXIT_NOT_CERTIFIED;MANUAL_REQUIRED;ENTRY_NOT_CERTIFIED,MANUAL_REVIEW_AND_PART4_EXIT_CERTIFICATION,YES,YES,YES,NO,UNTOUCHED,,,,,5,40
P1_HIGH_YIELD_EXIT_CERTIFICATION,P1,ABKFQ,Ambac Financial Group,SP500_SPELL_0011,,COMPLETE,NO,False,NO,NO,PROMOTED_PUBLICATION_SAFE,Exit boundary certified; half-open first non-member date 2008-06-11.,https://247wallst.com/investing/2008/06/03/sp-boots-ambac/,2008-06-11,,6,
P1_HIGH_YIELD_EXIT_CERTIFICATION,P1,ABS,Albertson's Inc.,SP500_SPELL_0014,EXIT_NOT_CERTIFIED,FINAL_P1_HOLD_EXACT_S&P_BOUNDARY_UNRESOLVED,NO,YES,NO,NO,FINAL_P1_HOLD_EXACT_BOUNDARY_UNRESOLVED,Final P1 research pass completed; exact S&P-effective exit boundary remains unproven without inference. Remains quarantined.,,,,3,68
P1_HIGH_YIELD_EXIT_CERTIFICATION,P1,ACS,Affiliated Computer Services,SP500_SPELL_0021,,COMPLETE,NO,False,NO,NO,PROMOTED_PUBLICATION_SAFE,Contemporaneous S&P-index reporting places Urban Outfitters' replacement of ACS on 2010-02-05; Xerox SEC filing confirms ACS acquisition date was 2010-02-05.,https://www.sec.gov/Archives/edgar/data/108772/000119312511043738/dex13.htm,2010-02-05,https://www.forbes.com/2010/02/18/berkshire-hathaway-buffett-markets-equities-standard-poors_slide.html,2,
P1_HIGH_YIELD_EXIT_CERTIFICATION,P1,AET,Aetna Inc.,SP500_SPELL_0034,,COMPLETE,NO,YES,NO,NO,CERTIFIED_AND_PROMOTED,"S&P DJI: Aetna deleted prior to open 2018-12-03; half-open exit date 2018-12-03. SEC confirms CVS/Aetna merger closed 2018-11-28, proving merger close is not the index boundary.",https://press.spglobal.com/2018-11-26-Lamb-Weston-Holdings-Maxim-Integrated-Products-and-Diamondback-Energy-Set-to-Join-S-P-500-Others-to-Join-S-P-MidCap-400-and-S-P-SmallCap-600,2018-12-03,https://www.sec.gov/Archives/edgar/data/1122304/000112230418000178/form8-k.htm,6,25
P1_HIGH_YIELD_EXIT_CERTIFICATION,P1,AGN,Allergan Inc.,SP500_SPELL_0038,EXIT_NOT_CERTIFIED,DONE_EXIT_CERTIFIED,NO,YES,NO,NO,PROMOTED_PUBLICATION_SAFE,Primary S&P DJI evidence certifies S&P 500 deletion; half-open exit boundary 2020-05-12. Promoted to historical publication scope.,https://press.spglobal.com/2020-05-06-DexCom-Dominos-Pizza-Set-to-Join-S-P-500-Salesforce-com-to-Join-S-P-100-STORE-Capital-to-Join-S-P-MidCap-400-Capri-Holdings-to-Join-S-P-SmallCap-600,2020-05-12,,6,
P1_HIGH_YIELD_EXIT_CERTIFICATION,P1,AIV,Apartment Investment and Management Co,SP500_SPELL_0042,EXIT_NOT_CERTIFIED,DONE_EXIT_CERTIFIED,NO,YES,NO,NO,PROMOTED_PUBLICATION_SAFE,Primary S&P DJI evidence certifies S&P 500 deletion; half-open exit boundary 2020-12-21. Promoted to historical publication scope.,https://press.spglobal.com/2020-12-11-Tesla-Set-to-Join-S-P-500-100-Apartment-Income-REIT-to-Join-S-P-MidCap-400,2020-12-21,,15,
P0_MANUAL_DEEP_RESEARCH,P0,AL,Alcan Inc.,SP500_SPELL_0047,EXIT_NOT_CERTIFIED;MANUAL_REQUIRED;ENTRY_NOT_CERTIFIED,MANUAL_REVIEW_AND_PART4_EXIT_CERTIFICATION,YES,YES,YES,NO,UNTOUCHED,,,,,1,107
P1_HIGH_YIELD_EXIT_CERTIFICATION,P1,ALK,Alaska Air Group Inc,SP500_SPELL_0050,,COMPLETE,NO,YES,NO,NO,PROMOTED_PUBLICATION_SAFE,S&P DJI deletion effective prior to open 2023-12-18; half-open exit date 2023-12-18. Primary index evidence.,https://press.spglobal.com/2023-12-01-Uber-Technologies%2C-Jabil-and-Builders-FirstSource-Set-to-Join-S-P-500-Others-to-Join-S-P-MidCap-400-and-S-P-SmallCap-600,2023-12-18,,7,
P1_HIGH_YIELD_EXIT_CERTIFICATION,P1,ALTR,Altera Corp.,SP500_SPELL_0053,,COMPLETE,NO,YES,NO,NO,CERTIFIED_AND_PROMOTED,S&P DJI: Altera deleted after close 2015-12-28; half-open first non-member date 2015-12-29. Intel/SEC confirms acquisition closed 2015-12-28; corporate close kept distinct from index boundary.,https://press.spglobal.com/2015-12-22-Church-Dwight-Set-to-Join-the-S-P-500-SYNNEX-to-Join-S-P-MidCap-400-Greenbrier-to-Join-S-P-SmallCap-600,2015-12-29,https://www.intc.com/filings-reports/all-sec-filings/content/0001193125-15-414642/d105836d8k.htm,5,48
P1_HIGH_YIELD_EXIT_CERTIFICATION,P1,AMCC,Applied Micro Circuits Corp.,SP500_SPELL_0057,,COMPLETE,NO,False,NO,NO,PROMOTED_PUBLICATION_SAFE,Exit boundary certified; half-open first non-member date 2006-05-18.,https://www.industryweek.com/finance/software-systems/article/21942199/sprint-spin-off-to-join-sp-500-index,2006-05-18,,4,
P1_HIGH_YIELD_EXIT_CERTIFICATION,P1,AMD,"Advanced Micro Devices, Inc.",SP500_SPELL_0059,,COMPLETE,NO,False,NO,NO,PROMOTED_PUBLICATION_SAFE,Exit boundary certified; half-open first non-member date 2013-09-23.,https://press.spglobal.com/2013-09-11-Vertex-Ametek-Set-to-Join-the-S-P-500-Advanced-Micro-Devices-SAIC-to-Join-S-P-MidCap-400-Capstead-to-Join-S-P-SmallCap-600,2013-09-23,,11,
P1_HIGH_YIELD_EXIT_CERTIFICATION,P1,AMG,Affiliated Managers Group Inc,SP500_SPELL_0062,,COMPLETE,NO,YES,NO,NO,PROMOTED_PUBLICATION_SAFE,S&P DJI deletion effective prior to open 2019-12-23; half-open exit date 2019-12-23. Primary index evidence.,https://press.spglobal.com/2019-12-13-Live-Nation-Entertainment-Zebra-Technologies-STERIS-Set-to-Join-S-P-500-Others-to-Join-S-P-MidCap-400-and-S-P-SmallCap-600,2019-12-23,,5,
P1_HIGH_YIELD_EXIT_CERTIFICATION,P1,AN,"AutoNation, Inc.",SP500_SPELL_0071,,COMPLETE,NO,False,NO,NO,PROMOTED_PUBLICATION_SAFE,S&P DJI: AutoNation removed effective prior to open 2017-08-08; half-open exit date 2017-08-08.,https://press.spglobal.com/2017-07-31-Brighthouse-Financial-Set-to-Join-S-P-500-AutoNation-to-Join-S-P-MidCap-400-FTI-Consulting-to-Join-S-P-SmallCap-600,2017-08-08,,12,
P1_HIGH_YIELD_EXIT_CERTIFICATION,P1,ANDW,Andrew Corp.,SP500_SPELL_0073,,COMPLETE,NO,False,NO,NO,PROMOTED_PUBLICATION_SAFE,Exit boundary certified; half-open first non-member date 2006-10-02.,https://br.advfn.com/noticias/PRNUS/2006/artigo/16967077,2006-10-02,,5,
P1_HIGH_YIELD_EXIT_CERTIFICATION,P1,ANF,Abercrombie & Fitch Co,SP500_SPELL_0075,,COMPLETE,NO,False,NO,NO,PROMOTED_PUBLICATION_SAFE,Exit boundary certified; half-open first non-member date 2013-12-23.,https://press.spglobal.com/2013-12-11-Facebook-Set-to-Join-the-S-P-100-500-Alliance-Data-Systems-and-Mohawk-to-Join-the-S-P-500-Changes-to-the-S-P-MidCap-400-and-the-S-P-SmallCap-600,2013-12-23,,5,
P1_HIGH_YIELD_EXIT_CERTIFICATION,P1,APCC,American Power Conversion Corp,SP500_SPELL_0084,,COMPLETE,NO,False,NO,NO,PROMOTED_PUBLICATION_SAFE,Hudson City Bancorp was added to the S&P 500 on 2007-02-14 replacing American Power Conversion; SEC-filed issuer release confirms Schneider completed the APC acquisition on the same date.,https://www.sec.gov/Archives/edgar/data/835910/000119312507031531/dex991.htm,2007-02-14,https://wikihandbk.com/wiki/%D0%90%D0%BD%D0%B3%D0%BB%D0%B8%D0%B9%D1%81%D0%BA%D0%B0%D1%8F_%D0%92%D0%B8%D0%BA%D0%B8%D0%BF%D0%B5%D0%B4%D0%B8%D1%8F%3AHudson_City_Bancorp,3,
P1_HIGH_YIELD_EXIT_CERTIFICATION,P1,APOL,Apollo Education Group,SP500_SPELL_0088,EXIT_NOT_CERTIFIED,DONE_EXIT_CERTIFIED,NO,YES,NO,NO,PROMOTED_PUBLICATION_SAFE,Primary S&P DJI evidence certifies S&P 500 deletion; half-open exit boundary 2013-07-01. Promoted to historical publication scope.,https://press.spglobal.com/2013-06-20-News-Corp-Set-to-Join-S-P-500-Mallinckrodt-Apollo-to-Join-S-P-MidCap-400-Forest-Oil-Tesco-to-Join-S-P-SmallCap-600,2013-07-01,,4,
P1_HIGH_YIELD_EXIT_CERTIFICATION,P1,ASN,Archstone-Smith Trust,SP500_SPELL_0100,,COMPLETE,NO,False,NO,NO,PROMOTED_PUBLICATION_SAFE,Exit boundary certified; half-open first non-member date 2007-10-08.,https://www.rttnews.com/393278/noble-energy-to-replace-archstone-smith-trust-in-s-p-500-quick-facts.aspx,2007-10-08,https://www.chron.com/business/article/around-the-region-1614439.php,2,
P1_HIGH_YIELD_EXIT_CERTIFICATION,P1,AT,Alltel Corp,SP500_SPELL_0103,EXIT_NOT_CERTIFIED,FINAL_P1_HOLD_EXACT_S&P_BOUNDARY_UNRESOLVED,NO,YES,NO,NO,FINAL_P1_HOLD_EXACT_BOUNDARY_UNRESOLVED,Final P1 research pass completed; exact S&P-effective exit boundary remains unproven without inference. Remains quarantined.,,,,6,28
P1_HIGH_YIELD_EXIT_CERTIFICATION,P1,AV,Avaya Inc.,SP500_SPELL_0108,EXIT_NOT_CERTIFIED,FINAL_P1_HOLD_EXACT_S&P_BOUNDARY_UNRESOLVED,NO,YES,NO,NO,FINAL_P1_HOLD_EXACT_BOUNDARY_UNRESOLVED,Final P1 research pass completed; exact S&P-effective exit boundary remains unproven without inference. Remains quarantined.,,,,5,53
P0_MANUAL_DEEP_RESEARCH,P0,AVP,Avon Products Inc,SP500_SPELL_0111,EXIT_NOT_CERTIFIED;MANUAL_REQUIRED;ENTRY_NOT_CERTIFIED,MANUAL_REVIEW_AND_PART4_EXIT_CERTIFICATION,YES,YES,YES,NO,UNTOUCHED,,,,,6,30
P1_HIGH_YIELD_EXIT_CERTIFICATION,P1,AW,Allied Waste Industries Inc.,SP500_SPELL_0113,,COMPLETE,NO,False,NO,NO,PROMOTED_PUBLICATION_SAFE,Exact exit boundary certified; first non-member date 2008-12-04.,https://www.advfn.com/stock-market/NYSE/MSC/stock-news/29546891/standard-poors-announces-changes-to-u-s-indices,2008-12-04,,5,
P1_HIGH_YIELD_EXIT_CERTIFICATION,P1,AWE,AT&T Wireless,SP500_SPELL_0114,EXIT_NOT_CERTIFIED,FINAL_P1_HOLD_EXACT_S&P_BOUNDARY_UNRESOLVED,NO,YES,NO,NO,FINAL_P1_HOLD_EXACT_BOUNDARY_UNRESOLVED,Final P1 research pass completed; exact S&P-effective exit boundary remains unproven without inference. Remains quarantined.,,,,2,91
P1_HIGH_YIELD_EXIT_CERTIFICATION,P1,AYE,Allegheny Energy Inc.,SP500_SPELL_0118,EXIT_NOT_CERTIFIED,FINAL_P1_HOLD_EXACT_S&P_BOUNDARY_UNRESOLVED,NO,YES,NO,NO,FINAL_P1_HOLD_EXACT_BOUNDARY_UNRESOLVED,Final P1 research pass completed; exact S&P-effective exit boundary remains unproven without inference. Remains quarantined.,,,,5,47
P1_HIGH_YIELD_EXIT_CERTIFICATION,P1,AYI,Acuity Brands Inc,SP500_SPELL_0119,EXIT_NOT_CERTIFIED,DONE_EXIT_CERTIFIED,NO,YES,NO,NO,PROMOTED_PUBLICATION_SAFE,Primary S&P DJI evidence certifies S&P 500 deletion; half-open exit boundary 2018-06-18. Promoted to historical publication scope.,https://press.spglobal.com/2018-06-08-HollyFrontier-Broadridge-Financial-Solutions-Set-to-Join-S-P-500-Others-to-Join-S-P-MidCap-400-and-S-P-SmallCap-600,2018-06-18,,2,
P1_HIGH_YIELD_EXIT_CERTIFICATION,P1,AZA.A,ALZA Corp.,SP500_SPELL_0120,EXIT_NOT_CERTIFIED,FINAL_P1_HOLD_EXACT_S&P_BOUNDARY_UNRESOLVED,NO,YES,NO,NO,FINAL_P1_HOLD_EXACT_BOUNDARY_UNRESOLVED,Final P1 research pass completed; exact S&P-effective exit boundary remains unproven without inference. Remains quarantined.,,,,1,115
P1_HIGH_YIELD_EXIT_CERTIFICATION,P1,BBBY,Bed Bath & Beyond Inc,SP500_SPELL_0126,,COMPLETE,NO,False,NO,NO,PROMOTED_PUBLICATION_SAFE,S&P DJI: Bed Bath & Beyond removed effective prior to open 2017-07-26; half-open exit date 2017-07-26.,https://press.spglobal.com/2017-07-19-MGM-Resorts-ResMed-Packaging-Corporation-of-America-A-O-Smith-and-Duke-Realty-Set-to-Join-S-P-500-Others-to-Join-S-P-MidCap-400,2017-07-26,,8,
P0_MANUAL_DEEP_RESEARCH,P0,BC,Brunswick Corporation,SP500_SPELL_0130,EXIT_NOT_CERTIFIED;MANUAL_REQUIRED;ENTRY_NOT_CERTIFIED,MANUAL_REVIEW_AND_PART4_EXIT_CERTIFICATION,YES,YES,YES,NO,UNTOUCHED,,,,,6,22
P0_MANUAL_DEEP_RESEARCH,P0,BCR,C. R. Bard Inc,SP500_SPELL_0132,EXIT_NOT_CERTIFIED;MANUAL_REQUIRED;ENTRY_NOT_CERTIFIED,MANUAL_REVIEW_AND_PART4_EXIT_CERTIFICATION,YES,YES,YES,NO,UNTOUCHED,,,,,7,14
P0_MANUAL_DEEP_RESEARCH,P0,BDK,Black & Decker Manufacturing,SP500_SPELL_0133,EXIT_NOT_CERTIFIED;MANUAL_REQUIRED;ENTRY_NOT_CERTIFIED,MANUAL_REVIEW_AND_PART4_EXIT_CERTIFICATION,YES,YES,YES,NO,UNTOUCHED,,,,,3,71
P1_HIGH_YIELD_EXIT_CERTIFICATION,P1,BGEN,Biogen NV,SP500_SPELL_0142,,COMPLETE,NO,False,NO,NO,PROMOTED_PUBLICATION_SAFE,Exact exit boundary certified; first non-member date 2003-11-13.,https://www.advfn.com/stock-market/NASDAQ/BGEN/stock-news/6667261/standard-poors-announces-changes-to-s-p-u-s-ind,2003-11-13,,2,
P1_HIGH_YIELD_EXIT_CERTIFICATION,P1,BHF,Brighthouse Financial Inc,SP500_SPELL_0144,,COMPLETE,NO,False,NO,NO,PROMOTED_PUBLICATION_SAFE,S&P DJI: Brighthouse Financial removed effective prior to open 2019-04-03; corrected prior 2019-04-02 candidate to certified half-open exit date 2019-04-03.,https://press.spglobal.com/2019-03-26-Dow-Set-to-Join-S-P-500-and-S-P-100-Brighthouse-Financial-and-Trex-Company-to-Join-S-P-MidCap-400-Pitney-Bowes-and-Xenia-Hotels-Resorts-to-Join-S-P-SmallCap-600,2019-04-03,,2,
P1_HIGH_YIELD_EXIT_CERTIFICATION,P1,BHI,Baker Hughes Inc.,SP500_SPELL_0145,EXIT_NOT_CERTIFIED,FINAL_P1_HOLD_EXACT_S&P_BOUNDARY_UNRESOLVED,NO,YES,NO,NO,FINAL_P1_HOLD_EXACT_BOUNDARY_UNRESOLVED,Final P1 research pass completed; exact S&P-effective exit boundary remains unproven without inference. Remains quarantined.,,,,6,29
P1_HIGH_YIELD_EXIT_CERTIFICATION,P1,BIG,Big Lots Inc.,SP500_SPELL_0147,EXIT_NOT_CERTIFIED,FINAL_P1_HOLD_EXACT_S&P_BOUNDARY_UNRESOLVED,NO,YES,NO,NO,FINAL_P1_HOLD_EXACT_BOUNDARY_UNRESOLVED,Final P1 research pass completed; exact S&P-effective exit boundary remains unproven without inference. Remains quarantined.,,,,4,60
P1_HIGH_YIELD_EXIT_CERTIFICATION,P1,BIO,Bio-Rad Laboratories,SP500_SPELL_0149,,COMPLETE,NO,False,NO,NO,PROMOTED_PUBLICATION_SAFE,S&P DJI: Bio-Rad Laboratories deleted effective prior to open 2024-09-23; half-open exit date 2024-09-23.,https://press.spglobal.com/2024-09-06-Palantir-Technologies%2C-Dell-Technologies%2C-and-Erie-Indemnity-Set-to-Join-S-P-500-Others-to-Join-S-P-MidCap-400-and-S-P-SmallCap-600,2024-09-23,,4,
P1_HIGH_YIELD_EXIT_CERTIFICATION,P1,BJS,BJ Services Co.,SP500_SPELL_0150,EXIT_NOT_CERTIFIED,FINAL_P1_HOLD_EXACT_S&P_BOUNDARY_UNRESOLVED,NO,YES,NO,NO,FINAL_P1_HOLD_EXACT_BOUNDARY_UNRESOLVED,Final P1 research pass completed; exact S&P-effective exit boundary remains unproven without inference. Remains quarantined.,,,,6,23
P1_HIGH_YIELD_EXIT_CERTIFICATION,P1,BLS,BellSouth Corp.,SP500_SPELL_0157,,COMPLETE,NO,False,NO,NO,PROMOTED_PUBLICATION_SAFE,Exit boundary certified; half-open first non-member date 2007-01-04.,https://www.advfn.com/stock-market/NYSE/BLS/stock-news/18620245/standard-poors-announces-changes-to-u-s-indices,2007-01-04,,4,
P1_HIGH_YIELD_EXIT_CERTIFICATION,P1,BMC,BMC Software Inc,SP500_SPELL_0159,,COMPLETE,NO,False,NO,NO,PROMOTED_PUBLICATION_SAFE,S&P DJI: BMC Software deleted after close 2013-09-10; first non-member trading day / half-open exit date 2013-09-11.,https://press.spglobal.com/2013-09-06-Delta-Air-Lines-Set-to-Join-the-S-P-500,2013-09-11,,6,
P1_HIGH_YIELD_EXIT_CERTIFICATION,P1,BMET,Biomet Inc.,SP500_SPELL_0160,,COMPLETE,NO,False,NO,NO,PROMOTED_PUBLICATION_SAFE,Exit boundary certified; half-open first non-member date 2007-07-12.,https://br.advfn.com/noticias/PRNUS/2007/artigo/21358115,2007-07-12,,3,
P1_HIGH_YIELD_EXIT_CERTIFICATION,P1,BMS,Bemis Company Inc,SP500_SPELL_0162,,COMPLETE,NO,False,NO,NO,PROMOTED_PUBLICATION_SAFE,Exit boundary certified; half-open first non-member date 2014-12-05.,https://press.spglobal.com/2014-12-01-Royal-Caribbean-Cruises-Set-to-Join-the-S-P-500-Bemis-Tyler-Technologies-to-Join-the-S-P-MidCap-400-Montpelier-Re-to-Join-S-P-SmallCap-600,2014-12-05,,5,
P0_MANUAL_DEEP_RESEARCH,P0,BNI,Burlington Northern Santa Fe Corp,SP500_SPELL_0164,EXIT_NOT_CERTIFIED;MANUAL_REQUIRED;ENTRY_NOT_CERTIFIED,MANUAL_REVIEW_AND_PART4_EXIT_CERTIFICATION,YES,YES,YES,NO,UNTOUCHED,,,,,8,7
P1_HIGH_YIELD_EXIT_CERTIFICATION,P1,BOL,Bausch & Lomb Inc.,SP500_SPELL_0168,EXIT_NOT_CERTIFIED,FINAL_P1_HOLD_EXACT_S&P_BOUNDARY_UNRESOLVED,NO,YES,NO,NO,FINAL_P1_HOLD_EXACT_BOUNDARY_UNRESOLVED,Final P1 research pass completed; exact S&P-effective exit boundary remains unproven without inference. Remains quarantined.,,,,6,31
P1_HIGH_YIELD_EXIT_CERTIFICATION,P1,BRCM,Broadcom Corp.,SP500_SPELL_0171,EXIT_NOT_CERTIFIED,DONE_EXIT_CERTIFIED,NO,YES,NO,NO,PROMOTED_PUBLICATION_SAFE,Primary S&P DJI evidence certifies S&P 500 deletion; half-open exit boundary 2016-02-01. Promoted to historical publication scope.,https://press.spglobal.com/2016-01-22-Federal-Realty-Investment-Trust-Set-to-Join-the-S-P-500-Curtiss-Wright-Pool-to-Join-S-P-MidCap-400-Cray-Asbury-Automotive-to-Join-S-P-SmallCap-600,2016-02-01,,7,
P1_HIGH_YIELD_EXIT_CERTIFICATION,P1,BSC,Bear Stearns Co,SP500_SPELL_0175,EXIT_NOT_CERTIFIED,FINAL_P1_HOLD_EXACT_S&P_BOUNDARY_UNRESOLVED,NO,YES,NO,NO,FINAL_P1_HOLD_EXACT_BOUNDARY_UNRESOLVED,Final P1 research pass completed; exact S&P-effective exit boundary remains unproven without inference. Remains quarantined.,,,,3,70
P1_HIGH_YIELD_EXIT_CERTIFICATION,P1,BWA,BorgWarner,SP500_SPELL_0181,,COMPLETE,NO,YES,NO,NO,PROMOTED_PUBLICATION_SAFE,S&P DJI deletion effective prior to open 2025-03-24; half-open exit date 2025-03-24. Primary index evidence.,https://press.spglobal.com/2025-03-07-DoorDash%2C-TKO-Group-Holdings%2C-Williams-Sonoma-and-Expand-Energy-Set-to-Join-S-P-500-Others-to-Join-S-P-100%2C-S-P-MidCap-400-and-S-P-SmallCap-600,2025-03-24,,14,
P1_HIGH_YIELD_EXIT_CERTIFICATION,P1,CA,CA Inc,SP500_SPELL_0186,,COMPLETE,NO,False,NO,NO,PROMOTED_PUBLICATION_SAFE,Exit boundary certified; half-open first non-member date 2018-11-06.,https://press.spglobal.com/2018-10-30-Keysight-Technologies-Set-to-Join-S-P-500-Ligand-Pharmaceuticals-to-Join-S-P-MidCap-400-Marcus-Millichap-and-Arcosa-to-Join-S-P-SmallCap-600,2018-11-06,,7,
P0_MANUAL_DEEP_RESEARCH,P0,CAR,"Avis Budget Group, Inc.",SP500_SPELL_0191,EXIT_NOT_CERTIFIED;MANUAL_REQUIRED;ENTRY_NOT_CERTIFIED,MANUAL_REVIEW_AND_PART4_EXIT_CERTIFICATION,YES,YES,YES,NO,UNTOUCHED,,,,,5,33
P0_MANUAL_DEEP_RESEARCH,P0,CBS,CBS Corp.,SP500_SPELL_0202,EXIT_NOT_CERTIFIED;MANUAL_REQUIRED;ENTRY_NOT_CERTIFIED,MANUAL_REVIEW_AND_PART4_EXIT_CERTIFICATION,YES,YES,YES,NO,UNTOUCHED,,,,,2,99
P1_HIGH_YIELD_EXIT_CERTIFICATION,P1,CBSS,Compass Bancshares Inc,SP500_SPELL_0203,,COMPLETE,NO,False,NO,NO,PROMOTED_PUBLICATION_SAFE,Exit boundary certified; half-open first non-member date 2007-09-10.,https://www.rttnews.com/amp/376789/microchip-tech-to-replace-compass-bancshares-in-s-p-500-quick-facts.aspx,2007-09-10,,1,
P1_HIGH_YIELD_EXIT_CERTIFICATION,P1,CCTYQ,"Circuit City Stores, Inc.",SP500_SPELL_0211,,COMPLETE,NO,False,NO,NO,PROMOTED_PUBLICATION_SAFE,Exit boundary certified; half-open first non-member date 2008-03-31.,https://br.advfn.com/bolsa-de-valores/nyse/ATI/share-news/25400504/standard-poors-announces-changes-to-u-s-indices,2008-03-31,,3,
P1_HIGH_YIELD_EXIT_CERTIFICATION,P1,CE,Celanese,SP500_SPELL_0217,,COMPLETE,NO,YES,NO,NO,PROMOTED_PUBLICATION_SAFE,S&P DJI deletion effective prior to open 2025-03-24; half-open exit date 2025-03-24. Primary index evidence.,https://press.spglobal.com/2025-03-07-DoorDash%2C-TKO-Group-Holdings%2C-Williams-Sonoma-and-Expand-Energy-Set-to-Join-S-P-500-Others-to-Join-S-P-100%2C-S-P-MidCap-400-and-S-P-SmallCap-600,2025-03-24,,7,
P1_HIGH_YIELD_EXIT_CERTIFICATION,P1,CFC,Countrywide Financial Corp.,SP500_SPELL_0226,,COMPLETE,NO,False,NO,NO,PROMOTED_PUBLICATION_SAFE,Exit boundary certified; half-open first non-member date 2008-07-01.,https://www.advfn.com/stock-market/NYSE/CFC/stock-news/27071045/standard-poors-announces-change-to-u-s-index,2008-07-01,,5,
P1_HIGH_YIELD_EXIT_CERTIFICATION,P1,CHIR,Chiron Corp.,SP500_SPELL_0234,,COMPLETE,NO,False,NO,NO,PROMOTED_PUBLICATION_SAFE,Exit boundary certified; half-open first non-member date 2006-04-20.,https://www.advfn.com/stock-market/NASDAQ/CHIR/stock-news/15014720/standard-poors-announces-changes-to-u-s-indices,2006-04-20,,5,
P1_HIGH_YIELD_EXIT_CERTIFICATION,P1,CHK,Chesapeake Energy Corp,SP500_SPELL_0235,EXIT_NOT_CERTIFIED,DONE_EXIT_CERTIFIED,NO,YES,NO,NO,PROMOTED_PUBLICATION_SAFE,Primary S&P DJI evidence certifies S&P 500 deletion; half-open exit boundary 2018-03-19. Promoted to historical publication scope.,https://press.spglobal.com/2018-03-09-Take-Two-Interactive-Software-SVB-Financial-and-Nektar-Pharmaceuticals-Set-to-Join-S-P-500-Others-to-Join-S-P-MidCap-400-and-S-P-SmallCap-600,2018-03-19,,11,
P1_HIGH_YIELD_EXIT_CERTIFICATION,P1,CIEN,Ciena Corp.,SP500_SPELL_0240,,COMPLETE,NO,False,NO,NO,PROMOTED_PUBLICATION_SAFE,Exit boundary certified; half-open first non-member date 2009-12-21.,https://br.advfn.com/noticias/DJN/2009/artigo/40740649,2009-12-21,,7,
P1_HIGH_YIELD_EXIT_CERTIFICATION,P1,CITGQ,CIT Group Inc,SP500_SPELL_0245,,COMPLETE,NO,False,NO,NO,PROMOTED_PUBLICATION_SAFE,Exit boundary certified; half-open first non-member date 2009-07-27.,https://uk.marketscreener.com/quote/stock/RED-HAT-38908/news/RED-HAT-Standard-Poor-s-Announces-Change-to-U-S-Index-13213147/,2009-07-27,,3,
P1_HIGH_YIELD_EXIT_CERTIFICATION,P1,CMA,Comerica Incorporated,SP500_SPELL_0249,,COMPLETE,NO,YES,NO,NO,PROMOTED_PUBLICATION_SAFE,S&P DJI deletion effective prior to open 2024-06-24; half-open exit date 2024-06-24. Primary index evidence.,https://press.spglobal.com/2024-06-07-KKR%2C-CrowdStrike-Holdings-and-GoDaddy-Set-to-Join-S-P-500-Others-to-Join-S-P-MidCap-400-and-S-P-SmallCap-600,2024-06-24,,7,
P1_HIGH_YIELD_EXIT_CERTIFICATION,P1,CMVT,Comverse Technology Inc,SP500_SPELL_0257,,COMPLETE,NO,False,NO,NO,PROMOTED_PUBLICATION_SAFE,Exact exit boundary certified; first non-member date 2007-02-01.,https://www.just-style.com/news/us-polo-ralph-lauren-moves-to-sp-500/,2007-02-01,,1,
P1_HIGH_YIELD_EXIT_CERTIFICATION,P1,CMX,Caremark Rx,SP500_SPELL_0258,,COMPLETE,NO,False,NO,NO,PROMOTED_PUBLICATION_SAFE,Exit boundary certified; half-open first non-member date 2007-03-21.,https://br.advfn.com/noticias/PRNUS/2007/artigo/19841988,2007-03-21,,2,
P1_HIGH_YIELD_EXIT_CERTIFICATION,P1,CNX,Consol Energy Inc.,SP500_SPELL_0264,EXIT_NOT_CERTIFIED,DONE_EXIT_CERTIFIED,NO,YES,NO,NO,PROMOTED_PUBLICATION_SAFE,Primary S&P DJI evidence certifies S&P 500 deletion; half-open exit boundary 2016-03-04. Promoted to historical publication scope.,https://press.spglobal.com/2016-03-01-American-Water-Works-Set-to-Join-the-S-P-500-CONSOL-Energy-to-Join-S-P-MidCap-400,2016-03-04,,9,
P1_HIGH_YIELD_EXIT_CERTIFICATION,P1,COC.B,Conoco Inc.,SP500_SPELL_0266,EXIT_NOT_CERTIFIED,FINAL_P1_HOLD_EXACT_S&P_BOUNDARY_UNRESOLVED,NO,YES,NO,NO,FINAL_P1_HOLD_EXACT_BOUNDARY_UNRESOLVED,Final P1 research pass completed; exact S&P-effective exit boundary remains unproven without inference. Remains quarantined.,,,,1,114
P1_HIGH_YIELD_EXIT_CERTIFICATION,P1,COL,Rockwell Collins Inc,SP500_SPELL_0271,,COMPLETE,NO,YES,NO,NO,CERTIFIED_AND_PROMOTED,"S&P DJI: Rockwell Collins deleted prior to open 2018-12-03; half-open exit date 2018-12-03. UTC confirms acquisition completed 2018-11-26, separately from index deletion.",https://press.spglobal.com/2018-11-26-Lamb-Weston-Holdings-Maxim-Integrated-Products-and-Diamondback-Energy-Set-to-Join-S-P-500-Others-to-Join-S-P-MidCap-400-and-S-P-SmallCap-600,2018-12-03,https://investors.rtx.com/news-releases/news-release-details/united-technologies-announces-intention-separate-three,5,51
P1_HIGH_YIELD_EXIT_CERTIFICATION,P1,COTY,Coty Inc,SP500_SPELL_0276,,COMPLETE,NO,YES,NO,NO,PROMOTED_PUBLICATION_SAFE,S&P DJI deletion effective prior to open 2020-09-21; half-open exit date 2020-09-21. Primary index evidence.,https://press.spglobal.com/2020-09-04-Etsy-Teradyne-and-Catalent-Set-to-Join-S-P-500-Others-to-Join-S-P-MidCap-400-and-S-P-SmallCap-600,2020-09-21,,4,
P1_HIGH_YIELD_EXIT_CERTIFICATION,P1,CPNLQ,Calpine Corporation,SP500_SPELL_0282,,COMPLETE,NO,False,NO,NO,PROMOTED_PUBLICATION_SAFE,Exact exit boundary certified; first non-member date 2005-12-02.,https://edgar.secdatabase.com/2678/91645705000094/filing-main.htm,2005-12-02,,4,
P1_HIGH_YIELD_EXIT_CERTIFICATION,P1,CPQ,Compaq Computer Corp,SP500_SPELL_0283,EXIT_NOT_CERTIFIED,FINAL_P1_HOLD_EXACT_S&P_BOUNDARY_UNRESOLVED,NO,YES,NO,NO,FINAL_P1_HOLD_EXACT_BOUNDARY_UNRESOLVED,Final P1 research pass completed; exact S&P-effective exit boundary remains unproven without inference. Remains quarantined.,,,,1,105
P1_HIGH_YIELD_EXIT_CERTIFICATION,P1,CTL,"CenturyLink, Inc.",SP500_SPELL_0301,EXIT_NOT_CERTIFIED,DONE_EXIT_CERTIFIED,NO,YES,NO,NO,PROMOTED_PUBLICATION_SAFE,Primary S&P DJI evidence certifies S&P 500 deletion; half-open exit boundary 2023-03-20. Promoted to historical publication scope.,https://press.spglobal.com/2023-03-03-Fair-Isaac-Co-Set-to-Join-S-P-500-Others-to-Join-S-P-MidCap-400-and-S-P-SmallCap-600,2023-03-20,,16,
P1_HIGH_YIELD_EXIT_CERTIFICATION,P1,CTX,Centex Corp.,SP500_SPELL_0305,,COMPLETE,NO,False,NO,NO,PROMOTED_PUBLICATION_SAFE,Exit boundary certified; half-open first non-member date 2009-08-19.,https://www.marketscreener.com/quote/stock/PULTEGROUP-INC-14003/news/PULTE-HOMES-Standard-Poor-s-Announces-Changes-to-U-S-Indices-13226959/,2009-08-19,,5,
P1_HIGH_YIELD_EXIT_CERTIFICATION,P1,CTXS,Citrix Systems Inc,SP500_SPELL_0306,EXIT_NOT_CERTIFIED,DONE_EXIT_CERTIFIED,NO,YES,NO,NO,PROMOTED_PUBLICATION_SAFE,Primary S&P DJI evidence certifies S&P 500 deletion; half-open exit boundary 2022-10-03. Promoted to historical publication scope.,https://press.spglobal.com/2022-09-23-PG-E-and-EQT-Set-to-Join-S-P-500-ExlService-to-Join-S-P-MidCap-400-Others-to-Join-S-P-SmallCap-600,2022-10-03,,7,
P1_HIGH_YIELD_EXIT_CERTIFICATION,P1,CVG,Convergys Corp.,SP500_SPELL_0308,,COMPLETE,NO,False,NO,NO,PROMOTED_PUBLICATION_SAFE,Exit boundary certified; half-open first non-member date 2009-12-21.,https://br.advfn.com/noticias/DJN/2009/artigo/40740649,2009-12-21,,6,
P1_HIGH_YIELD_EXIT_CERTIFICATION,P1,CVH,Coventry Corp,SP500_SPELL_0309,,COMPLETE,NO,False,NO,NO,PROMOTED_PUBLICATION_SAFE,Exit boundary certified; half-open first non-member date 2013-05-09.,https://press.spglobal.com/2013-05-03-Macerich-Set-to-Join-the-S-P-500-3D-Systems-to-Join-the-S-P-MidCap-400-CoreSite-Realty-to-Join-the-S-P-SmallCap-600,2013-05-09,,1,
P1_HIGH_YIELD_EXIT_CERTIFICATION,P1,CZR,Caesars Entertainment,SP500_SPELL_0316,EXIT_NOT_CERTIFIED,DONE_EXIT_CERTIFIED,NO,YES,NO,NO,PROMOTED_PUBLICATION_SAFE,Primary S&P DJI evidence certifies S&P 500 deletion; half-open exit boundary 2025-09-22. Promoted to historical publication scope.,https://press.spglobal.com/2025-09-05-AppLovin%2C-Robinhood-Markets-and-Emcor-Group-Set-to-Join-S-P-500-Others-to-Join-S-P-100%2C-S-P-MidCap-400-and-S-P-SmallCap-600,2025-09-22,,4,
P0_MANUAL_DEEP_RESEARCH,P0,DALRQ,Delta Air Lines,SP500_SPELL_0319,EXIT_NOT_CERTIFIED;MANUAL_REQUIRED;ENTRY_NOT_CERTIFIED,MANUAL_REVIEW_AND_PART4_EXIT_CERTIFICATION,YES,YES,YES,NO,UNTOUCHED,,,,,3,72
P0_MANUAL_DEEP_RESEARCH,P0,DCNAQ,Dana Corporation,SP500_SPELL_0321,EXIT_NOT_CERTIFIED;MANUAL_REQUIRED;ENTRY_NOT_CERTIFIED,MANUAL_REVIEW_AND_PART4_EXIT_CERTIFICATION,YES,YES,YES,NO,UNTOUCHED,,,,,5,49
P1_HIGH_YIELD_EXIT_CERTIFICATION,P1,DDS,"Dillard's, Inc.",SP500_SPELL_0325,,COMPLETE,NO,False,NO,NO,PROMOTED_PUBLICATION_SAFE,Exit boundary certified; half-open first non-member date 2008-10-22.,https://br.advfn.com/bolsa-de-valores/nyse/FLE/share-news/28777767/standard-poors-announces-changes-to-u-s-indices,2008-10-22,,1,
P1_HIGH_YIELD_EXIT_CERTIFICATION,P1,DG,Dollar General,SP500_SPELL_0333,,COMPLETE,NO,False,NO,NO,PROMOTED_PUBLICATION_SAFE,Exit boundary certified; half-open first non-member date 2007-07-09.,https://www.rttnews.com/333657/american-capital-strategies-to-replace-dollar-general-in-s-p-500-quick-facts.aspx,2007-07-09,,6,
P0_MANUAL_DEEP_RESEARCH,P0,DISCA,"Discovery Communications, Inc.",SP500_SPELL_0342,EXIT_NOT_CERTIFIED;MANUAL_REQUIRED,MANUAL_REVIEW_AND_PART4_EXIT_CERTIFICATION,NO,YES,YES,NO,UNTOUCHED,,,,,4,62
P0_MANUAL_DEEP_RESEARCH,P0,DJ,Dow Jones & Co. Inc.,SP500_SPELL_0345,EXIT_NOT_CERTIFIED;MANUAL_REQUIRED;ENTRY_NOT_CERTIFIED,MANUAL_REVIEW_AND_PART4_EXIT_CERTIFICATION,YES,YES,YES,NO,UNTOUCHED,,,,,6,24
P1_HIGH_YIELD_EXIT_CERTIFICATION,P1,DLX,Deluxe Corporation,SP500_SPELL_0348,EXIT_NOT_CERTIFIED,FINAL_P1_HOLD_EXACT_S&P_BOUNDARY_UNRESOLVED,NO,YES,NO,NO,FINAL_P1_HOLD_EXACT_BOUNDARY_UNRESOLVED,Final P1 research pass completed; exact S&P-effective exit boundary remains unproven without inference. Remains quarantined.,,,,3,77
P1_HIGH_YIELD_EXIT_CERTIFICATION,P1,DPHIQ,Delphi Corporation,SP500_SPELL_0355,EXIT_NOT_CERTIFIED,FINAL_P1_HOLD_EXACT_S&P_BOUNDARY_UNRESOLVED,NO,YES,NO,NO,FINAL_P1_HOLD_EXACT_BOUNDARY_UNRESOLVED,Final P1 research pass completed; exact S&P-effective exit boundary remains unproven without inference. Remains quarantined.,,,,1,122
P1_HIGH_YIELD_EXIT_CERTIFICATION,P1,DXC,DXC Technology Company,SP500_SPELL_0367,EXIT_NOT_CERTIFIED,DONE_EXIT_CERTIFIED,NO,YES,NO,NO,PROMOTED_PUBLICATION_SAFE,Primary S&P DJI evidence certifies S&P 500 deletion; half-open exit boundary 2023-10-03. Promoted to historical publication scope.,https://press.spglobal.com/2023-09-28-Veralto-Set-to-Join-S-P-500-Vestis-to-Join-S-P-MidCap-400-Others-to-Join-S-P-SmallCap-600,2023-10-03,,6,
P1_HIGH_YIELD_EXIT_CERTIFICATION,P1,EDS,Electronic Data Systems Corp,SP500_SPELL_0378,EXIT_NOT_CERTIFIED,FINAL_P1_HOLD_EXACT_S&P_BOUNDARY_UNRESOLVED,NO,YES,NO,NO,FINAL_P1_HOLD_EXACT_BOUNDARY_UNRESOLVED,Final P1 research pass completed; exact S&P-effective exit boundary remains unproven without inference. Remains quarantined.,,,,7,13
P1_HIGH_YIELD_EXIT_CERTIFICATION,P1,EHC,HealthSouth Corp.,SP500_SPELL_0381,,COMPLETE,NO,False,NO,NO,PROMOTED_PUBLICATION_SAFE,Exact S&P exit boundary certified; first non-member date 2003-03-21.,https://www.sec.gov/Archives/edgar/data/785161/000119312505235488/d10k.htm,2003-03-21,https://www.washingtonpost.com/archive/business/2003/03/21/stocks-again-climb-on-news-from-iraq/d48de0f0-2aba-4dd2-bec4-f31da7200d27/,2,
P0_MANUAL_DEEP_RESEARCH,P0,EKDKQ,Eastman Kodak Company,SP500_SPELL_0383,EXIT_NOT_CERTIFIED;MANUAL_REQUIRED;ENTRY_NOT_CERTIFIED,MANUAL_REVIEW_AND_PART4_EXIT_CERTIFICATION,YES,YES,YES,NO,UNTOUCHED,,,,,6,20
P1_HIGH_YIELD_EXIT_CERTIFICATION,P1,EMC,EMC Corp.,SP500_SPELL_0385,,COMPLETE,NO,False,NO,NO,PROMOTED_PUBLICATION_SAFE,Exit boundary certified; half-open first non-member date 2016-09-08.,https://www.prnewswire.com/news-releases/kraft-heinz-set-to-join-sp-100-charter-communications-to-join-sp-500-300321081.html,2016-09-08,,5,
P1_HIGH_YIELD_EXIT_CERTIFICATION,P1,ENPH,Enphase Energy,SP500_SPELL_0390,EXIT_NOT_CERTIFIED,DONE_EXIT_CERTIFIED,NO,YES,NO,NO,PROMOTED_PUBLICATION_SAFE,Primary S&P DJI evidence certifies S&P 500 deletion; half-open exit boundary 2025-09-22. Promoted to historical publication scope.,https://press.spglobal.com/2025-09-05-AppLovin%2C-Robinhood-Markets-and-Emcor-Group-Set-to-Join-S-P-500-Others-to-Join-S-P-100%2C-S-P-MidCap-400-and-S-P-SmallCap-600,2025-09-22,,4,
P0_MANUAL_DEEP_RESEARCH,P0,ENRNQ,Enron Corp.,SP500_SPELL_0391,EXIT_NOT_CERTIFIED;MANUAL_REQUIRED;ENTRY_NOT_CERTIFIED,MANUAL_REVIEW_AND_PART4_EXIT_CERTIFICATION,YES,YES,YES,NO,UNTOUCHED,,,,,1,108
P1_HIGH_YIELD_EXIT_CERTIFICATION,P1,EOP,Equity Office Properties Trust,SP500_SPELL_0394,EXIT_NOT_CERTIFIED,FINAL_P1_HOLD_EXACT_S&P_BOUNDARY_UNRESOLVED,NO,YES,NO,NO,FINAL_P1_HOLD_EXACT_BOUNDARY_UNRESOLVED,Final P1 research pass completed; exact S&P-effective exit boundary remains unproven without inference. Remains quarantined.,,,,4,64
P1_HIGH_YIELD_EXIT_CERTIFICATION,P1,EPAM,EPAM Systems,SP500_SPELL_0396,,COMPLETE,NO,False,NO,NO,PROMOTED_PUBLICATION_SAFE,S&P DJI: EPAM Systems removed effective prior to open 2026-06-02; half-open exit date 2026-06-02.,https://press.spglobal.com/2026-05-27-FedEx-Freight-Holding-Company-Set-to-Join-S-P-500-EPAM-Systems-and-Dave-to-Join-S-P-SmallCap-600,2026-06-02,,5,
P1_HIGH_YIELD_EXIT_CERTIFICATION,P1,EQT,EQT Corporation,SP500_SPELL_0400,EXIT_NOT_CERTIFIED,DONE_EXIT_CERTIFIED,NO,YES,NO,NO,PROMOTED_PUBLICATION_SAFE,Primary S&P DJI evidence certifies S&P 500 deletion; half-open exit boundary 2018-11-13. Promoted to historical publication scope.,https://press.spglobal.com/2018-11-07-Jack-Henry-Associates-Set-to-Join-S-P-500-EQT-Equitrans-Midstream-MasTec-to-Join-S-P-MidCap-400-Superior-Energy-Services-United-Natural-Foods-to-Join-S-P-SmallCap-600,2018-11-13,,10,
P1_HIGH_YIELD_EXIT_CERTIFICATION,P1,ESRX,Express Scripts Holding Co,SP500_SPELL_0404,,COMPLETE,NO,YES,NO,NO,CERTIFIED_AND_PROMOTED,"S&P DJI: Express Scripts deleted effective prior to open 2018-12-24; half-open exit date 2018-12-24. SEC confirms Cigna combination closed 2018-12-20, separately from index boundary.",https://press.spglobal.com/2018-12-19-Celanese-Set-to-Join-S-P-500,2018-12-24,https://www.sec.gov/Archives/edgar/data/1532063/000114036118045477/form8k.htm,3,66
P1_HIGH_YIELD_EXIT_CERTIFICATION,P1,ETFC,E*TRADE Financial Corp,SP500_SPELL_0408,,COMPLETE,NO,False,NO,NO,PROMOTED_PUBLICATION_SAFE,Exit boundary certified; half-open first non-member date 2020-10-07.,https://press.spglobal.com/2020-10-01-Pool-Set-to-Join-S-P-500-Neogen-Simpson-Manufacturing-to-Join-S-P-MidCap-400-Others-to-Join-S-P-SmallCap-600,2020-10-07,,2,
P1_HIGH_YIELD_EXIT_CERTIFICATION,P1,ETSY,Etsy,SP500_SPELL_0412,,COMPLETE,NO,False,NO,NO,PROMOTED_PUBLICATION_SAFE,S&P DJI: Etsy deleted effective prior to open 2024-09-23; half-open exit date 2024-09-23.,https://press.spglobal.com/2024-09-06-Palantir-Technologies%2C-Dell-Technologies%2C-and-Erie-Indemnity-Set-to-Join-S-P-500-Others-to-Join-S-P-MidCap-400-and-S-P-SmallCap-600,2024-09-23,,4,
P1_HIGH_YIELD_EXIT_CERTIFICATION,P1,FBF,FleetBoston Financial Group Inc,SP500_SPELL_0425,,COMPLETE,NO,False,NO,NO,PROMOTED_PUBLICATION_SAFE,Exit boundary certified; half-open first non-member date 2004-04-01.,https://www.advfn.com/stock-market/NYSE/FBF/stock-news/7217409/standard-poors-announces-changes-to-s-p-u-s-ind,2004-04-01,,4,
P1_HIGH_YIELD_EXIT_CERTIFICATION,P1,FDC,First Data Corp.,SP500_SPELL_0431,,COMPLETE,NO,False,NO,NO,PROMOTED_PUBLICATION_SAFE,Exit boundary certified; half-open first non-member date 2007-09-25.,https://www.advfn.com/stock-market/NYSE/SLR/stock-news/22396134/standard-poors-announces-changes-to-u-s-indices,2007-09-25,,7,
P1_HIGH_YIELD_EXIT_CERTIFICATION,P1,FDO,Family Dollar Stores Inc,SP500_SPELL_0432,,COMPLETE,NO,YES,NO,NO,CERTIFIED_AND_PROMOTED,"S&P DJI: Family Dollar deleted after close 2015-07-08; half-open first non-member date 2015-07-09. Dollar Tree filing confirms acquisition closed 2015-07-06, separately from index boundary.",https://press.spglobal.com/2015-07-06-Advance-Auto-Parts-Set-to-Join-the-S-P-500-Jack-in-the-Box-West-Pharmaceutical-Services-to-Join-S-P-MidCap-400-Northfield-Bancorp-Constant-Contact-to-Join-S-P-SmallCap-600,2015-07-09,https://corporate.dollartree.com/investors/sec-filings/xbrl_doc_only/457,5,43
P1_HIGH_YIELD_EXIT_CERTIFICATION,P1,FHN,First Horizon National Corp,SP500_SPELL_0439,EXIT_NOT_CERTIFIED,DONE_EXIT_CERTIFIED,NO,YES,NO,NO,PROMOTED_PUBLICATION_SAFE,Primary S&P DJI evidence certifies S&P 500 deletion; half-open exit boundary 2013-06-24. Promoted to historical publication scope.,https://press.spglobal.com/2013-06-14-Zoetis-Set-to-Join-S-P-500-First-Horizon-National-to-Join-S-P-MidCap-400-QLogic-to-Join-S-P-SmallCap-600,2013-06-24,,7,
P1_HIGH_YIELD_EXIT_CERTIFICATION,P1,FII,"Federated Investors, Inc.",SP500_SPELL_0441,EXIT_NOT_CERTIFIED,DONE_EXIT_CERTIFIED,NO,YES,NO,NO,PROMOTED_PUBLICATION_SAFE,Primary S&P DJI evidence certifies S&P 500 deletion; half-open exit boundary 2013-01-02. Promoted to historical publication scope.,https://press.spglobal.com/2012-12-20-AbbVie-Set-to-Join-S-P-100-500-Federated-Investors-Set-to-Join-S-P-MidCap-400-ITT-Educational-Services-Procera-Networks-to-Join-S-P-SmallCap-600,2013-01-02,,3,
P1_HIGH_YIELD_EXIT_CERTIFICATION,P1,FLR,Fluor Corp,SP500_SPELL_0453,,COMPLETE,NO,False,NO,NO,PROMOTED_PUBLICATION_SAFE,Exit boundary certified; half-open first non-member date 2019-06-04.,https://press.spglobal.com/2019-05-28-Corteva-Set-to-Join-S-P-500-Fluor-to-Join-S-P-MidCap-400-and-Realogy-and-Bloomin-Brands-to-Join-S-P-SmallCap-600,2019-06-04,,18,
P1_HIGH_YIELD_EXIT_CERTIFICATION,P1,FLS,Flowserve Corp,SP500_SPELL_0454,,COMPLETE,NO,False,NO,NO,PROMOTED_PUBLICATION_SAFE,S&P DJI: Flowserve removed effective prior to open 2021-03-22; half-open exit date 2021-03-22.,https://press.spglobal.com/2021-03-12-NXP-Semiconductors-Penn-National-Gaming-Generac-Holdings-and-Caesars-Entertainment-Set-to-Join-S-P-500-Others-to-Join-S-P-MidCap-400-S-P-SmallCap-600-and-S-P-100,2021-03-22,,13,
P0_MANUAL_DEEP_RESEARCH,P0,FMC,FMC Corporation,SP500_SPELL_0457,EXIT_NOT_CERTIFIED;MANUAL_REQUIRED;ENTRY_NOT_CERTIFIED,MANUAL_REVIEW_AND_PART4_EXIT_CERTIFICATION,YES,YES,YES,NO,UNTOUCHED,,,,,1,110
P1_HIGH_YIELD_EXIT_CERTIFICATION,P1,FMC,FMC Corporation,SP500_SPELL_0458,,COMPLETE,NO,YES,NO,NO,PROMOTED_PUBLICATION_SAFE,S&P DJI deletion effective prior to open 2025-03-24; half-open exit date 2025-03-24. Primary index evidence.,https://press.spglobal.com/2025-03-07-DoorDash%2C-TKO-Group-Holdings%2C-Williams-Sonoma-and-Expand-Energy-Set-to-Join-S-P-500-Others-to-Join-S-P-100%2C-S-P-MidCap-400-and-S-P-SmallCap-600,2025-03-24,,16,
P1_HIGH_YIELD_EXIT_CERTIFICATION,P1,FNMA,Fannie Mae,SP500_SPELL_0461,,COMPLETE,NO,False,NO,NO,PROMOTED_PUBLICATION_SAFE,Exit boundary certified; half-open first non-member date 2008-09-11.,https://www.postbulletin.com/opinion/fastenal-steps-into-fannie-maes-shoes,2008-09-11,,6,
P1_HIGH_YIELD_EXIT_CERTIFICATION,P1,FOSL,Fossil Group,SP500_SPELL_0462,,COMPLETE,NO,False,NO,NO,PROMOTED_PUBLICATION_SAFE,Exit boundary certified; half-open first non-member date 2016-01-05.,https://press.spglobal.com/2015-12-28-Willis-Group-Holdings-Set-to-Join-the-S-P-500-Fossil-Group-to-Join-S-P-MidCap-400-Adeptus-Health-to-Join-S-P-SmallCap-600,2016-01-05,,3,
P0_MANUAL_DEEP_RESEARCH,P0,FOX,"Twenty-First Century Fox, Inc. (Class B)",SP500_SPELL_0463,MANUAL_REQUIRED;ENTRY_NOT_CERTIFIED,EXIT_CERTIFIED_2019-03-20. Historical entry/legal-identity split remains MANUAL_REQUIRED; do not merge the 2015 entry into Fox Corp.,YES,NO,YES,NO,UNTOUCHED,,,,,7,9
P1_HIGH_YIELD_EXIT_CERTIFICATION,P1,FRX,Forest Laboratories Inc,SP500_SPELL_0469,,COMPLETE,NO,False,NO,NO,PROMOTED_PUBLICATION_SAFE,Exit boundary certified; half-open first non-member date 2014-07-01.,https://press.spglobal.com/2014-06-24-Affiliated-Managers-Group-Set-to-Join-S-P-500-LaSalle-Hotel-Properties-Rayonier-Advanced-Materials-TimkenSteel-Belden-to-Join-S-P-MidCap-400-Others-to-Join-S-P-SmallCap-600,2014-07-01,,8,
P1_HIGH_YIELD_EXIT_CERTIFICATION,P1,FSH,Fisher Scientific Int'l,SP500_SPELL_0470,,COMPLETE,NO,False,NO,NO,PROMOTED_PUBLICATION_SAFE,Exit boundary certified; half-open first non-member date 2006-11-10.,https://br.advfn.com/noticias/PRNUS/2006/artigo/17563157,2006-11-10,,1,
P1_HIGH_YIELD_EXIT_CERTIFICATION,P1,FSL,"Freescale Semiconductor, Inc.",SP500_SPELL_0471,EXIT_NOT_CERTIFIED,FINAL_P1_HOLD_EXACT_S&P_BOUNDARY_UNRESOLVED,NO,YES,NO,NO,FINAL_P1_HOLD_EXACT_BOUNDARY_UNRESOLVED,Final P1 research pass completed; exact S&P-effective exit boundary remains unproven without inference. Remains quarantined.,,,,1,123
P1_HIGH_YIELD_EXIT_CERTIFICATION,P1,FSLR,First Solar,SP500_SPELL_0472,,COMPLETE,NO,False,NO,NO,PROMOTED_PUBLICATION_SAFE,S&P DJI: First Solar removed effective prior to open 2017-03-20; half-open exit date 2017-03-20.,https://press.spglobal.com/2017-03-10-S-P-Dow-Jones-Indices-Announces-Changes-to-U-S-Indices-and-Updates-to-U-S-Indices-Methodology-and-Market-Cap-Guidelines,2017-03-20,,8,
P1_HIGH_YIELD_EXIT_CERTIFICATION,P1,FTI,TechnipFMC plc,SP500_SPELL_0475,EXIT_NOT_CERTIFIED,DONE_EXIT_CERTIFIED,NO,YES,NO,NO,PROMOTED_PUBLICATION_SAFE,Primary S&P DJI evidence certifies S&P 500 deletion; half-open exit boundary 2021-02-12. Promoted to historical publication scope.,https://press.spglobal.com/2021-02-08-Monolithic-Power-Systems-Set-to-Join-S-P-500-Iridium-Communications-to-Join-S-P-MidCap-400-Collegium-Pharmaceutical-to-Join-S-P-SmallCap-600,2021-02-12,,5,
P1_HIGH_YIELD_EXIT_CERTIFICATION,P1,GDT,Guidant Corp,SP500_SPELL_0487,EXIT_NOT_CERTIFIED,FINAL_P1_HOLD_EXACT_S&P_BOUNDARY_UNRESOLVED,NO,YES,NO,NO,FINAL_P1_HOLD_EXACT_BOUNDARY_UNRESOLVED,Final P1 research pass completed; exact S&P-effective exit boundary remains unproven without inference. Remains quarantined.,,,,3,65
P1_HIGH_YIELD_EXIT_CERTIFICATION,P1,GDW,Golden West Financial,SP500_SPELL_0488,,COMPLETE,NO,False,NO,NO,PROMOTED_PUBLICATION_SAFE,Exit boundary certified; half-open first non-member date 2006-10-02.,https://it.advfn.com/mercati/NYSE/GDW/notizie/17005713/standard-poors-announces-changes-to-u-s-indices,2006-10-02,,3,
P1_HIGH_YIELD_EXIT_CERTIFICATION,P1,GENZ,Genzyme Corp.,SP500_SPELL_0491,,COMPLETE,NO,False,NO,NO,PROMOTED_PUBLICATION_SAFE,Exit boundary certified; half-open first non-member date 2011-04-04.,https://www.prnewswire.com/news-releases/standard--poors-announces-change-to-us-index-118873854.html,2011-04-04,,5,
P1_HIGH_YIELD_EXIT_CERTIFICATION,P1,GHC,Graham Holdings Co,SP500_SPELL_0496,,COMPLETE,NO,False,NO,NO,PROMOTED_PUBLICATION_SAFE,Exit boundary certified; half-open first non-member date 2014-09-22.,https://press.spglobal.com/2014-09-12-United-Rentals-and-Universal-Health-Services-to-Join-the-S-P-500-Changes-to-the-S-P-MidCap-400-and-the-S-P-SmallCap-600,2014-09-22,,5,
P1_HIGH_YIELD_EXIT_CERTIFICATION,P1,GLK,Great Lakes Chemical Corp,SP500_SPELL_0501,,COMPLETE,NO,False,NO,NO,PROMOTED_PUBLICATION_SAFE,Exit boundary certified; half-open first non-member date 2005-07-05.,https://br.advfn.com/noticias/PRNUS/2005/artigo/11730833,2005-07-05,,5,
P1_HIGH_YIELD_EXIT_CERTIFICATION,P1,GME,GameStop Corp.,SP500_SPELL_0505,,COMPLETE,NO,False,NO,NO,PROMOTED_PUBLICATION_SAFE,S&P DJI: GameStop deleted after close Friday 2016-04-22; first non-member trading day / half-open exit date 2016-04-25.,https://press.spglobal.com/2016-04-19-Global-Payments-Set-to-Join-the-S-P-500-GameStop-to-Join-S-P-MidCap-400-Chuys-Holdings-and-Krispy-Kreme-to-Join-SmallCap-600,2016-04-25,,9,
P1_HIGH_YIELD_EXIT_CERTIFICATION,P1,GNW,Genworth Financial Inc.,SP500_SPELL_0508,,COMPLETE,NO,False,NO,NO,PROMOTED_PUBLICATION_SAFE,Exit boundary certified; half-open first non-member date 2015-11-18.,https://press.spglobal.com/2015-11-09-Synchrony-Financial-Set-to-Join-the-S-P-500-Genworth-Financial-to-Join-S-P-MidCap-400-Rovi-to-Join-S-P-SmallCap-600,2015-11-18,,9,
P1_HIGH_YIELD_EXIT_CERTIFICATION,P1,GPS,The Gap Inc,SP500_SPELL_0514,EXIT_NOT_CERTIFIED,DONE_EXIT_CERTIFIED,NO,YES,NO,NO,PROMOTED_PUBLICATION_SAFE,Primary S&P DJI evidence certifies S&P 500 deletion; half-open exit boundary 2022-02-03. Promoted to historical publication scope.,https://press.spglobal.com/2022-01-26-Constellation-Energy-Set-to-Join-S-P-500-Others-to-Join-S-P-MidCap-400-and-S-P-SmallCap-600,2022-02-03,,4,
P0_MANUAL_DEEP_RESEARCH,P0,GPU,GPU Inc.,SP500_SPELL_0515,EXIT_NOT_CERTIFIED;MANUAL_REQUIRED;ENTRY_NOT_CERTIFIED,MANUAL_REVIEW_AND_PART4_EXIT_CERTIFICATION,YES,YES,YES,NO,UNTOUCHED,,,,,1,109
P0_MANUAL_DEEP_RESEARCH,P0,GR,Goodrich Corp.,SP500_SPELL_0516,EXIT_NOT_CERTIFIED;MANUAL_REQUIRED;ENTRY_NOT_CERTIFIED,MANUAL_REVIEW_AND_PART4_EXIT_CERTIFICATION,YES,YES,YES,NO,UNTOUCHED,,,,,5,39
P0_MANUAL_DEEP_RESEARCH,P0,GT,The Goodyear Tire & Rubber Comp,SP500_SPELL_0522,,COMPLETE,False,False,False,NO,PROMOTED_PUBLICATION_SAFE,LEFT_CENSORED membership proven at 2000-12-31 by SEC-filed Evergreen Equity Index Fund; exact S&P exit 2019-02-27.,https://press.spglobal.com/2019-02-21-Wabtec-Set-to-Join-S-P-500-and-The-Goodyear-Tire-Rubber-to-Join-S-P-MidCap-400,2019-02-27,https://www.sec.gov/Archives/edgar/data/1045688/000102140801500022/dn30d.htm,17,4
P1_HIGH_YIELD_EXIT_CERTIFICATION,P1,GTW,Gateway Inc.,SP500_SPELL_0524,,COMPLETE,NO,False,NO,NO,PROMOTED_PUBLICATION_SAFE,Exit boundary certified; half-open first non-member date 2006-08-01.,https://br.advfn.com/noticias/PRNUS/2006/artigo/16240710,2006-08-01,,5,
P1_HIGH_YIELD_EXIT_CERTIFICATION,P1,GX,Global Crossing Ltd.,SP500_SPELL_0527,EXIT_NOT_CERTIFIED,FINAL_P1_HOLD_EXACT_S&P_BOUNDARY_UNRESOLVED,NO,YES,NO,NO,FINAL_P1_HOLD_EXACT_BOUNDARY_UNRESOLVED,Final P1 research pass completed; exact S&P-effective exit boundary remains unproven without inference. Remains quarantined.,,,,1,128
P1_HIGH_YIELD_EXIT_CERTIFICATION,P1,HCR,Manor Care Inc.,SP500_SPELL_0540,,COMPLETE,NO,False,NO,NO,PROMOTED_PUBLICATION_SAFE,Exit boundary certified; half-open first non-member date 2007-11-08.,https://www.rttnews.com/416175/standard-poor-s-reveals-changes-to-u-s-indices-quick-facts.aspx,2007-11-08,,5,
P0_MANUAL_DEEP_RESEARCH,P0,HES,Hess Corporation,SP500_SPELL_0543,EXIT_NOT_CERTIFIED;MANUAL_REQUIRED;ENTRY_NOT_CERTIFIED,MANUAL_REVIEW_AND_PART4_EXIT_CERTIFICATION,YES,YES,YES,NO,UNTOUCHED,,,,,7,16
P1_HIGH_YIELD_EXIT_CERTIFICATION,P1,HET,"Harrah's Entertainment, Inc.",SP500_SPELL_0544,,COMPLETE,NO,False,NO,NO,PROMOTED_PUBLICATION_SAFE,Exit boundary certified; half-open first non-member date 2008-01-29.,https://www.rttnews.com/459523/cameron-international-to-replace-harrah-s-entertainment-in-s-p-500-quick-facts.aspx,2008-01-29,,4,
P0_MANUAL_DEEP_RESEARCH,P0,HI,Household International Inc,SP500_SPELL_0547,EXIT_NOT_CERTIFIED;MANUAL_REQUIRED;ENTRY_NOT_CERTIFIED,MANUAL_REVIEW_AND_PART4_EXIT_CERTIFICATION,YES,YES,YES,NO,UNTOUCHED,,,,,2,100
P1_HIGH_YIELD_EXIT_CERTIFICATION,P1,HMA,Health Management Associates Inc,SP500_SPELL_0553,,COMPLETE,NO,False,NO,NO,PROMOTED_PUBLICATION_SAFE,Exact exit boundary certified; first non-member date 2007-03-02.,https://www.joc.com/article/ch-robinson-joins-sp-500-5309372,2007-03-02,,5,
P0_MANUAL_DEEP_RESEARCH,P0,HNZ,H. J. Heinz Company,SP500_SPELL_0554,EXIT_NOT_CERTIFIED;MANUAL_REQUIRED;ENTRY_NOT_CERTIFIED,MANUAL_REVIEW_AND_PART4_EXIT_CERTIFICATION,YES,YES,YES,NO,UNTOUCHED,,,,,2,83
P1_HIGH_YIELD_EXIT_CERTIFICATION,P1,HOT,Starwood Hotels & Resorts Worldwide Inc,SP500_SPELL_0560,EXIT_NOT_CERTIFIED,DONE_EXIT_CERTIFIED,NO,YES,NO,NO,PROMOTED_PUBLICATION_SAFE,Primary S&P DJI evidence certifies S&P 500 deletion; half-open exit boundary 2016-09-23. Promoted to historical publication scope.,https://press.spglobal.com/2016-09-20-The-Cooper-Companies-Set-to-Join-the-S-P-500-Northwestern-and-NuVasive-to-Join-S-P-MidCap-400-SPS-Commerce-and-Fox-Factory-to-Join-S-P-SmallCap-600,2016-09-23,,7,
P1_HIGH_YIELD_EXIT_CERTIFICATION,P1,HP,"Helmerich & Payne, Inc.",SP500_SPELL_0562,EXIT_NOT_CERTIFIED,DONE_EXIT_CERTIFIED,NO,YES,NO,NO,PROMOTED_PUBLICATION_SAFE,Primary S&P DJI evidence certifies S&P 500 deletion; half-open exit boundary 2020-05-22. Promoted to historical publication scope.,https://press.spglobal.com/2020-05-18-West-Pharmaceutical-Services-Set-to-Join-S-P-500-Physicians-Realty-Trust-to-Join-S-P-MidCap-400-Helmerich-Payne-to-Join-S-P-SmallCap-600,2020-05-22,,10,
P0_MANUAL_DEEP_RESEARCH,P0,HPC,Hercules Inc.,SP500_SPELL_0563,EXIT_NOT_CERTIFIED;MANUAL_REQUIRED;ENTRY_NOT_CERTIFIED,MANUAL_REVIEW_AND_PART4_EXIT_CERTIFICATION,YES,YES,YES,NO,UNTOUCHED,,,,,4,57
P1_HIGH_YIELD_EXIT_CERTIFICATION,P1,HRB,"H&R Block, Inc.",SP500_SPELL_0567,,COMPLETE,NO,YES,NO,NO,PROMOTED_PUBLICATION_SAFE,S&P DJI deletion effective prior to open 2020-09-21; half-open exit date 2020-09-21. Primary index evidence.,https://press.spglobal.com/2020-09-04-Etsy-Teradyne-and-Catalent-Set-to-Join-S-P-500-Others-to-Join-S-P-MidCap-400-and-S-P-SmallCap-600,2020-09-21,,19,
P0_MANUAL_DEEP_RESEARCH,P0,HSH,Hillshire Brands Co,SP500_SPELL_0571,EXIT_NOT_CERTIFIED;MANUAL_REQUIRED;ENTRY_NOT_CERTIFIED,MANUAL_REVIEW_AND_PART4_EXIT_CERTIFICATION,YES,YES,YES,NO,UNTOUCHED,,,,,6,19
P1_HIGH_YIELD_EXIT_CERTIFICATION,P1,HSP,Hospira Inc.,SP500_SPELL_0573,EXIT_NOT_CERTIFIED,DONE_EXIT_CERTIFIED,NO,YES,NO,NO,PROMOTED_PUBLICATION_SAFE,Primary S&P DJI evidence certifies S&P 500 deletion; half-open exit boundary 2015-09-03. Promoted to historical publication scope.,https://press.spglobal.com/2015-08-27-Activision-Blizzard-United-Continental-Holdings-Set-to-Join-the-S-P-500,2015-09-03,,3,
P1_HIGH_YIELD_EXIT_CERTIFICATION,P1,IGT,International Game Technology plc,SP500_SPELL_0586,,COMPLETE,NO,False,NO,NO,PROMOTED_PUBLICATION_SAFE,Exit boundary certified; half-open first non-member date 2014-06-23.,https://press.spglobal.com/2014-06-12-Cimarex-Energy-to-Join-the-S-P-500-Changes-to-the-S-P-MidCap-400-and-the-S-P-SmallCap-600,2014-06-23,,3,
P1_HIGH_YIELD_EXIT_CERTIFICATION,P1,ILMN,"Illumina, Inc.",SP500_SPELL_0588,,COMPLETE,NO,YES,NO,NO,PROMOTED_PUBLICATION_SAFE,S&P DJI deletion effective prior to open 2024-06-24; half-open exit date 2024-06-24. Primary index evidence.,https://press.spglobal.com/2024-06-07-KKR%2C-CrowdStrike-Holdings-and-GoDaddy-Set-to-Join-S-P-500-Others-to-Join-S-P-MidCap-400-and-S-P-SmallCap-600,2024-06-24,,7,
P1_HIGH_YIELD_EXIT_CERTIFICATION,P1,IPG,"Interpublic Group of Companies,",SP500_SPELL_0598,EXIT_NOT_CERTIFIED,DONE_EXIT_CERTIFIED,NO,YES,NO,NO,PROMOTED_PUBLICATION_SAFE,Primary S&P DJI evidence certifies S&P 500 deletion; half-open exit boundary 2025-11-28. Promoted to historical publication scope.,https://press.spglobal.com/2025-11-24-Sandisk-Set-to-Join-S-P-500-Upwork%2C-First-Interstate-BancSystem%2C-PTC-Therapeutics-to-Join-S-P-SmallCap-600,2025-11-28,,7,
P1_HIGH_YIELD_EXIT_CERTIFICATION,P1,IPGP,IPG Photonics Corp,SP500_SPELL_0599,EXIT_NOT_CERTIFIED,DONE_EXIT_CERTIFIED,NO,YES,NO,NO,PROMOTED_PUBLICATION_SAFE,Primary S&P DJI evidence certifies S&P 500 deletion; half-open exit boundary 2022-06-21. Promoted to historical publication scope.,https://press.spglobal.com/2022-06-03-Keurig-Dr-Pepper%2C-VICI-Properties-and-ON-Semiconductor-Set-to-Join-S-P-500-Others-to-Join-S-P-MidCap-400%2C-and-S-P-SmallCap-600,2022-06-21,,4,
P0_MANUAL_DEEP_RESEARCH,P0,ITT,ITT Inc.,SP500_SPELL_0606,EXIT_NOT_CERTIFIED;MANUAL_REQUIRED;ENTRY_NOT_CERTIFIED,MANUAL_REVIEW_AND_PART4_EXIT_CERTIFICATION,YES,YES,YES,NO,UNTOUCHED,,,,,6,32
P1_HIGH_YIELD_EXIT_CERTIFICATION,P1,JAVA,Sun Microsystems,SP500_SPELL_0609,EXIT_NOT_CERTIFIED,FINAL_P1_HOLD_EXACT_S&P_BOUNDARY_UNRESOLVED,NO,YES,NO,NO,FINAL_P1_HOLD_EXACT_BOUNDARY_UNRESOLVED,Final P1 research pass completed; exact S&P-effective exit boundary remains unproven without inference. Remains quarantined.,,,,5,41
P1_HIGH_YIELD_EXIT_CERTIFICATION,P1,JBL,Jabil,SP500_SPELL_0611,,COMPLETE,NO,False,NO,NO,PROMOTED_PUBLICATION_SAFE,Exit boundary certified; half-open first non-member date 2014-11-05.,https://press.spglobal.com/2014-10-29-Level-3-Communications-Set-to-Join-the-S-P-500-Jabil-Circuit-to-Join-the-S-P-MidCap-400,2014-11-05,,11,
P0_MANUAL_DEEP_RESEARCH,P0,JCP,J.C. Penney Co Inc,SP500_SPELL_0614,EXIT_NOT_CERTIFIED;MANUAL_REQUIRED;ENTRY_NOT_CERTIFIED,MANUAL_REVIEW_AND_PART4_EXIT_CERTIFICATION,YES,YES,YES,NO,UNTOUCHED,,,,,3,73
P1_HIGH_YIELD_EXIT_CERTIFICATION,P1,JEF,Jefferies Financial Group Inc,SP500_SPELL_0616,EXIT_NOT_CERTIFIED,DONE_EXIT_CERTIFIED,NO,YES,NO,NO,PROMOTED_PUBLICATION_SAFE,Primary S&P DJI evidence certifies S&P 500 deletion; half-open exit boundary 2019-09-26. Promoted to historical publication scope.,https://press.spglobal.com/2019-09-20-NVR-Set-to-Join-S-P-500-Jefferies-Financial-Group-II-VI-to-Join-S-P-MidCap-400-Callon-Petroleum-PriceSmart-to-Join-S-P-SmallCap-600,2019-09-26,,11,
P1_HIGH_YIELD_EXIT_CERTIFICATION,P1,JHF,John Hancock Financial Services Inc,SP500_SPELL_0618,EXIT_NOT_CERTIFIED,FINAL_P1_HOLD_EXACT_S&P_BOUNDARY_UNRESOLVED,NO,YES,NO,NO,FINAL_P1_HOLD_EXACT_BOUNDARY_UNRESOLVED,Final P1 research pass completed; exact S&P-effective exit boundary remains unproven without inference. Remains quarantined.,,,,1,121
P1_HIGH_YIELD_EXIT_CERTIFICATION,P1,JNS,Janus Capital Group,SP500_SPELL_0622,,COMPLETE,NO,False,NO,NO,PROMOTED_PUBLICATION_SAFE,Exit boundary certified; half-open first non-member date 2011-11-23.,https://www.prnewswire.com/news-releases/sp-indices-announces-changes-to-us-indices-134149718.html,2011-11-23,,6,
P1_HIGH_YIELD_EXIT_CERTIFICATION,P1,JNY,Jones Group,SP500_SPELL_0623,,COMPLETE,NO,False,NO,NO,PROMOTED_PUBLICATION_SAFE,Exit boundary certified; half-open first non-member date 2009-03-04.,https://www.rttnews.com/amp/864171/mcgraw-hill-division-standard-poor-s-announces-changes-to-u-s-indices-update.aspx,2009-03-04,,4,
P0_MANUAL_DEEP_RESEARCH,P0,JP,Jefferson-Pilot Corp.,SP500_SPELL_0626,EXIT_NOT_CERTIFIED;MANUAL_REQUIRED;ENTRY_NOT_CERTIFIED,MANUAL_REVIEW_AND_PART4_EXIT_CERTIFICATION,YES,YES,YES,NO,UNTOUCHED,,,,,4,61
P1_HIGH_YIELD_EXIT_CERTIFICATION,P1,JWN,"Nordstrom, Inc.",SP500_SPELL_0628,EXIT_NOT_CERTIFIED,DONE_EXIT_CERTIFIED,NO,YES,NO,NO,PROMOTED_PUBLICATION_SAFE,Primary S&P DJI evidence certifies S&P 500 deletion; half-open exit boundary 2020-06-22. Promoted to historical publication scope.,https://press.spglobal.com/2020-06-12-S-P-Dow-Jones-Indices-Announces-Tyler-Technologies-Bio-Rad-Laboratories-and-Teledyne-Technologies-Set-to-Join-S-P-500-Others-to-Join-S-P-MidCap-400-and-S-P-SmallCap-600,2020-06-22,,5,
P0_MANUAL_DEEP_RESEARCH,P0,K,Kellanova,SP500_SPELL_0629,EXIT_NOT_CERTIFIED;MANUAL_REQUIRED;ENTRY_NOT_CERTIFIED,MANUAL_REVIEW_AND_PART4_EXIT_CERTIFICATION,YES,YES,YES,NO,UNTOUCHED,,,,,3,67
P0_MANUAL_DEEP_RESEARCH,P0,KATE,Kate Spade & Co,SP500_SPELL_0630,EXIT_NOT_CERTIFIED;MANUAL_REQUIRED,MANUAL_REVIEW_AND_PART4_EXIT_CERTIFICATION,NO,YES,YES,NO,UNTOUCHED,,,,,4,63
P0_MANUAL_DEEP_RESEARCH,P0,KBH,KB Home,SP500_SPELL_0631,EXIT_NOT_CERTIFIED;MANUAL_REQUIRED;ENTRY_NOT_CERTIFIED,MANUAL_REVIEW_AND_PART4_EXIT_CERTIFICATION,YES,YES,YES,NO,UNTOUCHED,,,,,7,10
P0_MANUAL_DEEP_RESEARCH,P0,KM,Kmart Corp,SP500_SPELL_0641,EXIT_NOT_CERTIFIED;MANUAL_REQUIRED;ENTRY_NOT_CERTIFIED,MANUAL_REVIEW_AND_PART4_EXIT_CERTIFICATION,YES,YES,YES,NO,UNTOUCHED,,,,,2,101
P1_HIGH_YIELD_EXIT_CERTIFICATION,P1,KMG,Kerr-McGee Corp.,SP500_SPELL_0643,,COMPLETE,NO,False,NO,NO,PROMOTED_PUBLICATION_SAFE,Exit boundary certified; half-open first non-member date 2006-08-11.,https://money.cnn.com/2006/08/04/markets/cme_sp.dj/,2006-08-11,,3,
P1_HIGH_YIELD_EXIT_CERTIFICATION,P1,KMX,CarMax,SP500_SPELL_0646,EXIT_NOT_CERTIFIED,DONE_EXIT_CERTIFIED,NO,YES,NO,NO,PROMOTED_PUBLICATION_SAFE,Primary S&P DJI evidence certifies S&P 500 deletion; half-open exit boundary 2025-10-31. Promoted to historical publication scope.,https://press.spglobal.com/2025-10-27-Solstice-Advance-Materials-and-Qnity-Electronics-Set-to-Join-S-P-500-Others-to-Join-S-P-SmallCap-600,2025-10-31,,15,
P1_HIGH_YIELD_EXIT_CERTIFICATION,P1,KRB,MBNA Corp.,SP500_SPELL_0650,,COMPLETE,NO,False,NO,NO,PROMOTED_PUBLICATION_SAFE,Exit boundary certified; half-open first non-member date 2006-01-03.,https://br.advfn.com/noticias/PRNUS/2005/artigo/13622138,2006-01-03,,4,
P0_MANUAL_DEEP_RESEARCH,P0,KRI,"Knight Ridder, Inc.",SP500_SPELL_0652,EXIT_NOT_CERTIFIED;MANUAL_REQUIRED;ENTRY_NOT_CERTIFIED,MANUAL_REVIEW_AND_PART4_EXIT_CERTIFICATION,YES,YES,YES,NO,UNTOUCHED,,,,,4,56
P1_HIGH_YIELD_EXIT_CERTIFICATION,P1,KSS,Kohl's Corp,SP500_SPELL_0654,,COMPLETE,NO,YES,NO,NO,PROMOTED_PUBLICATION_SAFE,S&P DJI deletion effective prior to open 2020-09-21; half-open exit date 2020-09-21. Primary index evidence.,https://press.spglobal.com/2020-09-04-Etsy-Teradyne-and-Catalent-Set-to-Join-S-P-500-Others-to-Join-S-P-MidCap-400-and-S-P-SmallCap-600,2020-09-21,,14,
P1_HIGH_YIELD_EXIT_CERTIFICATION,P1,LDOS,Leidos,SP500_SPELL_0662,,COMPLETE,NO,False,NO,NO,PROMOTED_PUBLICATION_SAFE,Exact exit boundary certified; first non-member date 2013-09-23.,https://press.spglobal.com/2013-09-11-Vertex-Ametek-Set-to-Join-the-S-P-500-Advanced-Micro-Devices-SAIC-to-Join-S-P-MidCap-400-Capstead-to-Join-S-P-SmallCap-600,2013-09-23,,4,
P1_HIGH_YIELD_EXIT_CERTIFICATION,P1,LEG,Leggett & Platt Inc,SP500_SPELL_0665,EXIT_NOT_CERTIFIED,DONE_EXIT_CERTIFIED,NO,YES,NO,NO,PROMOTED_PUBLICATION_SAFE,Primary S&P DJI evidence certifies S&P 500 deletion; half-open exit boundary 2021-12-20. Promoted to historical publication scope.,https://press.spglobal.com/2021-12-03-Signature-Bank%2C-SolarEdge-Technologies-and-FactSet-Research-Systems-Set-to-Join-S-P-500-Others-to-Join-S-P-MidCap-400-and-S-P-SmallCap-600,2021-12-20,,19,
P1_HIGH_YIELD_EXIT_CERTIFICATION,P1,LEHMQ,Lehman Brothers Holdings,SP500_SPELL_0666,,COMPLETE,NO,False,NO,NO,PROMOTED_PUBLICATION_SAFE,Exit boundary certified; half-open first non-member date 2008-09-17.,https://br.advfn.com/noticias/PRNUS/2008/artigo/28136529,2008-09-17,,6,
P1_HIGH_YIELD_EXIT_CERTIFICATION,P1,LKQ,LKQ Corporation,SP500_SPELL_0673,EXIT_NOT_CERTIFIED,DONE_EXIT_CERTIFIED,NO,YES,NO,NO,PROMOTED_PUBLICATION_SAFE,Primary S&P DJI evidence certifies S&P 500 deletion; half-open exit boundary 2025-12-22. Promoted to historical publication scope.,https://press.spglobal.com/2025-12-05-CRH%2C-Carvana-and-Comfort-Systems-USA-Set-to-Join-S-P-500-Others-to-Join-S-P-MidCap-400-and-S-P-SmallCap-600,2025-12-22,,9,
P1_HIGH_YIELD_EXIT_CERTIFICATION,P1,LLTC,Linear Technology Corp.,SP500_SPELL_0675,EXIT_NOT_CERTIFIED,DONE_EXIT_CERTIFIED,NO,YES,NO,NO,PROMOTED_PUBLICATION_SAFE,Primary S&P DJI evidence certifies S&P 500 deletion; half-open exit boundary 2017-03-13. Promoted to historical publication scope.,https://press.spglobal.com/2017-03-06-Dish-Network-Set-to-Join-S-P-500,2017-03-13,,1,
P0_MANUAL_DEEP_RESEARCH,P0,LNC,Lincoln National Corporation,SP500_SPELL_0680,,COMPLETE,False,False,False,NO,PROMOTED_PUBLICATION_SAFE,LEFT_CENSORED membership proven at 2000-12-31 by SEC-filed Evergreen Equity Index Fund (invests only in S&P 500 stocks); exact S&P exit 2023-09-18.,https://press.spglobal.com/2023-09-01-Blackstone-and-Airbnb-Set-to-Join-S-P-500-Others-to-Join-S-P-100%2C-S-P-MidCap-400-and-S-P-SmallCap-600,2023-09-18,https://www.sec.gov/Archives/edgar/data/1045688/000102140801500022/dn30d.htm,22,1
P1_HIGH_YIELD_EXIT_CERTIFICATION,P1,LSI,LSI Corp,SP500_SPELL_0687,,COMPLETE,NO,False,NO,NO,PROMOTED_PUBLICATION_SAFE,Exit boundary certified; half-open first non-member date 2014-05-08.,https://press.spglobal.com/2014-05-05-Avago-Technologies-Set-to-Join-the-S-P-500,2014-05-08,,2,
P1_HIGH_YIELD_EXIT_CERTIFICATION,P1,LW,Lamb Weston,SP500_SPELL_0694,,COMPLETE,NO,False,NO,NO,PROMOTED_PUBLICATION_SAFE,S&P DJI: Lamb Weston Holdings removed effective prior to open 2026-03-23; half-open exit date 2026-03-23.,https://press.spglobal.com/2026-03-06-Vertiv-Holdings%2C-Lumentum-Holdings%2C-Coherent%2C-and-EchoStar-Set-to-Join-S-P-500-Others-to-Join-S-P-100%2C-S-P-MidCap-400%2C-and-S-P-SmallCap-600,2026-03-23,,7,
P1_HIGH_YIELD_EXIT_CERTIFICATION,P1,LXK,Lexmark International Inc,SP500_SPELL_0695,EXIT_NOT_CERTIFIED,DONE_EXIT_CERTIFIED,NO,YES,NO,NO,PROMOTED_PUBLICATION_SAFE,Primary S&P DJI evidence certifies S&P 500 deletion; half-open exit boundary 2012-10-01. Promoted to historical publication scope.,https://press.spglobal.com/2012-09-24-ADT-Pentair-Set-to-Join-the-S-P-500-Lexmark-DeVry-to-Join-the-S-P-MidCap-400-and-MarketAxess-to-Join-the-S-P-SmallCap-600,2012-10-01,,4,
P0_MANUAL_DEEP_RESEARCH,P0,M,Macy's Inc,SP500_SPELL_0698,,COMPLETE,False,False,False,NO,PROMOTED_PUBLICATION_SAFE,Existing certified 1995-11-07 entry retained; exact S&P exit certified 2020-04-06.,https://press.spglobal.com/2020-03-31-Otis-Worldwide-and-Carrier-Global-Set-to-Join-S-P-500-American-Tower-to-Join-S-P-100-and-Macys-to-Join-S-P-SmallCap-600,2020-04-06,,14,6
P1_HIGH_YIELD_EXIT_CERTIFICATION,P1,MAC,The Macerich Co,SP500_SPELL_0701,,COMPLETE,NO,YES,NO,NO,PROMOTED_PUBLICATION_SAFE,S&P DJI deletion effective prior to open 2019-12-23; half-open exit date 2019-12-23. Primary index evidence.,https://press.spglobal.com/2019-12-13-Live-Nation-Entertainment-Zebra-Technologies-STERIS-Set-to-Join-S-P-500-Others-to-Join-S-P-MidCap-400-and-S-P-SmallCap-600,2019-12-23,,6,
P1_HIGH_YIELD_EXIT_CERTIFICATION,P1,MAT,"Mattel, Inc.",SP500_SPELL_0704,,COMPLETE,NO,False,NO,NO,PROMOTED_PUBLICATION_SAFE,Exit boundary certified; half-open first non-member date 2019-06-07.,https://press.spglobal.com/2019-06-03-Bemis-Set-to-Join-S-P-500-Mattel-to-Join-S-P-MidCap-400,2019-06-07,,18,
P0_MANUAL_DEEP_RESEARCH,P0,MAY,May Dept Stores,SP500_SPELL_0705,EXIT_NOT_CERTIFIED;MANUAL_REQUIRED;ENTRY_NOT_CERTIFIED,MANUAL_REVIEW_AND_PART4_EXIT_CERTIFICATION,YES,YES,YES,NO,UNTOUCHED,,,,,1,104
P1_HIGH_YIELD_EXIT_CERTIFICATION,P1,MBI,MBIA Inc.,SP500_SPELL_0706,,COMPLETE,NO,False,NO,NO,PROMOTED_PUBLICATION_SAFE,Exit boundary certified; half-open first non-member date 2009-12-21.,https://br.advfn.com/noticias/DJN/2009/artigo/40740649,2009-12-21,,8,
P0_MANUAL_DEEP_RESEARCH,P0,MDP,Meredith Corp.,SP500_SPELL_0714,EXIT_NOT_CERTIFIED;MANUAL_REQUIRED;ENTRY_NOT_CERTIFIED,MANUAL_REVIEW_AND_PART4_EXIT_CERTIFICATION,YES,YES,YES,NO,UNTOUCHED,,,,,5,44
P0_MANUAL_DEEP_RESEARCH,P0,MDR,McDermott Int'l Inc,SP500_SPELL_0715,EXIT_NOT_CERTIFIED;MANUAL_REQUIRED;ENTRY_NOT_CERTIFIED,MANUAL_REVIEW_AND_PART4_EXIT_CERTIFICATION,YES,YES,YES,NO,UNTOUCHED,,,,,1,112
P0_MANUAL_DEEP_RESEARCH,P0,MEA,Mead Corp.,SP500_SPELL_0717,EXIT_NOT_CERTIFIED;MANUAL_REQUIRED;ENTRY_NOT_CERTIFIED,MANUAL_REVIEW_AND_PART4_EXIT_CERTIFICATION,YES,YES,YES,NO,UNTOUCHED,,,,,1,125
P1_HIGH_YIELD_EXIT_CERTIFICATION,P1,MEDI,MedImmune Inc.,SP500_SPELL_0718,,COMPLETE,NO,False,NO,NO,PROMOTED_PUBLICATION_SAFE,Exit boundary certified; half-open first non-member date 2007-06-01.,https://www.rttnews.com/313479/apple-to-replace-medimmune-in-s-p-100-quick-facts.aspx,2007-06-01,,5,
P0_MANUAL_DEEP_RESEARCH,P0,MEL,Mellon Financial Corp,SP500_SPELL_0721,MANUAL_REQUIRED;ENTRY_NOT_CERTIFIED,CURRENT_SUCCESSOR_MEMBERSHIP_BOUNDARY_STILL_REQUIRES_DIRECT_INDEX_CERTIFICATION,YES,NO,YES,NO,UNTOUCHED,,,,,5,34
P1_HIGH_YIELD_EXIT_CERTIFICATION,P1,MER,Merrill Lynch & Co,SP500_SPELL_0722,,COMPLETE,NO,False,NO,NO,PROMOTED_PUBLICATION_SAFE,Exit boundary certified; half-open first non-member date 2009-01-02.,https://br.advfn.com/noticias/PRNUS/2008/artigo/34818864,2009-01-02,,6,
P1_HIGH_YIELD_EXIT_CERTIFICATION,P1,MERQ,Mercury Interactive Corp,SP500_SPELL_0723,,COMPLETE,NO,False,NO,NO,PROMOTED_PUBLICATION_SAFE,Exact exit boundary certified; first non-member date 2006-01-04.,https://www.advfn.com/stock-market/NASDAQ/MERQE/stock-news/13664985/standard-poors-announces-changes-to-u-s-indices,2006-01-04,,4,
P1_HIGH_YIELD_EXIT_CERTIFICATION,P1,MHK,Mohawk Industries,SP500_SPELL_0727,EXIT_NOT_CERTIFIED,DONE_EXIT_CERTIFIED,NO,YES,NO,NO,PROMOTED_PUBLICATION_SAFE,Primary S&P DJI evidence certifies S&P 500 deletion; half-open exit boundary 2025-12-22. Promoted to historical publication scope.,https://press.spglobal.com/2025-12-05-CRH%2C-Carvana-and-Comfort-Systems-USA-Set-to-Join-S-P-500-Others-to-Join-S-P-MidCap-400-and-S-P-SmallCap-600,2025-12-22,,12,
P1_HIGH_YIELD_EXIT_CERTIFICATION,P1,MHS,Medco Health Solution Inc,SP500_SPELL_0728,,COMPLETE,NO,False,NO,NO,PROMOTED_PUBLICATION_SAFE,Exact exit boundary certified; first non-member date 2012-04-03.,https://www.dallasnews.com/business/2012/04/03/richardson-based-fossil-added-to-the-elite-club-sp-500/,2012-04-03,,2,
P1_HIGH_YIELD_EXIT_CERTIFICATION,P1,MIL,Millipore Corp,SP500_SPELL_0731,,COMPLETE,NO,False,NO,NO,PROMOTED_PUBLICATION_SAFE,Exit boundary certified; half-open first non-member date 2010-07-15.,https://www.prnewswire.com/news-releases/standard--poors-announces-change-to-us-index-98063469.html,2010-07-15,,7,
P1_HIGH_YIELD_EXIT_CERTIFICATION,P1,MKTX,MarketAxess,SP500_SPELL_0737,EXIT_NOT_CERTIFIED,DONE_EXIT_CERTIFIED,NO,YES,NO,NO,PROMOTED_PUBLICATION_SAFE,Primary S&P DJI evidence certifies S&P 500 deletion; half-open exit boundary 2025-09-22. Promoted to historical publication scope.,https://press.spglobal.com/2025-09-05-AppLovin%2C-Robinhood-Markets-and-Emcor-Group-Set-to-Join-S-P-500-Others-to-Join-S-P-100%2C-S-P-MidCap-400-and-S-P-SmallCap-600,2025-09-22,,6,
P0_MANUAL_DEEP_RESEARCH,P0,MMI,"Motorola Mobility Holdings, Inc.",SP500_SPELL_0740,EXIT_NOT_CERTIFIED;MANUAL_REQUIRED;ENTRY_NOT_CERTIFIED,MANUAL_IDENTITY_SUCCESSOR_SPLIT_BEFORE_PART4,YES,YES,YES,NO,UNTOUCHED,,,,,1,119
P1_HIGH_YIELD_EXIT_CERTIFICATION,P1,MOH,Molina Healthcare,SP500_SPELL_0747,,COMPLETE,NO,False,NO,NO,PROMOTED_PUBLICATION_SAFE,S&P DJI: Molina Healthcare removed effective prior to open 2026-03-23; half-open exit date 2026-03-23.,https://press.spglobal.com/2026-03-06-Vertiv-Holdings%2C-Lumentum-Holdings%2C-Coherent%2C-and-EchoStar-Set-to-Join-S-P-500-Others-to-Join-S-P-100%2C-S-P-MidCap-400%2C-and-S-P-SmallCap-600,2026-03-23,,4,
P1_HIGH_YIELD_EXIT_CERTIFICATION,P1,MOLX,Molex Inc.,SP500_SPELL_0748,,COMPLETE,NO,False,NO,NO,PROMOTED_PUBLICATION_SAFE,Exit boundary certified; half-open first non-member date 2013-12-10.,https://press.spglobal.com/2013-12-04-General-Growth-Properties-Set-to-Join-the-S-P-500,2013-12-10,,2,
P1_HIGH_YIELD_EXIT_CERTIFICATION,P1,MON,Monsanto Co.,SP500_SPELL_0749,EXIT_NOT_CERTIFIED,DONE_EXIT_CERTIFIED,NO,YES,NO,NO,PROMOTED_PUBLICATION_SAFE,Primary S&P DJI evidence certifies S&P 500 deletion; half-open exit boundary 2018-06-07. Promoted to historical publication scope.,https://press.spglobal.com/2018-06-04-Netflix-Set-to-Join-S-P-100-Twitter-to-Join-S-P-500-REGENXBIO-to-Join-S-P-SmallCap-600,2018-06-07,,3,
P0_MANUAL_DEEP_RESEARCH,P0,MRO,Marathon Oil,SP500_SPELL_0755,EXIT_NOT_CERTIFIED;MANUAL_REQUIRED;ENTRY_NOT_CERTIFIED,MANUAL_REVIEW_AND_PART4_EXIT_CERTIFICATION,YES,YES,YES,NO,UNTOUCHED,,,,,6,21
P1_HIGH_YIELD_EXIT_CERTIFICATION,P1,MTCH,Match Group,SP500_SPELL_0764,,COMPLETE,NO,False,NO,NO,PROMOTED_PUBLICATION_SAFE,S&P DJI: Match Group removed effective prior to open 2026-03-23; half-open exit date 2026-03-23.,https://press.spglobal.com/2026-03-06-Vertiv-Holdings%2C-Lumentum-Holdings%2C-Coherent%2C-and-EchoStar-Set-to-Join-S-P-500-Others-to-Join-S-P-100%2C-S-P-MidCap-400%2C-and-S-P-SmallCap-600,2026-03-23,,5,
P1_HIGH_YIELD_EXIT_CERTIFICATION,P1,MTG,MGIC Investment Corporation,SP500_SPELL_0766,,COMPLETE,NO,False,NO,NO,PROMOTED_PUBLICATION_SAFE,Exit boundary certified; half-open first non-member date 2008-10-31.,https://br.advfn.com/noticias/PRNUS/2008/artigo/28994776,2008-10-31,,6,
P0_MANUAL_DEEP_RESEARCH,P0,GM,General Motors Corporation,SP500_SPELL_0768,EXIT_NOT_CERTIFIED;MANUAL_REQUIRED;ENTRY_NOT_CERTIFIED,MANUAL_REVIEW_AND_PART4_EXIT_CERTIFICATION,YES,YES,YES,NO,UNTOUCHED,,,,,3,80
P1_HIGH_YIELD_EXIT_CERTIFICATION,P1,MTW,Manitowoc Inc,SP500_SPELL_0769,,COMPLETE,NO,False,NO,NO,PROMOTED_PUBLICATION_SAFE,Exit boundary certified; half-open first non-member date 2009-09-01.,https://archive.jsonline.com/business/54756267.html,2009-09-01,,1,
P1_HIGH_YIELD_EXIT_CERTIFICATION,P1,MUR,Murphy Oil Corp,SP500_SPELL_0771,EXIT_NOT_CERTIFIED,DONE_EXIT_CERTIFIED,NO,YES,NO,NO,PROMOTED_PUBLICATION_SAFE,Primary S&P DJI evidence certifies S&P 500 deletion; half-open exit boundary 2017-07-26. Promoted to historical publication scope.,https://press.spglobal.com/2017-07-19-MGM-Resorts-ResMed-Packaging-Corporation-of-America-A-O-Smith-and-Duke-Realty-Set-to-Join-S-P-500-Others-to-Join-S-P-MidCap-400,2017-07-26,,11,
P0_MANUAL_DEEP_RESEARCH,P0,MWV,MeadWestvaco Corp,SP500_SPELL_0773,EXIT_NOT_CERTIFIED;MANUAL_REQUIRED;ENTRY_NOT_CERTIFIED,MANUAL_REVIEW_AND_PART4_EXIT_CERTIFICATION,YES,YES,YES,NO,UNTOUCHED,,,,,5,36
P1_HIGH_YIELD_EXIT_CERTIFICATION,P1,MWW,Monster Worldwide Inc.,SP500_SPELL_0774,,COMPLETE,NO,False,NO,NO,PROMOTED_PUBLICATION_SAFE,Exit boundary certified; half-open first non-member date 2011-12-19.,https://www.prnewswire.com/news-releases/sp-indices-announces-changes-to-us-indices-135279958.html,2011-12-19,,5,
P0_MANUAL_DEEP_RESEARCH,P0,MYG,Maytag Corp.,SP500_SPELL_0777,EXIT_NOT_CERTIFIED;MANUAL_REQUIRED;ENTRY_NOT_CERTIFIED,MANUAL_REVIEW_AND_PART4_EXIT_CERTIFICATION,YES,YES,YES,NO,UNTOUCHED,,,,,3,75
P1_HIGH_YIELD_EXIT_CERTIFICATION,P1,MYL,Mylan Inc.,SP500_SPELL_0778,EXIT_NOT_CERTIFIED,FINAL_P1_HOLD_EXACT_S&P_BOUNDARY_UNRESOLVED,NO,YES,NO,NO,FINAL_P1_HOLD_EXACT_BOUNDARY_UNRESOLVED,Final P1 research pass completed; exact S&P-effective exit boundary remains unproven without inference. Remains quarantined.,,,,2,96
P1_HIGH_YIELD_EXIT_CERTIFICATION,P1,NAVI,Navient Corp,SP500_SPELL_0782,EXIT_NOT_CERTIFIED,DONE_EXIT_CERTIFIED,NO,YES,NO,NO,PROMOTED_PUBLICATION_SAFE,Primary S&P DJI evidence certifies S&P 500 deletion; half-open exit boundary 2018-06-05. Promoted to historical publication scope.,https://press.spglobal.com/2018-05-31-Evergy-Set-to-Join-S-P-500-Navient-and-Integra-Lifesciences-Holdings-to-Join-S-P-MidCap-400-Ambac-Financial-Group-to-Join-S-P-SmallCap-600,2018-06-05,,4,
P1_HIGH_YIELD_EXIT_CERTIFICATION,P1,NBR,Nabors Industries Ltd,SP500_SPELL_0784,,COMPLETE,NO,False,NO,NO,PROMOTED_PUBLICATION_SAFE,Exit boundary certified; half-open first non-member date 2015-03-23.,https://press.spglobal.com/2015-03-13-Celgene-Kinder-Morgan-and-Actavis-Set-to-Join-the-S-P-100-Several-Constituent-Changes-Announced-for-S-P-500-S-P-MidCap-400-and-S-P-SmallCap-600,2015-03-23,,10,
P1_HIGH_YIELD_EXIT_CERTIFICATION,P1,NCC,National City Corp.,SP500_SPELL_0786,,COMPLETE,NO,False,NO,NO,PROMOTED_PUBLICATION_SAFE,Exit boundary certified; half-open first non-member date 2009-01-02.,https://br.advfn.com/noticias/PRNUS/2008/artigo/34818864,2009-01-02,,3,
P1_HIGH_YIELD_EXIT_CERTIFICATION,P1,NCR,NCR Corp.,SP500_SPELL_0789,,COMPLETE,NO,False,NO,NO,PROMOTED_PUBLICATION_SAFE,Exit boundary certified; half-open first non-member date 2007-10-01.,https://www.rttnews.com/389120/intercontinental-exchange-to-be-added-in-s-p-500-tesoro-to-replace-maxim-integrated-products-in-s-p-500-quick-facts.aspx,2007-10-01,,4,
P1_HIGH_YIELD_EXIT_CERTIFICATION,P1,NFB,North Fork BanCorp,SP500_SPELL_0796,,COMPLETE,NO,False,NO,NO,PROMOTED_PUBLICATION_SAFE,Exit boundary certified; half-open first non-member date 2006-12-01.,https://br.advfn.com/noticias/PRNUS/2006/artigo/17776557,2006-12-01,,3,
P1_HIGH_YIELD_EXIT_CERTIFICATION,P1,NKTR,Nektar Therapeutics,SP500_SPELL_0802,EXIT_NOT_CERTIFIED,DONE_EXIT_CERTIFIED,NO,YES,NO,NO,PROMOTED_PUBLICATION_SAFE,Primary S&P DJI evidence certifies S&P 500 deletion; half-open exit boundary 2019-10-03. Promoted to historical publication scope.,https://press.spglobal.com/2019-09-26-Las-Vegas-Sands-Set-to-Join-S-P-500-Nektar-Therapeutics-to-Join-S-P-MidCap-400-The-Pennant-Group-to-Join-S-P-SmallCap-600,2019-10-03,,1,
P1_HIGH_YIELD_EXIT_CERTIFICATION,P1,NOV,NOV Inc,SP500_SPELL_0808,EXIT_NOT_CERTIFIED,DONE_EXIT_CERTIFIED,NO,YES,NO,NO,PROMOTED_PUBLICATION_SAFE,Primary S&P DJI evidence certifies S&P 500 deletion; half-open exit boundary 2021-09-20. Promoted to historical publication scope.,https://press.spglobal.com/2021-09-03-Match-Group%2C-Ceridian-HCM-and-Brown-Brown-Set-to-Join-S-P-500-Others-to-Join-S-P-MidCap-400-and-S-P-SmallCap-600,2021-09-20,,15,
P1_HIGH_YIELD_EXIT_CERTIFICATION,P1,NOVL,Novell Inc,SP500_SPELL_0809,EXIT_NOT_CERTIFIED,FINAL_P1_HOLD_EXACT_S&P_BOUNDARY_UNRESOLVED,NO,YES,NO,NO,FINAL_P1_HOLD_EXACT_BOUNDARY_UNRESOLVED,Final P1 research pass completed; exact S&P-effective exit boundary remains unproven without inference. Remains quarantined.,,,,7,18
P0_MANUAL_DEEP_RESEARCH,P0,NRTLQ,Nortel Networks,SP500_SPELL_0812,EXIT_NOT_CERTIFIED;MANUAL_REQUIRED;ENTRY_NOT_CERTIFIED,MANUAL_REVIEW_AND_PART4_EXIT_CERTIFICATION,YES,YES,YES,NO,UNTOUCHED,,,,,1,124
P0_MANUAL_DEEP_RESEARCH,P0,NSI,National Security Emerging Mark,SP500_SPELL_0814,EXIT_NOT_CERTIFIED;MANUAL_REQUIRED;ENTRY_NOT_CERTIFIED,MANUAL_REVIEW_AND_PART4_EXIT_CERTIFICATION,YES,YES,YES,NO,UNTOUCHED,,,,,1,127
P1_HIGH_YIELD_EXIT_CERTIFICATION,P1,NSM,National Semiconductor,SP500_SPELL_0815,,COMPLETE,NO,False,NO,NO,PROMOTED_PUBLICATION_SAFE,Exit boundary certified; half-open first non-member date 2011-09-26.,https://www.prnewswire.com/news-releases/standard--poors-announces-change-to-us-index-130308918.html,2011-09-26,,2,
P1_HIGH_YIELD_EXIT_CERTIFICATION,P1,NVLS,Novellus Systems Inc,SP500_SPELL_0820,EXIT_NOT_CERTIFIED,FINAL_P1_HOLD_EXACT_S&P_BOUNDARY_UNRESOLVED,NO,YES,NO,NO,FINAL_P1_HOLD_EXACT_BOUNDARY_UNRESOLVED,Final P1 research pass completed; exact S&P-effective exit boundary remains unproven without inference. Remains quarantined.,,,,5,46
P1_HIGH_YIELD_EXIT_CERTIFICATION,P1,NWL,Newell Brands Inc.,SP500_SPELL_0822,EXIT_NOT_CERTIFIED,DONE_EXIT_CERTIFIED,NO,YES,NO,NO,PROMOTED_PUBLICATION_SAFE,Primary S&P DJI evidence certifies S&P 500 deletion; half-open exit boundary 2023-09-18. Promoted to historical publication scope.,https://press.spglobal.com/2023-09-01-Blackstone-and-Airbnb-Set-to-Join-S-P-500-Others-to-Join-S-P-100%2C-S-P-MidCap-400-and-S-P-SmallCap-600,2023-09-18,,21,
P1_HIGH_YIELD_EXIT_CERTIFICATION,P1,NXTL,Nextel Communications Inc,SP500_SPELL_0826,EXIT_NOT_CERTIFIED,FINAL_P1_HOLD_EXACT_S&P_BOUNDARY_UNRESOLVED,NO,YES,NO,NO,FINAL_P1_HOLD_EXACT_BOUNDARY_UNRESOLVED,Final P1 research pass completed; exact S&P-effective exit boundary remains unproven without inference. Remains quarantined.,,,,3,69
P1_HIGH_YIELD_EXIT_CERTIFICATION,P1,NYT,New York Times Company (The),SP500_SPELL_0828,,COMPLETE,NO,False,NO,NO,PROMOTED_PUBLICATION_SAFE,Exit boundary certified; half-open first non-member date 2010-12-20.,https://www.prnewswire.com/news-releases/standard--poors-announces-changes-to-us-indices-111631204.html,2010-12-20,,8,
P1_HIGH_YIELD_EXIT_CERTIFICATION,P1,ODP,Office Depot Inc.,SP500_SPELL_0833,,COMPLETE,NO,False,NO,NO,PROMOTED_PUBLICATION_SAFE,Exit boundary certified; half-open first non-member date 2010-12-20.,https://www.prnewswire.com/news-releases/standard--poors-announces-changes-to-us-indices-111631204.html,2010-12-20,,5,
P1_HIGH_YIELD_EXIT_CERTIFICATION,P1,OGN,Organon & Co,SP500_SPELL_0834,EXIT_NOT_CERTIFIED,DONE_EXIT_CERTIFIED,NO,YES,NO,NO,PROMOTED_PUBLICATION_SAFE,Primary S&P DJI evidence certifies S&P 500 deletion; half-open exit boundary 2023-10-18. Promoted to historical publication scope.,https://press.spglobal.com/2023-10-13-Lululemon-Athletica-Hubbell-Set-to-Join-S-P-500-Others-to-Join-S-P-MidCap-400-and-S-P-SmallCap-600,2023-10-18,,2,
P0_MANUAL_DEEP_RESEARCH,P0,OKE,"ONEOK, Inc.",SP500_SPELL_0838,EXIT_NOT_CERTIFIED;MANUAL_REQUIRED;ENTRY_NOT_CERTIFIED,MANUAL_REVIEW_AND_PART4_EXIT_CERTIFICATION,YES,YES,YES,NO,UNTOUCHED,,,,,1,106
P0_MANUAL_DEEP_RESEARCH,P0,OMX,OfficeMax Inc,SP500_SPELL_0842,EXIT_NOT_CERTIFIED;MANUAL_REQUIRED;ENTRY_NOT_CERTIFIED,MANUAL_REVIEW_AND_PART4_EXIT_CERTIFICATION,YES,YES,YES,NO,UNTOUCHED,,,,,5,35
P0_MANUAL_DEEP_RESEARCH,P0,ONE,Bank One Corp.,SP500_SPELL_0844,EXIT_NOT_CERTIFIED;MANUAL_REQUIRED;ENTRY_NOT_CERTIFIED,MANUAL_REVIEW_AND_PART4_EXIT_CERTIFICATION,YES,YES,YES,NO,UNTOUCHED,,,,,2,92
P1_HIGH_YIELD_EXIT_CERTIFICATION,P1,PALM,Palm Inc.,SP500_SPELL_0852,EXIT_NOT_CERTIFIED,FINAL_P1_HOLD_EXACT_S&P_BOUNDARY_UNRESOLVED,NO,YES,NO,NO,FINAL_P1_HOLD_EXACT_BOUNDARY_UNRESOLVED,Final P1 research pass completed; exact S&P-effective exit boundary remains unproven without inference. Remains quarantined.,,,,1,116
P1_HIGH_YIELD_EXIT_CERTIFICATION,P1,PBG,Pepsi Bottling Group Inc.,SP500_SPELL_0858,EXIT_NOT_CERTIFIED,FINAL_P1_HOLD_EXACT_S&P_BOUNDARY_UNRESOLVED,NO,YES,NO,NO,FINAL_P1_HOLD_EXACT_BOUNDARY_UNRESOLVED,Final P1 research pass completed; exact S&P-effective exit boundary remains unproven without inference. Remains quarantined.,,,,2,87
P0_MANUAL_DEEP_RESEARCH,P0,PBI,Pitney Bowes Inc.,SP500_SPELL_0859,,COMPLETE,False,False,False,NO,PROMOTED_PUBLICATION_SAFE,LEFT_CENSORED membership proven at 2000-12-31 by SEC-filed Evergreen Equity Index Fund; exact S&P exit 2017-03-01.,https://press.spglobal.com/2017-02-23-Incyte-CBOE-Holdings-Regency-Centers-Set-to-Join-S-P-500-Others-to-Join-S-P-MidCap-400,2017-03-01,https://www.sec.gov/Archives/edgar/data/1045688/000102140801500022/dn30d.htm,17,5
P1_HIGH_YIELD_EXIT_CERTIFICATION,P1,PCL,Plum Creek Timber Company,SP500_SPELL_0865,EXIT_NOT_CERTIFIED,DONE_EXIT_CERTIFIED,NO,YES,NO,NO,PROMOTED_PUBLICATION_SAFE,Primary S&P DJI evidence certifies S&P 500 deletion; half-open exit boundary 2016-02-22. Promoted to historical publication scope.,https://press.spglobal.com/2016-02-16-Concho-Resources-Set-to-Join-the-S-P-500,2016-02-22,,3,
P1_HIGH_YIELD_EXIT_CERTIFICATION,P1,PCS,Sprint PCS Group,SP500_SPELL_0867,,COMPLETE,NO,False,NO,NO,PROMOTED_PUBLICATION_SAFE,Exit boundary certified; half-open first non-member date 2004-04-23.,https://br.advfn.com/noticias/PRNUS/2004/artigo/7409748,2004-04-23,,2,
P1_HIGH_YIELD_EXIT_CERTIFICATION,P1,PDCO,Patterson Companies,SP500_SPELL_0869,EXIT_NOT_CERTIFIED,DONE_EXIT_CERTIFIED,NO,YES,NO,NO,PROMOTED_PUBLICATION_SAFE,Primary S&P DJI evidence certifies S&P 500 deletion; half-open exit boundary 2018-03-19. Promoted to historical publication scope.,https://press.spglobal.com/2018-03-09-Take-Two-Interactive-Software-SVB-Financial-and-Nektar-Pharmaceuticals-Set-to-Join-S-P-500-Others-to-Join-S-P-MidCap-400-and-S-P-SmallCap-600,2018-03-19,,1,
P1_HIGH_YIELD_EXIT_CERTIFICATION,P1,PENN,PENN Entertainment Inc,SP500_SPELL_0873,EXIT_NOT_CERTIFIED,DONE_EXIT_CERTIFIED,NO,YES,NO,NO,PROMOTED_PUBLICATION_SAFE,Primary S&P DJI evidence certifies S&P 500 deletion; half-open exit boundary 2022-09-19. Promoted to historical publication scope.,https://press.spglobal.com/2022-09-02-CoStar-Group%2C-Invitation-Homes-Set-to-Join-S-P-500-Others-to-Join-S-P-100%2C-S-P-MidCap-400%2C-and-S-P-SmallCap-600,2022-09-19,,1,
P0_MANUAL_DEEP_RESEARCH,P0,PGL,Peoples Energy Corp,SP500_SPELL_0880,EXIT_NOT_CERTIFIED;MANUAL_REQUIRED;ENTRY_NOT_CERTIFIED,MANUAL_REVIEW_AND_PART4_EXIT_CERTIFICATION,YES,YES,YES,NO,UNTOUCHED,,,,,5,45
P0_MANUAL_DEEP_RESEARCH,P0,PGN,Progress Energy Inc.,SP500_SPELL_0881,EXIT_NOT_CERTIFIED;MANUAL_REQUIRED;ENTRY_NOT_CERTIFIED,MANUAL_REVIEW_AND_PART4_EXIT_CERTIFICATION,YES,YES,YES,NO,UNTOUCHED,,,,,3,76
P0_MANUAL_DEEP_RESEARCH,P0,PHA,Pharmacia Corp.,SP500_SPELL_0884,EXIT_NOT_CERTIFIED;MANUAL_REQUIRED;ENTRY_NOT_CERTIFIED,MANUAL_REVIEW_AND_PART4_EXIT_CERTIFICATION,YES,YES,YES,NO,UNTOUCHED,,,,,2,88
P1_HIGH_YIELD_EXIT_CERTIFICATION,P1,PLL,Pall Corp.,SP500_SPELL_0890,EXIT_NOT_CERTIFIED,DONE_EXIT_CERTIFIED,NO,YES,NO,NO,PROMOTED_PUBLICATION_SAFE,Primary S&P DJI evidence certifies S&P 500 deletion; half-open exit boundary 2015-08-31. Promoted to historical publication scope.,https://press.spglobal.com/2015-08-27-Activision-Blizzard-United-Continental-Holdings-Set-to-Join-the-S-P-500,2015-08-31,,7,
P1_HIGH_YIELD_EXIT_CERTIFICATION,P1,PMCS,"PMC-Sierra, Inc.",SP500_SPELL_0893,,COMPLETE,NO,False,NO,NO,PROMOTED_PUBLICATION_SAFE,Exit boundary certified; half-open first non-member date 2007-07-02.,https://br.advfn.com/noticias/PRNUS/2007/artigo/21136933,2007-07-02,,3,
P1_HIGH_YIELD_EXIT_CERTIFICATION,P1,POOL,Pool Corporation,SP500_SPELL_0901,EXIT_NOT_CERTIFIED,DONE_EXIT_CERTIFIED,NO,YES,NO,NO,PROMOTED_PUBLICATION_SAFE,Primary S&P DJI evidence certifies S&P 500 deletion; half-open exit boundary 2026-06-22. Promoted to historical publication scope.,https://press.spglobal.com/2026-06-05-Marvell-Technology-and-Flex-Set-to-Join-S-P-500-Others-to-Join-S-P-MidCap-400-and-S-P-SmallCap-600,2026-06-22,,6,
P0_MANUAL_DEEP_RESEARCH,P0,PRGO,Perrigo Company,SP500_SPELL_0906,SOURCE_UPGRADE_PENDING;MANUAL_REQUIRED,UPGRADE_2011_ENTRY_TO_PRIMARY_S&P_ARCHIVE_IF_LOCATABLE,NO,NO,YES,YES,UNTOUCHED,,,,,2,97
P1_HIGH_YIELD_EXIT_CERTIFICATION,P1,PSFT,People Soft Inc,SP500_SPELL_0909,EXIT_NOT_CERTIFIED,FINAL_P1_HOLD_EXACT_S&P_BOUNDARY_UNRESOLVED,NO,YES,NO,NO,FINAL_P1_HOLD_EXACT_BOUNDARY_UNRESOLVED,Final P1 research pass completed; exact S&P-effective exit boundary remains unproven without inference. Remains quarantined.,,,,3,78
P1_HIGH_YIELD_EXIT_CERTIFICATION,P1,PTV,Pactiv Corp,SP500_SPELL_0914,,COMPLETE,NO,False,NO,NO,PROMOTED_PUBLICATION_SAFE,Exit boundary certified; half-open first non-member date 2010-11-17.,https://www.prnewswire.com/news-releases/standard--poors-announces-change-to-us-index-107074138.html,2010-11-17,,1,
P1_HIGH_YIELD_EXIT_CERTIFICATION,P1,PVH,PVH Corp,SP500_SPELL_0915,EXIT_NOT_CERTIFIED,DONE_EXIT_CERTIFIED,NO,YES,NO,NO,PROMOTED_PUBLICATION_SAFE,Primary S&P DJI evidence certifies S&P 500 deletion; half-open exit boundary 2022-09-19. Promoted to historical publication scope.,https://press.spglobal.com/2022-09-02-CoStar-Group%2C-Invitation-Homes-Set-to-Join-S-P-500-Others-to-Join-S-P-100%2C-S-P-MidCap-400%2C-and-S-P-SmallCap-600,2022-09-19,,9,
P0_MANUAL_DEEP_RESEARCH,P0,PVN,Providian Financial Corp,SP500_SPELL_0916,EXIT_NOT_CERTIFIED;MANUAL_REQUIRED;ENTRY_NOT_CERTIFIED,MANUAL_REVIEW_AND_PART4_EXIT_CERTIFICATION,YES,YES,YES,NO,UNTOUCHED,,,,,4,55
P1_HIGH_YIELD_EXIT_CERTIFICATION,P1,PX,"Praxair, Inc.",SP500_SPELL_0921,EXIT_NOT_CERTIFIED,FINAL_P1_HOLD_EXACT_S&P_BOUNDARY_UNRESOLVED,NO,YES,NO,NO,FINAL_P1_HOLD_EXACT_BOUNDARY_UNRESOLVED,Final P1 research pass completed; exact S&P-effective exit boundary remains unproven without inference. Remains quarantined.,,,,7,15
P1_HIGH_YIELD_EXIT_CERTIFICATION,P1,QLGC,QLogic Corp.,SP500_SPELL_0929,,COMPLETE,NO,False,NO,NO,PROMOTED_PUBLICATION_SAFE,Exit boundary certified; half-open first non-member date 2011-01-18.,https://www.rttnews.com/1525072/standard-poor-s-announces-changes-to-us-indices-quick-facts.aspx,2011-01-18,,6,
P1_HIGH_YIELD_EXIT_CERTIFICATION,P1,QRVO,Qorvo,SP500_SPELL_0930,EXIT_NOT_CERTIFIED,DONE_EXIT_CERTIFIED,NO,YES,NO,NO,PROMOTED_PUBLICATION_SAFE,Primary S&P DJI evidence certifies S&P 500 deletion; half-open exit boundary 2024-12-23. Promoted to historical publication scope.,https://press.spglobal.com/2024-12-06-Apollo-Global-Management-and-Workday-Set-to-Join-S-P-500-Others-to-Join-S-P-MidCap-400-and-S-P-SmallCap-600,2024-12-23,,9,
P1_HIGH_YIELD_EXIT_CERTIFICATION,P1,QTRN,Quintiles Transnational Corp,SP500_SPELL_0931,EXIT_NOT_CERTIFIED,FINAL_P1_HOLD_EXACT_S&P_BOUNDARY_UNRESOLVED,NO,YES,NO,NO,FINAL_P1_HOLD_EXACT_BOUNDARY_UNRESOLVED,Final P1 research pass completed; exact S&P-effective exit boundary remains unproven without inference. Remains quarantined.,,,,3,79
P1_HIGH_YIELD_EXIT_CERTIFICATION,P1,R,"Ryder System, Inc.",SP500_SPELL_0932,EXIT_NOT_CERTIFIED,DONE_EXIT_CERTIFIED,NO,YES,NO,NO,PROMOTED_PUBLICATION_SAFE,Primary S&P DJI evidence certifies S&P 500 deletion; half-open exit boundary 2017-06-19. Promoted to historical publication scope.,https://press.spglobal.com/2017-06-09-Hilton-Worldwide-Align-Technology-ANSYS-Set-to-Join-S-P-500-Teradata-and-Ryder-System-to-Join-S-P-MidCap-400,2017-06-19,,13,
P1_HIGH_YIELD_EXIT_CERTIFICATION,P1,RAI,Reynolds American Inc.,SP500_SPELL_0934,EXIT_NOT_CERTIFIED,DONE_EXIT_CERTIFIED,NO,YES,NO,NO,PROMOTED_PUBLICATION_SAFE,Primary S&P DJI evidence certifies S&P 500 deletion; half-open exit boundary 2017-07-26. Promoted to historical publication scope.,https://press.spglobal.com/2017-07-19-MGM-Resorts-ResMed-Packaging-Corporation-of-America-A-O-Smith-and-Duke-Realty-Set-to-Join-S-P-500-Others-to-Join-S-P-MidCap-400,2017-07-26,,3,
P1_HIGH_YIELD_EXIT_CERTIFICATION,P1,RBK,Reebok Int'l Ltd,SP500_SPELL_0938,,COMPLETE,NO,False,NO,NO,PROMOTED_PUBLICATION_SAFE,Exit boundary certified; half-open first non-member date 2006-02-01.,https://br.advfn.com/noticias/PRNUS/2006/artigo/13936188,2006-02-01,,4,
P1_HIGH_YIELD_EXIT_CERTIFICATION,P1,RDC,Rowan Companies plc,SP500_SPELL_0940,,COMPLETE,NO,False,NO,NO,PROMOTED_PUBLICATION_SAFE,Exit boundary certified; half-open first non-member date 2014-08-19.,https://press.spglobal.com/2014-08-14-Mallinckrodt-Set-to-Join-the-S-P-500-Rowan-to-Join-S-P-MidCap-400-GulfMark-Offshore-to-Join-S-P-SmallCap-600,2014-08-19,,4,
P1_HIGH_YIELD_EXIT_CERTIFICATION,P1,RHI,Robert Half,SP500_SPELL_0946,,COMPLETE,NO,YES,NO,NO,PROMOTED_PUBLICATION_SAFE,S&P DJI deletion effective prior to open 2024-06-24; half-open exit date 2024-06-24. Primary index evidence.,https://press.spglobal.com/2024-06-07-KKR%2C-CrowdStrike-Holdings-and-GoDaddy-Set-to-Join-S-P-500-Others-to-Join-S-P-MidCap-400-and-S-P-SmallCap-600,2024-06-24,,22,
P1_HIGH_YIELD_EXIT_CERTIFICATION,P1,RIG,Transocean Ltd,SP500_SPELL_0948,,COMPLETE,NO,False,NO,NO,PROMOTED_PUBLICATION_SAFE,S&P explicitly removed Transocean after the 2008-12-18 close; half-open first non-member date 2008-12-19.,https://corporate.lowes.com/newsroom/press-releases/standard-poors-announces-changes-us-indices-12-12-08,2008-12-19,,1,
P1_HIGH_YIELD_EXIT_CERTIFICATION,P1,RIG,Transocean Ltd,SP500_SPELL_0949,EXIT_NOT_CERTIFIED,DONE_EXIT_CERTIFIED,NO,YES,NO,NO,PROMOTED_PUBLICATION_SAFE,Primary S&P DJI evidence certifies S&P 500 deletion; half-open exit boundary 2017-07-26. Promoted to historical publication scope.,https://press.spglobal.com/2017-07-19-MGM-Resorts-ResMed-Packaging-Corporation-of-America-A-O-Smith-and-Duke-Realty-Set-to-Join-S-P-500-Others-to-Join-S-P-MidCap-400,2017-07-26,,4,
P1_HIGH_YIELD_EXIT_CERTIFICATION,P1,ROH,Rohm & Hass Co,SP500_SPELL_0956,,COMPLETE,NO,False,NO,NO,PROMOTED_PUBLICATION_SAFE,Exit boundary certified; half-open first non-member date 2009-04-02.,https://www.marketscreener.com/quote/stock/ROHM-AND-HAAS-COMPANY-14276/news/ROHM-HAAS-Standard-Poor-s-Announces-Changes-to-U-S-Indices-13150436/,2009-04-02,,7,
P1_HIGH_YIELD_EXIT_CERTIFICATION,P1,RRC,Range Resources Corp.,SP500_SPELL_0961,EXIT_NOT_CERTIFIED,DONE_EXIT_CERTIFIED,NO,YES,NO,NO,PROMOTED_PUBLICATION_SAFE,Primary S&P DJI evidence certifies S&P 500 deletion; half-open exit boundary 2018-06-18. Promoted to historical publication scope.,https://press.spglobal.com/2018-06-08-HollyFrontier-Broadridge-Financial-Solutions-Set-to-Join-S-P-500-Others-to-Join-S-P-MidCap-400-and-S-P-SmallCap-600,2018-06-18,,11,
P1_HIGH_YIELD_EXIT_CERTIFICATION,P1,RRD,RR Donnelley & Sons Co,SP500_SPELL_0962,,COMPLETE,NO,False,NO,NO,PROMOTED_PUBLICATION_SAFE,Exit boundary certified; half-open first non-member date 2012-12-12.,https://press.spglobal.com/2012-12-05-Garmin-Set-to-Join-the-S-P-500-R-R-Donnelly-Sons-to-Join-S-P-MidCap-400,2012-12-12,,6,
P0_MANUAL_DEEP_RESEARCH,P0,RSHCQ,RadioShack Corporation,SP500_SPELL_0964,EXIT_NOT_CERTIFIED;MANUAL_REQUIRED;ENTRY_NOT_CERTIFIED,MANUAL_REVIEW_AND_PART4_EXIT_CERTIFICATION,YES,YES,YES,NO,UNTOUCHED,,,,,5,37
P0_MANUAL_DEEP_RESEARCH,P0,RTN,Raytheon Co.,SP500_SPELL_0965,EXIT_NOT_CERTIFIED;MANUAL_REQUIRED;ENTRY_NOT_CERTIFIED,MANUAL_REVIEW_AND_PART4_EXIT_CERTIFICATION,YES,YES,YES,NO,UNTOUCHED,,,,,6,26
P1_HIGH_YIELD_EXIT_CERTIFICATION,P1,RX,IMS Health Inc.,SP500_SPELL_0966,,COMPLETE,NO,False,NO,NO,PROMOTED_PUBLICATION_SAFE,Exit boundary certified; half-open first non-member date 2010-03-01.,https://www.prnewswire.com/news-releases/standard--poors-announces-changes-to-us-indices-84994457.html,2010-03-01,,6,
P0_MANUAL_DEEP_RESEARCH,P0,SAF,Safeco Corp.,SP500_SPELL_0971,EXIT_NOT_CERTIFIED;MANUAL_REQUIRED;ENTRY_NOT_CERTIFIED,MANUAL_REVIEW_AND_PART4_EXIT_CERTIFICATION,YES,YES,YES,NO,UNTOUCHED,,,,,5,50
P1_HIGH_YIELD_EXIT_CERTIFICATION,P1,SANM,Sanmina Corp.,SP500_SPELL_0973,,COMPLETE,NO,False,NO,NO,PROMOTED_PUBLICATION_SAFE,Exit boundary certified; half-open first non-member date 2007-07-02.,https://br.advfn.com/noticias/PRNUS/2007/artigo/21136933,2007-07-02,,6,
P1_HIGH_YIELD_EXIT_CERTIFICATION,P1,SAPE,Sapient Corp.,SP500_SPELL_0974,,COMPLETE,NO,False,NO,NO,PROMOTED_PUBLICATION_SAFE,Exact exit boundary certified; first non-member date 2002-05-13.,https://www.latimes.com/archives/la-xpm-2002-may-10-fi-markets10-story.html,2002-05-13,,1,
P1_HIGH_YIELD_EXIT_CERTIFICATION,P1,SBL,Symbol Technologies Inc,SP500_SPELL_0978,EXIT_NOT_CERTIFIED,FINAL_P1_HOLD_EXACT_S&P_BOUNDARY_UNRESOLVED,NO,YES,NO,NO,FINAL_P1_HOLD_EXACT_BOUNDARY_UNRESOLVED,Final P1 research pass completed; exact S&P-effective exit boundary remains unproven without inference. Remains quarantined.,,,,2,85
P1_HIGH_YIELD_EXIT_CERTIFICATION,P1,SDS,Sungard Data Systems Inc,SP500_SPELL_0984,EXIT_NOT_CERTIFIED,FINAL_P1_HOLD_EXACT_S&P_BOUNDARY_UNRESOLVED,NO,YES,NO,NO,FINAL_P1_HOLD_EXACT_BOUNDARY_UNRESOLVED,Final P1 research pass completed; exact S&P-effective exit boundary remains unproven without inference. Remains quarantined.,,,,2,86
P1_HIGH_YIELD_EXIT_CERTIFICATION,P1,SEDG,SolarEdge Technologies Inc,SP500_SPELL_0987,,COMPLETE,NO,YES,NO,NO,PROMOTED_PUBLICATION_SAFE,S&P DJI deletion effective prior to open 2023-12-18; half-open exit date 2023-12-18. Primary index evidence.,https://press.spglobal.com/2023-12-01-Uber-Technologies%2C-Jabil-and-Builders-FirstSource-Set-to-Join-S-P-500-Others-to-Join-S-P-MidCap-400-and-S-P-SmallCap-600,2023-12-18,,2,
P1_HIGH_YIELD_EXIT_CERTIFICATION,P1,SEE,Sealed Air Corp,SP500_SPELL_0988,,COMPLETE,NO,YES,NO,NO,PROMOTED_PUBLICATION_SAFE,S&P DJI deletion effective prior to open 2023-12-18; half-open exit date 2023-12-18. Primary index evidence.,https://press.spglobal.com/2023-12-01-Uber-Technologies%2C-Jabil-and-Builders-FirstSource-Set-to-Join-S-P-500-Others-to-Join-S-P-MidCap-400-and-S-P-SmallCap-600,2023-12-18,,2,
P1_HIGH_YIELD_EXIT_CERTIFICATION,P1,SFA,"Scientific-Atlanta, Inc.",SP500_SPELL_0990,EXIT_NOT_CERTIFIED,FINAL_P1_HOLD_EXACT_S&P_BOUNDARY_UNRESOLVED,NO,YES,NO,NO,FINAL_P1_HOLD_EXACT_BOUNDARY_UNRESOLVED,Final P1 research pass completed; exact S&P-effective exit boundary remains unproven without inference. Remains quarantined.,,,,5,38
P1_HIGH_YIELD_EXIT_CERTIFICATION,P1,SHLD,Sears Holdings Corp,SP500_SPELL_0994,,COMPLETE,NO,False,NO,NO,PROMOTED_PUBLICATION_SAFE,Exit boundary certified; half-open first non-member date 2012-09-05.,https://www.prnewswire.com/news-releases/lyondellbasell-industries-set-to-join-the-sp-500-167901975.html,2012-09-05,,1,
P1_HIGH_YIELD_EXIT_CERTIFICATION,P1,SIAL,Sigma-Aldrich Corp.,SP500_SPELL_0997,,COMPLETE,NO,False,NO,NO,PROMOTED_PUBLICATION_SAFE,Exit boundary certified; half-open first non-member date 2015-11-19.,https://press.spglobal.com/2015-11-12-Illumina-Set-to-Join-the-S-P-500,2015-11-19,,3,
P1_HIGH_YIELD_EXIT_CERTIFICATION,P1,SIG,Signet Jewelers Ltd,SP500_SPELL_0998,EXIT_NOT_CERTIFIED,DONE_EXIT_CERTIFIED,NO,YES,NO,NO,PROMOTED_PUBLICATION_SAFE,Primary S&P DJI evidence certifies S&P 500 deletion; half-open exit boundary 2018-03-19. Promoted to historical publication scope.,https://press.spglobal.com/2018-03-09-Take-Two-Interactive-Software-SVB-Financial-and-Nektar-Pharmaceuticals-Set-to-Join-S-P-500-Others-to-Join-S-P-MidCap-400-and-S-P-SmallCap-600,2018-03-19,,3,
P1_HIGH_YIELD_EXIT_CERTIFICATION,P1,SLG,SL Green Realty Corp,SP500_SPELL_1004,EXIT_NOT_CERTIFIED,DONE_EXIT_CERTIFIED,NO,YES,NO,NO,PROMOTED_PUBLICATION_SAFE,Primary S&P DJI evidence certifies S&P 500 deletion; half-open exit boundary 2021-03-22. Promoted to historical publication scope.,https://press.spglobal.com/2021-03-12-NXP-Semiconductors-Penn-National-Gaming-Generac-Holdings-and-Caesars-Entertainment-Set-to-Join-S-P-500-Others-to-Join-S-P-MidCap-400-S-P-SmallCap-600-and-S-P-100,2021-03-22,,6,
P1_HIGH_YIELD_EXIT_CERTIFICATION,P1,SLM,SLM Corp.,SP500_SPELL_1005,,COMPLETE,NO,False,NO,NO,PROMOTED_PUBLICATION_SAFE,Exit boundary certified; half-open first non-member date 2014-05-01.,https://press.spglobal.com/2014-04-24-Navient-Under-Armour-Set-to-Join-the-S-P-500-SLM-PolyOne-to-Join-S-P-MidCap-400-Aceto-to-Join-S-P-SmallCap-600,2014-05-01,,13,
P1_HIGH_YIELD_EXIT_CERTIFICATION,P1,SLR,Solectron Corp.,SP500_SPELL_1006,,COMPLETE,NO,False,NO,NO,PROMOTED_PUBLICATION_SAFE,Exit boundary certified; half-open first non-member date 2007-10-02.,https://uk.advfn.com/stock-market/NYSE/SLR/share-news/Standard-Poors-Announces-Changes-to-U-S-Indices/22396134,2007-10-02,,6,
P1_HIGH_YIELD_EXIT_CERTIFICATION,P1,SNV,Synovus Financial Corp.,SP500_SPELL_1016,,COMPLETE,NO,False,NO,NO,PROMOTED_PUBLICATION_SAFE,Exit boundary certified; half-open first non-member date 2008-01-02.,https://br.advfn.com/noticias/PRNUS/2007/artigo/23866373,2008-01-02,,5,
P1_HIGH_YIELD_EXIT_CERTIFICATION,P1,SOV,Sovereign Bancorp Inc,SP500_SPELL_1021,EXIT_NOT_CERTIFIED,FINAL_P1_HOLD_EXACT_S&P_BOUNDARY_UNRESOLVED,NO,YES,NO,NO,FINAL_P1_HOLD_EXACT_BOUNDARY_UNRESOLVED,Final P1 research pass completed; exact S&P-effective exit boundary remains unproven without inference. Remains quarantined.,,,,2,90
P1_HIGH_YIELD_EXIT_CERTIFICATION,P1,SPLS,Staples Inc.,SP500_SPELL_1024,,COMPLETE,NO,False,NO,NO,PROMOTED_PUBLICATION_SAFE,Exit boundary certified; half-open first non-member date 2017-09-18.,https://press.spglobal.com/2017-09-08-Cadence-Design-Systems-Set-to-Join-S-P-500-Others-to-Join-S-P-MidCap-400-and-S-P-SmallCap-600,2017-09-18,,7,
P1_HIGH_YIELD_EXIT_CERTIFICATION,P1,SSP,E. W. Scripps Co,SP500_SPELL_1028,EXIT_NOT_CERTIFIED,FINAL_P1_HOLD_EXACT_S&P_BOUNDARY_UNRESOLVED,NO,YES,NO,NO,FINAL_P1_HOLD_EXACT_BOUNDARY_UNRESOLVED,Final P1 research pass completed; exact S&P-effective exit boundary remains unproven without inference. Remains quarantined.,,,,1,113
P1_HIGH_YIELD_EXIT_CERTIFICATION,P1,STJ,St. Jude Medical Inc,SP500_SPELL_1031,EXIT_NOT_CERTIFIED,DONE_EXIT_CERTIFIED,NO,YES,NO,NO,PROMOTED_PUBLICATION_SAFE,Primary S&P DJI evidence certifies S&P 500 deletion; half-open exit boundary 2017-01-05. Promoted to historical publication scope.,https://press.spglobal.com/2017-01-03-IDEXX-Laboratories-Set-to-Join-the-S-P-500-Chemours-to-Join-S-P-MidCap-400-Shake-Shack-to-Join-S-P-SmallCap-600,2017-01-05,,5,
P0_MANUAL_DEEP_RESEARCH,P0,SUN,Sunoco LP,SP500_SPELL_1039,EXIT_NOT_CERTIFIED;MANUAL_REQUIRED;ENTRY_NOT_CERTIFIED,MANUAL_REVIEW_AND_PART4_EXIT_CERTIFICATION,YES,YES,YES,NO,UNTOUCHED,,,,,2,81
P1_HIGH_YIELD_EXIT_CERTIFICATION,P1,SVU,Supervalu Inc.,SP500_SPELL_1041,EXIT_NOT_CERTIFIED,DONE_EXIT_CERTIFIED,NO,YES,NO,NO,PROMOTED_PUBLICATION_SAFE,Primary S&P DJI evidence certifies S&P 500 deletion; half-open exit boundary 2012-05-01. Promoted to historical publication scope.,https://press.spglobal.com/2012-04-23-S-P-Indices-Announces-Changes-to-U-S-Indices,2012-05-01,,7,
P1_HIGH_YIELD_EXIT_CERTIFICATION,P1,SWY,Safeway Inc.,SP500_SPELL_1046,,COMPLETE,NO,False,NO,NO,PROMOTED_PUBLICATION_SAFE,Exit boundary certified; half-open first non-member date 2015-01-27.,https://press.spglobal.com/2015-01-23-HCA-Holdings-Set-to-Join-the-S-P-500,2015-01-27,,3,
P1_HIGH_YIELD_EXIT_CERTIFICATION,P1,TDC,Teradata Corp.,SP500_SPELL_1056,EXIT_NOT_CERTIFIED,DONE_EXIT_CERTIFIED,NO,YES,NO,NO,PROMOTED_PUBLICATION_SAFE,Primary S&P DJI evidence certifies S&P 500 deletion; half-open exit boundary 2017-06-19. Promoted to historical publication scope.,https://press.spglobal.com/2017-06-09-Hilton-Worldwide-Align-Technology-ANSYS-Set-to-Join-S-P-500-Teradata-and-Ryder-System-to-Join-S-P-MidCap-400,2017-06-19,,9,
P0_MANUAL_DEEP_RESEARCH,P0,TEK,Tektronix Inc.,SP500_SPELL_1063,EXIT_NOT_CERTIFIED;MANUAL_REQUIRED;ENTRY_NOT_CERTIFIED,MANUAL_REVIEW_AND_PART4_EXIT_CERTIFICATION,YES,YES,YES,NO,UNTOUCHED,,,,,7,17
P1_HIGH_YIELD_EXIT_CERTIFICATION,P1,TEL,TE Connectivity,SP500_SPELL_1064,EXIT_NOT_CERTIFIED,FINAL_P1_HOLD_EXACT_S&P_BOUNDARY_UNRESOLVED,NO,YES,NO,NO,FINAL_P1_HOLD_EXACT_BOUNDARY_UNRESOLVED,Final P1 research pass completed; exact S&P-effective exit boundary remains unproven without inference. Remains quarantined.,,,,2,82
P1_HIGH_YIELD_EXIT_CERTIFICATION,P1,TER,Teradyne,SP500_SPELL_1067,,COMPLETE,NO,False,NO,NO,PROMOTED_PUBLICATION_SAFE,Exit boundary certified; half-open first non-member date 2013-12-23.,https://www.prnewswire.com/news-releases/facebook-set-to-join-the-sp-100--500-alliance-data-systems-and-mohawk-to-join-the-sp-500-changes-to-the-sp-midcap-400-and-the-sp-smallcap-600-235478611.html,2013-12-23,,11,
P1_HIGH_YIELD_EXIT_CERTIFICATION,P1,TEX,Terex Corp.,SP500_SPELL_1069,,COMPLETE,NO,False,NO,NO,PROMOTED_PUBLICATION_SAFE,Exit boundary certified; half-open first non-member date 2008-11-06.,https://www.rttnews.com/760476/j-m-smucker-to-replace-terex-in-s-p-500.aspx,2008-11-06,,1,
P1_HIGH_YIELD_EXIT_CERTIFICATION,P1,TFX,Teleflex,SP500_SPELL_1070,,COMPLETE,NO,YES,NO,NO,PROMOTED_PUBLICATION_SAFE,S&P DJI deletion effective prior to open 2025-03-24; half-open exit date 2025-03-24. Primary index evidence.,https://press.spglobal.com/2025-03-07-DoorDash%2C-TKO-Group-Holdings%2C-Williams-Sonoma-and-Expand-Energy-Set-to-Join-S-P-500-Others-to-Join-S-P-100%2C-S-P-MidCap-400-and-S-P-SmallCap-600,2025-03-24,,6,
P0_MANUAL_DEEP_RESEARCH,P0,TGNA,TEGNA Inc,SP500_SPELL_1071,EXIT_NOT_CERTIFIED;MANUAL_REQUIRED;ENTRY_NOT_CERTIFIED,MANUAL_REVIEW_AND_PART4_EXIT_CERTIFICATION,YES,YES,YES,NO,UNTOUCHED,,,,,7,11
P1_HIGH_YIELD_EXIT_CERTIFICATION,P1,THC,Tenet Healthcare Corporation,SP500_SPELL_1073,EXIT_NOT_CERTIFIED,DONE_EXIT_CERTIFIED,NO,YES,NO,NO,PROMOTED_PUBLICATION_SAFE,Primary S&P DJI evidence certifies S&P 500 deletion; half-open exit boundary 2016-04-18. Promoted to historical publication scope.,https://press.spglobal.com/2016-04-07-Ulta-Salon-Cosmetics-Fragrance-Set-to-Join-the-S-P-500-Tenet-Healthcare-to-Join-S-P-MidCap-400,2016-04-18,,13,
P1_HIGH_YIELD_EXIT_CERTIFICATION,P1,TIN,Temple-Inland Inc.,SP500_SPELL_1077,,COMPLETE,NO,False,NO,NO,PROMOTED_PUBLICATION_SAFE,Exit boundary certified; half-open first non-member date 2007-12-31.,https://br.advfn.com/noticias/PRNUS/2007/artigo/23866373,2007-12-31,,3,
P1_HIGH_YIELD_EXIT_CERTIFICATION,P1,TLAB,Tellabs Inc.,SP500_SPELL_1081,,COMPLETE,NO,False,NO,NO,PROMOTED_PUBLICATION_SAFE,Exit boundary certified; half-open first non-member date 2011-12-21.,https://www.prnewswire.com/news-releases/sp-indices-announces-changes-to-us-indices-135621958.html,2011-12-21,,3,
P0_MANUAL_DEEP_RESEARCH,P0,TNB,Thomas & Betts Corp,SP500_SPELL_1088,EXIT_NOT_CERTIFIED;MANUAL_REQUIRED;ENTRY_NOT_CERTIFIED,MANUAL_REVIEW_AND_PART4_EXIT_CERTIFICATION,YES,YES,YES,NO,UNTOUCHED,,,,,2,84
P1_HIGH_YIELD_EXIT_CERTIFICATION,P1,TOS,Tosco Corp.,SP500_SPELL_1089,EXIT_NOT_CERTIFIED,FINAL_P1_HOLD_EXACT_S&P_BOUNDARY_UNRESOLVED,NO,YES,NO,NO,FINAL_P1_HOLD_EXACT_BOUNDARY_UNRESOLVED,Final P1 research pass completed; exact S&P-effective exit boundary remains unproven without inference. Remains quarantined.,,,,1,117
P1_HIGH_YIELD_EXIT_CERTIFICATION,P1,TOY,"Toys ""R"" Us, Inc.",SP500_SPELL_1090,EXIT_NOT_CERTIFIED,FINAL_P1_HOLD_EXACT_S&P_BOUNDARY_UNRESOLVED,NO,YES,NO,NO,FINAL_P1_HOLD_EXACT_BOUNDARY_UNRESOLVED,Final P1 research pass completed; exact S&P-effective exit boundary remains unproven without inference. Remains quarantined.,,,,3,74
P1_HIGH_YIELD_EXIT_CERTIFICATION,P1,TRB,Tribune Co.,SP500_SPELL_1093,,COMPLETE,NO,False,NO,NO,PROMOTED_PUBLICATION_SAFE,Exit boundary certified; half-open first non-member date 2007-12-21.,https://www.marketwatch.com/story/range-resources-to-replace-tribune-co-on-sp-500,2007-12-21,,6,
P1_HIGH_YIELD_EXIT_CERTIFICATION,P1,TRIP,TripAdvisor Inc,SP500_SPELL_1095,,COMPLETE,NO,YES,NO,NO,PROMOTED_PUBLICATION_SAFE,S&P DJI deletion effective prior to open 2019-12-23; half-open exit date 2019-12-23. Primary index evidence.,https://press.spglobal.com/2019-12-13-Live-Nation-Entertainment-Zebra-Technologies-STERIS-Set-to-Join-S-P-500-Others-to-Join-S-P-MidCap-400-and-S-P-SmallCap-600,2019-12-23,,8,
P0_MANUAL_DEEP_RESEARCH,P0,TRW,TRW Inc.,SP500_SPELL_1099,EXIT_NOT_CERTIFIED;MANUAL_REQUIRED;ENTRY_NOT_CERTIFIED,MANUAL_REVIEW_AND_PART4_EXIT_CERTIFICATION,YES,YES,YES,NO,UNTOUCHED,,,,,1,111
P1_HIGH_YIELD_EXIT_CERTIFICATION,P1,TSG,Sabre Holdings Corp,SP500_SPELL_1101,,COMPLETE,NO,False,NO,NO,PROMOTED_PUBLICATION_SAFE,Exit boundary certified; half-open first non-member date 2007-04-02.,https://br.advfn.com/bolsa-de-valores/nyse/HAL/share-news/19926011/standard-poors-announces-changes-to-u-s-indices,2007-04-02,,2,
P1_HIGH_YIELD_EXIT_CERTIFICATION,P1,TUP,Tupperware Brands Corp,SP500_SPELL_1109,EXIT_NOT_CERTIFIED,FINAL_P1_HOLD_EXACT_S&P_BOUNDARY_UNRESOLVED,NO,YES,NO,NO,FINAL_P1_HOLD_EXACT_BOUNDARY_UNRESOLVED,Final P1 research pass completed; exact S&P-effective exit boundary remains unproven without inference. Remains quarantined.,,,,4,54
P0_MANUAL_DEEP_RESEARCH,P0,TWX,Time Warner Inc.,SP500_SPELL_1112,EXIT_NOT_CERTIFIED;MANUAL_REQUIRED;ENTRY_NOT_CERTIFIED,MANUAL_REVIEW_AND_PART4_EXIT_CERTIFICATION,YES,YES,YES,NO,UNTOUCHED,,,,,6,27
P0_MANUAL_DEEP_RESEARCH,P0,TXU,TXU Corp.,SP500_SPELL_1116,EXIT_NOT_CERTIFIED;MANUAL_REQUIRED;ENTRY_NOT_CERTIFIED,MANUAL_REVIEW_AND_PART4_EXIT_CERTIFICATION,YES,YES,YES,NO,UNTOUCHED,,,,,2,94
P1_HIGH_YIELD_EXIT_CERTIFICATION,P1,UA,Under Armour Inc Class C,SP500_SPELL_1118,EXIT_NOT_CERTIFIED,DONE_EXIT_CERTIFIED,NO,YES,NO,NO,PROMOTED_PUBLICATION_SAFE,Primary S&P DJI evidence certifies S&P 500 deletion; half-open exit boundary 2022-06-21. Promoted to historical publication scope.,https://press.spglobal.com/2022-06-03-Keurig-Dr-Pepper%2C-VICI-Properties-and-ON-Semiconductor-Set-to-Join-S-P-500-Others-to-Join-S-P-MidCap-400%2C-and-S-P-SmallCap-600,2022-06-21,,7,
P0_MANUAL_DEEP_RESEARCH,P0,UIS,Unisys Corporation New,SP500_SPELL_1128,EXIT_NOT_CERTIFIED;MANUAL_REQUIRED;ENTRY_NOT_CERTIFIED,MANUAL_REVIEW_AND_PART4_EXIT_CERTIFICATION,YES,YES,YES,NO,UNTOUCHED,,,,,4,58
P0_MANUAL_DEEP_RESEARCH,P0,UNM,Unum Group,SP500_SPELL_1135,,COMPLETE,False,False,False,NO,PROMOTED_PUBLICATION_SAFE,LEFT_CENSORED membership proven at 2000-12-31 as UnumProvident by SEC-filed Evergreen Equity Index Fund; exact S&P exit 2021-09-20.,https://press.spglobal.com/2021-09-03-Match-Group%2C-Ceridian-HCM-and-Brown-Brown-Set-to-Join-S-P-500-Others-to-Join-S-P-MidCap-400-and-S-P-SmallCap-600,2021-09-20,https://www.sec.gov/Archives/edgar/data/1045688/000102140801500022/dn30d.htm,21,3
P1_HIGH_YIELD_EXIT_CERTIFICATION,P1,URBN,Urban Outfitters Inc,SP500_SPELL_1140,EXIT_NOT_CERTIFIED,DONE_EXIT_CERTIFIED,NO,YES,NO,NO,PROMOTED_PUBLICATION_SAFE,Primary S&P DJI evidence certifies S&P 500 deletion; half-open exit boundary 2017-03-20. Promoted to historical publication scope.,https://press.spglobal.com/2017-03-10-S-P-Dow-Jones-Indices-Announces-Changes-to-U-S-Indices-and-Updates-to-U-S-Indices-Methodology-and-Market-Cap-Guidelines,2017-03-20,,7,
P1_HIGH_YIELD_EXIT_CERTIFICATION,P1,UVN,Univision Comm Inc,SP500_SPELL_1150,,COMPLETE,NO,False,NO,NO,PROMOTED_PUBLICATION_SAFE,Exit boundary certified; half-open first non-member date 2007-03-29.,https://www.rttnews.com/265663/abercrombie-fitch-co-to-replace-univision-communications-in-s-p-500-update.aspx,2007-03-29,,5,
P1_HIGH_YIELD_EXIT_CERTIFICATION,P1,VFC,V.F. Corporation,SP500_SPELL_1155,EXIT_NOT_CERTIFIED,DONE_EXIT_CERTIFIED,NO,YES,NO,NO,PROMOTED_PUBLICATION_SAFE,Primary S&P DJI evidence certifies S&P 500 deletion; half-open exit boundary 2024-04-03. Promoted to historical publication scope.,https://press.spglobal.com/2024-03-27-GE-Vernova-and-Solventum-Set-to-Join-S-P-500-Dentsply-Sirona-to-Join-S-P-MidCap-400-Others-to-Join-S-P-SmallCap-600,2024-04-03,,19,
P1_HIGH_YIELD_EXIT_CERTIFICATION,P1,VIAV,VIAVI Solutions Inc,SP500_SPELL_1157,,COMPLETE,NO,False,NO,NO,PROMOTED_PUBLICATION_SAFE,Exact exit boundary certified; first non-member date 2013-12-23.,https://press.spglobal.com/2013-12-11-Facebook-Set-to-Join-the-S-P-100-500-Alliance-Data-Systems-and-Mohawk-to-Join-the-S-P-500-Changes-to-the-S-P-MidCap-400-and-the-S-P-SmallCap-600,2013-12-23,,10,
P1_HIGH_YIELD_EXIT_CERTIFICATION,P1,VNO,Vornado Realty Trust,SP500_SPELL_1162,EXIT_NOT_CERTIFIED,DONE_EXIT_CERTIFIED,NO,YES,NO,NO,PROMOTED_PUBLICATION_SAFE,Primary S&P DJI evidence certifies S&P 500 deletion; half-open exit boundary 2023-01-05. Promoted to historical publication scope.,https://press.spglobal.com/2022-12-28-GE-HealthCare-Technologies-Set-to-Join-S-P-500-Vornado-Realty-Trust-to-Join-S-P-MidCap-400-RXO-to-Join-S-P-SmallCap-600,2023-01-05,,17,
P1_HIGH_YIELD_EXIT_CERTIFICATION,P1,VNT,Vontier Corp,SP500_SPELL_1163,EXIT_NOT_CERTIFIED,DONE_EXIT_CERTIFIED,NO,YES,NO,NO,PROMOTED_PUBLICATION_SAFE,Primary S&P DJI evidence certifies S&P 500 deletion; half-open exit boundary 2021-03-22. Promoted to historical publication scope.,https://press.spglobal.com/2021-03-12-NXP-Semiconductors-Penn-National-Gaming-Generac-Holdings-and-Caesars-Entertainment-Set-to-Join-S-P-500-Others-to-Join-S-P-MidCap-400-S-P-SmallCap-600-and-S-P-100,2021-03-22,,1,
P1_HIGH_YIELD_EXIT_CERTIFICATION,P1,VSTNQ,Visteon Corporation,SP500_SPELL_1171,EXIT_NOT_CERTIFIED,FINAL_P1_HOLD_EXACT_S&P_BOUNDARY_UNRESOLVED,NO,YES,NO,NO,FINAL_P1_HOLD_EXACT_BOUNDARY_UNRESOLVED,Final P1 research pass completed; exact S&P-effective exit boundary remains unproven without inference. Remains quarantined.,,,,4,59
P1_HIGH_YIELD_EXIT_CERTIFICATION,P1,VTSS,Vitesse Semiconductor Corp,SP500_SPELL_1174,EXIT_NOT_CERTIFIED,FINAL_P1_HOLD_EXACT_S&P_BOUNDARY_UNRESOLVED,NO,YES,NO,NO,FINAL_P1_HOLD_EXACT_BOUNDARY_UNRESOLVED,Final P1 research pass completed; exact S&P-effective exit boundary remains unproven without inference. Remains quarantined.,,,,1,102
P1_HIGH_YIELD_EXIT_CERTIFICATION,P1,WAMUQ,"Washington Mutual, Inc.",SP500_SPELL_1178,,COMPLETE,NO,False,NO,NO,PROMOTED_PUBLICATION_SAFE,Exit boundary certified; half-open first non-member date 2008-09-30.,https://www.marketscreener.com/quote/stock/TALEO-CP-A-11106/news/TALEO-Standard-Poor-s-Announces-Changes-to-U-S-Indices-577986/,2008-09-30,,3,
P0_MANUAL_DEEP_RESEARCH,P0,WBA,"Walgreens Boots Alliance, Inc.",SP500_SPELL_1181,EXIT_NOT_CERTIFIED;MANUAL_REQUIRED,MANUAL_REVIEW_AND_PART4_EXIT_CERTIFICATION,NO,YES,YES,NO,UNTOUCHED,,,,,5,52
P1_HIGH_YIELD_EXIT_CERTIFICATION,P1,WCOEQ,WorldCom Inc,SP500_SPELL_1184,EXIT_NOT_CERTIFIED,FINAL_P1_HOLD_EXACT_S&P_BOUNDARY_UNRESOLVED,NO,YES,NO,NO,FINAL_P1_HOLD_EXACT_BOUNDARY_UNRESOLVED,Final P1 research pass completed; exact S&P-effective exit boundary remains unproven without inference. Remains quarantined.,,,,1,118
P1_HIGH_YIELD_EXIT_CERTIFICATION,P1,WFT,Weatherford Int'l plc,SP500_SPELL_1192,EXIT_NOT_CERTIFIED,FINAL_P1_HOLD_EXACT_S&P_BOUNDARY_UNRESOLVED,NO,YES,NO,NO,FINAL_P1_HOLD_EXACT_BOUNDARY_UNRESOLVED,Final P1 research pass completed; exact S&P-effective exit boundary remains unproven without inference. Remains quarantined.,,,,1,126
P0_MANUAL_DEEP_RESEARCH,P0,WHR,Whirlpool Corporation,SP500_SPELL_1193,,COMPLETE,False,False,False,NO,PROMOTED_PUBLICATION_SAFE,LEFT_CENSORED membership proven at 2000-12-31 by SEC-filed Evergreen Equity Index Fund; exact S&P exit 2024-03-18.,https://press.spglobal.com/2024-03-01-Super-Micro-Computer-and-Deckers-Outdoor-Set-to-Join-S-P-500-Others-to-Join-S-P-100%2C-S-P-MidCap-400-and-S-P-SmallCap-600,2024-03-18,https://www.sec.gov/Archives/edgar/data/1045688/000102140801500022/dn30d.htm,22,2
P1_HIGH_YIELD_EXIT_CERTIFICATION,P1,WLL,Willamette Industries Inc,SP500_SPELL_1196,EXIT_NOT_CERTIFIED,FINAL_P1_HOLD_EXACT_S&P_BOUNDARY_UNRESOLVED,NO,YES,NO,NO,FINAL_P1_HOLD_EXACT_BOUNDARY_UNRESOLVED,Final P1 research pass completed; exact S&P-effective exit boundary remains unproven without inference. Remains quarantined.,,,,1,103
P1_HIGH_YIELD_EXIT_CERTIFICATION,P1,WLP,Wellpoint Health Networks Inc,SP500_SPELL_1197,EXIT_NOT_CERTIFIED,FINAL_P1_HOLD_EXACT_S&P_BOUNDARY_UNRESOLVED,NO,YES,NO,NO,FINAL_P1_HOLD_EXACT_BOUNDARY_UNRESOLVED,Final P1 research pass completed; exact S&P-effective exit boundary remains unproven without inference. Remains quarantined.,,,,1,120
P0_MANUAL_DEEP_RESEARCH,P0,WNDXQ,"Winn-Dixie Stores, Inc.",SP500_SPELL_1203,EXIT_NOT_CERTIFIED;MANUAL_REQUIRED;ENTRY_NOT_CERTIFIED,MANUAL_REVIEW_AND_PART4_EXIT_CERTIFICATION,YES,YES,YES,NO,UNTOUCHED,,,,,2,95
P1_HIGH_YIELD_EXIT_CERTIFICATION,P1,WOR,"Worthington Enterprises, Inc.",SP500_SPELL_1204,,COMPLETE,NO,False,NO,NO,PROMOTED_PUBLICATION_SAFE,Exact exit boundary certified; first non-member date 2004-12-20.,https://www.thestreet.com/investing/stocks/stocks-in-motion-getty-images-10198318,2004-12-20,,2,
P1_HIGH_YIELD_EXIT_CERTIFICATION,P1,WU,The Western Union Co,SP500_SPELL_1211,EXIT_NOT_CERTIFIED,DONE_EXIT_CERTIFIED,NO,YES,NO,NO,PROMOTED_PUBLICATION_SAFE,Primary S&P DJI evidence certifies S&P 500 deletion; half-open exit boundary 2021-12-20. Promoted to historical publication scope.,https://press.spglobal.com/2021-12-03-Signature-Bank%2C-SolarEdge-Technologies-and-FactSet-Research-Systems-Set-to-Join-S-P-500-Others-to-Join-S-P-MidCap-400-and-S-P-SmallCap-600,2021-12-20,,14,
P0_MANUAL_DEEP_RESEARCH,P0,WWY,Wrigley Co.,SP500_SPELL_1212,EXIT_NOT_CERTIFIED;MANUAL_REQUIRED;ENTRY_NOT_CERTIFIED,MANUAL_REVIEW_AND_PART4_EXIT_CERTIFICATION,YES,YES,YES,NO,UNTOUCHED,,,,,5,42
P0_MANUAL_DEEP_RESEARCH,P0,WYE,Wyeth Corp.,SP500_SPELL_1214,EXIT_NOT_CERTIFIED;MANUAL_REQUIRED;ENTRY_NOT_CERTIFIED,MANUAL_REVIEW_AND_PART4_EXIT_CERTIFICATION,YES,YES,YES,NO,UNTOUCHED,,,,,2,89
P0_MANUAL_DEEP_RESEARCH,P0,X,United States Steel Corporation,SP500_SPELL_1217,EXIT_NOT_CERTIFIED;MANUAL_REQUIRED;ENTRY_NOT_CERTIFIED,MANUAL_REVIEW_AND_PART4_EXIT_CERTIFICATION,YES,YES,YES,NO,UNTOUCHED,,,,,7,12
P1_HIGH_YIELD_EXIT_CERTIFICATION,P1,XL,XL Group Ltd,SP500_SPELL_1220,EXIT_NOT_CERTIFIED,DONE_EXIT_CERTIFIED,NO,YES,NO,NO,PROMOTED_PUBLICATION_SAFE,Primary S&P DJI evidence certifies S&P 500 deletion; half-open exit boundary 2018-09-17. Promoted to historical publication scope.,https://press.spglobal.com/2018-09-11-WellCare-Health-Plans-Set-to-Join-S-P-500-HealthEquity-to-Join-S-P-MidCap-400-Laredo-Petroleum-to-Join-S-P-SmallCap-600,2018-09-17,,5,
P1_HIGH_YIELD_EXIT_CERTIFICATION,P1,XLNX,Xilinx Inc,SP500_SPELL_1221,EXIT_NOT_CERTIFIED,DONE_EXIT_CERTIFIED,NO,YES,NO,NO,PROMOTED_PUBLICATION_SAFE,Primary S&P DJI evidence certifies S&P 500 deletion; half-open exit boundary 2022-02-15. Promoted to historical publication scope.,https://press.spglobal.com/2022-02-10-Nordson-Set-to-Join-S-P-500-PDC-Energy-to-Join-S-P-MidCap-400-XPEL-to-Join-S-P-SmallCap-600,2022-02-15,,7,
P1_HIGH_YIELD_EXIT_CERTIFICATION,P1,XRAY,Dentsply Sirona Inc,SP500_SPELL_1223,EXIT_NOT_CERTIFIED,DONE_EXIT_CERTIFIED,NO,YES,NO,NO,PROMOTED_PUBLICATION_SAFE,Primary S&P DJI evidence certifies S&P 500 deletion; half-open exit boundary 2024-04-03. Promoted to historical publication scope.,https://press.spglobal.com/2024-03-27-GE-Vernova-and-Solventum-Set-to-Join-S-P-500-Dentsply-Sirona-to-Join-S-P-MidCap-400-Others-to-Join-S-P-SmallCap-600,2024-04-03,,16,
P1_HIGH_YIELD_EXIT_CERTIFICATION,P1,XTO,XTO Energy Inc.,SP500_SPELL_1225,,COMPLETE,NO,False,NO,NO,PROMOTED_PUBLICATION_SAFE,Exit boundary certified; half-open first non-member date 2010-06-28.,https://www.prnewswire.com/news-releases/standard--poors-announces-changes-to-us-indices-96926229.html,2010-06-28,,3,
P1_HIGH_YIELD_EXIT_CERTIFICATION,P1,ZION,Zion Bancorp,SP500_SPELL_1233,EXIT_NOT_CERTIFIED,DONE_EXIT_CERTIFIED,NO,YES,NO,NO,PROMOTED_PUBLICATION_SAFE,Primary S&P DJI evidence certifies S&P 500 deletion; half-open exit boundary 2024-03-18. Promoted to historical publication scope.,https://press.spglobal.com/2024-03-01-Super-Micro-Computer-and-Deckers-Outdoor-Set-to-Join-S-P-500-Others-to-Join-S-P-100%2C-S-P-MidCap-400-and-S-P-SmallCap-600,2024-03-18,,21,
P0_MANUAL_DEEP_RESEARCH,P0,PRGO,Perrigo Company plc,SP500_SPELL_1257,SOURCE_UPGRADE_PENDING;MANUAL_REQUIRED,UPGRADE_2021_EXIT_TO_PRIMARY_S&P,NO,NO,YES,YES,UNTOUCHED,,,,,7,8
P0_MANUAL_DEEP_RESEARCH,P0,XRX,Xerox Holdings Corporation,SP500_SPELL_1263,,COMPLETE,NO,False,False,False,PROMOTED_PUBLICATION_SAFE,Successor entry 2019-08-01 retained; S&P DJI directly certifies Xerox Holdings deletion effective prior to the open on 2021-03-22.,https://press.spglobal.com/2021-03-12-NXP-Semiconductors-Penn-National-Gaming-Generac-Holdings-and-Caesars-Entertainment-Set-to-Join-S-P-500-Others-to-Join-S-P-MidCap-400-S-P-SmallCap-600-and-S-P-100,2021-03-22,,2,93
CURRENT_ONLY_HISTORICAL_CERTIFICATION,P1,UTX,RTX Corp,SP500_SPELL_1149,,COMPLETE,False,False,False,False,PROMOTED_PUBLICATION_SAFE,Historical membership proven at 2000-12-31 by SEC-filed S&P 500 index-fund holdings for United Technologies; SEC confirms UTC remained the surviving registrant through the 2020 Raytheon merger/name change.,https://www.sec.gov/Archives/edgar/data/1045688/000102140801500022/dn30d.htm,,https://www.sec.gov/Archives/edgar/data/101829/000010182920000072/utx-20201027.htm,25,1
CURRENT_ONLY_HISTORICAL_CERTIFICATION,P1,ARNC,Howmet Aerospace Inc.,SP500_SPELL_0096,,COMPLETE,False,False,False,False,PROMOTED_PUBLICATION_SAFE,"Historical membership proven at 2000-12-31 as Alcoa; SEC confirms the same registrant became Arconic and then Howmet, with Howmet being the renamed existing company after the 2020 separation.",https://www.sec.gov/Archives/edgar/data/1045688/000102140801500022/dn30d.htm,,https://www.sec.gov/Archives/edgar/data/4281/000000428126000012/hwm-20251231.htm,25,2
CURRENT_ONLY_HISTORICAL_CERTIFICATION,P1,PKI,"Revvity, Inc.",SP500_SPELL_0888,,COMPLETE,False,False,False,False,PROMOTED_PUBLICATION_SAFE,Historical membership proven at 2000-12-31 as PerkinElmer; SEC confirms the registrant changed its name to Revvity in 2023 and remained an S&P 500 component.,https://www.sec.gov/Archives/edgar/data/1045688/000102140801500022/dn30d.htm,,https://www.sec.gov/Archives/edgar/data/31791/000003179124000004/pki-20231231.htm,20,3
CURRENT_ONLY_HISTORICAL_CERTIFICATION,P1,DLPH,Aptiv PLC,SP500_SPELL_0090,,COMPLETE,False,False,False,False,PROMOTED_PUBLICATION_SAFE,Existing DAY-certified S&P entry retained; SEC confirms Delphi Automotive PLC changed its name to Aptiv PLC upon the 2017 spin-off while the same registrant continued.,https://www.sec.gov/Archives/edgar/data/1521332/000119312517363912/d453817d8k.htm,,,14,4
CURRENT_ONLY_HISTORICAL_CERTIFICATION,P1,FB,"Meta Platforms, Inc.",SP500_SPELL_0424,,COMPLETE,False,False,False,False,PROMOTED_PUBLICATION_SAFE,Existing DAY-certified S&P entry retained; SEC confirms Facebook changed corporate name to Meta and later ticker FB to META without a new security identity.,https://www.sec.gov/Archives/edgar/data/1326801/000132680122000070/may312022-exhibit991.htm,,,13,5
CURRENT_ONLY_HISTORICAL_CERTIFICATION,P1,UAL,"United Airlines Holdings, Inc.",SP500_SPELL_1120,,COMPLETE,False,False,False,False,PROMOTED_PUBLICATION_SAFE,Existing DAY-certified S&P entry retained; SEC filing history confirms United Continental Holdings and United Airlines Holdings are the same registrant CIK.,https://www.sec.gov/Archives/edgar/data/100517/000010051726000023/0000100517-26-000023-index-headers.html,,,11,6
CURRENT_ONLY_HISTORICAL_CERTIFICATION,P1,HCA,"HCA Healthcare, Inc.",SP500_SPELL_0537,,COMPLETE,False,False,False,False,PROMOTED_PUBLICATION_SAFE,Existing DAY-certified S&P entry retained; SEC filing history confirms HCA Holdings and HCA Healthcare are the same registrant CIK.,https://www.sec.gov/Archives/edgar/data/860730/000119312526044769/0001193125-26-044769-index-headers.html,,,11,7
CURRENT_ONLY_HISTORICAL_CERTIFICATION,P1,RE,"Everest Group, Ltd.",SP500_SPELL_0942,,COMPLETE,False,False,False,False,PROMOTED_PUBLICATION_SAFE,Existing DAY-certified S&P entry retained; SEC confirms Everest Re Group changed its name and ticker to Everest Group / EG in 2023.,https://www.sec.gov/Archives/edgar/data/1095073/000109507325000015/eg-20241231.htm,,,9,8
CURRENT_ONLY_HISTORICAL_CERTIFICATION,P1,Q,IQVIA Holdings Inc.,SP500_SPELL_0600,,COMPLETE,False,False,False,False,PROMOTED_PUBLICATION_SAFE,Existing DAY-certified S&P entry retained; SEC filing history confirms Quintiles IMS Holdings and IQVIA Holdings are the same registrant CIK.,https://www.sec.gov/Archives/edgar/data/1478242/000162828026008322/0001628280-26-008322-index-headers.html,,,9,9
CURRENT_ONLY_HISTORICAL_CERTIFICATION,P1,FLT,"Corpay, Inc.",SP500_SPELL_0455,,COMPLETE,False,False,False,False,PROMOTED_PUBLICATION_SAFE,Existing DAY-certified S&P entry retained; SEC confirms FLEETCOR survived its merger sub transaction and changed its name/ticker to Corpay / CPAY.,https://www.sec.gov/Archives/edgar/data/1175454/000162828024010593/exhibit31certificateofowne.htm,,https://www.sec.gov/Archives/edgar/data/1175454/000162828025008746/flt-20241231.htm,8,11
CURRENT_ONLY_HISTORICAL_CERTIFICATION,P0,DWDP,DowDuPont Inc.,SP500_SPELL_0365,SUCCESSOR_OR_INDEX_CONTINUITY_REQUIRES_MANUAL_REVIEW,HOLD_MANUAL_SUCCESSOR_OR_INDEX_CONTINUITY,True,False,True,False,HOLD_MANUAL_CURRENT_ONLY_HISTORY,"Current membership is certified, but historical membership cannot be extended without resolving successor/legal-entity or index-continuity mechanics.",,,,9,10
CURRENT_ONLY_HISTORICAL_CERTIFICATION,P0,LIN,Linde plc,SP500_SPELL_0671,SUCCESSOR_OR_INDEX_CONTINUITY_REQUIRES_MANUAL_REVIEW,HOLD_MANUAL_SUCCESSOR_OR_INDEX_CONTINUITY,True,False,True,False,HOLD_MANUAL_CURRENT_ONLY_HISTORY,"Current membership is certified, but historical membership cannot be extended without resolving successor/legal-entity or index-continuity mechanics.",,,,8,12
CURRENT_ONLY_HISTORICAL_CERTIFICATION,P0,AMCR,Bemis / Amcor merger transition,SP500_SPELL_0058,SUCCESSOR_OR_INDEX_CONTINUITY_REQUIRES_MANUAL_REVIEW,HOLD_MANUAL_SUCCESSOR_OR_INDEX_CONTINUITY,True,False,True,False,HOLD_MANUAL_CURRENT_ONLY_HISTORY,"Current membership is certified, but historical membership cannot be extended without resolving successor/legal-entity or index-continuity mechanics.",,,,7,13
CURRENT_ONLY_HISTORICAL_CERTIFICATION,P0,VTRS,Viatris,SP500_SPELL_1173,SUCCESSOR_OR_INDEX_CONTINUITY_REQUIRES_MANUAL_REVIEW,HOLD_MANUAL_SUCCESSOR_OR_INDEX_CONTINUITY,True,False,True,False,HOLD_MANUAL_CURRENT_ONLY_HISTORY,"Current membership is certified, but historical membership cannot be extended without resolving successor/legal-entity or index-continuity mechanics.",,,,6,14
CURRENT_ONLY_HISTORICAL_CERTIFICATION,P0,TT,Trane Technologies,SP500_SPELL_1106,SUCCESSOR_OR_INDEX_CONTINUITY_REQUIRES_MANUAL_REVIEW,HOLD_MANUAL_SUCCESSOR_OR_INDEX_CONTINUITY,True,False,True,False,HOLD_MANUAL_CURRENT_ONLY_HISTORY,"Current membership is certified, but historical membership cannot be extended without resolving successor/legal-entity or index-continuity mechanics.",,,,6,15
CURRENT_ONLY_HISTORICAL_CERTIFICATION,P0,BG,Bunge Global,SP500_SPELL_0141,SUCCESSOR_OR_INDEX_CONTINUITY_REQUIRES_MANUAL_REVIEW,HOLD_MANUAL_SUCCESSOR_OR_INDEX_CONTINUITY,True,False,True,False,HOLD_MANUAL_CURRENT_ONLY_HISTORY,"Current membership is certified, but historical membership cannot be extended without resolving successor/legal-entity or index-continuity mechanics.",,,,3,16
CURRENT_ONLY_HISTORICAL_CERTIFICATION,P0,SW,Smurfit WestRock,SP500_SPELL_1042,SUCCESSOR_OR_INDEX_CONTINUITY_REQUIRES_MANUAL_REVIEW,HOLD_MANUAL_SUCCESSOR_OR_INDEX_CONTINUITY,True,False,True,False,HOLD_MANUAL_CURRENT_ONLY_HISTORY,"Current membership is certified, but historical membership cannot be extended without resolving successor/legal-entity or index-continuity mechanics.",,,,2,17
CURRENT_ONLY_HISTORICAL_CERTIFICATION,P0,PSKY,Paramount Skydance Corp,SP500_SPELL_0910,SUCCESSOR_OR_INDEX_CONTINUITY_REQUIRES_MANUAL_REVIEW,HOLD_MANUAL_SUCCESSOR_OR_INDEX_CONTINUITY,True,False,True,False,HOLD_MANUAL_CURRENT_ONLY_HISTORY,"Current membership is certified, but historical membership cannot be extended without resolving successor/legal-entity or index-continuity mechanics.",,,,1,18
CURRENT_ONLY_HISTORICAL_CERTIFICATION,P0,FISV,Fiserv,SP500_SPELL_0444,SUCCESSOR_OR_INDEX_CONTINUITY_REQUIRES_MANUAL_REVIEW,HOLD_MANUAL_SUCCESSOR_OR_INDEX_CONTINUITY,True,False,True,False,HOLD_MANUAL_CURRENT_ONLY_HISTORY,"Current membership is certified, but historical membership cannot be extended without resolving successor/legal-entity or index-continuity mechanics.",,,,1,19
FINANCIAL_NO_MEMBERSHIP_MATCH_REPAIR,P1,RMD,ResMed Inc.,SP500_SPELL_0953,,COMPLETE,False,False,False,,PROMOTED_PUBLICATION_SAFE,Direct S&P DJI addition effective 2017-07-26; current membership source already present in the certified master.,https://press.spglobal.com/2017-07-19-MGM-Resorts-ResMed-Packaging-Corporation-of-America-A-O-Smith-and-Duke-Realty-Set-to-Join-S-P-500-Others-to-Join-S-P-MidCap-400,,,8,
FINANCIAL_NO_MEMBERSHIP_MATCH_REPAIR,P0,CPWR,Compuware Corporation,SP500_SPELL_1259,TIER_C_OR_RECOVERED_MEMBERSHIP_NOT_SAFE_TO_AUTO_MERGE,HOLD_UNTIL_PRIMARY_BOUNDARIES_CERTIFIED,True,,True,,HOLD_TIER_C_OR_RECOVERED_NOT_PRIMARY_CERTIFIED,Known Tier-C/recovered case. Not promoted: missing is preferable to an unsupported membership mapping.,,,,2,
FINANCIAL_NO_MEMBERSHIP_MATCH_REPAIR,P0,EP,El Paso Corporation,SP500_SPELL_1260,TIER_C_OR_RECOVERED_MEMBERSHIP_NOT_SAFE_TO_AUTO_MERGE,HOLD_UNTIL_PRIMARY_BOUNDARIES_CERTIFIED,True,,True,,HOLD_TIER_C_OR_RECOVERED_NOT_PRIMARY_CERTIFIED,Known Tier-C/recovered case. Not promoted: missing is preferable to an unsupported membership mapping.,,,,2,
FINANCIAL_NO_MEMBERSHIP_MATCH_REPAIR,P0,HCBK,"Hudson City Bancorp, Inc.",SP500_SPELL_1235,NO_CANONICAL_MEMBERSHIP_MATCH_AND_EVIDENCE_NOT_STRONG_ENOUGH_FOR_AUTOMATIC_REPAIR,HOLD_MANUAL_OR_NEW_PRIMARY_EVIDENCE,True,,True,,HOLD_NO_MATCH_NOT_SUFFICIENTLY_CERTIFIED,Reviewed in Step 4. Not promoted because exact historical membership/mapping is not sufficiently supported without inference.,,,,1,
FINANCIAL_NO_MEMBERSHIP_MATCH_REPAIR,P0,NBL,"Noble Energy, Inc.",SP500_SPELL_1236,NO_CANONICAL_MEMBERSHIP_MATCH_AND_EVIDENCE_NOT_STRONG_ENOUGH_FOR_AUTOMATIC_REPAIR,HOLD_MANUAL_OR_NEW_PRIMARY_EVIDENCE,True,,True,,HOLD_NO_MATCH_NOT_SUFFICIENTLY_CERTIFIED,Reviewed in Step 4. Not promoted because exact historical membership/mapping is not sufficiently supported without inference.,,,,1,
FINANCIAL_NO_MEMBERSHIP_MATCH_REPAIR,P0,VAR,"Varian Medical Systems, Inc.",SP500_SPELL_1237,NO_CANONICAL_MEMBERSHIP_MATCH_AND_EVIDENCE_NOT_STRONG_ENOUGH_FOR_AUTOMATIC_REPAIR,HOLD_MANUAL_OR_NEW_PRIMARY_EVIDENCE,True,,True,,HOLD_NO_MATCH_NOT_SUFFICIENTLY_CERTIFIED,Reviewed in Step 4. Not promoted because exact historical membership/mapping is not sufficiently supported without inference.,,,,1,
FINANCIAL_NO_MEMBERSHIP_MATCH_REPAIR,P0,BTUUQ,Peabody Energy Corporation,SP500_SPELL_1238,NO_CANONICAL_MEMBERSHIP_MATCH_AND_EVIDENCE_NOT_STRONG_ENOUGH_FOR_AUTOMATIC_REPAIR,HOLD_MANUAL_OR_NEW_PRIMARY_EVIDENCE,True,,True,,HOLD_NO_MATCH_NOT_SUFFICIENTLY_CERTIFIED,Reviewed in Step 4. Not promoted because exact historical membership/mapping is not sufficiently supported without inference.,,,,1,
FINANCIAL_NO_MEMBERSHIP_MATCH_REPAIR,P1,CELG,Celgene Corporation,SP500_SPELL_1239,,COMPLETE,False,False,False,,PROMOTED_PUBLICATION_SAFE,Master carries Standard & Poor's addition evidence and direct S&P DJI deletion effective 2019-11-21.,https://press.spglobal.com/2019-11-19-Thermo-Fisher-Scientific-Set-to-Join-S-P-100-ServiceNow-to-Join-S-P-500,,,2,
FINANCIAL_NO_MEMBERSHIP_MATCH_REPAIR,P0,NYX,"NYSE Euronext, Inc.",SP500_SPELL_1240,NO_CANONICAL_MEMBERSHIP_MATCH_AND_EVIDENCE_NOT_STRONG_ENOUGH_FOR_AUTOMATIC_REPAIR,HOLD_MANUAL_OR_NEW_PRIMARY_EVIDENCE,True,,True,,HOLD_NO_MATCH_NOT_SUFFICIENTLY_CERTIFIED,Reviewed in Step 4. Not promoted because exact historical membership/mapping is not sufficiently supported without inference.,,,,1,
FINANCIAL_NO_MEMBERSHIP_MATCH_REPAIR,P1,PCP,Precision Castparts Corp.,SP500_SPELL_1241,,COMPLETE,False,False,False,,PROMOTED_PUBLICATION_SAFE,Contemporaneous Standard & Poor's-attributed report: added after 2007-05-31 close (first member day 2007-06-01); direct S&P exit evidence already carried in master.,https://www.rttnews.com/313479/apple-to-replace-medimmune-in-s-p-100-quick-facts.aspx,,,1,
FINANCIAL_NO_MEMBERSHIP_MATCH_REPAIR,P0,GPC,Genuine Parts Company,SP500_SPELL_1242,NO_CANONICAL_MEMBERSHIP_MATCH_AND_EVIDENCE_NOT_STRONG_ENOUGH_FOR_AUTOMATIC_REPAIR,HOLD_MANUAL_OR_NEW_PRIMARY_EVIDENCE,True,,True,,HOLD_NO_MATCH_NOT_SUFFICIENTLY_CERTIFIED,Reviewed in Step 4. Not promoted because exact historical membership/mapping is not sufficiently supported without inference.,,,,1,
FINANCIAL_NO_MEMBERSHIP_MATCH_REPAIR,P0,ADSK,"Autodesk, Inc.",SP500_SPELL_1243,TIER_C_OR_RECOVERED_MEMBERSHIP_NOT_SAFE_TO_AUTO_MERGE,HOLD_UNTIL_PRIMARY_BOUNDARIES_CERTIFIED,True,,True,,HOLD_TIER_C_OR_RECOVERED_NOT_PRIMARY_CERTIFIED,Known Tier-C/recovered case. Not promoted: missing is preferable to an unsupported membership mapping.,,,,1,
FINANCIAL_NO_MEMBERSHIP_MATCH_REPAIR,P0,CCE,Coca-Cola Enterprises Inc.,SP500_SPELL_1261,TIER_C_OR_RECOVERED_MEMBERSHIP_NOT_SAFE_TO_AUTO_MERGE,HOLD_UNTIL_PRIMARY_BOUNDARIES_CERTIFIED,True,,True,,HOLD_TIER_C_OR_RECOVERED_NOT_PRIMARY_CERTIFIED,Known Tier-C/recovered case. Not promoted: missing is preferable to an unsupported membership mapping.,,,,1,
FINANCIAL_NO_MEMBERSHIP_MATCH_REPAIR,P0,CEPH,"Cephalon, Inc.",SP500_SPELL_1262,TIER_C_OR_RECOVERED_MEMBERSHIP_NOT_SAFE_TO_AUTO_MERGE,HOLD_UNTIL_PRIMARY_BOUNDARIES_CERTIFIED,True,,True,,HOLD_TIER_C_OR_RECOVERED_NOT_PRIMARY_CERTIFIED,Known Tier-C/recovered case. Not promoted: missing is preferable to an unsupported membership mapping.,,,,1,
FINANCIAL_NO_MEMBERSHIP_MATCH_REPAIR,P0,COG,Cabot Oil & Gas Corporation,SP500_SPELL_1244,NO_CANONICAL_MEMBERSHIP_MATCH_AND_EVIDENCE_NOT_STRONG_ENOUGH_FOR_AUTOMATIC_REPAIR,HOLD_MANUAL_OR_NEW_PRIMARY_EVIDENCE,True,,True,,HOLD_NO_MATCH_NOT_SUFFICIENTLY_CERTIFIED,Reviewed in Step 4. Not promoted because exact historical membership/mapping is not sufficiently supported without inference.,,,,1,
FINANCIAL_NO_MEMBERSHIP_MATCH_REPAIR,P1,LO,"Lorillard, Inc.",SP500_SPELL_1245,,COMPLETE,False,False,False,,PROMOTED_PUBLICATION_SAFE,Standard & Poor's announcement: Lorillard added after 2008-06-10 close; direct S&P exit source already carried in master.,https://br.advfn.com/noticias/PRNUS/2008/artigo/26671274,,,1,
FINANCIAL_NO_MEMBERSHIP_MATCH_REPAIR,P0,MFE,"McAfee, Inc.",SP500_SPELL_1246,TIER_C_OR_RECOVERED_MEMBERSHIP_NOT_SAFE_TO_AUTO_MERGE,HOLD_UNTIL_PRIMARY_BOUNDARIES_CERTIFIED,True,,True,,HOLD_TIER_C_OR_RECOVERED_NOT_PRIMARY_CERTIFIED,Known Tier-C/recovered case. Not promoted: missing is preferable to an unsupported membership mapping.,,,,1,
FINANCIAL_NO_MEMBERSHIP_MATCH_REPAIR,P1,PBCT,"People's United Financial, Inc.",SP500_SPELL_1247,,COMPLETE,False,False,False,,PROMOTED_PUBLICATION_SAFE,Reuters quotes Standard & Poor's: added after 2008-11-12 close; direct S&P DJI deletion effective 2022-04-04.,https://www.reuters.com/article/markets/stocks/peoples-united-to-replace-unisys-on-sp-500-index-idUSTRE4A9510/,,,1,
FINANCIAL_NO_MEMBERSHIP_MATCH_REPAIR,P0,PXD,Pioneer Natural Resources Company,SP500_SPELL_1248,NO_CANONICAL_MEMBERSHIP_MATCH_AND_EVIDENCE_NOT_STRONG_ENOUGH_FOR_AUTOMATIC_REPAIR,HOLD_MANUAL_OR_NEW_PRIMARY_EVIDENCE,True,,True,,HOLD_NO_MATCH_NOT_SUFFICIENTLY_CERTIFIED,Reviewed in Step 4. Not promoted because exact historical membership/mapping is not sufficiently supported without inference.,,,,1,
FINANCIAL_NO_MEMBERSHIP_MATCH_REPAIR,P0,SRCL,"Stericycle, Inc.",SP500_SPELL_1249,NO_CANONICAL_MEMBERSHIP_MATCH_AND_EVIDENCE_NOT_STRONG_ENOUGH_FOR_AUTOMATIC_REPAIR,HOLD_MANUAL_OR_NEW_PRIMARY_EVIDENCE,True,,True,,HOLD_NO_MATCH_NOT_SUFFICIENTLY_CERTIFIED,Reviewed in Step 4. Not promoted because exact historical membership/mapping is not sufficiently supported without inference.,,,,1,
FINANCIAL_NO_MEMBERSHIP_MATCH_REPAIR,P1,SWN,Southwestern Energy Company,SP500_SPELL_1250,,COMPLETE,False,False,False,,PROMOTED_PUBLICATION_SAFE,SEC 2008 Form 10-K explicitly states the stock was added to the S&P 500 in June 2008; sufficient membership-at-date evidence for the 2008-12-31 financial observation.,https://www.sec.gov/Archives/edgar/data/7332/000000733209000004/swn123108form10k.htm,,,1,
FINANCIAL_NO_MEMBERSHIP_MATCH_REPAIR,P0,WIN,Windstream Corporation,SP500_SPELL_1251,NO_CANONICAL_MEMBERSHIP_MATCH_AND_EVIDENCE_NOT_STRONG_ENOUGH_FOR_AUTOMATIC_REPAIR,HOLD_MANUAL_OR_NEW_PRIMARY_EVIDENCE,True,,True,,HOLD_NO_MATCH_NOT_SUFFICIENTLY_CERTIFIED,Reviewed in Step 4. Not promoted because exact historical membership/mapping is not sufficiently supported without inference.,,,,1,
FINANCIAL_HOLD_REVIEW,P0,AW,Allied Waste Industries Inc.,SP500_SPELL_0113,HOLD_PRIMARY_RESEARCH_REQUIRED,HOLD_PRIMARY_RESEARCH_OR_MANUAL_COMPARABILITY,,,True,,HOLD_FINANCIAL_NOT_SAFE_TO_AUTO_PROMOTE,SP500_GREEN_005526: Step 5 review did not establish a complete publication-grade value set without inference. Missing/exclusion retained.,,,,1,
FINANCIAL_HOLD_REVIEW,P0,NCC,National City Corp.,SP500_SPELL_0786,HOLD_FULL_VALUE_SWEEP_PRIMARY_RESEARCH,HOLD_PRIMARY_RESEARCH_OR_MANUAL_COMPARABILITY,,,True,,HOLD_FINANCIAL_NOT_SAFE_TO_AUTO_PROMOTE,SP500_GREEN_005044: Step 5 review did not establish a complete publication-grade value set without inference. Missing/exclusion retained.,,,,1,
FINANCIAL_HOLD_REVIEW,P0,TGNA,TEGNA Inc,SP500_SPELL_1071,HOLD_FULL_VALUE_SWEEP_PRIMARY_RESEARCH,HOLD_PRIMARY_RESEARCH_OR_MANUAL_COMPARABILITY,,,True,,HOLD_FINANCIAL_NOT_SAFE_TO_AUTO_PROMOTE,SP500_GREEN_004916: Step 5 review did not establish a complete publication-grade value set without inference. Missing/exclusion retained.,,,,1,
FINANCIAL_HOLD_REVIEW,P0,SNV,Synovus Financial Corp.,SP500_SPELL_1016,HOLD_FULL_VALUE_SWEEP_PRIMARY_RESEARCH,HOLD_PRIMARY_RESEARCH_OR_MANUAL_COMPARABILITY,,,True,,HOLD_FINANCIAL_NOT_SAFE_TO_AUTO_PROMOTE,SP500_GREEN_004807: Step 5 review did not establish a complete publication-grade value set without inference. Missing/exclusion retained.,,,,1,
FINANCIAL_HOLD_REVIEW,P0,TSG,Sabre Holdings Corp,SP500_SPELL_1101,HOLD_PRIMARY_RESEARCH_REQUIRED,HOLD_PRIMARY_RESEARCH_OR_MANUAL_COMPARABILITY,,,True,,HOLD_FINANCIAL_NOT_SAFE_TO_AUTO_PROMOTE,SP500_GREEN_005783: Step 5 review did not establish a complete publication-grade value set without inference. Missing/exclusion retained.,,,,1,
FINANCIAL_HOLD_REVIEW,P0,BMS,Bemis Company Inc,SP500_SPELL_0162,HOLD_FULL_VALUE_SWEEP_PRIMARY_RESEARCH,HOLD_PRIMARY_RESEARCH_OR_MANUAL_COMPARABILITY,,,True,,HOLD_FINANCIAL_NOT_SAFE_TO_AUTO_PROMOTE,SP500_GREEN_004779: Step 5 review did not establish a complete publication-grade value set without inference. Missing/exclusion retained.,,,,1,
FINANCIAL_HOLD_REVIEW,P0,CIN,Cinergy Corp.,SP500_SPELL_0242,HOLD_PRIMARY_RESEARCH_REQUIRED,HOLD_PRIMARY_RESEARCH_OR_MANUAL_COMPARABILITY,,,True,,HOLD_FINANCIAL_NOT_SAFE_TO_AUTO_PROMOTE,SP500_GREEN_005667: Step 5 review did not establish a complete publication-grade value set without inference. Missing/exclusion retained.,,,,1,
FINANCIAL_HOLD_REVIEW,P1,HET,"Harrah's Entertainment, Inc.",SP500_SPELL_0544,,COMPLETE,,,False,,PROMOTED_FINANCIAL_PUBLICATION,"SP500_GREEN_005542: Audited SEC 10-K selected financial data gives 2002 revenues $3,607.0m, net income $235.0m, total assets $6,350.0m.",https://www.sec.gov/Archives/edgar/data/858339/000119312507044315/d10k.htm,,,1,
FINANCIAL_HOLD_REVIEW,P0,JNS,Janus Capital Group,SP500_SPELL_0622,HOLD_FULL_VALUE_SWEEP_PRIMARY_RESEARCH,HOLD_PRIMARY_RESEARCH_OR_MANUAL_COMPARABILITY,,,True,,HOLD_FINANCIAL_NOT_SAFE_TO_AUTO_PROMOTE,SP500_GREEN_005870: Step 5 review did not establish a complete publication-grade value set without inference. Missing/exclusion retained.,,,,1,
FINANCIAL_HOLD_REVIEW,P0,TSG,Sabre Holdings Corp,SP500_SPELL_1101,HOLD_PRIMARY_RESEARCH_REQUIRED,HOLD_PRIMARY_RESEARCH_OR_MANUAL_COMPARABILITY,,,True,,HOLD_FINANCIAL_NOT_SAFE_TO_AUTO_PROMOTE,SP500_GREEN_005784: Step 5 review did not establish a complete publication-grade value set without inference. Missing/exclusion retained.,,,,1,
FINANCIAL_HOLD_REVIEW,P0,CTX,Centex Corp.,SP500_SPELL_0305,HOLD_FULL_VALUE_SWEEP_PRIMARY_RESEARCH,HOLD_PRIMARY_RESEARCH_OR_MANUAL_COMPARABILITY,,,True,,HOLD_FINANCIAL_NOT_SAFE_TO_AUTO_PROMOTE,SP500_GREEN_004814: Step 5 review did not establish a complete publication-grade value set without inference. Missing/exclusion retained.,,,,1,
FINANCIAL_HOLD_REVIEW,P0,TSG,Sabre Holdings Corp,SP500_SPELL_1101,HOLD_PRIMARY_RESEARCH_REQUIRED,HOLD_PRIMARY_RESEARCH_OR_MANUAL_COMPARABILITY,,,True,,HOLD_FINANCIAL_NOT_SAFE_TO_AUTO_PROMOTE,SP500_GREEN_005785: Step 5 review did not establish a complete publication-grade value set without inference. Missing/exclusion retained.,,,,1,
FINANCIAL_HOLD_REVIEW,P1,TSG,Sabre Holdings Corp,SP500_SPELL_1101,,COMPLETE,,,False,,PROMOTED_FINANCIAL_PUBLICATION,"SP500_GREEN_005786: Audited SEC 10-K gives 2004 consolidated revenue $2,130.971m, net income $190.419m, total assets about $3,018.0m.",https://www.sec.gov/Archives/edgar/data/1020265/000110465907013510/a07-4902_110k.htm,,,1,
FINANCIAL_HOLD_REVIEW,P0,ABI,Applied Biosystems Inc.,SP500_SPELL_0010,HOLD_FULL_VALUE_SWEEP_PRIMARY_RESEARCH,HOLD_PRIMARY_RESEARCH_OR_MANUAL_COMPARABILITY,,,True,,HOLD_FINANCIAL_NOT_SAFE_TO_AUTO_PROMOTE,SP500_GREEN_005093: Step 5 review did not establish a complete publication-grade value set without inference. Missing/exclusion retained.,,,,1,
FINANCIAL_HOLD_REVIEW,P1,AYE,Allegheny Energy Inc.,SP500_SPELL_0118,,COMPLETE,,,False,,PROMOTED_FINANCIAL_PUBLICATION,"SP500_GREEN_004719: Audited SEC 10-K selected financial data gives 2005 operating revenues $3,037.9m, net income attributable $63.1m, total assets $8,558.8m.",https://www.sec.gov/Archives/edgar/data/3673/000119312510044488/d10k.htm,,,1,
FINANCIAL_HOLD_REVIEW,P0,MHS,Medco Health Solution Inc,SP500_SPELL_0728,HOLD_FULL_VALUE_SWEEP_PRIMARY_RESEARCH,HOLD_PRIMARY_RESEARCH_OR_MANUAL_COMPARABILITY,,,True,,HOLD_FINANCIAL_NOT_SAFE_TO_AUTO_PROMOTE,SP500_GREEN_005986: Step 5 review did not establish a complete publication-grade value set without inference. Missing/exclusion retained.,,,,1,
FINANCIAL_HOLD_REVIEW,P1,AYE,Allegheny Energy Inc.,SP500_SPELL_0118,,COMPLETE,,,False,,PROMOTED_FINANCIAL_PUBLICATION,"SP500_GREEN_004720: Audited SEC 10-K selected financial data gives 2006 operating revenues $3,121.5m, net income attributable $319.3m, total assets $8,552.4m.",https://www.sec.gov/Archives/edgar/data/3673/000119312510044488/d10k.htm,,,1,
FINANCIAL_HOLD_REVIEW,P0,BMS,Bemis Company Inc,SP500_SPELL_0162,HOLD_FULL_VALUE_SWEEP_PRIMARY_RESEARCH,HOLD_PRIMARY_RESEARCH_OR_MANUAL_COMPARABILITY,,,True,,HOLD_FINANCIAL_NOT_SAFE_TO_AUTO_PROMOTE,SP500_GREEN_004783: Step 5 review did not establish a complete publication-grade value set without inference. Missing/exclusion retained.,,,,1,
FINANCIAL_HOLD_REVIEW,P0,PMCS,"PMC-Sierra, Inc.",SP500_SPELL_0893,HOLD_FULL_VALUE_SWEEP_PRIMARY_RESEARCH,HOLD_PRIMARY_RESEARCH_OR_MANUAL_COMPARABILITY,,,True,,HOLD_FINANCIAL_NOT_SAFE_TO_AUTO_PROMOTE,SP500_GREEN_005401: Step 5 review did not establish a complete publication-grade value set without inference. Missing/exclusion retained.,,,,1,
FINANCIAL_HOLD_REVIEW,P0,SPG,Simon Property Group,SP500_SPELL_1022,HOLD_FULL_VALUE_SWEEP_PRIMARY_RESEARCH,HOLD_PRIMARY_RESEARCH_OR_MANUAL_COMPARABILITY,,,True,,HOLD_FINANCIAL_NOT_SAFE_TO_AUTO_PROMOTE,SP500_GREEN_005864: Step 5 review did not establish a complete publication-grade value set without inference. Missing/exclusion retained.,,,,1,
FINANCIAL_HOLD_REVIEW,P0,JEF,Jefferies Financial Group Inc,SP500_SPELL_0616,HOLD_FULL_VALUE_SWEEP_PRIMARY_RESEARCH,HOLD_PRIMARY_RESEARCH_OR_MANUAL_COMPARABILITY,,,True,,HOLD_FINANCIAL_NOT_SAFE_TO_AUTO_PROMOTE,SP500_GREEN_002261: Step 5 review did not establish a complete publication-grade value set without inference. Missing/exclusion retained.,,,,1,
FINANCIAL_HOLD_REVIEW,P0,FTI,TechnipFMC plc,SP500_SPELL_0475,HOLD_PREDECESSOR_COMPARABILITY_REVIEW,HOLD_PRIMARY_RESEARCH_OR_MANUAL_COMPARABILITY,,,True,,HOLD_FINANCIAL_NOT_SAFE_TO_AUTO_PROMOTE,SP500_GREEN_001723: Step 5 review did not establish a complete publication-grade value set without inference. Missing/exclusion retained.,,,,1,
FINANCIAL_VALUE_VALIDITY_REMEDIATION,P0,CTL,"CenturyLink, Inc.",SP500_SPELL_0301,PRE2009_UNITS_OR_LINE_ITEM_ANOMALY,ACCEPTED_MISSING_UNTIL_PRIMARY_REVERIFICATION,,,False,,BLANKED_CONSERVATIVELY,SP500_GREEN_004819: net_income_usd blanked conservatively (NET_INCOME_GT_100B;CROSSYEAR_GT50X:263.6).,,,,0,
FINANCIAL_VALUE_VALIDITY_REMEDIATION,P0,FITB,Fifth Third Bancorp,SP500_SPELL_0445,PRE2009_UNITS_OR_LINE_ITEM_ANOMALY,ACCEPTED_MISSING_UNTIL_PRIMARY_REVERIFICATION,,,False,,BLANKED_CONSERVATIVELY,SP500_GREEN_004896: net_income_usd blanked conservatively (NET_INCOME_GT_100B;CROSSYEAR_GT50X:470.0).,,,,0,
FINANCIAL_VALUE_VALIDITY_REMEDIATION,P0,GDW,Golden West Financial,SP500_SPELL_0488,PRE2009_UNITS_OR_LINE_ITEM_ANOMALY,ACCEPTED_MISSING_UNTIL_PRIMARY_REVERIFICATION,,,False,,BLANKED_CONSERVATIVELY,SP500_GREEN_004931: net_income_usd blanked conservatively (NET_INCOME_GT_100B).,,,,0,
FINANCIAL_VALUE_VALIDITY_REMEDIATION,P0,HBAN,Huntington Bancshares,SP500_SPELL_0533,PRE2009_UNITS_OR_LINE_ITEM_ANOMALY,ACCEPTED_MISSING_UNTIL_PRIMARY_REVERIFICATION,,,False,,BLANKED_CONSERVATIVELY,SP500_GREEN_004955: net_income_usd blanked conservatively (NET_INCOME_GT_100B;CROSSYEAR_GT50X:328.0).,,,,0,
FINANCIAL_VALUE_VALIDITY_REMEDIATION,P0,MBI,MBIA Inc.,SP500_SPELL_0706,PRE2009_UNITS_OR_LINE_ITEM_ANOMALY,ACCEPTED_MISSING_UNTIL_PRIMARY_REVERIFICATION,,,False,,BLANKED_CONSERVATIVELY,SP500_GREEN_005482: net_income_usd blanked conservatively (NET_INCOME_GT_100B;CROSSYEAR_GT50X:197.8).,,,,0,
FINANCIAL_VALUE_VALIDITY_REMEDIATION,P0,MIL,Millipore Corp,SP500_SPELL_0731,PRE2009_UNITS_OR_LINE_ITEM_ANOMALY,ACCEPTED_MISSING_UNTIL_PRIMARY_REVERIFICATION,,,False,,BLANKED_CONSERVATIVELY,SP500_GREEN_005031: net_income_usd blanked conservatively (NET_INCOME_GT_100B).,,,,0,
FINANCIAL_VALUE_VALIDITY_REMEDIATION,P0,MTG,MGIC Investment Corporation,SP500_SPELL_0766,PRE2009_UNITS_OR_LINE_ITEM_ANOMALY,ACCEPTED_MISSING_UNTIL_PRIMARY_REVERIFICATION,,,False,,BLANKED_CONSERVATIVELY,SP500_GREEN_005601: net_income_usd blanked conservatively (NET_INCOME_GT_100B).,,,,0,
FINANCIAL_VALUE_VALIDITY_REMEDIATION,P0,NTAP,NetApp,SP500_SPELL_0816,PRE2009_UNITS_OR_LINE_ITEM_ANOMALY,ACCEPTED_MISSING_UNTIL_PRIMARY_REVERIFICATION,,,False,,BLANKED_CONSERVATIVELY,SP500_GREEN_005744: net_income_usd blanked conservatively (CROSSYEAR_GT50X:112.6).,,,,0,
FINANCIAL_VALUE_VALIDITY_REMEDIATION,P0,PLL,Pall Corp.,SP500_SPELL_0890,PRE2009_UNITS_OR_LINE_ITEM_ANOMALY,ACCEPTED_MISSING_UNTIL_PRIMARY_REVERIFICATION,,,False,,BLANKED_CONSERVATIVELY,SP500_GREEN_005077: net_income_usd blanked conservatively (NET_INCOME_GT_100B).,,,,0,
FINANCIAL_VALUE_VALIDITY_REMEDIATION,P0,TMK,GLOBE LIFE INC.,SP500_SPELL_1084,PRE2009_UNITS_OR_LINE_ITEM_ANOMALY,ACCEPTED_MISSING_UNTIL_PRIMARY_REVERIFICATION,,,False,,BLANKED_CONSERVATIVELY,SP500_GREEN_005272: net_income_usd blanked conservatively (NET_INCOME_GT_100B;CROSSYEAR_GT50X:658.5).,,,,0,
FINANCIAL_VALUE_VALIDITY_REMEDIATION,P0,HET,"Harrah's Entertainment, Inc.",SP500_SPELL_0544,PRE2009_UNITS_OR_LINE_ITEM_ANOMALY,ACCEPTED_MISSING_UNTIL_PRIMARY_REVERIFICATION,,,False,,BLANKED_CONSERVATIVELY,SP500_GREEN_005541: net_income_usd blanked conservatively (NET_INCOME_GT_100B;CROSSYEAR_GT50X:889.2).,,,,0,
FINANCIAL_VALUE_VALIDITY_REMEDIATION,P0,RRD,RR Donnelley & Sons Co,SP500_SPELL_0962,PRE2009_UNITS_OR_LINE_ITEM_ANOMALY,ACCEPTED_MISSING_UNTIL_PRIMARY_REVERIFICATION,,,False,,BLANKED_CONSERVATIVELY,SP500_GREEN_004863: net_income_usd blanked conservatively (CROSSYEAR_GT50X:131.6).,,,,0,
FINANCIAL_VALUE_VALIDITY_REMEDIATION,P0,HMA,Health Management Associates Inc,SP500_SPELL_0553,PRE2009_UNITS_OR_LINE_ITEM_ANOMALY,ACCEPTED_MISSING_UNTIL_PRIMARY_REVERIFICATION,,,False,,BLANKED_CONSERVATIVELY,SP500_GREEN_005433: net_income_usd blanked conservatively (NET_INCOME_GT_100B).,,,,0,
FINANCIAL_VALUE_VALIDITY_REMEDIATION,P0,JBL,Jabil,SP500_SPELL_0611,PRE2009_UNITS_OR_LINE_ITEM_ANOMALY,ACCEPTED_MISSING_UNTIL_PRIMARY_REVERIFICATION,,,False,,BLANKED_CONSERVATIVELY,SP500_GREEN_005662: net_income_usd blanked conservatively (CROSSYEAR_LT0.02X:0.0105).,,,,0,
FINANCIAL_VALUE_VALIDITY_REMEDIATION,P0,NTAP,NetApp,SP500_SPELL_0816,PRE2009_UNITS_OR_LINE_ITEM_ANOMALY,ACCEPTED_MISSING_UNTIL_PRIMARY_REVERIFICATION,,,False,,BLANKED_CONSERVATIVELY,SP500_GREEN_005746: net_income_usd blanked conservatively (CROSSYEAR_LT0.02X:0.0046).,,,,0,
FINANCIAL_VALUE_VALIDITY_REMEDIATION,P0,RHI,Robert Half,SP500_SPELL_0946,PRE2009_UNITS_OR_LINE_ITEM_ANOMALY,ACCEPTED_MISSING_UNTIL_PRIMARY_REVERIFICATION,,,False,,BLANKED_CONSERVATIVELY,SP500_GREEN_005246: net_income_usd blanked conservatively (CROSSYEAR_LT0.02X:0.0071).,,,,0,
FINANCIAL_VALUE_VALIDITY_REMEDIATION,P0,SNV,Synovus Financial Corp.,SP500_SPELL_1016,PRE2009_UNITS_OR_LINE_ITEM_ANOMALY,COMPLETE,,,False,,CORRECTED_PRIMARY,SP500_GREEN_004808: net_income_usd corrected to 365347000 from primary filing.,https://www.sec.gov/Archives/edgar/data/18349/000095014406001866/g99901exv99w1.htm,,,0,
FINANCIAL_VALUE_VALIDITY_REMEDIATION,P0,AMD,"Advanced Micro Devices, Inc.",SP500_SPELL_0059,PRE2009_UNITS_OR_LINE_ITEM_ANOMALY,ACCEPTED_MISSING_UNTIL_PRIMARY_REVERIFICATION,,,False,,BLANKED_CONSERVATIVELY,SP500_GREEN_004708: net_income_usd blanked conservatively (CROSSYEAR_LT0.02X:0.0140).,,,,0,
FINANCIAL_VALUE_VALIDITY_REMEDIATION,P0,APCC,American Power Conversion Corp,SP500_SPELL_0084,PRE2009_UNITS_OR_LINE_ITEM_ANOMALY,COMPLETE,,,False,,CORRECTED_PRIMARY,SP500_GREEN_005518: revenue_usd corrected to 1464798000 from primary filing. net_income_usd corrected to 176938000 from primary filing. total_assets_usd corrected to 1805966000 from primary filing.,https://www.sec.gov/Archives/edgar/data/835910/000104746905006806/a2153699z10-k.htm,,,0,
FINANCIAL_VALUE_VALIDITY_REMEDIATION,P0,EBAY,EBAY INC,SP500_SPELL_0371,PRE2009_UNITS_OR_LINE_ITEM_ANOMALY,ACCEPTED_MISSING_UNTIL_PRIMARY_REVERIFICATION,,,False,,BLANKED_CONSERVATIVELY,SP500_GREEN_005865: net_income_usd blanked conservatively (CROSSYEAR_LT0.02X:0.0144).,,,,0,
FINANCIAL_VALUE_VALIDITY_REMEDIATION,P0,FITB,Fifth Third Bancorp,SP500_SPELL_0445,PRE2009_UNITS_OR_LINE_ITEM_ANOMALY,ACCEPTED_MISSING_UNTIL_PRIMARY_REVERIFICATION,,,False,,BLANKED_CONSERVATIVELY,SP500_GREEN_004897: revenue_usd blanked conservatively (CROSSYEAR_LT0.02X:0.0020).,,,,0,
FINANCIAL_VALUE_VALIDITY_REMEDIATION,P0,HET,"Harrah's Entertainment, Inc.",SP500_SPELL_0544,PRE2009_UNITS_OR_LINE_ITEM_ANOMALY,ACCEPTED_MISSING_UNTIL_PRIMARY_REVERIFICATION,,,False,,BLANKED_CONSERVATIVELY,SP500_GREEN_005543: revenue_usd blanked conservatively (REVENUE_GT_1T). net_income_usd blanked conservatively (CROSSYEAR_GT50X:345.0).,,,,0,
FINANCIAL_VALUE_VALIDITY_REMEDIATION,P0,HMA,Health Management Associates Inc,SP500_SPELL_0553,PRE2009_UNITS_OR_LINE_ITEM_ANOMALY,ACCEPTED_MISSING_UNTIL_PRIMARY_REVERIFICATION,,,False,,BLANKED_CONSERVATIVELY,SP500_GREEN_005434: net_income_usd blanked conservatively (NET_INCOME_GT_100B).,,,,0,
FINANCIAL_VALUE_VALIDITY_REMEDIATION,P0,PLL,Pall Corp.,SP500_SPELL_0890,PRE2009_UNITS_OR_LINE_ITEM_ANOMALY,ACCEPTED_MISSING_UNTIL_PRIMARY_REVERIFICATION,,,False,,BLANKED_CONSERVATIVELY,SP500_GREEN_005080: net_income_usd blanked conservatively (NET_INCOME_GT_100B).,,,,0,
FINANCIAL_VALUE_VALIDITY_REMEDIATION,P0,QCOM,Qualcomm,SP500_SPELL_0927,PRE2009_UNITS_OR_LINE_ITEM_ANOMALY,ACCEPTED_MISSING_UNTIL_PRIMARY_REVERIFICATION,,,False,,BLANKED_CONSERVATIVELY,SP500_GREEN_005452: net_income_usd blanked conservatively (NET_INCOME_GT_100B;CROSSYEAR_GT50X:103.9).,,,,0,
FINANCIAL_VALUE_VALIDITY_REMEDIATION,P0,SPG,Simon Property Group,SP500_SPELL_1022,PRE2009_UNITS_OR_LINE_ITEM_ANOMALY,ACCEPTED_MISSING_UNTIL_PRIMARY_REVERIFICATION,,,False,,BLANKED_CONSERVATIVELY,SP500_GREEN_005861: revenue_usd blanked conservatively (CROSSYEAR_GT50X:143.9). net_income_usd blanked conservatively (CROSSYEAR_GT50X:89.0). total_assets_usd blanked conservatively (CROSSYEAR_GT50X:245.5).,,,,0,
FINANCIAL_VALUE_VALIDITY_REMEDIATION,P0,APCC,American Power Conversion Corp,SP500_SPELL_0084,PRE2009_UNITS_OR_LINE_ITEM_ANOMALY,COMPLETE,,,False,,CORRECTED_PRIMARY,SP500_GREEN_005519: revenue_usd corrected to 1699877000 from primary filing. net_income_usd corrected to 181455000 from primary filing. total_assets_usd corrected to 1843872000 from primary filing.,https://www.sec.gov/Archives/edgar/data/835910/000104746905006806/a2153699z10-k.htm,,,0,
FINANCIAL_VALUE_VALIDITY_REMEDIATION,P0,FITB,Fifth Third Bancorp,SP500_SPELL_0445,PRE2009_UNITS_OR_LINE_ITEM_ANOMALY,ACCEPTED_MISSING_UNTIL_PRIMARY_REVERIFICATION,,,False,,BLANKED_CONSERVATIVELY,SP500_GREEN_004898: revenue_usd blanked conservatively (CROSSYEAR_LT0.02X:0.0020).,,,,0,
FINANCIAL_VALUE_VALIDITY_REMEDIATION,P0,HET,"Harrah's Entertainment, Inc.",SP500_SPELL_0544,PRE2009_UNITS_OR_LINE_ITEM_ANOMALY,ACCEPTED_MISSING_UNTIL_PRIMARY_REVERIFICATION,,,False,,BLANKED_CONSERVATIVELY,SP500_GREEN_005544: revenue_usd blanked conservatively (REVENUE_GT_1T). net_income_usd blanked conservatively (CROSSYEAR_GT50X:347.8).,,,,0,
FINANCIAL_VALUE_VALIDITY_REMEDIATION,P0,PLL,Pall Corp.,SP500_SPELL_0890,PRE2009_UNITS_OR_LINE_ITEM_ANOMALY,ACCEPTED_MISSING_UNTIL_PRIMARY_REVERIFICATION,,,False,,BLANKED_CONSERVATIVELY,SP500_GREEN_005081: net_income_usd blanked conservatively (NET_INCOME_GT_100B).,,,,0,
FINANCIAL_VALUE_VALIDITY_REMEDIATION,P0,SNV,Synovus Financial Corp.,SP500_SPELL_1016,PRE2009_UNITS_OR_LINE_ITEM_ANOMALY,COMPLETE,,,False,,CORRECTED_PRIMARY,SP500_GREEN_004809: net_income_usd corrected to 437033000 from primary filing.,https://www.sec.gov/Archives/edgar/data/18349/000095014406001866/g99901exv99w1.htm,,,0,
FINANCIAL_VALUE_VALIDITY_REMEDIATION,P0,SPG,Simon Property Group,SP500_SPELL_1022,PRE2009_UNITS_OR_LINE_ITEM_ANOMALY,ACCEPTED_MISSING_UNTIL_PRIMARY_REVERIFICATION,,,False,,BLANKED_CONSERVATIVELY,SP500_GREEN_005862: revenue_usd blanked conservatively (CROSSYEAR_GT50X:154.2). net_income_usd blanked conservatively (CROSSYEAR_GT50X:80.6). total_assets_usd blanked conservatively (CROSSYEAR_GT50X:154.5).,,,,0,
FINANCIAL_VALUE_VALIDITY_REMEDIATION,P0,CTAS,Cintas,SP500_SPELL_0299,PRE2009_UNITS_OR_LINE_ITEM_ANOMALY,COMPLETE,,,False,,CORRECTED_PRIMARY,SP500_GREEN_005335: revenue_usd corrected to 3067283000 from primary filing.,https://www.sec.gov/Archives/edgar/data/723254/000110465905039417/a05-13922_110k.htm,,,0,
FINANCIAL_VALUE_VALIDITY_REMEDIATION,P0,GILD,Gilead Sciences,SP500_SPELL_0498,PRE2009_UNITS_OR_LINE_ITEM_ANOMALY,COMPLETE,,,False,,CORRECTED_PRIMARY,SP500_GREEN_005621: revenue_usd corrected to 2028400000 from primary filing. net_income_usd corrected to 813914000 from primary filing. total_assets_usd corrected to 3764651000 from primary filing.,https://www.sec.gov/Archives/edgar/data/882095/000119312506045128/d10k.htm,,,0,
FINANCIAL_VALUE_VALIDITY_REMEDIATION,P0,MEDI,MedImmune Inc.,SP500_SPELL_0718,PRE2009_UNITS_OR_LINE_ITEM_ANOMALY,ACCEPTED_MISSING_UNTIL_PRIMARY_REVERIFICATION,,,False,,BLANKED_CONSERVATIVELY,SP500_GREEN_005567: net_income_usd blanked conservatively (CROSSYEAR_LT0.02X:0.0151).,,,,0,
FINANCIAL_VALUE_VALIDITY_REMEDIATION,P0,MTB,M&T Bank,SP500_SPELL_0763,PRE2009_UNITS_OR_LINE_ITEM_ANOMALY,ACCEPTED_MISSING_UNTIL_PRIMARY_REVERIFICATION,,,False,,BLANKED_CONSERVATIVELY,SP500_GREEN_004901: revenue_usd blanked conservatively (CROSSYEAR_LT0.02X:0.0119).,,,,0,
FINANCIAL_VALUE_VALIDITY_REMEDIATION,P0,NCC,National City Corp.,SP500_SPELL_0786,PRE2009_UNITS_OR_LINE_ITEM_ANOMALY,COMPLETE,,,False,,CORRECTED_PRIMARY,SP500_GREEN_005046: revenue_usd corrected to 8031000000 from primary filing. net_income_usd corrected to 1985000000 from primary filing.,https://www.sec.gov/Archives/edgar/data/69970/000095015206000755/l17421ae10vk.htm,,,0,
FINANCIAL_VALUE_VALIDITY_REMEDIATION,P0,PLL,Pall Corp.,SP500_SPELL_0890,PRE2009_UNITS_OR_LINE_ITEM_ANOMALY,ACCEPTED_MISSING_UNTIL_PRIMARY_REVERIFICATION,,,False,,BLANKED_CONSERVATIVELY,SP500_GREEN_005082: net_income_usd blanked conservatively (NET_INCOME_GT_100B).,,,,0,
FINANCIAL_VALUE_VALIDITY_REMEDIATION,P0,SLM,SLM Corp.,SP500_SPELL_1005,PRE2009_UNITS_OR_LINE_ITEM_ANOMALY,ACCEPTED_MISSING_UNTIL_PRIMARY_REVERIFICATION,,,False,,BLANKED_CONSERVATIVELY,SP500_GREEN_005804: net_income_usd blanked conservatively (CROSSYEAR_LT0.02X:0.0003).,,,,0,
FINANCIAL_VALUE_VALIDITY_REMEDIATION,P0,SNV,Synovus Financial Corp.,SP500_SPELL_1016,PRE2009_UNITS_OR_LINE_ITEM_ANOMALY,COMPLETE,,,False,,CORRECTED_PRIMARY,SP500_GREEN_004810: net_income_usd corrected to 516446000 from primary filing.,https://www.sec.gov/Archives/edgar/data/18349/000095014406001866/g99901exv99w1.htm,,,0,
FINANCIAL_VALUE_VALIDITY_REMEDIATION,P0,SPG,Simon Property Group,SP500_SPELL_1022,PRE2009_UNITS_OR_LINE_ITEM_ANOMALY,ACCEPTED_MISSING_UNTIL_PRIMARY_REVERIFICATION,,,False,,BLANKED_CONSERVATIVELY,SP500_GREEN_005863: revenue_usd blanked conservatively (CROSSYEAR_GT50X:196.3). net_income_usd blanked conservatively (CROSSYEAR_GT50X:92.1). total_assets_usd blanked conservatively (CROSSYEAR_GT50X:156.0).,,,,0,
FINANCIAL_VALUE_VALIDITY_REMEDIATION,P0,TMO,Thermo Fisher Scientific,SP500_SPELL_1085,PRE2009_UNITS_OR_LINE_ITEM_ANOMALY,ACCEPTED_MISSING_UNTIL_PRIMARY_REVERIFICATION,,,False,,BLANKED_CONSERVATIVELY,SP500_GREEN_005167: net_income_usd blanked conservatively (NET_INCOME_GT_100B;CROSSYEAR_GT50X:243.8).,,,,0,
FINANCIAL_VALUE_VALIDITY_REMEDIATION,P0,VLO,Valero Energy,SP500_SPELL_1159,PRE2009_UNITS_OR_LINE_ITEM_ANOMALY,COMPLETE,,,False,,CORRECTED_PRIMARY,SP500_GREEN_005811: revenue_usd corrected to 82162000000 from primary filing. net_income_usd corrected to 3590000000 from primary filing.,https://www.sec.gov/Archives/edgar/data/1035002/000095013406004061/d32462e10vk.htm,,,0,
FINANCIAL_VALUE_VALIDITY_REMEDIATION,P0,AET,Aetna Inc.,SP500_SPELL_0034,PRE2009_UNITS_OR_LINE_ITEM_ANOMALY,ACCEPTED_MISSING_UNTIL_PRIMARY_REVERIFICATION,,,False,,BLANKED_CONSERVATIVELY,SP500_GREEN_005930: revenue_usd blanked conservatively (CROSSYEAR_LT0.02X:0.0011).,,,,0,
FINANCIAL_VALUE_VALIDITY_REMEDIATION,P0,CTAS,Cintas,SP500_SPELL_0299,PRE2009_UNITS_OR_LINE_ITEM_ANOMALY,COMPLETE,,,False,,CORRECTED_PRIMARY,SP500_GREEN_005336: revenue_usd corrected to 3403608000 from primary filing.,https://www.sec.gov/Archives/edgar/data/723254/000110465906053974/a06-16851_110k.htm,,,0,
FINANCIAL_VALUE_VALIDITY_REMEDIATION,P0,HSP,Hospira Inc.,SP500_SPELL_0573,PRE2009_UNITS_OR_LINE_ITEM_ANOMALY,COMPLETE,,,False,,CORRECTED_PRIMARY,SP500_GREEN_005992: revenue_usd corrected to 2688505000 from primary filing. net_income_usd corrected to 237679000 from primary filing.,https://www.sec.gov/Archives/edgar/data/1274057/000104746908001941/a2182479z10-k.htm,,,0,
FINANCIAL_VALUE_VALIDITY_REMEDIATION,P0,MTB,M&T Bank,SP500_SPELL_0763,PRE2009_UNITS_OR_LINE_ITEM_ANOMALY,ACCEPTED_MISSING_UNTIL_PRIMARY_REVERIFICATION,,,False,,BLANKED_CONSERVATIVELY,SP500_GREEN_004902: revenue_usd blanked conservatively (CROSSYEAR_LT0.02X:0.0178).,,,,0,
FINANCIAL_VALUE_VALIDITY_REMEDIATION,P0,QLGC,QLogic Corp.,SP500_SPELL_0929,PRE2009_UNITS_OR_LINE_ITEM_ANOMALY,ACCEPTED_MISSING_UNTIL_PRIMARY_REVERIFICATION,,,False,,BLANKED_CONSERVATIVELY,SP500_GREEN_005691: net_income_usd blanked conservatively (NET_INCOME_GT_100B).,,,,0,
FINANCIAL_VALUE_VALIDITY_REMEDIATION,P0,SBUX,Starbucks,SP500_SPELL_0980,PRE2009_UNITS_OR_LINE_ITEM_ANOMALY,ACCEPTED_MISSING_UNTIL_PRIMARY_REVERIFICATION,,,False,,BLANKED_CONSERVATIVELY,SP500_GREEN_005505: net_income_usd blanked conservatively (NET_INCOME_GT_100B;CROSSYEAR_GT50X:258.9).,,,,0,
FINANCIAL_VALUE_VALIDITY_REMEDIATION,P0,SNV,Synovus Financial Corp.,SP500_SPELL_1016,PRE2009_UNITS_OR_LINE_ITEM_ANOMALY,COMPLETE,,,False,,CORRECTED_PRIMARY,SP500_GREEN_004811: net_income_usd corrected to 616917000 from primary filing.,https://www.sec.gov/Archives/edgar/data/18349/000095014408002111/g11570def14a.htm,,,0,
FINANCIAL_VALUE_VALIDITY_REMEDIATION,P0,MBI,MBIA Inc.,SP500_SPELL_0706,PRE2009_UNITS_OR_LINE_ITEM_ANOMALY,ACCEPTED_MISSING_UNTIL_PRIMARY_REVERIFICATION,,,False,,BLANKED_CONSERVATIVELY,SP500_GREEN_002596: revenue_usd blanked conservatively (NEGATIVE_STANDARDIZED_REVENUE_NONCOMPARABLE).,,,,0,
FINANCIAL_VALUE_VALIDITY_REMEDIATION,P0,MMC,"Marsh & McLennan Companies, Inc",SP500_SPELL_0739,PRE2009_UNITS_OR_LINE_ITEM_ANOMALY,COMPLETE,,,False,,CORRECTED_PRIMARY,SP500_GREEN_002802: revenue_usd corrected to 11587000000 from primary filing.,https://www.sec.gov/Archives/edgar/data/62709/000119312509040859/d10k.htm,,,0,
PUBLICATION_LIMITATIONS,P0,,DATASET_CONTROL,,DISCLOSURE_REQUIRED,DISCLOSE_IN_RELEASE_NOTES,,,False,,DATASET_LIMITATION,"Historical company coverage is incomplete; this is a conservative source-governed panel, not a complete census of all historical S&P 500 members.",,,,,
PUBLICATION_LIMITATIONS,P0,,DATASET_CONTROL,,DISCLOSURE_REQUIRED,DISCLOSE_IN_RELEASE_NOTES,,,False,,DATASET_LIMITATION,Financial observations begin in 2000 even where membership history begins earlier.,,,,,
PUBLICATION_LIMITATIONS,P0,,DATASET_CONTROL,,DISCLOSURE_REQUIRED,DISCLOSE_IN_RELEASE_NOTES,,,False,,DATASET_LIMITATION,Blank period_end values remain accepted missing where the exact reporting date is not publication-certified.,,,,,
PUBLICATION_LIMITATIONS,P0,,DATASET_CONTROL,,DISCLOSURE_REQUIRED,DISCLOSE_IN_RELEASE_NOTES,,,False,,DATASET_LIMITATION,"Single-source, weak-match and own-source-only field verification is explicitly labelled as lower assurance.",,,,,
FINANCIAL_VALUE_VALIDITY_REMEDIATION,P0,VLO,Valero Energy,SP500_SPELL_1159,RESIDUAL_CROSSYEAR_ANOMALY,COMPLETE,,,False,,CORRECTED_PRIMARY,SP500_GREEN_005812: Valero 2006 revenue corrected to $87.640bn from primary filing.,https://www.sec.gov/Archives/edgar/data/1035002/000095013408003802/d54294e10vk.htm,,,0,
FINANCIAL_VALUE_VALIDITY_REMEDIATION,P0,NCC,National City Corp.,SP500_SPELL_0786,RESIDUAL_CROSSYEAR_ANOMALY,COMPLETE,,,False,,CORRECTED_PRIMARY,SP500_GREEN_005047: National City 2006 net income corrected to $2.3bn; revenue blanked pending exact primary re-verification.,https://www.sec.gov/Archives/edgar/data/69970/000095015208000543/l29636be424b2.htm,,,0,
FINANCIAL_VALUE_VALIDITY_REMEDIATION,P0,NCC,National City Corp.,SP500_SPELL_0786,RESIDUAL_CROSSYEAR_ANOMALY,ACCEPTED_MISSING_UNTIL_PRIMARY_REVERIFICATION,,,False,,BLANKED_CONSERVATIVELY,SP500_GREEN_005045: National City 2001 revenue and net income blanked conservatively; exact primary values not safely re-established.,,,,0,
PERIOD_END_EXIT_YEAR_ENRICHMENT,P1,,DATASET_CONTROL,,,COMPLETE,,,False,,ENRICHED_CERTIFIED_EXIT_YEAR,"Exit-year enrichment for blank period_end rows: 534 of 822 populated from certified membership exit dates only; remaining rows left blank when current/open, uncertified, or no exit boundary.",,,,,
CURRENT_COMPANY_FINANCIAL_BACKFILL,P0,AMCR,Bemis / Amcor merger transition,SP500_SPELL_0058,FINANCIAL_HISTORY_PRESENT_BUT_BLOCKED,RESOLVE_SUCCESSOR_LINKAGE_THEN_ATTACH_EXISTING_FINANCIALS,,,True,,CURRENT_MEMBERSHIP_REPRESENTED_FINANCIALS_PENDING,Current membership is certified and now represented in the combined database. Financial values remain blank until primary-source financial data or safe lineage mapping is established.,https://www.spglobal.com/spdji/en/indices/equity/sp-500/,,,0,
CURRENT_COMPANY_FINANCIAL_BACKFILL,P0,BG,Bunge Global,SP500_SPELL_0141,FINANCIAL_HISTORY_PRESENT_BUT_BLOCKED,RESOLVE_SUCCESSOR_LINKAGE_THEN_ATTACH_EXISTING_FINANCIALS,,,True,,CURRENT_MEMBERSHIP_REPRESENTED_FINANCIALS_PENDING,Current membership is certified and now represented in the combined database. Financial values remain blank until primary-source financial data or safe lineage mapping is established.,https://www.spglobal.com/spdji/en/indices/equity/sp-500/,,,0,
CURRENT_COMPANY_FINANCIAL_BACKFILL,P0,DWDP,DowDuPont Inc.,SP500_SPELL_0365,FINANCIAL_HISTORY_PRESENT_BUT_BLOCKED,RESOLVE_SUCCESSOR_LINKAGE_THEN_ATTACH_EXISTING_FINANCIALS,,,True,,CURRENT_MEMBERSHIP_REPRESENTED_FINANCIALS_PENDING,Current membership is certified and now represented in the combined database. Financial values remain blank until primary-source financial data or safe lineage mapping is established.,https://www.spglobal.com/spdji/en/indices/equity/sp-500/,,,0,
CURRENT_COMPANY_FINANCIAL_BACKFILL,P0,FISV,FISERV INC,SP500_SPELL_0444,FINANCIAL_HISTORY_PRESENT_BUT_BLOCKED,RESOLVE_SUCCESSOR_LINKAGE_THEN_ATTACH_EXISTING_FINANCIALS,,,True,,CURRENT_MEMBERSHIP_REPRESENTED_FINANCIALS_PENDING,Current membership is certified and now represented in the combined database. Financial values remain blank until primary-source financial data or safe lineage mapping is established.,https://www.spglobal.com/spdji/en/indices/equity/sp-500/,,,0,
CURRENT_COMPANY_FINANCIAL_BACKFILL,P0,LIN,Linde plc,SP500_SPELL_0671,FINANCIAL_HISTORY_PRESENT_BUT_BLOCKED,RESOLVE_SUCCESSOR_LINKAGE_THEN_ATTACH_EXISTING_FINANCIALS,,,True,,CURRENT_MEMBERSHIP_REPRESENTED_FINANCIALS_PENDING,Current membership is certified and now represented in the combined database. Financial values remain blank until primary-source financial data or safe lineage mapping is established.,https://www.spglobal.com/spdji/en/indices/equity/sp-500/,,,0,
CURRENT_COMPANY_FINANCIAL_BACKFILL,P0,PSKY,Paramount Skydance Corp,SP500_SPELL_0910,FINANCIAL_HISTORY_PRESENT_BUT_BLOCKED,RESOLVE_SUCCESSOR_LINKAGE_THEN_ATTACH_EXISTING_FINANCIALS,,,True,,CURRENT_MEMBERSHIP_REPRESENTED_FINANCIALS_PENDING,Current membership is certified and now represented in the combined database. Financial values remain blank until primary-source financial data or safe lineage mapping is established.,https://www.spglobal.com/spdji/en/indices/equity/sp-500/,,,0,
CURRENT_COMPANY_FINANCIAL_BACKFILL,P0,SW,Smurfit WestRock,SP500_SPELL_1042,FINANCIAL_HISTORY_PRESENT_BUT_BLOCKED,RESOLVE_SUCCESSOR_LINKAGE_THEN_ATTACH_EXISTING_FINANCIALS,,,True,,CURRENT_MEMBERSHIP_REPRESENTED_FINANCIALS_PENDING,Current membership is certified and now represented in the combined database. Financial values remain blank until primary-source financial data or safe lineage mapping is established.,https://www.spglobal.com/spdji/en/indices/equity/sp-500/,,,0,
CURRENT_COMPANY_FINANCIAL_BACKFILL,P0,TT,Trane Technologies,SP500_SPELL_1106,FINANCIAL_HISTORY_PRESENT_BUT_BLOCKED,RESOLVE_SUCCESSOR_LINKAGE_THEN_ATTACH_EXISTING_FINANCIALS,,,True,,CURRENT_MEMBERSHIP_REPRESENTED_FINANCIALS_PENDING,Current membership is certified and now represented in the combined database. Financial values remain blank until primary-source financial data or safe lineage mapping is established.,https://www.spglobal.com/spdji/en/indices/equity/sp-500/,,,0,
CURRENT_COMPANY_FINANCIAL_BACKFILL,P0,VTRS,Viatris,SP500_SPELL_1173,FINANCIAL_HISTORY_PRESENT_BUT_BLOCKED,RESOLVE_SUCCESSOR_LINKAGE_THEN_ATTACH_EXISTING_FINANCIALS,,,True,,CURRENT_MEMBERSHIP_REPRESENTED_FINANCIALS_PENDING,Current membership is certified and now represented in the combined database. Financial values remain blank until primary-source financial data or safe lineage mapping is established.,https://www.spglobal.com/spdji/en/indices/equity/sp-500/,,,0,
CURRENT_COMPANY_FINANCIAL_BACKFILL,P0,SNDK,Sandisk Corporation,SP500_SPELL_1264,FINANCIAL_BACKFILL_REQUIRED,PRIMARY_SEC_FINANCIAL_BACKFILL,,,False,,CURRENT_MEMBERSHIP_REPRESENTED_FINANCIALS_PENDING,Current membership is certified and now represented in the combined database. Financial values remain blank until primary-source financial data or safe lineage mapping is established.,https://www.spglobal.com/spdji/en/indices/equity/sp-500/,,,0,
CURRENT_COMPANY_FINANCIAL_BACKFILL,P0,CIEN,Ciena Corporation,SP500_SPELL_1265,FINANCIAL_BACKFILL_REQUIRED,PRIMARY_SEC_FINANCIAL_BACKFILL,,,False,,CURRENT_MEMBERSHIP_REPRESENTED_FINANCIALS_PENDING,Current membership is certified and now represented in the combined database. Financial values remain blank until primary-source financial data or safe lineage mapping is established.,https://www.spglobal.com/spdji/en/indices/equity/sp-500/,,,0,
CURRENT_COMPANY_FINANCIAL_BACKFILL,P0,COHR,Coherent Corp.,SP500_SPELL_1266,FINANCIAL_BACKFILL_REQUIRED,PRIMARY_SEC_FINANCIAL_BACKFILL,,,False,,CURRENT_MEMBERSHIP_REPRESENTED_FINANCIALS_PENDING,Current membership is certified and now represented in the combined database. Financial values remain blank until primary-source financial data or safe lineage mapping is established.,https://www.spglobal.com/spdji/en/indices/equity/sp-500/,,,0,
CURRENT_COMPANY_FINANCIAL_BACKFILL,P0,ECHO,EchoStar Corporation,SP500_SPELL_1267,FINANCIAL_BACKFILL_REQUIRED,PRIMARY_SEC_FINANCIAL_BACKFILL,,,False,,CURRENT_MEMBERSHIP_REPRESENTED_FINANCIALS_PENDING,Current membership is certified and now represented in the combined database. Financial values remain blank until primary-source financial data or safe lineage mapping is established.,https://www.spglobal.com/spdji/en/indices/equity/sp-500/,,,0,
CURRENT_COMPANY_FINANCIAL_BACKFILL,P0,LITE,Lumentum Holdings Inc.,SP500_SPELL_1268,FINANCIAL_BACKFILL_REQUIRED,PRIMARY_SEC_FINANCIAL_BACKFILL,,,False,,CURRENT_MEMBERSHIP_REPRESENTED_FINANCIALS_PENDING,Current membership is certified and now represented in the combined database. Financial values remain blank until primary-source financial data or safe lineage mapping is established.,https://www.spglobal.com/spdji/en/indices/equity/sp-500/,,,0,
CURRENT_COMPANY_FINANCIAL_BACKFILL,P0,VRT,Vertiv Holdings Co,SP500_SPELL_1269,FINANCIAL_BACKFILL_REQUIRED,PRIMARY_SEC_FINANCIAL_BACKFILL,,,False,,CURRENT_MEMBERSHIP_REPRESENTED_FINANCIALS_PENDING,Current membership is certified and now represented in the combined database. Financial values remain blank until primary-source financial data or safe lineage mapping is established.,https://www.spglobal.com/spdji/en/indices/equity/sp-500/,,,0,
CURRENT_COMPANY_FINANCIAL_BACKFILL,P0,VEEV,Veeva Systems Inc.,SP500_SPELL_1270,FINANCIAL_BACKFILL_REQUIRED,PRIMARY_SEC_FINANCIAL_BACKFILL,,,False,,CURRENT_MEMBERSHIP_REPRESENTED_FINANCIALS_PENDING,Current membership is certified and now represented in the combined database. Financial values remain blank until primary-source financial data or safe lineage mapping is established.,https://www.spglobal.com/spdji/en/indices/equity/sp-500/,,,0,
CURRENT_COMPANY_FINANCIAL_BACKFILL,P0,FDXF,"FedEx Freight Holding Company, Inc.",SP500_SPELL_1271,FINANCIAL_BACKFILL_REQUIRED,PRIMARY_SEC_FINANCIAL_BACKFILL,,,False,,CURRENT_MEMBERSHIP_REPRESENTED_FINANCIALS_PENDING,Current membership is certified and now represented in the combined database. Financial values remain blank until primary-source financial data or safe lineage mapping is established.,https://www.spglobal.com/spdji/en/indices/equity/sp-500/,,,0,
CURRENT_COMPANY_FINANCIAL_BACKFILL,P0,MRVL,"Marvell Technology, Inc.",SP500_SPELL_1272,FINANCIAL_BACKFILL_REQUIRED,PRIMARY_SEC_FINANCIAL_BACKFILL,,,False,,CURRENT_MEMBERSHIP_REPRESENTED_FINANCIALS_PENDING,Current membership is certified and now represented in the combined database. Financial values remain blank until primary-source financial data or safe lineage mapping is established.,https://www.spglobal.com/spdji/en/indices/equity/sp-500/,,,0,
CURRENT_COMPANY_FINANCIAL_BACKFILL,P0,FLEX,Flex Ltd.,SP500_SPELL_1273,FINANCIAL_BACKFILL_REQUIRED,PRIMARY_SEC_FINANCIAL_BACKFILL,,,False,,CURRENT_MEMBERSHIP_REPRESENTED_FINANCIALS_PENDING,Current membership is certified and now represented in the combined database. Financial values remain blank until primary-source financial data or safe lineage mapping is established.,https://www.spglobal.com/spdji/en/indices/equity/sp-500/,,,0,
CURRENT_COMPANY_FINANCIAL_BACKFILL,P0,HONA,Honeywell Aerospace Inc.,SP500_SPELL_1274,FINANCIAL_BACKFILL_REQUIRED,PRIMARY_SEC_FINANCIAL_BACKFILL,,,False,,CURRENT_MEMBERSHIP_REPRESENTED_FINANCIALS_PENDING,Current membership is certified and now represented in the combined database. Financial values remain blank until primary-source financial data or safe lineage mapping is established.,https://www.spglobal.com/spdji/en/indices/equity/sp-500/,,,0,
CURRENT_COMPANY_FINANCIAL_BACKFILL,P0,FERG,Ferguson Enterprises Inc.,SP500_SPELL_1275,FINANCIAL_BACKFILL_REQUIRED,PRIMARY_SEC_FINANCIAL_BACKFILL,,,False,,CURRENT_MEMBERSHIP_REPRESENTED_FINANCIALS_PENDING,Current membership is certified and now represented in the combined database. Financial values remain blank until primary-source financial data or safe lineage mapping is established.,https://www.spglobal.com/spdji/en/indices/equity/sp-500/,,,0,
CURRENT_COMPANY_FINANCIAL_BACKFILL,P0,BXP,"BXP, Inc.",SP500_SPELL_1276,FINANCIAL_BACKFILL_REQUIRED,PRIMARY_SEC_FINANCIAL_BACKFILL,,,False,,CURRENT_MEMBERSHIP_REPRESENTED_FINANCIALS_PENDING,Current membership is certified and now represented in the combined database. Financial values remain blank until primary-source financial data or safe lineage mapping is established.,https://www.spglobal.com/spdji/en/indices/equity/sp-500/,,,0,
CURRENT_COMPANY_FINANCIAL_BACKFILL,P0,RMD,ResMed Inc.,SP500_SPELL_1277,FINANCIAL_BACKFILL_REQUIRED,PRIMARY_SEC_FINANCIAL_BACKFILL,,,False,,CURRENT_MEMBERSHIP_REPRESENTED_FINANCIALS_PENDING,Current membership is certified and now represented in the combined database. Financial values remain blank until primary-source financial data or safe lineage mapping is established.,https://www.spglobal.com/spdji/en/indices/equity/sp-500/,,,0,
CURRENT_COMPANY_FINANCIAL_BACKFILL,P0,IR,Ingersoll Rand Inc.,SP500_SPELL_1278,FINANCIAL_BACKFILL_REQUIRED,PRIMARY_SEC_FINANCIAL_BACKFILL,,,False,,CURRENT_MEMBERSHIP_REPRESENTED_FINANCIALS_PENDING,Current membership is certified and now represented in the combined database. Financial values remain blank until primary-source financial data or safe lineage mapping is established.,https://www.spglobal.com/spdji/en/indices/equity/sp-500/,,,0,
CURRENT_COMPANY_FINANCIAL_BACKFILL,P0,FOXA,Fox Corporation,SP500_SPELL_1279,FINANCIAL_BACKFILL_REQUIRED,PRIMARY_SEC_FINANCIAL_BACKFILL,,,False,,CURRENT_MEMBERSHIP_REPRESENTED_FINANCIALS_PENDING,Current membership is certified and now represented in the combined database. Financial values remain blank until primary-source financial data or safe lineage mapping is established.,https://www.spglobal.com/spdji/en/indices/equity/sp-500/,,,0,
CURRENT_COMPANY_FINANCIAL_BACKFILL,P0,CTSH,Cognizant Technology Solutions Corporation,SP500_SPELL_1280,FINANCIAL_BACKFILL_REQUIRED,PRIMARY_SEC_FINANCIAL_BACKFILL,,,False,,CURRENT_MEMBERSHIP_REPRESENTED_FINANCIALS_PENDING,Current membership is certified and now represented in the combined database. Financial values remain blank until primary-source financial data or safe lineage mapping is established.,https://www.spglobal.com/spdji/en/indices/equity/sp-500/,,,0,
CURRENT_COMPANY_FINANCIAL_BACKFILL,P0,FFIV,"F5, Inc.",SP500_SPELL_1281,FINANCIAL_BACKFILL_REQUIRED,PRIMARY_SEC_FINANCIAL_BACKFILL,,,False,,CURRENT_MEMBERSHIP_REPRESENTED_FINANCIALS_PENDING,Current membership is certified and now represented in the combined database. Financial values remain blank until primary-source financial data or safe lineage mapping is established.,https://www.spglobal.com/spdji/en/indices/equity/sp-500/,,,0,
CURRENT_COMPANY_FINANCIAL_BACKFILL,P0,CB,Chubb Limited,SP500_SPELL_1282,FINANCIAL_BACKFILL_REQUIRED,PRIMARY_SEC_FINANCIAL_BACKFILL,,,False,,CURRENT_MEMBERSHIP_REPRESENTED_FINANCIALS_PENDING,Current membership is certified and now represented in the combined database. Financial values remain blank until primary-source financial data or safe lineage mapping is established.,https://www.spglobal.com/spdji/en/indices/equity/sp-500/,,,0,
CURRENT_COMPANY_FINANCIAL_BACKFILL,P0,LH,Labcorp Holdings Inc.,SP500_SPELL_1284,FINANCIAL_BACKFILL_REQUIRED,PRIMARY_SEC_FINANCIAL_BACKFILL,,,False,,CURRENT_MEMBERSHIP_REPRESENTED_FINANCIALS_PENDING,Current membership is certified and now represented in the combined database. Financial values remain blank until primary-source financial data or safe lineage mapping is established.,https://www.spglobal.com/spdji/en/indices/equity/sp-500/,,,0,
CURRENT_COMPANY_FINANCIAL_BACKFILL,P0,D,"Dominion Energy, Inc.",SP500_SPELL_1285,FINANCIAL_BACKFILL_REQUIRED,PRIMARY_SEC_FINANCIAL_BACKFILL,,,False,,CURRENT_MEMBERSHIP_REPRESENTED_FINANCIALS_PENDING,Current membership is certified and now represented in the combined database. Financial values remain blank until primary-source financial data or safe lineage mapping is established.,https://www.spglobal.com/spdji/en/indices/equity/sp-500/,,,0,
CURRENT_COMPANY_FINANCIAL_BACKFILL,P0,FCX,Freeport-McMoRan Inc.,SP500_SPELL_1286,FINANCIAL_BACKFILL_REQUIRED,PRIMARY_SEC_FINANCIAL_BACKFILL,,,False,,CURRENT_MEMBERSHIP_REPRESENTED_FINANCIALS_PENDING,Current membership is certified and now represented in the combined database. Financial values remain blank until primary-source financial data or safe lineage mapping is established.,https://www.spglobal.com/spdji/en/indices/equity/sp-500/,,,0,
CURRENT_COMPANY_FINANCIAL_BACKFILL,P0,HUM,Humana Inc.,SP500_SPELL_1287,FINANCIAL_BACKFILL_REQUIRED,PRIMARY_SEC_FINANCIAL_BACKFILL,,,False,,CURRENT_MEMBERSHIP_REPRESENTED_FINANCIALS_PENDING,Current membership is certified and now represented in the combined database. Financial values remain blank until primary-source financial data or safe lineage mapping is established.,https://www.spglobal.com/spdji/en/indices/equity/sp-500/,,,0,
CURRENT_COMPANY_FINANCIAL_BACKFILL,P0,PPL,PPL Corporation,SP500_SPELL_1288,FINANCIAL_BACKFILL_REQUIRED,PRIMARY_SEC_FINANCIAL_BACKFILL,,,False,,CURRENT_MEMBERSHIP_REPRESENTED_FINANCIALS_PENDING,Current membership is certified and now represented in the combined database. Financial values remain blank until primary-source financial data or safe lineage mapping is established.,https://www.spglobal.com/spdji/en/indices/equity/sp-500/,,,0,
CURRENT_COMPANY_FINANCIAL_BACKFILL,P0,ROK,"Rockwell Automation, Inc.",SP500_SPELL_1289,FINANCIAL_BACKFILL_REQUIRED,PRIMARY_SEC_FINANCIAL_BACKFILL,,,False,,CURRENT_MEMBERSHIP_REPRESENTED_FINANCIALS_PENDING,Current membership is certified and now represented in the combined database. Financial values remain blank until primary-source financial data or safe lineage mapping is established.,https://www.spglobal.com/spdji/en/indices/equity/sp-500/,,,0,
CURRENT_COMPANY_FINANCIAL_BACKFILL,P0,TXN,Texas Instruments Incorporated,SP500_SPELL_1290,FINANCIAL_BACKFILL_REQUIRED,PRIMARY_SEC_FINANCIAL_BACKFILL,,,False,,CURRENT_MEMBERSHIP_REPRESENTED_FINANCIALS_PENDING,Current membership is certified and now represented in the combined database. Financial values remain blank until primary-source financial data or safe lineage mapping is established.,https://www.spglobal.com/spdji/en/indices/equity/sp-500/,,,0,
CURRENT_COMPANY_FINANCIAL_BACKFILL,P0,TRV,"The Travelers Companies, Inc.",SP500_SPELL_1291,FINANCIAL_BACKFILL_REQUIRED,PRIMARY_SEC_FINANCIAL_BACKFILL,,,False,,CURRENT_MEMBERSHIP_REPRESENTED_FINANCIALS_PENDING,Current membership is certified and now represented in the combined database. Financial values remain blank until primary-source financial data or safe lineage mapping is established.,https://www.spglobal.com/spdji/en/indices/equity/sp-500/,,,0,
CURRENT_COMPANY_FINANCIAL_BACKFILL,P0,JCI,Johnson Controls International plc,SP500_SPELL_1292,FINANCIAL_BACKFILL_REQUIRED,PRIMARY_SEC_FINANCIAL_BACKFILL,,,False,,CURRENT_MEMBERSHIP_REPRESENTED_FINANCIALS_PENDING,Current membership is certified and now represented in the combined database. Financial values remain blank until primary-source financial data or safe lineage mapping is established.,https://www.spglobal.com/spdji/en/indices/equity/sp-500/,,,0,
CURRENT_COMPANY_FINANCIAL_BACKFILL,P0,MMM,3M Company,SP500_SPELL_1293,FINANCIAL_BACKFILL_REQUIRED,PRIMARY_SEC_FINANCIAL_BACKFILL,,,False,,CURRENT_MEMBERSHIP_REPRESENTED_FINANCIALS_PENDING,Current membership is certified and now represented in the combined database. Financial values remain blank until primary-source financial data or safe lineage mapping is established.,https://www.spglobal.com/spdji/en/indices/equity/sp-500/,,,0,
CURRENT_COMPANY_FINANCIAL_BACKFILL,P0,ABT,Abbott Laboratories,SP500_SPELL_1294,FINANCIAL_BACKFILL_REQUIRED,PRIMARY_SEC_FINANCIAL_BACKFILL,,,False,,CURRENT_MEMBERSHIP_REPRESENTED_FINANCIALS_PENDING,Current membership is certified and now represented in the combined database. Financial values remain blank until primary-source financial data or safe lineage mapping is established.,https://www.spglobal.com/spdji/en/indices/equity/sp-500/,,,0,
CURRENT_COMPANY_FINANCIAL_BACKFILL,P0,ADBE,Adobe Inc.,SP500_SPELL_1295,FINANCIAL_BACKFILL_REQUIRED,PRIMARY_SEC_FINANCIAL_BACKFILL,,,False,,CURRENT_MEMBERSHIP_REPRESENTED_FINANCIALS_PENDING,Current membership is certified and now represented in the combined database. Financial values remain blank until primary-source financial data or safe lineage mapping is established.,https://www.spglobal.com/spdji/en/indices/equity/sp-500/,,,0,
CURRENT_COMPANY_FINANCIAL_BACKFILL,P0,APD,"Air Products and Chemicals, Inc.",SP500_SPELL_1296,FINANCIAL_BACKFILL_REQUIRED,PRIMARY_SEC_FINANCIAL_BACKFILL,,,False,,CURRENT_MEMBERSHIP_REPRESENTED_FINANCIALS_PENDING,Current membership is certified and now represented in the combined database. Financial values remain blank until primary-source financial data or safe lineage mapping is established.,https://www.spglobal.com/spdji/en/indices/equity/sp-500/,,,0,
CURRENT_COMPANY_FINANCIAL_BACKFILL,P0,ALL,The Allstate Corporation,SP500_SPELL_1297,FINANCIAL_BACKFILL_REQUIRED,PRIMARY_SEC_FINANCIAL_BACKFILL,,,False,,CURRENT_MEMBERSHIP_REPRESENTED_FINANCIALS_PENDING,Current membership is certified and now represented in the combined database. Financial values remain blank until primary-source financial data or safe lineage mapping is established.,https://www.spglobal.com/spdji/en/indices/equity/sp-500/,,,0,
CURRENT_COMPANY_FINANCIAL_BACKFILL,P0,AEE,Ameren Corporation,SP500_SPELL_1298,FINANCIAL_BACKFILL_REQUIRED,PRIMARY_SEC_FINANCIAL_BACKFILL,,,False,,CURRENT_MEMBERSHIP_REPRESENTED_FINANCIALS_PENDING,Current membership is certified and now represented in the combined database. Financial values remain blank until primary-source financial data or safe lineage mapping is established.,https://www.spglobal.com/spdji/en/indices/equity/sp-500/,,,0,
CURRENT_COMPANY_FINANCIAL_BACKFILL,P0,AEP,"American Electric Power Company, Inc.",SP500_SPELL_1299,FINANCIAL_BACKFILL_REQUIRED,PRIMARY_SEC_FINANCIAL_BACKFILL,,,False,,CURRENT_MEMBERSHIP_REPRESENTED_FINANCIALS_PENDING,Current membership is certified and now represented in the combined database. Financial values remain blank until primary-source financial data or safe lineage mapping is established.,https://www.spglobal.com/spdji/en/indices/equity/sp-500/,,,0,
CURRENT_COMPANY_FINANCIAL_BACKFILL,P0,AIG,"American International Group, Inc.",SP500_SPELL_1300,FINANCIAL_BACKFILL_REQUIRED,PRIMARY_SEC_FINANCIAL_BACKFILL,,,False,,CURRENT_MEMBERSHIP_REPRESENTED_FINANCIALS_PENDING,Current membership is certified and now represented in the combined database. Financial values remain blank until primary-source financial data or safe lineage mapping is established.,https://www.spglobal.com/spdji/en/indices/equity/sp-500/,,,0,
CURRENT_COMPANY_FINANCIAL_BACKFILL,P0,AAPL,Apple Inc.,SP500_SPELL_1301,FINANCIAL_BACKFILL_REQUIRED,PRIMARY_SEC_FINANCIAL_BACKFILL,,,False,,CURRENT_MEMBERSHIP_REPRESENTED_FINANCIALS_PENDING,Current membership is certified and now represented in the combined database. Financial values remain blank until primary-source financial data or safe lineage mapping is established.,https://www.spglobal.com/spdji/en/indices/equity/sp-500/,,,0,
CURRENT_COMPANY_FINANCIAL_BACKFILL,P0,AMAT,"Applied Materials, Inc.",SP500_SPELL_1302,FINANCIAL_BACKFILL_REQUIRED,PRIMARY_SEC_FINANCIAL_BACKFILL,,,False,,CURRENT_MEMBERSHIP_REPRESENTED_FINANCIALS_PENDING,Current membership is certified and now represented in the combined database. Financial values remain blank until primary-source financial data or safe lineage mapping is established.,https://www.spglobal.com/spdji/en/indices/equity/sp-500/,,,0,
CURRENT_COMPANY_FINANCIAL_BACKFILL,P0,ADM,Archer-Daniels-Midland Company,SP500_SPELL_1303,FINANCIAL_BACKFILL_REQUIRED,PRIMARY_SEC_FINANCIAL_BACKFILL,,,False,,CURRENT_MEMBERSHIP_REPRESENTED_FINANCIALS_PENDING,Current membership is certified and now represented in the combined database. Financial values remain blank until primary-source financial data or safe lineage mapping is established.,https://www.spglobal.com/spdji/en/indices/equity/sp-500/,,,0,
CURRENT_COMPANY_FINANCIAL_BACKFILL,P0,T,AT&T Inc.,SP500_SPELL_1304,FINANCIAL_BACKFILL_REQUIRED,PRIMARY_SEC_FINANCIAL_BACKFILL,,,False,,CURRENT_MEMBERSHIP_REPRESENTED_FINANCIALS_PENDING,Current membership is certified and now represented in the combined database. Financial values remain blank until primary-source financial data or safe lineage mapping is established.,https://www.spglobal.com/spdji/en/indices/equity/sp-500/,,,0,
CURRENT_COMPANY_FINANCIAL_BACKFILL,P0,ADSK,"Autodesk, Inc.",SP500_SPELL_1305,FINANCIAL_BACKFILL_REQUIRED,PRIMARY_SEC_FINANCIAL_BACKFILL,,,False,,CURRENT_MEMBERSHIP_REPRESENTED_FINANCIALS_PENDING,Current membership is certified and now represented in the combined database. Financial values remain blank until primary-source financial data or safe lineage mapping is established.,https://www.spglobal.com/spdji/en/indices/equity/sp-500/,,,0,
CURRENT_COMPANY_FINANCIAL_BACKFILL,P0,ADP,"Automatic Data Processing, Inc.",SP500_SPELL_1306,FINANCIAL_BACKFILL_REQUIRED,PRIMARY_SEC_FINANCIAL_BACKFILL,,,False,,CURRENT_MEMBERSHIP_REPRESENTED_FINANCIALS_PENDING,Current membership is certified and now represented in the combined database. Financial values remain blank until primary-source financial data or safe lineage mapping is established.,https://www.spglobal.com/spdji/en/indices/equity/sp-500/,,,0,
CURRENT_COMPANY_FINANCIAL_BACKFILL,P0,AVY,Avery Dennison Corporation,SP500_SPELL_1307,FINANCIAL_BACKFILL_REQUIRED,PRIMARY_SEC_FINANCIAL_BACKFILL,,,False,,CURRENT_MEMBERSHIP_REPRESENTED_FINANCIALS_PENDING,Current membership is certified and now represented in the combined database. Financial values remain blank until primary-source financial data or safe lineage mapping is established.,https://www.spglobal.com/spdji/en/indices/equity/sp-500/,,,0,
CURRENT_COMPANY_FINANCIAL_BACKFILL,P0,BAX,Baxter International Inc.,SP500_SPELL_1308,FINANCIAL_BACKFILL_REQUIRED,PRIMARY_SEC_FINANCIAL_BACKFILL,,,False,,CURRENT_MEMBERSHIP_REPRESENTED_FINANCIALS_PENDING,Current membership is certified and now represented in the combined database. Financial values remain blank until primary-source financial data or safe lineage mapping is established.,https://www.spglobal.com/spdji/en/indices/equity/sp-500/,,,0,
CURRENT_COMPANY_FINANCIAL_BACKFILL,P0,AXP,American Express Company,SP500_SPELL_1309,FINANCIAL_BACKFILL_REQUIRED,PRIMARY_SEC_FINANCIAL_BACKFILL,,,False,,CURRENT_MEMBERSHIP_REPRESENTED_FINANCIALS_PENDING,Current membership is certified and now represented in the combined database. Financial values remain blank until primary-source financial data or safe lineage mapping is established.,https://www.spglobal.com/spdji/en/indices/equity/sp-500/,,,0,
CURRENT_COMPANY_FINANCIAL_BACKFILL,P0,AMGN,Amgen Inc.,SP500_SPELL_1310,FINANCIAL_BACKFILL_REQUIRED,PRIMARY_SEC_FINANCIAL_BACKFILL,,,False,,CURRENT_MEMBERSHIP_REPRESENTED_FINANCIALS_PENDING,Current membership is certified and now represented in the combined database. Financial values remain blank until primary-source financial data or safe lineage mapping is established.,https://www.spglobal.com/spdji/en/indices/equity/sp-500/,,,0,
CURRENT_COMPANY_FINANCIAL_BACKFILL,P0,BAC,Bank of America Corporation,SP500_SPELL_1311,FINANCIAL_BACKFILL_REQUIRED,PRIMARY_SEC_FINANCIAL_BACKFILL,,,False,,CURRENT_MEMBERSHIP_REPRESENTED_FINANCIALS_PENDING,Current membership is certified and now represented in the combined database. Financial values remain blank until primary-source financial data or safe lineage mapping is established.,https://www.spglobal.com/spdji/en/indices/equity/sp-500/,,,0,
CURRENT_COMPANY_FINANCIAL_BACKFILL,P0,BDX,"Becton, Dickinson and Company",SP500_SPELL_1312,FINANCIAL_BACKFILL_REQUIRED,PRIMARY_SEC_FINANCIAL_BACKFILL,,,False,,CURRENT_MEMBERSHIP_REPRESENTED_FINANCIALS_PENDING,Current membership is certified and now represented in the combined database. Financial values remain blank until primary-source financial data or safe lineage mapping is established.,https://www.spglobal.com/spdji/en/indices/equity/sp-500/,,,0,
CURRENT_COMPANY_FINANCIAL_BACKFILL,P0,BA,The Boeing Company,SP500_SPELL_1313,FINANCIAL_BACKFILL_REQUIRED,PRIMARY_SEC_FINANCIAL_BACKFILL,,,False,,CURRENT_MEMBERSHIP_REPRESENTED_FINANCIALS_PENDING,Current membership is certified and now represented in the combined database. Financial values remain blank until primary-source financial data or safe lineage mapping is established.,https://www.spglobal.com/spdji/en/indices/equity/sp-500/,,,0,
CURRENT_COMPANY_FINANCIAL_BACKFILL,P0,BSX,Boston Scientific Corporation,SP500_SPELL_1314,FINANCIAL_BACKFILL_REQUIRED,PRIMARY_SEC_FINANCIAL_BACKFILL,,,False,,CURRENT_MEMBERSHIP_REPRESENTED_FINANCIALS_PENDING,Current membership is certified and now represented in the combined database. Financial values remain blank until primary-source financial data or safe lineage mapping is established.,https://www.spglobal.com/spdji/en/indices/equity/sp-500/,,,0,
CURRENT_COMPANY_FINANCIAL_BACKFILL,P0,BMY,Bristol-Myers Squibb Company,SP500_SPELL_1315,FINANCIAL_BACKFILL_REQUIRED,PRIMARY_SEC_FINANCIAL_BACKFILL,,,False,,CURRENT_MEMBERSHIP_REPRESENTED_FINANCIALS_PENDING,Current membership is certified and now represented in the combined database. Financial values remain blank until primary-source financial data or safe lineage mapping is established.,https://www.spglobal.com/spdji/en/indices/equity/sp-500/,,,0,
CURRENT_COMPANY_FINANCIAL_BACKFILL,P0,CAT,Caterpillar Inc.,SP500_SPELL_1316,FINANCIAL_BACKFILL_REQUIRED,PRIMARY_SEC_FINANCIAL_BACKFILL,,,False,,CURRENT_MEMBERSHIP_REPRESENTED_FINANCIALS_PENDING,Current membership is certified and now represented in the combined database. Financial values remain blank until primary-source financial data or safe lineage mapping is established.,https://www.spglobal.com/spdji/en/indices/equity/sp-500/,,,0,
CURRENT_COMPANY_FINANCIAL_BACKFILL,P0,CVX,Chevron Corporation,SP500_SPELL_1317,FINANCIAL_BACKFILL_REQUIRED,PRIMARY_SEC_FINANCIAL_BACKFILL,,,False,,CURRENT_MEMBERSHIP_REPRESENTED_FINANCIALS_PENDING,Current membership is certified and now represented in the combined database. Financial values remain blank until primary-source financial data or safe lineage mapping is established.,https://www.spglobal.com/spdji/en/indices/equity/sp-500/,,,0,
CURRENT_COMPANY_FINANCIAL_BACKFILL,P0,CSCO,"Cisco Systems, Inc.",SP500_SPELL_1318,FINANCIAL_BACKFILL_REQUIRED,PRIMARY_SEC_FINANCIAL_BACKFILL,,,False,,CURRENT_MEMBERSHIP_REPRESENTED_FINANCIALS_PENDING,Current membership is certified and now represented in the combined database. Financial values remain blank until primary-source financial data or safe lineage mapping is established.,https://www.spglobal.com/spdji/en/indices/equity/sp-500/,,,0,
CURRENT_COMPANY_FINANCIAL_BACKFILL,P0,C,Citigroup Inc.,SP500_SPELL_1319,FINANCIAL_BACKFILL_REQUIRED,PRIMARY_SEC_FINANCIAL_BACKFILL,,,False,,CURRENT_MEMBERSHIP_REPRESENTED_FINANCIALS_PENDING,Current membership is certified and now represented in the combined database. Financial values remain blank until primary-source financial data or safe lineage mapping is established.,https://www.spglobal.com/spdji/en/indices/equity/sp-500/,,,0,
CURRENT_COMPANY_FINANCIAL_BACKFILL,P0,CLX,The Clorox Company,SP500_SPELL_1320,FINANCIAL_BACKFILL_REQUIRED,PRIMARY_SEC_FINANCIAL_BACKFILL,,,False,,CURRENT_MEMBERSHIP_REPRESENTED_FINANCIALS_PENDING,Current membership is certified and now represented in the combined database. Financial values remain blank until primary-source financial data or safe lineage mapping is established.,https://www.spglobal.com/spdji/en/indices/equity/sp-500/,,,0,
CURRENT_COMPANY_FINANCIAL_BACKFILL,P0,KO,The Coca-Cola Company,SP500_SPELL_1321,FINANCIAL_BACKFILL_REQUIRED,PRIMARY_SEC_FINANCIAL_BACKFILL,,,False,,CURRENT_MEMBERSHIP_REPRESENTED_FINANCIALS_PENDING,Current membership is certified and now represented in the combined database. Financial values remain blank until primary-source financial data or safe lineage mapping is established.,https://www.spglobal.com/spdji/en/indices/equity/sp-500/,,,0,
CURRENT_COMPANY_FINANCIAL_BACKFILL,P0,CL,Colgate-Palmolive Company,SP500_SPELL_1322,FINANCIAL_BACKFILL_REQUIRED,PRIMARY_SEC_FINANCIAL_BACKFILL,,,False,,CURRENT_MEMBERSHIP_REPRESENTED_FINANCIALS_PENDING,Current membership is certified and now represented in the combined database. Financial values remain blank until primary-source financial data or safe lineage mapping is established.,https://www.spglobal.com/spdji/en/indices/equity/sp-500/,,,0,
CURRENT_COMPANY_FINANCIAL_BACKFILL,P0,GLW,Corning Incorporated,SP500_SPELL_1323,FINANCIAL_BACKFILL_REQUIRED,PRIMARY_SEC_FINANCIAL_BACKFILL,,,False,,CURRENT_MEMBERSHIP_REPRESENTED_FINANCIALS_PENDING,Current membership is certified and now represented in the combined database. Financial values remain blank until primary-source financial data or safe lineage mapping is established.,https://www.spglobal.com/spdji/en/indices/equity/sp-500/,,,0,
CURRENT_COMPANY_FINANCIAL_BACKFILL,P0,COST,Costco Wholesale Corporation,SP500_SPELL_1324,FINANCIAL_BACKFILL_REQUIRED,PRIMARY_SEC_FINANCIAL_BACKFILL,,,False,,CURRENT_MEMBERSHIP_REPRESENTED_FINANCIALS_PENDING,Current membership is certified and now represented in the combined database. Financial values remain blank until primary-source financial data or safe lineage mapping is established.,https://www.spglobal.com/spdji/en/indices/equity/sp-500/,,,0,
CURRENT_COMPANY_FINANCIAL_BACKFILL,P0,MO,"Altria Group, Inc.",SP500_SPELL_1325,FINANCIAL_BACKFILL_REQUIRED,PRIMARY_SEC_FINANCIAL_BACKFILL,,,False,,CURRENT_MEMBERSHIP_REPRESENTED_FINANCIALS_PENDING,Current membership is certified and now represented in the combined database. Financial values remain blank until primary-source financial data or safe lineage mapping is established.,https://www.spglobal.com/spdji/en/indices/equity/sp-500/,,,0,
CURRENT_COMPANY_FINANCIAL_BACKFILL,P0,CI,The Cigna Group,SP500_SPELL_1327,FINANCIAL_BACKFILL_REQUIRED,PRIMARY_SEC_FINANCIAL_BACKFILL,,,False,,CURRENT_MEMBERSHIP_REPRESENTED_FINANCIALS_PENDING,Current membership is certified and now represented in the combined database. Financial values remain blank until primary-source financial data or safe lineage mapping is established.,https://www.spglobal.com/spdji/en/indices/equity/sp-500/,,,0,
CURRENT_COMPANY_FINANCIAL_BACKFILL,P0,ED,"Consolidated Edison, Inc.",SP500_SPELL_1328,FINANCIAL_BACKFILL_REQUIRED,PRIMARY_SEC_FINANCIAL_BACKFILL,,,False,,CURRENT_MEMBERSHIP_REPRESENTED_FINANCIALS_PENDING,Current membership is certified and now represented in the combined database. Financial values remain blank until primary-source financial data or safe lineage mapping is established.,https://www.spglobal.com/spdji/en/indices/equity/sp-500/,,,0,
CURRENT_COMPANY_FINANCIAL_BACKFILL,P0,CSX,CSX Corporation,SP500_SPELL_1329,FINANCIAL_BACKFILL_REQUIRED,PRIMARY_SEC_FINANCIAL_BACKFILL,,,False,,CURRENT_MEMBERSHIP_REPRESENTED_FINANCIALS_PENDING,Current membership is certified and now represented in the combined database. Financial values remain blank until primary-source financial data or safe lineage mapping is established.,https://www.spglobal.com/spdji/en/indices/equity/sp-500/,,,0,
CURRENT_COMPANY_FINANCIAL_BACKFILL,P0,CMI,Cummins Inc.,SP500_SPELL_1330,FINANCIAL_BACKFILL_REQUIRED,PRIMARY_SEC_FINANCIAL_BACKFILL,,,False,,CURRENT_MEMBERSHIP_REPRESENTED_FINANCIALS_PENDING,Current membership is certified and now represented in the combined database. Financial values remain blank until primary-source financial data or safe lineage mapping is established.,https://www.spglobal.com/spdji/en/indices/equity/sp-500/,,,0,
CURRENT_COMPANY_FINANCIAL_BACKFILL,P0,CVS,CVS Health Corporation,SP500_SPELL_1331,FINANCIAL_BACKFILL_REQUIRED,PRIMARY_SEC_FINANCIAL_BACKFILL,,,False,,CURRENT_MEMBERSHIP_REPRESENTED_FINANCIALS_PENDING,Current membership is certified and now represented in the combined database. Financial values remain blank until primary-source financial data or safe lineage mapping is established.,https://www.spglobal.com/spdji/en/indices/equity/sp-500/,,,0,
CURRENT_COMPANY_FINANCIAL_BACKFILL,P0,DRI,"Darden Restaurants, Inc.",SP500_SPELL_1332,FINANCIAL_BACKFILL_REQUIRED,PRIMARY_SEC_FINANCIAL_BACKFILL,,,False,,CURRENT_MEMBERSHIP_REPRESENTED_FINANCIALS_PENDING,Current membership is certified and now represented in the combined database. Financial values remain blank until primary-source financial data or safe lineage mapping is established.,https://www.spglobal.com/spdji/en/indices/equity/sp-500/,,,0,
CURRENT_COMPANY_FINANCIAL_BACKFILL,P0,DE,Deere & Company,SP500_SPELL_1333,FINANCIAL_BACKFILL_REQUIRED,PRIMARY_SEC_FINANCIAL_BACKFILL,,,False,,CURRENT_MEMBERSHIP_REPRESENTED_FINANCIALS_PENDING,Current membership is certified and now represented in the combined database. Financial values remain blank until primary-source financial data or safe lineage mapping is established.,https://www.spglobal.com/spdji/en/indices/equity/sp-500/,,,0,
CURRENT_COMPANY_FINANCIAL_BACKFILL,P0,DOV,Dover Corporation,SP500_SPELL_1334,FINANCIAL_BACKFILL_REQUIRED,PRIMARY_SEC_FINANCIAL_BACKFILL,,,False,,CURRENT_MEMBERSHIP_REPRESENTED_FINANCIALS_PENDING,Current membership is certified and now represented in the combined database. Financial values remain blank until primary-source financial data or safe lineage mapping is established.,https://www.spglobal.com/spdji/en/indices/equity/sp-500/,,,0,
CURRENT_COMPANY_FINANCIAL_BACKFILL,P0,DTE,DTE Energy Company,SP500_SPELL_1335,FINANCIAL_BACKFILL_REQUIRED,PRIMARY_SEC_FINANCIAL_BACKFILL,,,False,,CURRENT_MEMBERSHIP_REPRESENTED_FINANCIALS_PENDING,Current membership is certified and now represented in the combined database. Financial values remain blank until primary-source financial data or safe lineage mapping is established.,https://www.spglobal.com/spdji/en/indices/equity/sp-500/,,,0,
CURRENT_COMPANY_FINANCIAL_BACKFILL,P0,ECL,Ecolab Inc.,SP500_SPELL_1336,FINANCIAL_BACKFILL_REQUIRED,PRIMARY_SEC_FINANCIAL_BACKFILL,,,False,,CURRENT_MEMBERSHIP_REPRESENTED_FINANCIALS_PENDING,Current membership is certified and now represented in the combined database. Financial values remain blank until primary-source financial data or safe lineage mapping is established.,https://www.spglobal.com/spdji/en/indices/equity/sp-500/,,,0,
CURRENT_COMPANY_FINANCIAL_BACKFILL,P0,EIX,Edison International,SP500_SPELL_1337,FINANCIAL_BACKFILL_REQUIRED,PRIMARY_SEC_FINANCIAL_BACKFILL,,,False,,CURRENT_MEMBERSHIP_REPRESENTED_FINANCIALS_PENDING,Current membership is certified and now represented in the combined database. Financial values remain blank until primary-source financial data or safe lineage mapping is established.,https://www.spglobal.com/spdji/en/indices/equity/sp-500/,,,0,
CURRENT_COMPANY_FINANCIAL_BACKFILL,P0,EMR,Emerson Electric Co.,SP500_SPELL_1338,FINANCIAL_BACKFILL_REQUIRED,PRIMARY_SEC_FINANCIAL_BACKFILL,,,False,,CURRENT_MEMBERSHIP_REPRESENTED_FINANCIALS_PENDING,Current membership is certified and now represented in the combined database. Financial values remain blank until primary-source financial data or safe lineage mapping is established.,https://www.spglobal.com/spdji/en/indices/equity/sp-500/,,,0,
CURRENT_COMPANY_FINANCIAL_BACKFILL,P0,ETR,Entergy Corporation,SP500_SPELL_1339,FINANCIAL_BACKFILL_REQUIRED,PRIMARY_SEC_FINANCIAL_BACKFILL,,,False,,CURRENT_MEMBERSHIP_REPRESENTED_FINANCIALS_PENDING,Current membership is certified and now represented in the combined database. Financial values remain blank until primary-source financial data or safe lineage mapping is established.,https://www.spglobal.com/spdji/en/indices/equity/sp-500/,,,0,
CURRENT_COMPANY_FINANCIAL_BACKFILL,P0,F,Ford Motor Company,SP500_SPELL_1340,FINANCIAL_BACKFILL_REQUIRED,PRIMARY_SEC_FINANCIAL_BACKFILL,,,False,,CURRENT_MEMBERSHIP_REPRESENTED_FINANCIALS_PENDING,Current membership is certified and now represented in the combined database. Financial values remain blank until primary-source financial data or safe lineage mapping is established.,https://www.spglobal.com/spdji/en/indices/equity/sp-500/,,,0,
CURRENT_COMPANY_FINANCIAL_BACKFILL,P0,GE,General Electric Company,SP500_SPELL_1341,FINANCIAL_BACKFILL_REQUIRED,PRIMARY_SEC_FINANCIAL_BACKFILL,,,False,,CURRENT_MEMBERSHIP_REPRESENTED_FINANCIALS_PENDING,Current membership is certified and now represented in the combined database. Financial values remain blank until primary-source financial data or safe lineage mapping is established.,https://www.spglobal.com/spdji/en/indices/equity/sp-500/,,,0,
CURRENT_COMPANY_FINANCIAL_BACKFILL,P0,GD,General Dynamics Corporation,SP500_SPELL_1342,FINANCIAL_BACKFILL_REQUIRED,PRIMARY_SEC_FINANCIAL_BACKFILL,,,False,,CURRENT_MEMBERSHIP_REPRESENTED_FINANCIALS_PENDING,Current membership is certified and now represented in the combined database. Financial values remain blank until primary-source financial data or safe lineage mapping is established.,https://www.spglobal.com/spdji/en/indices/equity/sp-500/,,,0,
CURRENT_COMPANY_FINANCIAL_BACKFILL,P0,GIS,"General Mills, Inc.",SP500_SPELL_1343,FINANCIAL_BACKFILL_REQUIRED,PRIMARY_SEC_FINANCIAL_BACKFILL,,,False,,CURRENT_MEMBERSHIP_REPRESENTED_FINANCIALS_PENDING,Current membership is certified and now represented in the combined database. Financial values remain blank until primary-source financial data or safe lineage mapping is established.,https://www.spglobal.com/spdji/en/indices/equity/sp-500/,,,0,
CURRENT_COMPANY_FINANCIAL_BACKFILL,P0,HAL,Halliburton Company,SP500_SPELL_1344,FINANCIAL_BACKFILL_REQUIRED,PRIMARY_SEC_FINANCIAL_BACKFILL,,,False,,CURRENT_MEMBERSHIP_REPRESENTED_FINANCIALS_PENDING,Current membership is certified and now represented in the combined database. Financial values remain blank until primary-source financial data or safe lineage mapping is established.,https://www.spglobal.com/spdji/en/indices/equity/sp-500/,,,0,
CURRENT_COMPANY_FINANCIAL_BACKFILL,P0,HAS,"Hasbro, Inc.",SP500_SPELL_1345,FINANCIAL_BACKFILL_REQUIRED,PRIMARY_SEC_FINANCIAL_BACKFILL,,,False,,CURRENT_MEMBERSHIP_REPRESENTED_FINANCIALS_PENDING,Current membership is certified and now represented in the combined database. Financial values remain blank until primary-source financial data or safe lineage mapping is established.,https://www.spglobal.com/spdji/en/indices/equity/sp-500/,,,0,
CURRENT_COMPANY_FINANCIAL_BACKFILL,P0,HSY,The Hershey Company,SP500_SPELL_1346,FINANCIAL_BACKFILL_REQUIRED,PRIMARY_SEC_FINANCIAL_BACKFILL,,,False,,CURRENT_MEMBERSHIP_REPRESENTED_FINANCIALS_PENDING,Current membership is certified and now represented in the combined database. Financial values remain blank until primary-source financial data or safe lineage mapping is established.,https://www.spglobal.com/spdji/en/indices/equity/sp-500/,,,0,
CURRENT_COMPANY_FINANCIAL_BACKFILL,P0,HD,"The Home Depot, Inc.",SP500_SPELL_1347,FINANCIAL_BACKFILL_REQUIRED,PRIMARY_SEC_FINANCIAL_BACKFILL,,,False,,CURRENT_MEMBERSHIP_REPRESENTED_FINANCIALS_PENDING,Current membership is certified and now represented in the combined database. Financial values remain blank until primary-source financial data or safe lineage mapping is established.,https://www.spglobal.com/spdji/en/indices/equity/sp-500/,,,0,
CURRENT_COMPANY_FINANCIAL_BACKFILL,P0,IBM,International Business Machines Corporation,SP500_SPELL_1348,FINANCIAL_BACKFILL_REQUIRED,PRIMARY_SEC_FINANCIAL_BACKFILL,,,False,,CURRENT_MEMBERSHIP_REPRESENTED_FINANCIALS_PENDING,Current membership is certified and now represented in the combined database. Financial values remain blank until primary-source financial data or safe lineage mapping is established.,https://www.spglobal.com/spdji/en/indices/equity/sp-500/,,,0,
CURRENT_COMPANY_FINANCIAL_BACKFILL,P0,ITW,Illinois Tool Works Inc.,SP500_SPELL_1349,FINANCIAL_BACKFILL_REQUIRED,PRIMARY_SEC_FINANCIAL_BACKFILL,,,False,,CURRENT_MEMBERSHIP_REPRESENTED_FINANCIALS_PENDING,Current membership is certified and now represented in the combined database. Financial values remain blank until primary-source financial data or safe lineage mapping is established.,https://www.spglobal.com/spdji/en/indices/equity/sp-500/,,,0,
CURRENT_COMPANY_FINANCIAL_BACKFILL,P0,INTC,Intel Corporation,SP500_SPELL_1350,FINANCIAL_BACKFILL_REQUIRED,PRIMARY_SEC_FINANCIAL_BACKFILL,,,False,,CURRENT_MEMBERSHIP_REPRESENTED_FINANCIALS_PENDING,Current membership is certified and now represented in the combined database. Financial values remain blank until primary-source financial data or safe lineage mapping is established.,https://www.spglobal.com/spdji/en/indices/equity/sp-500/,,,0,
CURRENT_COMPANY_FINANCIAL_BACKFILL,P0,IFF,International Flavors & Fragrances Inc.,SP500_SPELL_1351,FINANCIAL_BACKFILL_REQUIRED,PRIMARY_SEC_FINANCIAL_BACKFILL,,,False,,CURRENT_MEMBERSHIP_REPRESENTED_FINANCIALS_PENDING,Current membership is certified and now represented in the combined database. Financial values remain blank until primary-source financial data or safe lineage mapping is established.,https://www.spglobal.com/spdji/en/indices/equity/sp-500/,,,0,
CURRENT_COMPANY_FINANCIAL_BACKFILL,P0,IP,International Paper Company,SP500_SPELL_1352,FINANCIAL_BACKFILL_REQUIRED,PRIMARY_SEC_FINANCIAL_BACKFILL,,,False,,CURRENT_MEMBERSHIP_REPRESENTED_FINANCIALS_PENDING,Current membership is certified and now represented in the combined database. Financial values remain blank until primary-source financial data or safe lineage mapping is established.,https://www.spglobal.com/spdji/en/indices/equity/sp-500/,,,0,
CURRENT_COMPANY_FINANCIAL_BACKFILL,P0,JNJ,Johnson & Johnson,SP500_SPELL_1353,FINANCIAL_BACKFILL_REQUIRED,PRIMARY_SEC_FINANCIAL_BACKFILL,,,False,,CURRENT_MEMBERSHIP_REPRESENTED_FINANCIALS_PENDING,Current membership is certified and now represented in the combined database. Financial values remain blank until primary-source financial data or safe lineage mapping is established.,https://www.spglobal.com/spdji/en/indices/equity/sp-500/,,,0,
CURRENT_COMPANY_FINANCIAL_BACKFILL,P0,KEY,KeyCorp,SP500_SPELL_1354,FINANCIAL_BACKFILL_REQUIRED,PRIMARY_SEC_FINANCIAL_BACKFILL,,,False,,CURRENT_MEMBERSHIP_REPRESENTED_FINANCIALS_PENDING,Current membership is certified and now represented in the combined database. Financial values remain blank until primary-source financial data or safe lineage mapping is established.,https://www.spglobal.com/spdji/en/indices/equity/sp-500/,,,0,
CURRENT_COMPANY_FINANCIAL_BACKFILL,P0,KMB,Kimberly-Clark Corporation,SP500_SPELL_1355,FINANCIAL_BACKFILL_REQUIRED,PRIMARY_SEC_FINANCIAL_BACKFILL,,,False,,CURRENT_MEMBERSHIP_REPRESENTED_FINANCIALS_PENDING,Current membership is certified and now represented in the combined database. Financial values remain blank until primary-source financial data or safe lineage mapping is established.,https://www.spglobal.com/spdji/en/indices/equity/sp-500/,,,0,
CURRENT_COMPANY_FINANCIAL_BACKFILL,P0,KLAC,KLA Corporation,SP500_SPELL_1356,FINANCIAL_BACKFILL_REQUIRED,PRIMARY_SEC_FINANCIAL_BACKFILL,,,False,,CURRENT_MEMBERSHIP_REPRESENTED_FINANCIALS_PENDING,Current membership is certified and now represented in the combined database. Financial values remain blank until primary-source financial data or safe lineage mapping is established.,https://www.spglobal.com/spdji/en/indices/equity/sp-500/,,,0,
CURRENT_COMPANY_FINANCIAL_BACKFILL,P0,KR,The Kroger Co.,SP500_SPELL_1357,FINANCIAL_BACKFILL_REQUIRED,PRIMARY_SEC_FINANCIAL_BACKFILL,,,False,,CURRENT_MEMBERSHIP_REPRESENTED_FINANCIALS_PENDING,Current membership is certified and now represented in the combined database. Financial values remain blank until primary-source financial data or safe lineage mapping is established.,https://www.spglobal.com/spdji/en/indices/equity/sp-500/,,,0,
CURRENT_COMPANY_FINANCIAL_BACKFILL,P0,LLY,Eli Lilly and Company,SP500_SPELL_1358,FINANCIAL_BACKFILL_REQUIRED,PRIMARY_SEC_FINANCIAL_BACKFILL,,,False,,CURRENT_MEMBERSHIP_REPRESENTED_FINANCIALS_PENDING,Current membership is certified and now represented in the combined database. Financial values remain blank until primary-source financial data or safe lineage mapping is established.,https://www.spglobal.com/spdji/en/indices/equity/sp-500/,,,0,
CURRENT_COMPANY_FINANCIAL_BACKFILL,P0,LOW,"Lowe's Companies, Inc.",SP500_SPELL_1359,FINANCIAL_BACKFILL_REQUIRED,PRIMARY_SEC_FINANCIAL_BACKFILL,,,False,,CURRENT_MEMBERSHIP_REPRESENTED_FINANCIALS_PENDING,Current membership is certified and now represented in the combined database. Financial values remain blank until primary-source financial data or safe lineage mapping is established.,https://www.spglobal.com/spdji/en/indices/equity/sp-500/,,,0,
CURRENT_COMPANY_FINANCIAL_BACKFILL,P0,MAR,"Marriott International, Inc.",SP500_SPELL_1360,FINANCIAL_BACKFILL_REQUIRED,PRIMARY_SEC_FINANCIAL_BACKFILL,,,False,,CURRENT_MEMBERSHIP_REPRESENTED_FINANCIALS_PENDING,Current membership is certified and now represented in the combined database. Financial values remain blank until primary-source financial data or safe lineage mapping is established.,https://www.spglobal.com/spdji/en/indices/equity/sp-500/,,,0,
CURRENT_COMPANY_FINANCIAL_BACKFILL,P0,MAS,Masco Corporation,SP500_SPELL_1361,FINANCIAL_BACKFILL_REQUIRED,PRIMARY_SEC_FINANCIAL_BACKFILL,,,False,,CURRENT_MEMBERSHIP_REPRESENTED_FINANCIALS_PENDING,Current membership is certified and now represented in the combined database. Financial values remain blank until primary-source financial data or safe lineage mapping is established.,https://www.spglobal.com/spdji/en/indices/equity/sp-500/,,,0,
CURRENT_COMPANY_FINANCIAL_BACKFILL,P0,MCD,McDonald's Corporation,SP500_SPELL_1362,FINANCIAL_BACKFILL_REQUIRED,PRIMARY_SEC_FINANCIAL_BACKFILL,,,False,,CURRENT_MEMBERSHIP_REPRESENTED_FINANCIALS_PENDING,Current membership is certified and now represented in the combined database. Financial values remain blank until primary-source financial data or safe lineage mapping is established.,https://www.spglobal.com/spdji/en/indices/equity/sp-500/,,,0,
CURRENT_COMPANY_FINANCIAL_BACKFILL,P0,MU,"Micron Technology, Inc.",SP500_SPELL_1363,FINANCIAL_BACKFILL_REQUIRED,PRIMARY_SEC_FINANCIAL_BACKFILL,,,False,,CURRENT_MEMBERSHIP_REPRESENTED_FINANCIALS_PENDING,Current membership is certified and now represented in the combined database. Financial values remain blank until primary-source financial data or safe lineage mapping is established.,https://www.spglobal.com/spdji/en/indices/equity/sp-500/,,,0,
CURRENT_COMPANY_FINANCIAL_BACKFILL,P0,MSFT,Microsoft Corporation,SP500_SPELL_1364,FINANCIAL_BACKFILL_REQUIRED,PRIMARY_SEC_FINANCIAL_BACKFILL,,,False,,CURRENT_MEMBERSHIP_REPRESENTED_FINANCIALS_PENDING,Current membership is certified and now represented in the combined database. Financial values remain blank until primary-source financial data or safe lineage mapping is established.,https://www.spglobal.com/spdji/en/indices/equity/sp-500/,,,0,
CURRENT_COMPANY_FINANCIAL_BACKFILL,P0,MS,Morgan Stanley,SP500_SPELL_1365,FINANCIAL_BACKFILL_REQUIRED,PRIMARY_SEC_FINANCIAL_BACKFILL,,,False,,CURRENT_MEMBERSHIP_REPRESENTED_FINANCIALS_PENDING,Current membership is certified and now represented in the combined database. Financial values remain blank until primary-source financial data or safe lineage mapping is established.,https://www.spglobal.com/spdji/en/indices/equity/sp-500/,,,0,
CURRENT_COMPANY_FINANCIAL_BACKFILL,P0,MSI,"Motorola Solutions, Inc.",SP500_SPELL_1366,FINANCIAL_BACKFILL_REQUIRED,PRIMARY_SEC_FINANCIAL_BACKFILL,,,False,,CURRENT_MEMBERSHIP_REPRESENTED_FINANCIALS_PENDING,Current membership is certified and now represented in the combined database. Financial values remain blank until primary-source financial data or safe lineage mapping is established.,https://www.spglobal.com/spdji/en/indices/equity/sp-500/,,,0,
CURRENT_COMPANY_FINANCIAL_BACKFILL,P0,NEE,"NextEra Energy, Inc.",SP500_SPELL_1367,FINANCIAL_BACKFILL_REQUIRED,PRIMARY_SEC_FINANCIAL_BACKFILL,,,False,,CURRENT_MEMBERSHIP_REPRESENTED_FINANCIALS_PENDING,Current membership is certified and now represented in the combined database. Financial values remain blank until primary-source financial data or safe lineage mapping is established.,https://www.spglobal.com/spdji/en/indices/equity/sp-500/,,,0,
CURRENT_COMPANY_FINANCIAL_BACKFILL,P0,NKE,"NIKE, Inc.",SP500_SPELL_1368,FINANCIAL_BACKFILL_REQUIRED,PRIMARY_SEC_FINANCIAL_BACKFILL,,,False,,CURRENT_MEMBERSHIP_REPRESENTED_FINANCIALS_PENDING,Current membership is certified and now represented in the combined database. Financial values remain blank until primary-source financial data or safe lineage mapping is established.,https://www.spglobal.com/spdji/en/indices/equity/sp-500/,,,0,
CURRENT_COMPANY_FINANCIAL_BACKFILL,P0,NUE,Nucor Corporation,SP500_SPELL_1369,FINANCIAL_BACKFILL_REQUIRED,PRIMARY_SEC_FINANCIAL_BACKFILL,,,False,,CURRENT_MEMBERSHIP_REPRESENTED_FINANCIALS_PENDING,Current membership is certified and now represented in the combined database. Financial values remain blank until primary-source financial data or safe lineage mapping is established.,https://www.spglobal.com/spdji/en/indices/equity/sp-500/,,,0,
CURRENT_COMPANY_FINANCIAL_BACKFILL,P0,OXY,Occidental Petroleum Corporation,SP500_SPELL_1370,FINANCIAL_BACKFILL_REQUIRED,PRIMARY_SEC_FINANCIAL_BACKFILL,,,False,,CURRENT_MEMBERSHIP_REPRESENTED_FINANCIALS_PENDING,Current membership is certified and now represented in the combined database. Financial values remain blank until primary-source financial data or safe lineage mapping is established.,https://www.spglobal.com/spdji/en/indices/equity/sp-500/,,,0,
CURRENT_COMPANY_FINANCIAL_BACKFILL,P0,PCAR,PACCAR Inc,SP500_SPELL_1371,FINANCIAL_BACKFILL_REQUIRED,PRIMARY_SEC_FINANCIAL_BACKFILL,,,False,,CURRENT_MEMBERSHIP_REPRESENTED_FINANCIALS_PENDING,Current membership is certified and now represented in the combined database. Financial values remain blank until primary-source financial data or safe lineage mapping is established.,https://www.spglobal.com/spdji/en/indices/equity/sp-500/,,,0,
CURRENT_COMPANY_FINANCIAL_BACKFILL,P0,PH,Parker-Hannifin Corporation,SP500_SPELL_1372,FINANCIAL_BACKFILL_REQUIRED,PRIMARY_SEC_FINANCIAL_BACKFILL,,,False,,CURRENT_MEMBERSHIP_REPRESENTED_FINANCIALS_PENDING,Current membership is certified and now represented in the combined database. Financial values remain blank until primary-source financial data or safe lineage mapping is established.,https://www.spglobal.com/spdji/en/indices/equity/sp-500/,,,0,
CURRENT_COMPANY_FINANCIAL_BACKFILL,P0,PEP,"PepsiCo, Inc.",SP500_SPELL_1373,FINANCIAL_BACKFILL_REQUIRED,PRIMARY_SEC_FINANCIAL_BACKFILL,,,False,,CURRENT_MEMBERSHIP_REPRESENTED_FINANCIALS_PENDING,Current membership is certified and now represented in the combined database. Financial values remain blank until primary-source financial data or safe lineage mapping is established.,https://www.spglobal.com/spdji/en/indices/equity/sp-500/,,,0,
CURRENT_COMPANY_FINANCIAL_BACKFILL,P0,PFE,Pfizer Inc.,SP500_SPELL_1374,FINANCIAL_BACKFILL_REQUIRED,PRIMARY_SEC_FINANCIAL_BACKFILL,,,False,,CURRENT_MEMBERSHIP_REPRESENTED_FINANCIALS_PENDING,Current membership is certified and now represented in the combined database. Financial values remain blank until primary-source financial data or safe lineage mapping is established.,https://www.spglobal.com/spdji/en/indices/equity/sp-500/,,,0,
CURRENT_COMPANY_FINANCIAL_BACKFILL,P0,PNC,"The PNC Financial Services Group, Inc.",SP500_SPELL_1375,FINANCIAL_BACKFILL_REQUIRED,PRIMARY_SEC_FINANCIAL_BACKFILL,,,False,,CURRENT_MEMBERSHIP_REPRESENTED_FINANCIALS_PENDING,Current membership is certified and now represented in the combined database. Financial values remain blank until primary-source financial data or safe lineage mapping is established.,https://www.spglobal.com/spdji/en/indices/equity/sp-500/,,,0,
CURRENT_COMPANY_FINANCIAL_BACKFILL,P0,SO,The Southern Company,SP500_SPELL_1376,FINANCIAL_BACKFILL_REQUIRED,PRIMARY_SEC_FINANCIAL_BACKFILL,,,False,,CURRENT_MEMBERSHIP_REPRESENTED_FINANCIALS_PENDING,Current membership is certified and now represented in the combined database. Financial values remain blank until primary-source financial data or safe lineage mapping is established.,https://www.spglobal.com/spdji/en/indices/equity/sp-500/,,,0,
CURRENT_COMPANY_FINANCIAL_BACKFILL,P0,LUV,Southwest Airlines Co.,SP500_SPELL_1377,FINANCIAL_BACKFILL_REQUIRED,PRIMARY_SEC_FINANCIAL_BACKFILL,,,False,,CURRENT_MEMBERSHIP_REPRESENTED_FINANCIALS_PENDING,Current membership is certified and now represented in the combined database. Financial values remain blank until primary-source financial data or safe lineage mapping is established.,https://www.spglobal.com/spdji/en/indices/equity/sp-500/,,,0,
CURRENT_COMPANY_FINANCIAL_BACKFILL,P0,SWK,"Stanley Black & Decker, Inc.",SP500_SPELL_1378,FINANCIAL_BACKFILL_REQUIRED,PRIMARY_SEC_FINANCIAL_BACKFILL,,,False,,CURRENT_MEMBERSHIP_REPRESENTED_FINANCIALS_PENDING,Current membership is certified and now represented in the combined database. Financial values remain blank until primary-source financial data or safe lineage mapping is established.,https://www.spglobal.com/spdji/en/indices/equity/sp-500/,,,0,
CURRENT_COMPANY_FINANCIAL_BACKFILL,P0,SYY,Sysco Corporation,SP500_SPELL_1379,FINANCIAL_BACKFILL_REQUIRED,PRIMARY_SEC_FINANCIAL_BACKFILL,,,False,,CURRENT_MEMBERSHIP_REPRESENTED_FINANCIALS_PENDING,Current membership is certified and now represented in the combined database. Financial values remain blank until primary-source financial data or safe lineage mapping is established.,https://www.spglobal.com/spdji/en/indices/equity/sp-500/,,,0,
CURRENT_COMPANY_FINANCIAL_BACKFILL,P0,TGT,Target Corporation,SP500_SPELL_1380,FINANCIAL_BACKFILL_REQUIRED,PRIMARY_SEC_FINANCIAL_BACKFILL,,,False,,CURRENT_MEMBERSHIP_REPRESENTED_FINANCIALS_PENDING,Current membership is certified and now represented in the combined database. Financial values remain blank until primary-source financial data or safe lineage mapping is established.,https://www.spglobal.com/spdji/en/indices/equity/sp-500/,,,0,
CURRENT_COMPANY_FINANCIAL_BACKFILL,P0,TXT,Textron Inc.,SP500_SPELL_1381,FINANCIAL_BACKFILL_REQUIRED,PRIMARY_SEC_FINANCIAL_BACKFILL,,,False,,CURRENT_MEMBERSHIP_REPRESENTED_FINANCIALS_PENDING,Current membership is certified and now represented in the combined database. Financial values remain blank until primary-source financial data or safe lineage mapping is established.,https://www.spglobal.com/spdji/en/indices/equity/sp-500/,,,0,
CURRENT_COMPANY_FINANCIAL_BACKFILL,P0,TJX,"The TJX Companies, Inc.",SP500_SPELL_1382,FINANCIAL_BACKFILL_REQUIRED,PRIMARY_SEC_FINANCIAL_BACKFILL,,,False,,CURRENT_MEMBERSHIP_REPRESENTED_FINANCIALS_PENDING,Current membership is certified and now represented in the combined database. Financial values remain blank until primary-source financial data or safe lineage mapping is established.,https://www.spglobal.com/spdji/en/indices/equity/sp-500/,,,0,
CURRENT_COMPANY_FINANCIAL_BACKFILL,P0,GWW,"W.W. Grainger, Inc.",SP500_SPELL_1383,FINANCIAL_BACKFILL_REQUIRED,PRIMARY_SEC_FINANCIAL_BACKFILL,,,False,,CURRENT_MEMBERSHIP_REPRESENTED_FINANCIALS_PENDING,Current membership is certified and now represented in the combined database. Financial values remain blank until primary-source financial data or safe lineage mapping is established.,https://www.spglobal.com/spdji/en/indices/equity/sp-500/,,,0,
CURRENT_COMPANY_FINANCIAL_BACKFILL,P0,FE,FirstEnergy Corp.,SP500_SPELL_1384,FINANCIAL_BACKFILL_REQUIRED,PRIMARY_SEC_FINANCIAL_BACKFILL,,,False,,CURRENT_MEMBERSHIP_REPRESENTED_FINANCIALS_PENDING,Current membership is certified and now represented in the combined database. Financial values remain blank until primary-source financial data or safe lineage mapping is established.,https://www.spglobal.com/spdji/en/indices/equity/sp-500/,,,0,
CURRENT_COMPANY_FINANCIAL_BACKFILL,P0,GPC,Genuine Parts Company,SP500_SPELL_1385,FINANCIAL_BACKFILL_REQUIRED,PRIMARY_SEC_FINANCIAL_BACKFILL,,,False,,CURRENT_MEMBERSHIP_REPRESENTED_FINANCIALS_PENDING,Current membership is certified and now represented in the combined database. Financial values remain blank until primary-source financial data or safe lineage mapping is established.,https://www.spglobal.com/spdji/en/indices/equity/sp-500/,,,0,
CURRENT_COMPANY_FINANCIAL_BACKFILL,P0,HPQ,HP Inc.,SP500_SPELL_1386,FINANCIAL_BACKFILL_REQUIRED,PRIMARY_SEC_FINANCIAL_BACKFILL,,,False,,CURRENT_MEMBERSHIP_REPRESENTED_FINANCIALS_PENDING,Current membership is certified and now represented in the combined database. Financial values remain blank until primary-source financial data or safe lineage mapping is established.,https://www.spglobal.com/spdji/en/indices/equity/sp-500/,,,0,
CURRENT_COMPANY_FINANCIAL_BACKFILL,P0,JPM,JPMorgan Chase & Co.,SP500_SPELL_1387,FINANCIAL_BACKFILL_REQUIRED,PRIMARY_SEC_FINANCIAL_BACKFILL,,,False,,CURRENT_MEMBERSHIP_REPRESENTED_FINANCIALS_PENDING,Current membership is certified and now represented in the combined database. Financial values remain blank until primary-source financial data or safe lineage mapping is established.,https://www.spglobal.com/spdji/en/indices/equity/sp-500/,,,0,
CURRENT_COMPANY_FINANCIAL_BACKFILL,P0,LMT,Lockheed Martin Corporation,SP500_SPELL_1388,FINANCIAL_BACKFILL_REQUIRED,PRIMARY_SEC_FINANCIAL_BACKFILL,,,False,,CURRENT_MEMBERSHIP_REPRESENTED_FINANCIALS_PENDING,Current membership is certified and now represented in the combined database. Financial values remain blank until primary-source financial data or safe lineage mapping is established.,https://www.spglobal.com/spdji/en/indices/equity/sp-500/,,,0,
CURRENT_COMPANY_FINANCIAL_BACKFILL,P0,TAP,Molson Coors Beverage Company,SP500_SPELL_1389,FINANCIAL_BACKFILL_REQUIRED,PRIMARY_SEC_FINANCIAL_BACKFILL,,,False,,CURRENT_MEMBERSHIP_REPRESENTED_FINANCIALS_PENDING,Current membership is certified and now represented in the combined database. Financial values remain blank until primary-source financial data or safe lineage mapping is established.,https://www.spglobal.com/spdji/en/indices/equity/sp-500/,,,0,
CURRENT_COMPANY_FINANCIAL_BACKFILL,P0,PPG,"PPG Industries, Inc.",SP500_SPELL_1390,FINANCIAL_BACKFILL_REQUIRED,PRIMARY_SEC_FINANCIAL_BACKFILL,,,False,,CURRENT_MEMBERSHIP_REPRESENTED_FINANCIALS_PENDING,Current membership is certified and now represented in the combined database. Financial values remain blank until primary-source financial data or safe lineage mapping is established.,https://www.spglobal.com/spdji/en/indices/equity/sp-500/,,,0,
CURRENT_COMPANY_FINANCIAL_BACKFILL,P0,PG,The Procter & Gamble Company,SP500_SPELL_1391,FINANCIAL_BACKFILL_REQUIRED,PRIMARY_SEC_FINANCIAL_BACKFILL,,,False,,CURRENT_MEMBERSHIP_REPRESENTED_FINANCIALS_PENDING,Current membership is certified and now represented in the combined database. Financial values remain blank until primary-source financial data or safe lineage mapping is established.,https://www.spglobal.com/spdji/en/indices/equity/sp-500/,,,0,
CURRENT_COMPANY_FINANCIAL_BACKFILL,P0,PEG,Public Service Enterprise Group Incorporated,SP500_SPELL_1392,FINANCIAL_BACKFILL_REQUIRED,PRIMARY_SEC_FINANCIAL_BACKFILL,,,False,,CURRENT_MEMBERSHIP_REPRESENTED_FINANCIALS_PENDING,Current membership is certified and now represented in the combined database. Financial values remain blank until primary-source financial data or safe lineage mapping is established.,https://www.spglobal.com/spdji/en/indices/equity/sp-500/,,,0,
CURRENT_COMPANY_FINANCIAL_BACKFILL,P0,PHM,"PulteGroup, Inc.",SP500_SPELL_1393,FINANCIAL_BACKFILL_REQUIRED,PRIMARY_SEC_FINANCIAL_BACKFILL,,,False,,CURRENT_MEMBERSHIP_REPRESENTED_FINANCIALS_PENDING,Current membership is certified and now represented in the combined database. Financial values remain blank until primary-source financial data or safe lineage mapping is established.,https://www.spglobal.com/spdji/en/indices/equity/sp-500/,,,0,
CURRENT_COMPANY_FINANCIAL_BACKFILL,P0,SPGI,S&P Global Inc.,SP500_SPELL_1394,FINANCIAL_BACKFILL_REQUIRED,PRIMARY_SEC_FINANCIAL_BACKFILL,,,False,,CURRENT_MEMBERSHIP_REPRESENTED_FINANCIALS_PENDING,Current membership is certified and now represented in the combined database. Financial values remain blank until primary-source financial data or safe lineage mapping is established.,https://www.spglobal.com/spdji/en/indices/equity/sp-500/,,,0,
CURRENT_COMPANY_FINANCIAL_BACKFILL,P0,SHW,The Sherwin-Williams Company,SP500_SPELL_1395,FINANCIAL_BACKFILL_REQUIRED,PRIMARY_SEC_FINANCIAL_BACKFILL,,,False,,CURRENT_MEMBERSHIP_REPRESENTED_FINANCIALS_PENDING,Current membership is certified and now represented in the combined database. Financial values remain blank until primary-source financial data or safe lineage mapping is established.,https://www.spglobal.com/spdji/en/indices/equity/sp-500/,,,0,
CURRENT_COMPANY_FINANCIAL_BACKFILL,P0,SNA,Snap-on Incorporated,SP500_SPELL_1396,FINANCIAL_BACKFILL_REQUIRED,PRIMARY_SEC_FINANCIAL_BACKFILL,,,False,,CURRENT_MEMBERSHIP_REPRESENTED_FINANCIALS_PENDING,Current membership is certified and now represented in the combined database. Financial values remain blank until primary-source financial data or safe lineage mapping is established.,https://www.spglobal.com/spdji/en/indices/equity/sp-500/,,,0,
CURRENT_COMPANY_FINANCIAL_BACKFILL,P0,NSC,Norfolk Southern Corporation,SP500_SPELL_1397,FINANCIAL_BACKFILL_REQUIRED,PRIMARY_SEC_FINANCIAL_BACKFILL,,,False,,CURRENT_MEMBERSHIP_REPRESENTED_FINANCIALS_PENDING,Current membership is certified and now represented in the combined database. Financial values remain blank until primary-source financial data or safe lineage mapping is established.,https://www.spglobal.com/spdji/en/indices/equity/sp-500/,,,0,
CURRENT_COMPANY_FINANCIAL_BACKFILL,P0,SLB,Schlumberger Limited,SP500_SPELL_1398,FINANCIAL_BACKFILL_REQUIRED,PRIMARY_SEC_FINANCIAL_BACKFILL,,,False,,CURRENT_MEMBERSHIP_REPRESENTED_FINANCIALS_PENDING,Current membership is certified and now represented in the combined database. Financial values remain blank until primary-source financial data or safe lineage mapping is established.,https://www.spglobal.com/spdji/en/indices/equity/sp-500/,,,0,
CURRENT_COMPANY_FINANCIAL_BACKFILL,P0,UNP,Union Pacific Corporation,SP500_SPELL_1399,FINANCIAL_BACKFILL_REQUIRED,PRIMARY_SEC_FINANCIAL_BACKFILL,,,False,,CURRENT_MEMBERSHIP_REPRESENTED_FINANCIALS_PENDING,Current membership is certified and now represented in the combined database. Financial values remain blank until primary-source financial data or safe lineage mapping is established.,https://www.spglobal.com/spdji/en/indices/equity/sp-500/,,,0,
CURRENT_COMPANY_FINANCIAL_BACKFILL,P0,UNH,UnitedHealth Group Incorporated,SP500_SPELL_1400,FINANCIAL_BACKFILL_REQUIRED,PRIMARY_SEC_FINANCIAL_BACKFILL,,,False,,CURRENT_MEMBERSHIP_REPRESENTED_FINANCIALS_PENDING,Current membership is certified and now represented in the combined database. Financial values remain blank until primary-source financial data or safe lineage mapping is established.,https://www.spglobal.com/spdji/en/indices/equity/sp-500/,,,0,
CURRENT_COMPANY_FINANCIAL_BACKFILL,P0,VZ,Verizon Communications Inc.,SP500_SPELL_1401,FINANCIAL_BACKFILL_REQUIRED,PRIMARY_SEC_FINANCIAL_BACKFILL,,,False,,CURRENT_MEMBERSHIP_REPRESENTED_FINANCIALS_PENDING,Current membership is certified and now represented in the combined database. Financial values remain blank until primary-source financial data or safe lineage mapping is established.,https://www.spglobal.com/spdji/en/indices/equity/sp-500/,,,0,
CURRENT_COMPANY_FINANCIAL_BACKFILL,P0,WMT,Walmart Inc.,SP500_SPELL_1402,FINANCIAL_BACKFILL_REQUIRED,PRIMARY_SEC_FINANCIAL_BACKFILL,,,False,,CURRENT_MEMBERSHIP_REPRESENTED_FINANCIALS_PENDING,Current membership is certified and now represented in the combined database. Financial values remain blank until primary-source financial data or safe lineage mapping is established.,https://www.spglobal.com/spdji/en/indices/equity/sp-500/,,,0,
CURRENT_COMPANY_FINANCIAL_BACKFILL,P0,WFC,Wells Fargo & Company,SP500_SPELL_1403,FINANCIAL_BACKFILL_REQUIRED,PRIMARY_SEC_FINANCIAL_BACKFILL,,,False,,CURRENT_MEMBERSHIP_REPRESENTED_FINANCIALS_PENDING,Current membership is certified and now represented in the combined database. Financial values remain blank until primary-source financial data or safe lineage mapping is established.,https://www.spglobal.com/spdji/en/indices/equity/sp-500/,,,0,
CURRENT_COMPANY_FINANCIAL_BACKFILL,P0,WY,Weyerhaeuser Company,SP500_SPELL_1404,FINANCIAL_BACKFILL_REQUIRED,PRIMARY_SEC_FINANCIAL_BACKFILL,,,False,,CURRENT_MEMBERSHIP_REPRESENTED_FINANCIALS_PENDING,Current membership is certified and now represented in the combined database. Financial values remain blank until primary-source financial data or safe lineage mapping is established.,https://www.spglobal.com/spdji/en/indices/equity/sp-500/,,,0,
CURRENT_COMPANY_FINANCIAL_BACKFILL,P0,WMB,"The Williams Companies, Inc.",SP500_SPELL_1405,FINANCIAL_BACKFILL_REQUIRED,PRIMARY_SEC_FINANCIAL_BACKFILL,,,False,,CURRENT_MEMBERSHIP_REPRESENTED_FINANCIALS_PENDING,Current membership is certified and now represented in the combined database. Financial values remain blank until primary-source financial data or safe lineage mapping is established.,https://www.spglobal.com/spdji/en/indices/equity/sp-500/,,,0,
CURRENT_COMPANY_FINANCIAL_BACKFILL,P0,FDX,FedEx Corporation,SP500_SPELL_1406,FINANCIAL_BACKFILL_REQUIRED,PRIMARY_SEC_FINANCIAL_BACKFILL,,,False,,CURRENT_MEMBERSHIP_REPRESENTED_FINANCIALS_PENDING,Current membership is certified and now represented in the combined database. Financial values remain blank until primary-source financial data or safe lineage mapping is established.,https://www.spglobal.com/spdji/en/indices/equity/sp-500/,,,0,
CURRENT_COMPANY_FINANCIAL_BACKFILL,P0,HON,Honeywell International Inc.,SP500_SPELL_1407,FINANCIAL_BACKFILL_REQUIRED,PRIMARY_SEC_FINANCIAL_BACKFILL,,,False,,CURRENT_MEMBERSHIP_REPRESENTED_FINANCIALS_PENDING,Current membership is certified and now represented in the combined database. Financial values remain blank until primary-source financial data or safe lineage mapping is established.,https://www.spglobal.com/spdji/en/indices/equity/sp-500/,,,0,
CURRENT_COMPANY_FINANCIAL_BACKFILL,P0,BKR,Baker Hughes Company,SP500_SPELL_1408,FINANCIAL_BACKFILL_REQUIRED,PRIMARY_SEC_FINANCIAL_BACKFILL,,,False,,CURRENT_MEMBERSHIP_REPRESENTED_FINANCIALS_PENDING,Current membership is certified and now represented in the combined database. Financial values remain blank until primary-source financial data or safe lineage mapping is established.,https://www.spglobal.com/spdji/en/indices/equity/sp-500/,,,0,
CURRENT_COMPANY_FINANCIAL_BACKFILL,P0,BNY,The Bank of New York Mellon Corporation,SP500_SPELL_1409,FINANCIAL_BACKFILL_REQUIRED,PRIMARY_SEC_FINANCIAL_BACKFILL,,,False,,CURRENT_MEMBERSHIP_REPRESENTED_FINANCIALS_PENDING,Current membership is certified and now represented in the combined database. Financial values remain blank until primary-source financial data or safe lineage mapping is established.,https://www.spglobal.com/spdji/en/indices/equity/sp-500/,,,0,
CURRENT_COMPANY_FINANCIAL_BACKFILL,P0,CNP,"CenterPoint Energy, Inc.",SP500_SPELL_1410,FINANCIAL_BACKFILL_REQUIRED,PRIMARY_SEC_FINANCIAL_BACKFILL,,,False,,CURRENT_MEMBERSHIP_REPRESENTED_FINANCIALS_PENDING,Current membership is certified and now represented in the combined database. Financial values remain blank until primary-source financial data or safe lineage mapping is established.,https://www.spglobal.com/spdji/en/indices/equity/sp-500/,,,0,
CURRENT_COMPANY_FINANCIAL_BACKFILL,P0,CMCSA,Comcast Corporation,SP500_SPELL_1411,FINANCIAL_BACKFILL_REQUIRED,PRIMARY_SEC_FINANCIAL_BACKFILL,,,False,,CURRENT_MEMBERSHIP_REPRESENTED_FINANCIALS_PENDING,Current membership is certified and now represented in the combined database. Financial values remain blank until primary-source financial data or safe lineage mapping is established.,https://www.spglobal.com/spdji/en/indices/equity/sp-500/,,,0,
CURRENT_COMPANY_FINANCIAL_BACKFILL,P0,COP,ConocoPhillips,SP500_SPELL_1412,FINANCIAL_BACKFILL_REQUIRED,PRIMARY_SEC_FINANCIAL_BACKFILL,,,False,,CURRENT_MEMBERSHIP_REPRESENTED_FINANCIALS_PENDING,Current membership is certified and now represented in the combined database. Financial values remain blank until primary-source financial data or safe lineage mapping is established.,https://www.spglobal.com/spdji/en/indices/equity/sp-500/,,,0,
CURRENT_COMPANY_FINANCIAL_BACKFILL,P0,DUK,Duke Energy Corporation,SP500_SPELL_1413,FINANCIAL_BACKFILL_REQUIRED,PRIMARY_SEC_FINANCIAL_BACKFILL,,,False,,CURRENT_MEMBERSHIP_REPRESENTED_FINANCIALS_PENDING,Current membership is certified and now represented in the combined database. Financial values remain blank until primary-source financial data or safe lineage mapping is established.,https://www.spglobal.com/spdji/en/indices/equity/sp-500/,,,0,
CURRENT_COMPANY_FINANCIAL_BACKFILL,P0,ETN,Eaton Corporation plc,SP500_SPELL_1414,FINANCIAL_BACKFILL_REQUIRED,PRIMARY_SEC_FINANCIAL_BACKFILL,,,False,,CURRENT_MEMBERSHIP_REPRESENTED_FINANCIALS_PENDING,Current membership is certified and now represented in the combined database. Financial values remain blank until primary-source financial data or safe lineage mapping is established.,https://www.spglobal.com/spdji/en/indices/equity/sp-500/,,,0,
CURRENT_COMPANY_FINANCIAL_BACKFILL,P0,EXC,Exelon Corporation,SP500_SPELL_1415,FINANCIAL_BACKFILL_REQUIRED,PRIMARY_SEC_FINANCIAL_BACKFILL,,,False,,CURRENT_MEMBERSHIP_REPRESENTED_FINANCIALS_PENDING,Current membership is certified and now represented in the combined database. Financial values remain blank until primary-source financial data or safe lineage mapping is established.,https://www.spglobal.com/spdji/en/indices/equity/sp-500/,,,0,
CURRENT_COMPANY_FINANCIAL_BACKFILL,P0,XOM,ExxonMobil Holdings Corporation,SP500_SPELL_1416,FINANCIAL_BACKFILL_REQUIRED,PRIMARY_SEC_FINANCIAL_BACKFILL,,,False,,CURRENT_MEMBERSHIP_REPRESENTED_FINANCIALS_PENDING,Current membership is certified and now represented in the combined database. Financial values remain blank until primary-source financial data or safe lineage mapping is established.,https://www.spglobal.com/spdji/en/indices/equity/sp-500/,,,0,
CURRENT_COMPANY_FINANCIAL_BACKFILL,P0,L,Loews Corporation,SP500_SPELL_1417,FINANCIAL_BACKFILL_REQUIRED,PRIMARY_SEC_FINANCIAL_BACKFILL,,,False,,CURRENT_MEMBERSHIP_REPRESENTED_FINANCIALS_PENDING,Current membership is certified and now represented in the combined database. Financial values remain blank until primary-source financial data or safe lineage mapping is established.,https://www.spglobal.com/spdji/en/indices/equity/sp-500/,,,0,
CURRENT_COMPANY_FINANCIAL_BACKFILL,P0,MDT,Medtronic plc,SP500_SPELL_1418,FINANCIAL_BACKFILL_REQUIRED,PRIMARY_SEC_FINANCIAL_BACKFILL,,,False,,CURRENT_MEMBERSHIP_REPRESENTED_FINANCIALS_PENDING,Current membership is certified and now represented in the combined database. Financial values remain blank until primary-source financial data or safe lineage mapping is established.,https://www.spglobal.com/spdji/en/indices/equity/sp-500/,,,0,
CURRENT_COMPANY_FINANCIAL_BACKFILL,P0,MRK,"Merck & Co., Inc.",SP500_SPELL_1419,FINANCIAL_BACKFILL_REQUIRED,PRIMARY_SEC_FINANCIAL_BACKFILL,,,False,,CURRENT_MEMBERSHIP_REPRESENTED_FINANCIALS_PENDING,Current membership is certified and now represented in the combined database. Financial values remain blank until primary-source financial data or safe lineage mapping is established.,https://www.spglobal.com/spdji/en/indices/equity/sp-500/,,,0,
CURRENT_COMPANY_FINANCIAL_BACKFILL,P0,MCO,Moody's Corporation,SP500_SPELL_1420,FINANCIAL_BACKFILL_REQUIRED,PRIMARY_SEC_FINANCIAL_BACKFILL,,,False,,CURRENT_MEMBERSHIP_REPRESENTED_FINANCIALS_PENDING,Current membership is certified and now represented in the combined database. Financial values remain blank until primary-source financial data or safe lineage mapping is established.,https://www.spglobal.com/spdji/en/indices/equity/sp-500/,,,0,
CURRENT_COMPANY_FINANCIAL_BACKFILL,P0,NEM,Newmont Corporation,SP500_SPELL_1421,FINANCIAL_BACKFILL_REQUIRED,PRIMARY_SEC_FINANCIAL_BACKFILL,,,False,,CURRENT_MEMBERSHIP_REPRESENTED_FINANCIALS_PENDING,Current membership is certified and now represented in the combined database. Financial values remain blank until primary-source financial data or safe lineage mapping is established.,https://www.spglobal.com/spdji/en/indices/equity/sp-500/,,,0,
CURRENT_COMPANY_FINANCIAL_BACKFILL,P0,NOC,Northrop Grumman Corporation,SP500_SPELL_1422,FINANCIAL_BACKFILL_REQUIRED,PRIMARY_SEC_FINANCIAL_BACKFILL,,,False,,CURRENT_MEMBERSHIP_REPRESENTED_FINANCIALS_PENDING,Current membership is certified and now represented in the combined database. Financial values remain blank until primary-source financial data or safe lineage mapping is established.,https://www.spglobal.com/spdji/en/indices/equity/sp-500/,,,0,
CURRENT_COMPANY_FINANCIAL_BACKFILL,P0,ORCL,Oracle Corporation,SP500_SPELL_1423,FINANCIAL_BACKFILL_REQUIRED,PRIMARY_SEC_FINANCIAL_BACKFILL,,,False,,CURRENT_MEMBERSHIP_REPRESENTED_FINANCIALS_PENDING,Current membership is certified and now represented in the combined database. Financial values remain blank until primary-source financial data or safe lineage mapping is established.,https://www.spglobal.com/spdji/en/indices/equity/sp-500/,,,0,
CURRENT_COMPANY_FINANCIAL_BACKFILL,P0,USB,U.S. Bancorp,SP500_SPELL_1424,FINANCIAL_BACKFILL_REQUIRED,PRIMARY_SEC_FINANCIAL_BACKFILL,,,False,,CURRENT_MEMBERSHIP_REPRESENTED_FINANCIALS_PENDING,Current membership is certified and now represented in the combined database. Financial values remain blank until primary-source financial data or safe lineage mapping is established.,https://www.spglobal.com/spdji/en/indices/equity/sp-500/,,,0,
CURRENT_COMPANY_FINANCIAL_BACKFILL,P0,DIS,The Walt Disney Company,SP500_SPELL_1425,FINANCIAL_BACKFILL_REQUIRED,PRIMARY_SEC_FINANCIAL_BACKFILL,,,False,,CURRENT_MEMBERSHIP_REPRESENTED_FINANCIALS_PENDING,Current membership is certified and now represented in the combined database. Financial values remain blank until primary-source financial data or safe lineage mapping is established.,https://www.spglobal.com/spdji/en/indices/equity/sp-500/,,,0,
CURRENT_COMPANY_FINANCIAL_BACKFILL,P0,XEL,Xcel Energy Inc.,SP500_SPELL_1426,FINANCIAL_BACKFILL_REQUIRED,PRIMARY_SEC_FINANCIAL_BACKFILL,,,False,,CURRENT_MEMBERSHIP_REPRESENTED_FINANCIALS_PENDING,Current membership is certified and now represented in the combined database. Financial values remain blank until primary-source financial data or safe lineage mapping is established.,https://www.spglobal.com/spdji/en/indices/equity/sp-500/,,,0,
MEMBERSHIP_MONTH_ENRICHMENT,P1,,DATASET_CONTROL,,,COMPLETE,,,False,,MONTH_PRECISION_ENRICHED,"Entry-month enrichment: among 500 current membership spells, 353 have actual certified entry month, 136 are left-censored with a safe 'member by' month only, and 11 remain unresolved. Left-censored bounds are not presented as true entry months.",,,,,
MEMBERSHIP_MONTH_ENRICHMENT,P1,,DATASET_CONTROL,,,COMPLETE,,,False,,MONTH_PRECISION_ENRICHED,Exit-month enrichment: populated month from certified exact exit dates on 1439 database rows; 1402 of those rows carry a direct exit source URL in the current controls.,,,,,
