symbol,cik,fiscal_year,market_cap,marketcap_source_url,shares_outstanding,shares_source_url,employees,employees_source_url,notes
A,1090872,2025,,,,,18100,https://www.sec.gov/Archives/edgar/data/1090872/000109087225000087/a-20251031.htm,"10-K states approximately 18,100 employees worldwide as of October 31, 2025."
AAL,6201,2025,,,,,139100,https://www.sec.gov/Archives/edgar/data/6201/000000620126000014/aal-20251231.htm,"10-K states approximately 139,100 active full-time equivalent employees as of December 31, 2025."
AAP,1158449,2020,10690000000,https://stockanalysis.com/stocks/aap/market-cap/,,,,,"Near-fiscal-year-end estimate from Dec. 31, 2020; AAP fiscal close is near calendar year-end."
AAP,1158449,2026,,,,,54007,https://www.sec.gov/Archives/edgar/data/1158449/000119312526051305/aap-20260103.htm,"10-K for fiscal year ended January 3, 2026 states 28,274 full-time and 25,733 part-time team members; employees = exact sum 54,007."
AAPL,320193,2000,8369000000,https://www.finhacker.cz/en/stocks/apple-market-cap/,335676889,https://www.sec.gov/Archives/edgar/data/320193/000091205700053623/a2032880z10-k.txt,,,"Shares are actual fiscal-year-end common shares outstanding from the SEC filing. Market cap is a direct end-of-trading-day value reported by FINHACKER on 2000-09-29, 1 calendar day(s) from fiscal year-end 2000-09-30; stored as USD at the source's stated precision and treated as a near-year-end estimate."
AAPL,320193,2001,5442000000,https://www.finhacker.cz/en/stocks/apple-market-cap/,350921661,https://www.sec.gov/Archives/edgar/data/320193/000091205701544436/a2066171z10-k405.htm,,,"Shares are actual fiscal-year-end common shares outstanding from the SEC filing. Market cap is a direct end-of-trading-day value reported by FINHACKER on 2001-09-28, 1 calendar day(s) from fiscal year-end 2001-09-29; stored as USD at the source's stated precision and treated as a near-year-end estimate."
AAPL,320193,2002,5204000000,https://www.finhacker.cz/en/stocks/apple-market-cap/,358958989,https://www.sec.gov/Archives/edgar/data/320193/000104746902007674/a2096490z10-k.htm,,,"Shares are actual fiscal-year-end common shares outstanding from the SEC filing. Market cap is a direct end-of-trading-day value reported by FINHACKER on 2002-09-30, 2 calendar day(s) from fiscal year-end 2002-09-28; stored as USD at the source's stated precision and treated as a near-year-end estimate."
AAPL,320193,2003,7600000000,https://www.finhacker.cz/en/stocks/apple-market-cap/,366726584,https://www.sec.gov/Archives/edgar/data/320193/000104746903041604/a2124888z10-k.htm,,,"Shares are actual fiscal-year-end common shares outstanding from the SEC filing. Market cap is a direct end-of-trading-day value reported by FINHACKER on 2003-09-30, 3 calendar day(s) from fiscal year-end 2003-09-27; stored as USD at the source's stated precision and treated as a near-year-end estimate."
AAPL,320193,2004,15168000000,https://www.finhacker.cz/en/stocks/apple-market-cap/,391443617,https://www.sec.gov/Archives/edgar/data/320193/000104746904035975/a2147337z10-k.htm,,,"Shares are actual fiscal-year-end common shares outstanding from the SEC filing. FY2004 uses the contemporaneous pre-Feb-2005-split count, not the later retrospectively doubled comparative. Market cap is a direct end-of-trading-day value reported by FINHACKER on 2004-09-30, 5 calendar day(s) from fiscal year-end 2004-09-25; stored as USD at the source's stated precision and treated as a near-year-end estimate."
AAPL,320193,2005,44764000000,https://www.finhacker.cz/en/stocks/apple-market-cap/,835019364,https://www.sec.gov/Archives/edgar/data/320193/000110465905058421/a05-20674_110k.htm,,,"Shares are actual fiscal-year-end common shares outstanding from the SEC filing. Market cap is a direct end-of-trading-day value reported by FINHACKER on 2005-09-30, 6 calendar day(s) from fiscal year-end 2005-09-24; stored as USD at the source's stated precision and treated as a near-year-end estimate."
AAPL,320193,2006,65653000000,https://www.finhacker.cz/en/stocks/apple-market-cap/,855262568,https://www.sec.gov/Archives/edgar/data/320193/000104746907009340/a2181030z10-k.htm,,,"Shares are actual fiscal-year-end common shares outstanding from the SEC filing. Market cap is a direct end-of-trading-day value reported by FINHACKER on 2006-09-29, 1 calendar day(s) from fiscal year-end 2006-09-30; stored as USD at the source's stated precision and treated as a near-year-end estimate."
AAPL,320193,2007,133464000000,https://www.finhacker.cz/en/stocks/apple-market-cap/,872328972,https://www.sec.gov/Archives/edgar/data/320193/000104746907009340/a2181030z10-k.htm,,,"Shares are actual fiscal-year-end common shares outstanding from the SEC filing. Market cap is a direct end-of-trading-day value reported by FINHACKER on 2007-09-28, 1 calendar day(s) from fiscal year-end 2007-09-29; stored as USD at the source's stated precision and treated as a near-year-end estimate."
AAPL,320193,2008,100670000000,https://www.finhacker.cz/en/stocks/apple-market-cap/,888325973,https://www.sec.gov/Archives/edgar/data/320193/000119312508224958/d10k.htm,,,"Shares are actual fiscal-year-end common shares outstanding from the SEC filing. Market cap is a direct end-of-trading-day value reported by FINHACKER on 2008-09-30, 3 calendar day(s) from fiscal year-end 2008-09-27; stored as USD at the source's stated precision and treated as a near-year-end estimate."
AAPL,320193,2025,3791126000000,https://stockanalysis.com/stocks/aapl/financials/ratios/,,,,,"Market cap reported by StockAnalysis/S&P Global Market Intelligence as 3,791,126 million USD for FY2025 (period ending Sep '25); stored as 3,791,126,000,000 USD at source precision. | Market cap reported by StockAnalysis fiscal ratios as 3,791,126 million USD for FY2025, period ending Sep '25; stored at source precision."
ABNB,1559720,2025,,,,,8200,https://www.sec.gov/Archives/edgar/data/1559720/000155972026000004/abnb-20251231.htm,"10-K states approximately 8,200 employees as of December 31, 2025."
ABT,1800,2000,74933000000,https://www.finhacker.cz/en/stocks/abbott-laboratories-market-cap/,1545934133,https://www.sec.gov/Archives/edgar/data/1800/000091205701006039/a2035109z10-k.htm,,,"Shares outstanding are derived from the SEC fiscal-year-end balance sheet as issued common shares less treasury shares. Market cap is a direct end-of-trading-day value reported by FINHACKER on 2000-12-29, 2 calendar day(s) from fiscal year-end 2000-12-31; stored as USD at source precision and treated as a near-year-end estimate."
ABT,1800,2002,62520000000,https://www.finhacker.cz/en/stocks/abbott-laboratories-market-cap/,1563068102,https://www.sec.gov/Archives/edgar/data/1800/000104746905005185/a2149332z10-k.htm,,,"Shares outstanding are derived from the SEC fiscal-year-end balance sheet as issued common shares less treasury shares. Market cap is a direct end-of-trading-day value reported by FINHACKER on 2002-12-31, 0 calendar day(s) from fiscal year-end 2002-12-31; stored as USD at source precision."
ABT,1800,2003,72929000000,https://www.finhacker.cz/en/stocks/abbott-laboratories-market-cap/,1564517931,https://www.sec.gov/Archives/edgar/data/1800/000104746905005185/a2149332z10-k.htm,,,"Shares outstanding are derived from the SEC fiscal-year-end balance sheet as issued common shares less treasury shares. Market cap is a direct end-of-trading-day value reported by FINHACKER on 2003-12-31, 0 calendar day(s) from fiscal year-end 2003-12-31; stored as USD at source precision."
ABT,1800,2004,72774000000,https://www.finhacker.cz/en/stocks/abbott-laboratories-market-cap/,1560023618,https://www.sec.gov/Archives/edgar/data/1800/000104746905005185/a2149332z10-k.htm,,,"Shares outstanding are derived from the SEC fiscal-year-end balance sheet as issued common shares less treasury shares. Market cap is a direct end-of-trading-day value reported by FINHACKER on 2004-12-31, 0 calendar day(s) from fiscal year-end 2004-12-31; stored as USD at source precision."
ABT,1800,2005,61156000000,https://www.finhacker.cz/en/stocks/abbott-laboratories-market-cap/,1539234979,https://www.sec.gov/Archives/edgar/data/1800/000104746906002258/a2167223z10-k.htm,,,"Shares outstanding are derived from the SEC fiscal-year-end balance sheet as issued common shares less treasury shares. Market cap is a direct end-of-trading-day value reported by FINHACKER on 2005-12-30, 1 calendar day(s) from fiscal year-end 2005-12-31; stored as USD at source precision and treated as a near-year-end estimate."
ABT,1800,2006,74770000000,https://www.finhacker.cz/en/stocks/abbott-laboratories-market-cap/,1537243166,https://www.sec.gov/Archives/edgar/data/1800/000104746909001642/a2188623z10-k.htm,,,"Shares outstanding are derived from the SEC fiscal-year-end balance sheet as issued common shares less treasury shares. Market cap is a direct end-of-trading-day value reported by FINHACKER on 2006-12-29, 2 calendar day(s) from fiscal year-end 2006-12-31; stored as USD at source precision and treated as a near-year-end estimate."
ABT,1800,2007,87033000000,https://www.finhacker.cz/en/stocks/abbott-laboratories-market-cap/,1549910140,https://www.sec.gov/Archives/edgar/data/1800/000104746909001642/a2188623z10-k.htm,,,"Shares outstanding are derived from the SEC fiscal-year-end balance sheet as issued common shares less treasury shares. Market cap is a direct end-of-trading-day value reported by FINHACKER on 2007-12-31, 0 calendar day(s) from fiscal year-end 2007-12-31; stored as USD at source precision."
ABT,1800,2008,82830000000,https://www.finhacker.cz/en/stocks/abbott-laboratories-market-cap/,1552432931,https://www.sec.gov/Archives/edgar/data/1800/000104746909001642/a2188623z10-k.htm,,,"Shares outstanding are derived from the SEC fiscal-year-end balance sheet as issued common shares less treasury shares. Market cap is a direct end-of-trading-day value reported by FINHACKER on 2008-12-31, 0 calendar day(s) from fiscal year-end 2008-12-31; stored as USD at source precision."
ABT,1800,2025,,,,,115000,https://www.sec.gov/Archives/edgar/data/1800/000162828026010185/abt-20251231.htm,"10-K states approximately 115,000 employees as of December 31, 2025."
ACN,1467373,2025,,,,,779000,https://www.sec.gov/Archives/edgar/data/1467373/000146737325000217/acn-20250831.htm,"10-K states approximately 779,000 employees as of August 31, 2025."
ADI,6281,2025,,,,,24500,https://www.sec.gov/Archives/edgar/data/6281/000000628125000153/adi-20251101.htm,"10-K states approximately 24,500 employees as of November 1, 2025."
ADM,7084,2025,,,,,41496,https://www.sec.gov/Archives/edgar/data/7084/000000708426000011/adm-20251231.htm,"10-K employee table reports total 41,496 employees as of December 31, 2025."
ADP,8670,2025,,,,,67000,https://www.sec.gov/Archives/edgar/data/8670/000000867025000037/adp-20250630.htm,"10-K states approximately 67,000 associates as of June 30, 2025."
ADSK,769397,2026,,,,,14300,https://www.sec.gov/Archives/edgar/data/769397/000076939726000015/adsk-20260131.htm,"10-K states approximately 14,300 people employed as of January 31, 2026."
ADT,1703056,2025,,,,,12200,https://www.sec.gov/Archives/edgar/data/1703056/000170305626000022/adt-20251231.htm,"10-K for fiscal year ended December 31, 2025 states approximately 12,200 employees as of December 31, 2025."
AEE,1002910,2025,,,,,8913,https://www.sec.gov/Archives/edgar/data/1002910/000100291026000009/aee-20251231.htm,"10-K workforce table reports Ameren employee count of 8,913 as of December 31, 2025."
AEP,4904,2025,,,,,17581,https://www.sec.gov/Archives/edgar/data/4904/000000490426000013/aep-20251231.htm,"10-K states AEP subsidiaries had 17,581 employees as of December 31, 2025; parent holding company itself has no employees."
AES,874761,2025,,,,,8336,https://www.sec.gov/Archives/edgar/data/874761/000087476126000063/aes-20251231.htm,"10-K states the Company and subsidiaries had 8,336 full-time/permanent employees as of December 31, 2025."
AFL,4977,2025,,,,,12716,https://www.sec.gov/Archives/edgar/data/4977/000162828026011402/afl-20251231.htm,"10-K employee table reports total full-time employees of 12,716 as of December 31, 2025."
AIG,5272,2025,,,,,22100,https://www.sec.gov/Archives/edgar/data/5272/000000527226000023/aig-20251231.htm,"10-K states approximately 22,100 employees as of December 31, 2025."
AIT,109563,2025,,,,,6800,https://www.sec.gov/Archives/edgar/data/109563/000010956325000080/ait-20250630.htm,"10-K states approximately 6,800 employee associates for the fiscal year ended June 30, 2025."
AIZ,1267238,2025,,,,,14800,https://www.sec.gov/Archives/edgar/data/1267238/000126723826000010/aiz-20251231.htm,"10-K states approximately 14,800 employees as of December 31, 2025."
ALB,915913,2025,,,,,7800,https://www.sec.gov/Archives/edgar/data/915913/000091591326000053/albemarlecorp_10kx2026xars.pdf,"10-K states approximately 7,800 employees, including employees of consolidated joint ventures, as of December 31, 2025."
ALK,766421,2025,,,,,35951,https://www.sec.gov/Archives/edgar/data/766421/000076642126000010/alk-20251231.htm,"10-K states Air Group entities employed 35,951 active employees as of December 31, 2025."
ALLE,1579241,2025,,,,,13300,https://www.sec.gov/Archives/edgar/data/1579241/000157924126000007/alle-20251231.htm,"10-K states approximately 13,300 employees worldwide as of December 31, 2025."
ALXN,899866,2012,18250000000,https://companiesmarketcap.com/alexion-pharmaceuticals/marketcap/,,,,,"Market cap is CompaniesMarketCap end-of-year market capitalization for 2012: $18.25B USD, stored as 18,250,000,000 USD at source precision. Used only where fiscal year ends in December, so calendar year-end aligns with fiscal year-end."
ALXN,899866,2013,26170000000,https://companiesmarketcap.com/alexion-pharmaceuticals/marketcap/,,,,,"Market cap is CompaniesMarketCap end-of-year market capitalization for 2013: $26.17B USD, stored as 26,170,000,000 USD at source precision. Used only where fiscal year ends in December, so calendar year-end aligns with fiscal year-end."
ALXN,899866,2014,36830000000,https://companiesmarketcap.com/alexion-pharmaceuticals/marketcap/,,,,,"Market cap is CompaniesMarketCap end-of-year market capitalization for 2014: $36.83B USD, stored as 36,830,000,000 USD at source precision. Used only where fiscal year ends in December, so calendar year-end aligns with fiscal year-end."
ALXN,899866,2015,43040000000,https://companiesmarketcap.com/alexion-pharmaceuticals/marketcap/,,,,,"Market cap is CompaniesMarketCap end-of-year market capitalization for 2015: $43.04B USD, stored as 43,040,000,000 USD at source precision. Used only where fiscal year ends in December, so calendar year-end aligns with fiscal year-end."
ALXN,899866,2016,27390000000,https://companiesmarketcap.com/alexion-pharmaceuticals/marketcap/,,,,,"Market cap is CompaniesMarketCap end-of-year market capitalization for 2016: $27.39B USD, stored as 27,390,000,000 USD at source precision. Used only where fiscal year ends in December, so calendar year-end aligns with fiscal year-end."
ALXN,899866,2017,26710000000,https://companiesmarketcap.com/alexion-pharmaceuticals/marketcap/,,,,,"Market cap is CompaniesMarketCap end-of-year market capitalization for 2017: $26.71B USD, stored as 26,710,000,000 USD at source precision. Used only where fiscal year ends in December, so calendar year-end aligns with fiscal year-end."
ALXN,899866,2018,21750000000,https://companiesmarketcap.com/alexion-pharmaceuticals/marketcap/,,,,,"Market cap is CompaniesMarketCap end-of-year market capitalization for 2018: $21.75B USD, stored as 21,750,000,000 USD at source precision. Used only where fiscal year ends in December, so calendar year-end aligns with fiscal year-end."
ALXN,899866,2019,23930000000,https://companiesmarketcap.com/alexion-pharmaceuticals/marketcap/,,,,,"Market cap is CompaniesMarketCap end-of-year market capitalization for 2019: $23.93B USD, stored as 23,930,000,000 USD at source precision. Used only where fiscal year ends in December, so calendar year-end aligns with fiscal year-end."
ALXN,899866,2020,34170000000,https://companiesmarketcap.com/alexion-pharmaceuticals/marketcap/,,,,,"Market cap is CompaniesMarketCap end-of-year market capitalization for 2020: $34.17B USD, stored as 34,170,000,000 USD at source precision. Used only where fiscal year ends in December, so calendar year-end aligns with fiscal year-end."
AM,1623925,2025,,,,,632,https://www.sec.gov/Archives/edgar/data/1623925/000110465926013380/am-20251231x10k.htm,"10-K states 632 people were concurrently employed by Antero Midstream and Antero Resources as of December 31, 2025."
AMAT,6951,2025,,,,,36500,https://www.sec.gov/Archives/edgar/data/6951/000162828025056742/amat-20251026.htm,"10-K states approximately 36,500 regular full-time employees as of October 26, 2025."
AMCR,1748790,2025,20989000000,https://stockanalysis.com/stocks/amcr/financials/ratios/,,,,,"Market cap reported by StockAnalysis/S&P Global Market Intelligence as 20,989 million USD for FY2025 (period ending Jun '25); stored as 20,989,000,000 USD at source precision. | Market cap reported by StockAnalysis fiscal ratios as 20,989 million USD for FY2025, period ending Jun '25; stored at source precision."
AME,1037868,2025,,,,,22500,https://www.sec.gov/Archives/edgar/data/1037868/000103786826000016/ame-20251231.htm,"10-K states approximately 22,500 employees as of December 31, 2025."
AMG,1004434,2025,,,,,5600,https://www.sec.gov/Archives/edgar/data/1004434/000162828026008665/amg-20251231.htm,"10-K states AMG and its Affiliates had approximately 5,600 employees as of December 31, 2025; substantial majority employed by Affiliates."
AMGN,318154,2025,,,,,31500,https://www.sec.gov/Archives/edgar/data/318154/000031815426000010/amgn-20251231.htm,"10-K for fiscal year ended December 31, 2025 states approximately 31,500 staff members as of December 31, 2025."
AMP,820027,2025,,,,,13600,https://www.sec.gov/Archives/edgar/data/820027/000082002726000011/amp-20251231.htm,"10-K for fiscal year ended December 31, 2025 states approximately 13,600 employees in the global team."
AMZN,1018724,2023,,,,,1525000,https://www.sec.gov/Archives/edgar/data/1018724/000101872424000008/amzn-20231231.htm,"10-K states approximately 1,525,000 full-time and part-time employees."
AMZN,1018724,2024,,,,,1556000,https://www.sec.gov/Archives/edgar/data/1018724/000101872425000004/amzn-20241231.htm,"10-K states approximately 1,556,000 full-time and part-time employees."
AMZN,1018724,2025,,,,,1576000,https://www.sec.gov/Archives/edgar/data/1018724/000101872426000004/amzn-20251231.htm,"10-K states approximately 1,576,000 full-time and part-time employees."
AN,350698,2025,,,,,24800,https://www.sec.gov/Archives/edgar/data/350698/000162828026007800/an-20251231.htm,"10-K states approximately 24,800 full-time and part-time employees as of December 31, 2025."
ANF,1018840,2026,,,,,43200,https://www.sec.gov/Archives/edgar/data/1018840/000101884026000012/anf-20260131.htm,"10-K states approximately 43,200 associates as of January 31, 2026."
ANSS,1013462,2017,12520000000,https://companiesmarketcap.com/ansys/marketcap/,,,,,"Market cap is CompaniesMarketCap end-of-year market capitalization for 2017: $12.52B USD, stored as 12,520,000,000 USD at source precision. Used only where fiscal year ends in December, so calendar year-end aligns with fiscal year-end."
ANSS,1013462,2018,11950000000,https://companiesmarketcap.com/ansys/marketcap/,,,,,"Market cap is CompaniesMarketCap end-of-year market capitalization for 2018: $11.95B USD, stored as 11,950,000,000 USD at source precision. Used only where fiscal year ends in December, so calendar year-end aligns with fiscal year-end."
ANSS,1013462,2019,22060000000,https://companiesmarketcap.com/ansys/marketcap/,,,,,"Market cap is CompaniesMarketCap end-of-year market capitalization for 2019: $22.06B USD, stored as 22,060,000,000 USD at source precision. Used only where fiscal year ends in December, so calendar year-end aligns with fiscal year-end."
ANSS,1013462,2020,31240000000,https://companiesmarketcap.com/ansys/marketcap/,,,,,"Market cap is CompaniesMarketCap end-of-year market capitalization for 2020: $31.24B USD, stored as 31,240,000,000 USD at source precision. Used only where fiscal year ends in December, so calendar year-end aligns with fiscal year-end."
ANSS,1013462,2021,34990000000,https://companiesmarketcap.com/ansys/marketcap/,,,,,"Market cap is CompaniesMarketCap end-of-year market capitalization for 2021: $34.99B USD, stored as 34,990,000,000 USD at source precision. Used only where fiscal year ends in December, so calendar year-end aligns with fiscal year-end."
ANSS,1013462,2022,21040000000,https://companiesmarketcap.com/ansys/marketcap/,,,,,"Market cap is CompaniesMarketCap end-of-year market capitalization for 2022: $21.04B USD, stored as 21,040,000,000 USD at source precision. Used only where fiscal year ends in December, so calendar year-end aligns with fiscal year-end."
ANSS,1013462,2023,31520000000,https://companiesmarketcap.com/ansys/marketcap/,,,,,"Market cap is CompaniesMarketCap end-of-year market capitalization for 2023: $31.52B USD, stored as 31,520,000,000 USD at source precision. Used only where fiscal year ends in December, so calendar year-end aligns with fiscal year-end."
ANSS,1013462,2024,29700000000,https://companiesmarketcap.com/ansys/marketcap/,,,6500,https://www.sec.gov/Archives/edgar/data/1013462/000101346225000009/anss-20241231.htm,"10-K states approximately 6,500 employees as of December 31, 2024. | Market cap is CompaniesMarketCap end-of-year market capitalization for 2024: $29.70B USD, stored as 29,700,000,000 USD at source precision. Used only where fiscal year ends in December, so calendar year-end aligns with fiscal year-end."
AOS,91142,2025,,,138542508,https://www.sec.gov/Archives/edgar/data/91142/000009114226000008/aos-20251231.htm,,,"Calculated from SEC 10-K fiscal-year-end issued shares less treasury shares: Class A (25,993,539 - 130,380) plus Common (164,714,053 - 52,034,704)."
APA,1841666,2025,8675000000,https://stockanalysis.com/stocks/apa/financials/ratios/,,,,,"Market cap reported by StockAnalysis/S&P Global Market Intelligence as 8,675 million USD for FY2025 (period ending Dec '25); stored as 8,675,000,000 USD at source precision. | Market cap reported by StockAnalysis fiscal ratios as 8,675 million USD for FY2025, period ending Dec '25; stored at source precision."
APO,1858681,2025,84022000000,https://stockanalysis.com/stocks/apo/financials/ratios/,,,,,"Market cap reported by StockAnalysis/S&P Global Market Intelligence as 84,022 million USD for FY2025 (period ending Dec '25); stored as 84,022,000,000 USD at source precision. | Market cap reported by StockAnalysis fiscal ratios as 84,022 million USD for FY2025, period ending Dec '25; stored at source precision."
APP,1751008,2025,,,,,898,https://www.sec.gov/Archives/edgar/data/1751008/000175100826000010/app-20251231.htm,"10-K reports 898 employees at December 31, 2025 (876 full-time plus 22 part-time/interns)."
APTV,1521332,2025,,,,,140000,https://www.sec.gov/Archives/edgar/data/1521332/000152133226000009/aptv-20251231.htm,"10-K states approximately 140,000 employees as of December 31, 2025; contingent workers excluded."
ARE,1035443,2025,,,,,514,https://www.sec.gov/Archives/edgar/data/1035443/000103544326000013/are-20251231.htm,"10-K reports 514 employees as of December 31, 2025."
ASH,1674862,2025,2190000000,https://stockanalysis.com/stocks/ash/financials/ratios/,,,2900,https://www.sec.gov/Archives/edgar/data/1674862/000119312525289248/ash-20250930.htm,"10-K for fiscal year ended September 30, 2025 states approximately 2,900 employees as of September 30, 2025. | Market cap reported by StockAnalysis/S&P Global Market Intelligence as 2,190 million USD for FY2025 (period ending Sep '25); stored as 2,190,000,000 USD at source precision. | Market cap reported by StockAnalysis fiscal ratios as 2,190 million USD for FY2025, period ending Sep '25; stored at source precision."
ASO,1817358,2026,,,,,23000,https://www.sec.gov/Archives/edgar/data/1817358/000181735826000031/aso-20260131.htm,"10-K for fiscal year ended January 31, 2026 states approximately 23,000 team members as of January 31, 2026."
ATO,731802,2025,,,,,5487,https://www.sec.gov/Archives/edgar/data/731802/000073180225000056/ato-20250930.htm,"10-K for fiscal year ended September 30, 2025 states 5,487 employees at September 30, 2025."
ATVI,718877,2015,28430000000,https://companiesmarketcap.com/activision-blizzard/marketcap/,,,,,"Market cap is CompaniesMarketCap end-of-year market capitalization for 2015: $28.43B USD, stored as 28,430,000,000 USD at source precision. Used only where fiscal year ends in December, so calendar year-end aligns with fiscal year-end."
ATVI,718877,2016,26830000000,https://companiesmarketcap.com/activision-blizzard/marketcap/,,,,,"Market cap is CompaniesMarketCap end-of-year market capitalization for 2016: $26.83B USD, stored as 26,830,000,000 USD at source precision. Used only where fiscal year ends in December, so calendar year-end aligns with fiscal year-end."
ATVI,718877,2017,47870000000,https://companiesmarketcap.com/activision-blizzard/marketcap/,,,,,"Market cap is CompaniesMarketCap end-of-year market capitalization for 2017: $47.87B USD, stored as 47,870,000,000 USD at source precision. Used only where fiscal year ends in December, so calendar year-end aligns with fiscal year-end."
ATVI,718877,2018,35550000000,https://companiesmarketcap.com/activision-blizzard/marketcap/,,,,,"Market cap is CompaniesMarketCap end-of-year market capitalization for 2018: $35.55B USD, stored as 35,550,000,000 USD at source precision. Used only where fiscal year ends in December, so calendar year-end aligns with fiscal year-end."
ATVI,718877,2019,45670000000,https://companiesmarketcap.com/activision-blizzard/marketcap/,,,,,"Market cap is CompaniesMarketCap end-of-year market capitalization for 2019: $45.67B USD, stored as 45,670,000,000 USD at source precision. Used only where fiscal year ends in December, so calendar year-end aligns with fiscal year-end."
ATVI,718877,2020,71750000000,https://companiesmarketcap.com/activision-blizzard/marketcap/,,,,,"Market cap is CompaniesMarketCap end-of-year market capitalization for 2020: $71.75B USD, stored as 71,750,000,000 USD at source precision. Used only where fiscal year ends in December, so calendar year-end aligns with fiscal year-end."
ATVI,718877,2021,51810000000,https://companiesmarketcap.com/activision-blizzard/marketcap/,,,,,"Market cap is CompaniesMarketCap end-of-year market capitalization for 2021: $51.81B USD, stored as 51,810,000,000 USD at source precision. Used only where fiscal year ends in December, so calendar year-end aligns with fiscal year-end."
ATVI,718877,2022,59900000000,https://companiesmarketcap.com/activision-blizzard/marketcap/,,,,,"Market cap is CompaniesMarketCap end-of-year market capitalization for 2022: $59.90B USD, stored as 59,900,000,000 USD at source precision. Used only where fiscal year ends in December, so calendar year-end aligns with fiscal year-end."
AVGO,1730168,2024,,,,,37000,https://www.sec.gov/Archives/edgar/data/1730168/000119312525044131/d886393dars.pdf,"Annual report/10-K states approximately 37,000 employees worldwide as of November 3, 2024."
AVGO,1730168,2025,1745528000000,https://stockanalysis.com/stocks/avgo/financials/ratios/,,,33000,https://www.sec.gov/Archives/edgar/data/1730168/000173016825000121/avgo-20251102.htm,"10-K states approximately 33,000 employees worldwide as of fiscal year-end. | Market cap reported by StockAnalysis/S&P Global Market Intelligence as 1,745,528 million USD for FY2025 (period ending Nov '25); stored as 1,745,528,000,000 USD at source precision. | Market cap reported by StockAnalysis fiscal ratios as 1,745,528 million USD for FY2025, period ending Nov '25; stored at source precision."
AVY,8818,2025,,,,,35000,https://www.sec.gov/Archives/edgar/data/8818/000000881826000015/avy-20251231.htm,"10-K states approximately 35,000 employees as of December 31, 2025."
AXON,1069183,2025,45115000000,https://stockanalysis.com/stocks/axon/financials/ratios/,,,,,"Market cap reported by StockAnalysis/S&P Global Market Intelligence as 45,115 million USD for FY2025 (period ending Dec '25); stored as 45,115,000,000 USD at source precision. | Market cap reported by StockAnalysis fiscal ratios as 45,115 million USD for FY2025, period ending Dec '25; stored at source precision."
AXP,4962,2025,,,,,76800,https://www.sec.gov/Archives/edgar/data/4962/000000496226000080/axp-20251231.htm,"10-K states approximately 76,800 employees as of December 31, 2025."
AYI,1144215,2025,9907000000,https://stockanalysis.com/stocks/ayi/financials/ratios/,,,13800,https://www.sec.gov/Archives/edgar/data/1144215/000114421525000082/ayi-20250831.htm,"10-K for fiscal year ended August 31, 2025 states approximately 13,800 employees at August 31, 2025. | Market cap reported by StockAnalysis/S&P Global Market Intelligence as 9,907 million USD for FY2025 (period ending Aug '25); stored as 9,907,000,000 USD at source precision. | Market cap reported by StockAnalysis fiscal ratios as 9,907 million USD for FY2025, period ending Aug '25; stored at source precision."
AZO,866787,2025,,,,,130000,https://www.sec.gov/Archives/edgar/data/866787/000110465925102611/azo-20250830x10k.htm,"10-K states approximately 130,000 employees as of August 30, 2025."
BA,12927,2025,,,,,182000,https://www.sec.gov/Archives/edgar/data/12927/000162828026004357/ba-20251231.htm,"10-K states approximately 182,000 employees as of December 31, 2025."
BAC,70858,2025,,,,,213000,https://www.sec.gov/Archives/edgar/data/70858/000007085826000157/bac-20251231.htm,"10-K states approximately 213,000 employees as of December 31, 2025."
BALL,9389,2025,,,,,16000,https://www.sec.gov/Archives/edgar/data/9389/000110465926017410/ball-20251231x10k.htm,"10-K states approximately 16,000 employees at year-end 2025."
BAX,10456,2025,,,,,37500,https://www.sec.gov/Archives/edgar/data/10456/000162828026007733/bax-20251231.htm,"10-K for fiscal year ended December 31, 2025 states approximately 37,500 employees globally as of December 31, 2025."
BBWI,701985,2026,,,,,60735,https://www.sec.gov/Archives/edgar/data/701985/000070198526000008/bbwi-20260131.htm,"10-K for fiscal year ended January 31, 2026 gives table total of 60,735 associates as of January 31, 2026."
BBY,764478,2026,,,,,82000,https://www.sec.gov/Archives/edgar/data/764478/000076447826000009/bby-20260131.htm,"10-K for fiscal year ended January 31, 2026 states approximately 82,000 employees at the end of fiscal 2026."
BG,1996862,2025,17229000000,https://stockanalysis.com/stocks/bg/financials/ratios/,,,,,"Market cap reported by StockAnalysis/S&P Global Market Intelligence as 17,229 million USD for FY2025 (period ending Dec '25); stored as 17,229,000,000 USD at source precision. | Market cap reported by StockAnalysis fiscal ratios as 17,229 million USD for FY2025, period ending Dec '25; stored at source precision."
BIO,12208,2025,,,,,7450,https://www.sec.gov/Archives/edgar/data/12208/000001220826000010/bio-20251231.htm,"10-K states approximately 7,450 employees as of December 31, 2025."
BKNG,1075531,2025,,,,,24300,https://www.sec.gov/Archives/edgar/data/1075531/000107553126000009/bkng-20251231.htm,"10-K states approximately 24,300 employees as of December 31, 2025."
BKR,1701605,2025,,,,,56000,https://www.sec.gov/Archives/edgar/data/1701605/000170160526000007/bkr-20251231.htm,"10-K states approximately 56,000 employees as of December 31, 2025."
BLDR,1316835,2009,138700000,https://stockanalysis.com/stocks/bldr/market-cap/,96708529,https://www.sec.gov/Archives/edgar/data/1316835/000095012310021074/d71342e10vk.htm,,,"FY2009 is calendar-year aligned. Market cap is StockAnalysis/Nasdaq Data Link's Dec. 31, 2009 value. Shares are the exact FY2009 10-K cover disclosure: 96,708,529 shares outstanding as of March 3, 2010; cover-page measurement date is noted. | Dec. 31, 2009 historical market cap; calendar FY. | FY2009 10-K cover count as of Mar. 3, 2010."
BLDR,1316835,2025,11378000000,https://stockanalysis.com/stocks/bldr/financials/ratios/,,,28000,https://www.sec.gov/Archives/edgar/data/1316835/000119312526054643/bldr-20251231.htm,"10-K states approximately 28,000 employees as of December 31, 2025. | Market cap reported by StockAnalysis/Fiscal.ai as 11,378 million USD for FY2025, period ending Dec. 2025; stored at source precision. | FY2025 market cap 11,378 million USD, Dec. 2025."
BLK,2012383,2025,166064000000,https://stockanalysis.com/stocks/blk/financials/ratios/,,,24900,https://www.sec.gov/Archives/edgar/data/2012383/000119312526071966/blk-20251231.htm,"10-K states approximately 24,900 employees as of December 31, 2025. | Market cap reported by StockAnalysis/S&P Global Market Intelligence as 166,064 million USD for FY2025 (period ending Dec '25); stored as 166,064,000,000 USD at source precision. | Market cap reported by StockAnalysis fiscal ratios as 166,064 million USD for FY2025, period ending Dec '25; stored at source precision."
BMY,14272,2025,,,,,32500,https://www.sec.gov/Archives/edgar/data/14272/000001427226000004/bmy-20251231.htm,"10-K states approximately 32,500 employees in 43 countries for FY2025."
BNL,1424182,2025,,,,,62,https://www.sec.gov/Archives/edgar/data/1424182/000142418226000012/bnl-20251231.htm,"10-K reports 62 full-time employees as of December 31, 2025."
BNY,1390777,2025,,,,,48100,https://www.sec.gov/Archives/edgar/data/1390777/000139077726000033/bk-20251231.htm,"10-K states approximately 48,100 full-time employees as of December 31, 2025. Filing document name retains BK; worklist symbol is BNY and CIK matches exactly."
BR,1383312,2025,,,,,15000,https://www.sec.gov/Archives/edgar/data/1383312/000162828025037656/br-20250630.htm,"10-K states approximately 15,000 full-time associates as of June 30, 2025."
BRK.B,1067983,2007,219370000000,https://companiesmarketcap.com/berkshire-hathaway/marketcap/,,,,,Direct CompaniesMarketCap stated end-of-year USD market cap for Berkshire Hathaway (company total across share classes); source value is rounded.
BRK.B,1067983,2008,149560000000,https://companiesmarketcap.com/berkshire-hathaway/marketcap/,,,,,Direct CompaniesMarketCap stated end-of-year USD market cap for Berkshire Hathaway (company total across share classes); source value is rounded.
BRK.B,1067983,2009,153620000000,https://companiesmarketcap.com/berkshire-hathaway/marketcap/,,,,,Direct CompaniesMarketCap stated end-of-year USD market cap for Berkshire Hathaway (company total across share classes); source value is rounded.
BRK.B,1067983,2010,198310000000,https://companiesmarketcap.com/berkshire-hathaway/marketcap/,,,,,Direct CompaniesMarketCap stated end-of-year USD market cap for Berkshire Hathaway (company total across share classes); source value is rounded.
BRK.B,1067983,2011,189210000000,https://companiesmarketcap.com/berkshire-hathaway/marketcap/,,,,,Direct CompaniesMarketCap stated end-of-year USD market cap for Berkshire Hathaway (company total across share classes); source value is rounded.
BRK.B,1067983,2012,220610000000,https://companiesmarketcap.com/berkshire-hathaway/marketcap/,,,,,Direct CompaniesMarketCap stated end-of-year USD market cap for Berkshire Hathaway (company total across share classes); source value is rounded.
BRK.B,1067983,2013,292410000000,https://companiesmarketcap.com/berkshire-hathaway/marketcap/,,,,,Direct CompaniesMarketCap stated end-of-year USD market cap for Berkshire Hathaway (company total across share classes); source value is rounded.
BRK.B,1067983,2014,370660000000,https://companiesmarketcap.com/berkshire-hathaway/marketcap/,,,,,Direct CompaniesMarketCap stated end-of-year USD market cap for Berkshire Hathaway (company total across share classes); source value is rounded.
BRK.B,1067983,2015,325280000000,https://companiesmarketcap.com/berkshire-hathaway/marketcap/,,,,,Direct CompaniesMarketCap stated end-of-year USD market cap for Berkshire Hathaway (company total across share classes); source value is rounded.
BRK.B,1067983,2016,401640000000,https://companiesmarketcap.com/berkshire-hathaway/marketcap/,,,,,Direct CompaniesMarketCap stated end-of-year USD market cap for Berkshire Hathaway (company total across share classes); source value is rounded.
BRK.B,1067983,2017,489240000000,https://companiesmarketcap.com/berkshire-hathaway/marketcap/,,,,,Direct CompaniesMarketCap stated end-of-year USD market cap for Berkshire Hathaway (company total across share classes); source value is rounded.
BRK.B,1067983,2018,502370000000,https://companiesmarketcap.com/berkshire-hathaway/marketcap/,,,,,Direct CompaniesMarketCap stated end-of-year USD market cap for Berkshire Hathaway (company total across share classes); source value is rounded.
BRK.B,1067983,2019,551960000000,https://companiesmarketcap.com/berkshire-hathaway/marketcap/,,,,,Direct CompaniesMarketCap stated end-of-year USD market cap for Berkshire Hathaway (company total across share classes); source value is rounded.
BRK.B,1067983,2020,543670000000,https://companiesmarketcap.com/berkshire-hathaway/marketcap/,,,,,Direct CompaniesMarketCap stated end-of-year USD market cap for Berkshire Hathaway (company total across share classes); source value is rounded.
BRK.B,1067983,2021,669120000000,https://companiesmarketcap.com/berkshire-hathaway/marketcap/,,,,,Direct CompaniesMarketCap stated end-of-year USD market cap for Berkshire Hathaway (company total across share classes); source value is rounded.
BRK.B,1067983,2022,681770000000,https://companiesmarketcap.com/berkshire-hathaway/marketcap/,,,,,Direct CompaniesMarketCap stated end-of-year USD market cap for Berkshire Hathaway (company total across share classes); source value is rounded.
BRK.B,1067983,2023,777450000000,https://companiesmarketcap.com/berkshire-hathaway/marketcap/,,,,,Direct CompaniesMarketCap stated end-of-year USD market cap for Berkshire Hathaway (company total across share classes); source value is rounded.
BRK.B,1067983,2024,983860000000,https://companiesmarketcap.com/berkshire-hathaway/marketcap/,,,,,Direct CompaniesMarketCap stated end-of-year USD market cap for Berkshire Hathaway (company total across share classes); source value is rounded.
BRK.B,1067983,2025,1074000000000,https://companiesmarketcap.com/berkshire-hathaway/marketcap/,1389605139,https://www.sec.gov/Archives/edgar/data/1067983/000119312526083899/R1.htm,,,SEC 10-K FY2025; Class B common stock (ticker BRK.B).; Direct CompaniesMarketCap stated end-of-year USD market cap for Berkshire Hathaway (company total across share classes); source value is rounded.
BXLT,1620546,2015,26153846154,https://www.annualreports.com/HostedData/AnnualReportArchive/b/NYSE_BAX_2015.PDF,,,,,"Estimated 12/31/2015 market cap = Baxter's stated $5.1B fair value of its retained Baxalta stake / approximately 19.5% ownership = $26,153,846,154. The 19.5% retained stake is documented in Baxalta/Shire SEC transaction materials; the stake-reducing exchanges occurred in Jan/Mar 2016, after fiscal year-end. Entity/fiscal-year check: Baxalta Inc CIK 1620546 FY ended 12/31/2015, SEC 10-K https://www.sec.gov/Archives/edgar/data/1620546/000119312516491806/d102269d10k.htm. Estimate explicitly flagged because the ownership percentage is stated approximately."
CAG,23217,2025,,,,,18300,https://www.sec.gov/Archives/edgar/data/23217/000155837025009180/tmb-20250525x10k.htm,"10-K states approximately 18,300 employees as of May 25, 2025."
CAH,721371,2025,,,,,57700,https://www.sec.gov/Archives/edgar/data/721371/000072137125000079/cah-20250630.htm,"10-K states approximately 57,700 employees as of June 30, 2025."
CAL,14707,2026,,,,,10000,https://www.sec.gov/Archives/edgar/data/14707/000001470726000053/cal-20260131x10k.htm,"10-K for fiscal year ended January 31, 2026 states approximately 10,000 employees as of January 31, 2026."
CAR,723612,2025,,,,,25000,https://www.sec.gov/Archives/edgar/data/723612/000072361226000012/car-20251231.htm,"10-K states approximately 25,000 employees as of December 31, 2025."
CARR,1783180,2025,,,,,47000,https://www.sec.gov/Archives/edgar/data/1783180/000178318026000008/carr-20251231.htm,"10-K states approximately 47,000 employees as of December 31, 2025."
CB,896159,2025,,,,,45000,https://www.sec.gov/Archives/edgar/data/896159/000089615926000005/cb-20251231.htm,"10-K states approximately 45,000 employees as of December 31, 2025."
CBE,1141982,2009,7134379611,https://990s.foundationcenter.org/990pf_pdf_archive/134/134092164/134092164_200912_990PF.pdf,,,,,"Market cap computed as exact 12/31/2009 price $42.64 × 167,316,595 fiscal-year-end common shares = $7,134,379,611. Share count independently verified in Cooper Industries plc SEC FY2009 10-K (CIK 1141982): https://www.sec.gov/Archives/edgar/data/1141982/000095012310014528/h69018e10vk.htm."
CBE,1141982,2011,8572713042,https://www.foundationsearch.com/990/ARCHIVE/2/LILLIAN%20S%20WELLS%20FOUNDATION%20INC%202011%20237433827.PDF,,,,,"Market cap computed from 12/31/2011 portfolio market value implying CBE price $54.1498 ($70,124 / 1,295 shares) × 158,314,748 fiscal-year-end shares = $8,572,713,042. Share count is from Cooper Industries plc SEC FY2011 10-K (CIK 1141982): https://www.sec.gov/Archives/edgar/data/1141982/000119312512070617/d268448d10k.htm. Price precision is limited by the source's rounded portfolio market value; flagged as an estimate."
CBOE,1374310,2025,,,,,1661,https://www.sec.gov/Archives/edgar/data/1374310/000162828026010013/cboe-20251231.htm,"10-K reports 1,661 employees as of December 31, 2025."
CDAY,1725057,2021,15808000000,https://stockanalysis.com/stocks/cday/financials/ratios/,,,,,"Market cap reported by StockAnalysis/S&P Global Market Intelligence as 15,808 million USD for FY2021 (period ending Dec '21); stored as 15,808,000,000 USD at source precision. Source issuer is Dayforce, Inc., formerly Ceridian HCM Holding Inc.; StockAnalysis profile reports CIK 1725057, matching the worklist. | Market cap reported by StockAnalysis fiscal ratios as 15,808 million USD for FY2021, period ending Dec '21; stored at source precision."
CDAY,1725057,2022,9853000000,https://stockanalysis.com/stocks/cday/financials/ratios/,,,,,"Market cap reported by StockAnalysis/S&P Global Market Intelligence as 9,853 million USD for FY2022 (period ending Dec '22); stored as 9,853,000,000 USD at source precision. Source issuer is Dayforce, Inc., formerly Ceridian HCM Holding Inc.; StockAnalysis profile reports CIK 1725057, matching the worklist. | Market cap reported by StockAnalysis fiscal ratios as 9,853 million USD for FY2022, period ending Dec '22; stored at source precision."
CDAY,1725057,2023,10354000000,https://stockanalysis.com/stocks/cday/financials/ratios/,,,,,"Market cap reported by StockAnalysis/S&P Global Market Intelligence as 10,354 million USD for FY2023 (period ending Dec '23); stored as 10,354,000,000 USD at source precision. Source issuer is Dayforce, Inc., formerly Ceridian HCM Holding Inc.; StockAnalysis profile reports CIK 1725057, matching the worklist. | Market cap reported by StockAnalysis fiscal ratios as 10,354 million USD for FY2023, period ending Dec '23; stored at source precision."
CDAY,1725057,2024,11455000000,https://stockanalysis.com/stocks/cday/financials/ratios/,,,,,"Market cap reported by StockAnalysis/S&P Global Market Intelligence as 11,455 million USD for FY2024 (period ending Dec '24); stored as 11,455,000,000 USD at source precision. Source issuer is Dayforce, Inc., formerly Ceridian HCM Holding Inc.; StockAnalysis profile reports CIK 1725057, matching the worklist. | Market cap reported by StockAnalysis fiscal ratios as 11,455 million USD for FY2024, period ending Dec '24; stored at source precision."
CDNS,813672,2020,38050000000,https://stockanalysis.com/stocks/cdns/market-cap/,,,,,"Dec. 31, 2020 market cap; calendar-year fiscal alignment."
CDNS,813672,2025,85080000000,https://stockanalysis.com/stocks/cdns/market-cap/,,,13800,https://www.sec.gov/Archives/edgar/data/813672/000081367226000016/cdns-20251231.htm,"10-K states approximately 13,800 employees as of December 31, 2025. | Dec. 31, 2025 market cap; calendar-year fiscal alignment."
CE,1306830,2025,,,,,11434,https://www.sec.gov/Archives/edgar/data/1306830/000130683026000031/ce-20251231.htm,"10-K reports 11,434 employees globally as of December 31, 2025."
CERN,804753,2010,7840000000,https://companiesmarketcap.com/cerner/marketcap/,,,,,"Market cap is CompaniesMarketCap end-of-year market capitalization for 2010: $7.84B USD, stored as 7,840,000,000 USD at source precision. Used only where fiscal year ends in December, so calendar year-end aligns with fiscal year-end."
CERN,804753,2011,10370000000,https://companiesmarketcap.com/cerner/marketcap/,,,,,"Market cap is CompaniesMarketCap end-of-year market capitalization for 2011: $10.37B USD, stored as 10,370,000,000 USD at source precision. Used only where fiscal year ends in December, so calendar year-end aligns with fiscal year-end."
CERN,804753,2012,13330000000,https://companiesmarketcap.com/cerner/marketcap/,,,,,"Market cap is CompaniesMarketCap end-of-year market capitalization for 2012: $13.33B USD, stored as 13,330,000,000 USD at source precision. Used only where fiscal year ends in December, so calendar year-end aligns with fiscal year-end."
CERN,804753,2013,19160000000,https://companiesmarketcap.com/cerner/marketcap/,,,,,"Market cap is CompaniesMarketCap end-of-year market capitalization for 2013: $19.16B USD, stored as 19,160,000,000 USD at source precision. Used only where fiscal year ends in December, so calendar year-end aligns with fiscal year-end."
CERN,804753,2014,22070000000,https://companiesmarketcap.com/cerner/marketcap/,,,,,"Market cap is CompaniesMarketCap end-of-year market capitalization for 2014: $22.07B USD, stored as 22,070,000,000 USD at source precision. Used only where fiscal year ends in December, so calendar year-end aligns with fiscal year-end."
CERN,804753,2015,20580000000,https://companiesmarketcap.com/cerner/marketcap/,,,,,"Market cap is CompaniesMarketCap end-of-year market capitalization for 2015: $20.58B USD, stored as 20,580,000,000 USD at source precision. Used only where fiscal year ends in December, so calendar year-end aligns with fiscal year-end."
CERN,804753,2016,16080000000,https://companiesmarketcap.com/cerner/marketcap/,,,,,"Market cap is CompaniesMarketCap end-of-year market capitalization for 2016: $16.08B USD, stored as 16,080,000,000 USD at source precision. Used only where fiscal year ends in December, so calendar year-end aligns with fiscal year-end."
CERN,804753,2017,22400000000,https://companiesmarketcap.com/cerner/marketcap/,,,,,"Market cap is CompaniesMarketCap end-of-year market capitalization for 2017: $22.40B USD, stored as 22,400,000,000 USD at source precision. Used only where fiscal year ends in December, so calendar year-end aligns with fiscal year-end."
CERN,804753,2018,17000000000,https://companiesmarketcap.com/cerner/marketcap/,,,,,"Market cap is CompaniesMarketCap end-of-year market capitalization for 2018: $17.00B USD, stored as 17,000,000,000 USD at source precision. Used only where fiscal year ends in December, so calendar year-end aligns with fiscal year-end."
CERN,804753,2019,22810000000,https://companiesmarketcap.com/cerner/marketcap/,,,,,"Market cap is CompaniesMarketCap end-of-year market capitalization for 2019: $22.81B USD, stored as 22,810,000,000 USD at source precision. Used only where fiscal year ends in December, so calendar year-end aligns with fiscal year-end."
CERN,804753,2020,24060000000,https://companiesmarketcap.com/cerner/marketcap/,,,,,"Market cap is CompaniesMarketCap end-of-year market capitalization for 2020: $24.06B USD, stored as 24,060,000,000 USD at source precision. Used only where fiscal year ends in December, so calendar year-end aligns with fiscal year-end."
CERN,804753,2021,27130000000,https://companiesmarketcap.com/cerner/marketcap/,,,,,"Market cap is CompaniesMarketCap end-of-year market capitalization for 2021: $27.13B USD, stored as 27,130,000,000 USD at source precision. Used only where fiscal year ends in December, so calendar year-end aligns with fiscal year-end."
CF,1324404,2025,,,,,2900,https://www.sec.gov/Archives/edgar/data/1324404/000132440426000007/cf-20251231.htm,"10-K states approximately 2,900 employees as of December 31, 2025."
CHD,313927,2025,,,,,5550,https://www.sec.gov/Archives/edgar/data/313927/000119312526048139/chd-20251231.htm,"10-K states approximately 5,550 employees as of December 31, 2025."
CHRS,1512762,2025,,,,,147,https://www.sec.gov/Archives/edgar/data/1512762/000110465926025308/chrs-20251231x10k.htm,"10-K reports 147 full-time and part-time employees as of December 31, 2025."
CHRW,1043277,2025,,,,,11855,https://www.sec.gov/Archives/edgar/data/1043277/000104327726000009/chrw-20251231.htm,"10-K reports 11,855 employees as of December 31, 2025; contingent workers excluded."
CHTR,1091667,2025,,,126631550,https://www.sec.gov/Archives/edgar/data/1091667/000109166726000017/chtr-20251231.htm,,,"Fiscal-year-end balance sheet: 126,631,549 Class A shares plus 1 Class B share outstanding."
CI,1739940,2025,73521000000,https://stockanalysis.com/stocks/ci/financials/ratios/,,,,,"Market cap reported by StockAnalysis/S&P Global Market Intelligence as 73,521 million USD for FY2025 (period ending Dec '25); stored as 73,521,000,000 USD at source precision. | Market cap reported by StockAnalysis fiscal ratios as 73,521 million USD for FY2025, period ending Dec '25; stored at source precision."
CL,21665,2025,,,,,33600,https://www.sec.gov/Archives/edgar/data/21665/000002166526000006/cl-20251231.htm,"10-K for fiscal year ended December 31, 2025 states approximately 33,600 employees as of December 31, 2025."
CLX,21076,2025,,,,,7600,https://www.sec.gov/Archives/edgar/data/21076/000002107625000039/clx-20250630.htm,"10-K states about 7,600 employees as of June 30, 2025."
CMA,28412,2000,9310000000,https://companiesmarketcap.com/comerica/marketcap/,,,,,Direct CompaniesMarketCap stated end-of-year USD market cap; company fiscal year ends Dec. 31; source value is rounded.
CMA,28412,2001,10140000000,https://companiesmarketcap.com/comerica/marketcap/,,,,,Direct CompaniesMarketCap stated end-of-year USD market cap; company fiscal year ends Dec. 31; source value is rounded.
CMA,28412,2002,7550000000,https://companiesmarketcap.com/comerica/marketcap/,,,,,Direct CompaniesMarketCap stated end-of-year USD market cap; company fiscal year ends Dec. 31; source value is rounded.
CMA,28412,2003,9810000000,https://companiesmarketcap.com/comerica/marketcap/,,,,,Direct CompaniesMarketCap stated end-of-year USD market cap; company fiscal year ends Dec. 31; source value is rounded.
CMA,28412,2004,10400000000,https://companiesmarketcap.com/comerica/marketcap/,,,,,Direct CompaniesMarketCap stated end-of-year USD market cap; company fiscal year ends Dec. 31; source value is rounded.
CMA,28412,2005,9240000000,https://companiesmarketcap.com/comerica/marketcap/,,,,,Direct CompaniesMarketCap stated end-of-year USD market cap; company fiscal year ends Dec. 31; source value is rounded.
CMA,28412,2006,9240000000,https://companiesmarketcap.com/comerica/marketcap/,,,,,Direct CompaniesMarketCap stated end-of-year USD market cap; company fiscal year ends Dec. 31; source value is rounded.
CMA,28412,2007,6550000000,https://companiesmarketcap.com/comerica/marketcap/,,,,,Direct CompaniesMarketCap stated end-of-year USD market cap; company fiscal year ends Dec. 31; source value is rounded.
CMA,28412,2008,2980000000,https://companiesmarketcap.com/comerica/marketcap/,,,,,Direct CompaniesMarketCap stated end-of-year USD market cap; company fiscal year ends Dec. 31; source value is rounded.
CMA,28412,2009,4470000000,https://companiesmarketcap.com/comerica/marketcap/,,,,,Direct CompaniesMarketCap stated end-of-year USD market cap; company fiscal year ends Dec. 31; source value is rounded.
CMA,28412,2010,7450000000,https://companiesmarketcap.com/comerica/marketcap/,,,,,Direct CompaniesMarketCap stated end-of-year USD market cap; company fiscal year ends Dec. 31; source value is rounded.
CMA,28412,2011,5120000000,https://companiesmarketcap.com/comerica/marketcap/,,,,,Direct CompaniesMarketCap stated end-of-year USD market cap; company fiscal year ends Dec. 31; source value is rounded.
CMA,28412,2012,5710000000,https://companiesmarketcap.com/comerica/marketcap/,,,,,Direct CompaniesMarketCap stated end-of-year USD market cap; company fiscal year ends Dec. 31; source value is rounded.
CMA,28412,2013,8660000000,https://companiesmarketcap.com/comerica/marketcap/,,,,,Direct CompaniesMarketCap stated end-of-year USD market cap; company fiscal year ends Dec. 31; source value is rounded.
CMA,28412,2014,8380000000,https://companiesmarketcap.com/comerica/marketcap/,,,,,Direct CompaniesMarketCap stated end-of-year USD market cap; company fiscal year ends Dec. 31; source value is rounded.
CMA,28412,2015,7340000000,https://companiesmarketcap.com/comerica/marketcap/,,,,,Direct CompaniesMarketCap stated end-of-year USD market cap; company fiscal year ends Dec. 31; source value is rounded.
CMA,28412,2016,11730000000,https://companiesmarketcap.com/comerica/marketcap/,,,,,Direct CompaniesMarketCap stated end-of-year USD market cap; company fiscal year ends Dec. 31; source value is rounded.
CMA,28412,2017,15090000000,https://companiesmarketcap.com/comerica/marketcap/,,,,,Direct CompaniesMarketCap stated end-of-year USD market cap; company fiscal year ends Dec. 31; source value is rounded.
CMA,28412,2018,10990000000,https://companiesmarketcap.com/comerica/marketcap/,,,,,Direct CompaniesMarketCap stated end-of-year USD market cap; company fiscal year ends Dec. 31; source value is rounded.
CMA,28412,2019,10190000000,https://companiesmarketcap.com/comerica/marketcap/,,,,,Direct CompaniesMarketCap stated end-of-year USD market cap; company fiscal year ends Dec. 31; source value is rounded.
CMA,28412,2020,7760000000,https://companiesmarketcap.com/comerica/marketcap/,,,,,Direct CompaniesMarketCap stated end-of-year USD market cap; company fiscal year ends Dec. 31; source value is rounded.
CMA,28412,2021,11360000000,https://companiesmarketcap.com/comerica/marketcap/,,,,,Direct CompaniesMarketCap stated end-of-year USD market cap; company fiscal year ends Dec. 31; source value is rounded.
CMA,28412,2022,8750000000,https://companiesmarketcap.com/comerica/marketcap/,,,,,Direct CompaniesMarketCap stated end-of-year USD market cap; company fiscal year ends Dec. 31; source value is rounded.
CMA,28412,2023,7350000000,https://companiesmarketcap.com/comerica/marketcap/,,,,,Direct CompaniesMarketCap stated end-of-year USD market cap; company fiscal year ends Dec. 31; source value is rounded.
CMA,28412,2024,8120000000,https://companiesmarketcap.com/comerica/marketcap/,,,,,Direct CompaniesMarketCap stated end-of-year USD market cap; company fiscal year ends Dec. 31; source value is rounded.
CMCSA,1166691,2025,,,3604212627,https://www.sec.gov/Archives/edgar/data/1166691/000162828026004994/cmcsa-20251231.htm,,,"Fiscal-year-end balance sheet: 3,594,768,252 Class A shares plus 9,444,375 Class B shares outstanding."
CME,1156375,2025,,,,,3875,https://www.sec.gov/Archives/edgar/data/1156375/000115637526000009/cme-20251231.htm,"10-K states approximately 3,875 employees as of December 31, 2025."
CMG,1058090,2025,,,,,130301,https://www.sec.gov/Archives/edgar/data/1058090/000105809026000009/cmg-20251231.htm,"10-K reports 130,301 employees as of December 31, 2025; contract workers excluded."
COF,927628,2025,,,,,76300,https://www.sec.gov/Archives/edgar/data/927628/000092762826000024/cof-20251231.htm,"10-K states approximately 76,300 employees as of December 31, 2025."
COG,858470,2003,950000000,https://companiesmarketcap.com/cabot-oil-gas/marketcap/,,,,,Direct CompaniesMarketCap stated end-of-year USD market cap; company fiscal year ends Dec. 31; source value is rounded.
COG,858470,2004,1460000000,https://companiesmarketcap.com/cabot-oil-gas/marketcap/,,,,,Direct CompaniesMarketCap stated end-of-year USD market cap; company fiscal year ends Dec. 31; source value is rounded.
COG,858470,2005,2190000000,https://companiesmarketcap.com/cabot-oil-gas/marketcap/,,,,,Direct CompaniesMarketCap stated end-of-year USD market cap; company fiscal year ends Dec. 31; source value is rounded.
COG,858470,2006,2910000000,https://companiesmarketcap.com/cabot-oil-gas/marketcap/,,,,,Direct CompaniesMarketCap stated end-of-year USD market cap; company fiscal year ends Dec. 31; source value is rounded.
COG,858470,2007,3910000000,https://companiesmarketcap.com/cabot-oil-gas/marketcap/,,,,,Direct CompaniesMarketCap stated end-of-year USD market cap; company fiscal year ends Dec. 31; source value is rounded.
COG,858470,2008,2680000000,https://companiesmarketcap.com/cabot-oil-gas/marketcap/,,,,,Direct CompaniesMarketCap stated end-of-year USD market cap; company fiscal year ends Dec. 31; source value is rounded.
COG,858470,2009,4510000000,https://companiesmarketcap.com/cabot-oil-gas/marketcap/,,,,,Direct CompaniesMarketCap stated end-of-year USD market cap; company fiscal year ends Dec. 31; source value is rounded.
COG,858470,2010,3930000000,https://companiesmarketcap.com/cabot-oil-gas/marketcap/,,,,,Direct CompaniesMarketCap stated end-of-year USD market cap; company fiscal year ends Dec. 31; source value is rounded.
COG,858470,2011,7930000000,https://companiesmarketcap.com/cabot-oil-gas/marketcap/,,,,,Direct CompaniesMarketCap stated end-of-year USD market cap; company fiscal year ends Dec. 31; source value is rounded.
COG,858470,2012,10440000000,https://companiesmarketcap.com/cabot-oil-gas/marketcap/,,,,,Direct CompaniesMarketCap stated end-of-year USD market cap; company fiscal year ends Dec. 31; source value is rounded.
COG,858470,2013,16130000000,https://companiesmarketcap.com/cabot-oil-gas/marketcap/,,,,,Direct CompaniesMarketCap stated end-of-year USD market cap; company fiscal year ends Dec. 31; source value is rounded.
COG,858470,2014,12220000000,https://companiesmarketcap.com/cabot-oil-gas/marketcap/,,,,,Direct CompaniesMarketCap stated end-of-year USD market cap; company fiscal year ends Dec. 31; source value is rounded.
COG,858470,2015,7320000000,https://companiesmarketcap.com/cabot-oil-gas/marketcap/,,,,,Direct CompaniesMarketCap stated end-of-year USD market cap; company fiscal year ends Dec. 31; source value is rounded.
COG,858470,2016,10860000000,https://companiesmarketcap.com/cabot-oil-gas/marketcap/,,,,,Direct CompaniesMarketCap stated end-of-year USD market cap; company fiscal year ends Dec. 31; source value is rounded.
COG,858470,2017,13220000000,https://companiesmarketcap.com/cabot-oil-gas/marketcap/,,,,,Direct CompaniesMarketCap stated end-of-year USD market cap; company fiscal year ends Dec. 31; source value is rounded.
COG,858470,2018,9440000000,https://companiesmarketcap.com/cabot-oil-gas/marketcap/,,,,,Direct CompaniesMarketCap stated end-of-year USD market cap; company fiscal year ends Dec. 31; source value is rounded.
COG,858470,2019,6920000000,https://companiesmarketcap.com/cabot-oil-gas/marketcap/,,,,,Direct CompaniesMarketCap stated end-of-year USD market cap; company fiscal year ends Dec. 31; source value is rounded.
COG,858470,2020,6480000000,https://companiesmarketcap.com/cabot-oil-gas/marketcap/,,,,,Direct CompaniesMarketCap stated end-of-year USD market cap; company fiscal year ends Dec. 31; source value is rounded.
COG,858470,2021,8890000000,https://companiesmarketcap.com/cabot-oil-gas/marketcap/,,,,,Direct CompaniesMarketCap stated end-of-year USD market cap; company fiscal year ends Dec. 31; source value is rounded.
COHR,820318,2025,13867000000,https://stockanalysis.com/stocks/cohr/financials/ratios/,,,,,"Market cap reported by StockAnalysis/S&P Global Market Intelligence as 13,867 million USD for FY2025 (period ending Jun '25); stored as 13,867,000,000 USD at source precision. | Market cap reported by StockAnalysis fiscal ratios as 13,867 million USD for FY2025, period ending Jun '25; stored at source precision."
COIN,1679788,2025,,,,,4951,https://www.sec.gov/Archives/edgar/data/1679788/000167978826000015/coin-20251231.htm,"10-K states 4,951 employees as of December 31, 2025."
COTY,1024305,2025,,,,,11636,https://www.sec.gov/Archives/edgar/data/1024305/000102430525000030/coty-20250630.htm,"10-K states approximately 11,636 full-time employees as of June 30, 2025."
CPRT,900075,2025,43831000000,https://stockanalysis.com/stocks/cprt/financials/ratios/,,,,,"Market cap reported by StockAnalysis/S&P Global Market Intelligence as 43,831 million USD for FY2025 (period ending Jul '25); stored as 43,831,000,000 USD at source precision. | Market cap reported by StockAnalysis fiscal ratios as 43,831 million USD for FY2025, period ending Jul '25; stored at source precision."
CRH,849395,2025,83483000000,https://stockanalysis.com/stocks/crh/financials/ratios/,,,,,"Market cap reported by StockAnalysis/S&P Global Market Intelligence as 83,483 million USD for FY2025 (period ending Dec '25); stored as 83,483,000,000 USD at source precision. | Market cap reported by StockAnalysis fiscal ratios as 83,483 million USD for FY2025, period ending Dec '25; stored at source precision."
CRL,1100682,2024,,,,,20100,https://www.sec.gov/Archives/edgar/data/1100682/000110068225000011/crl-20241228.htm,"10-K states approximately 20,100 employees as of December 28, 2024."
CRM,1108524,2026,,,,,83334,https://www.sec.gov/Archives/edgar/data/1108524/000110852426000060/crm-20260131.htm,"10-K reports 83,334 employees as of January 31, 2026."
CRWD,1535527,2026,,,,,10698,https://www.sec.gov/Archives/edgar/data/1535527/000153552726000010/crwd-20260131.htm,"10-K reports 10,698 full-time employees as of January 31, 2026."
CSCO,858877,2025,,,,,86200,https://www.sec.gov/Archives/edgar/data/858877/000085887725000111/csco-20250726.htm,"10-K states approximately 86,200 employees as of July 26, 2025."
CSGP,1057352,2025,28498000000,https://stockanalysis.com/stocks/csgp/financials/ratios/,,,,,"Market cap reported by StockAnalysis/S&P Global Market Intelligence as 28,498 million USD for FY2025 (period ending Dec '25); stored as 28,498,000,000 USD at source precision. | Market cap reported by StockAnalysis fiscal ratios as 28,498 million USD for FY2025, period ending Dec '25; stored at source precision."
CTRA,858470,2022,19373000000,https://stockanalysis.com/stocks/ctra/financials/ratios/,,,,,"Market cap reported by StockAnalysis/S&P Global Market Intelligence as 19,373 million USD for FY2022 (period ending Dec '22); stored as 19,373,000,000 USD at source precision. | Market cap reported by StockAnalysis fiscal ratios as 19,373 million USD for FY2022, period ending Dec '22; stored at source precision."
CTRA,858470,2023,19196000000,https://stockanalysis.com/stocks/ctra/financials/ratios/,,,,,"Market cap reported by StockAnalysis/S&P Global Market Intelligence as 19,196 million USD for FY2023 (period ending Dec '23); stored as 19,196,000,000 USD at source precision. | Market cap reported by StockAnalysis fiscal ratios as 19,196 million USD for FY2023, period ending Dec '23; stored at source precision."
CTRA,858470,2024,18813000000,https://stockanalysis.com/stocks/ctra/financials/ratios/,,,915,https://www.sec.gov/Archives/edgar/data/858470/000085847025000075/cog-20241231.htm,"10-K reports 915 Coterra employees as of December 31, 2024. Filing document name retains legacy COG; CIK matches exactly. | Market cap reported by StockAnalysis/S&P Global Market Intelligence as 18,813 million USD for FY2024 (period ending Dec '24); stored as 18,813,000,000 USD at source precision. | Market cap reported by StockAnalysis fiscal ratios as 18,813 million USD for FY2024, period ending Dec '24; stored at source precision."
CTRA,858470,2025,20039000000,https://stockanalysis.com/stocks/ctra/financials/ratios/,,,,,"Market cap reported by StockAnalysis/S&P Global Market Intelligence as 20,039 million USD for FY2025 (period ending Dec '25); stored as 20,039,000,000 USD at source precision. | Market cap reported by StockAnalysis fiscal ratios as 20,039 million USD for FY2025, period ending Dec '25; stored at source precision."
CTSH,1058290,2025,,,,,351600,https://www.sec.gov/Archives/edgar/data/1058290/000105829026000008/ctsh-20251231.htm,"10-K states approximately 351,600 employees as of December 31, 2025."
CTVA,1755672,2025,,,,,21500,https://www.sec.gov/Archives/edgar/data/1755672/000175567226000004/ctva-20251231.htm,"10-K states approximately 21,500 employees as of December 31, 2025."
CTXS,877890,2001,4190000000,https://companiesmarketcap.com/citrix-systems/marketcap/,,,,,Direct CompaniesMarketCap stated end-of-year USD market cap; company fiscal year ends Dec. 31; source value is rounded.
CTXS,877890,2002,2070000000,https://companiesmarketcap.com/citrix-systems/marketcap/,,,,,Direct CompaniesMarketCap stated end-of-year USD market cap; company fiscal year ends Dec. 31; source value is rounded.
CTXS,877890,2003,3480000000,https://companiesmarketcap.com/citrix-systems/marketcap/,,,,,Direct CompaniesMarketCap stated end-of-year USD market cap; company fiscal year ends Dec. 31; source value is rounded.
CTXS,877890,2004,4160000000,https://companiesmarketcap.com/citrix-systems/marketcap/,,,,,Direct CompaniesMarketCap stated end-of-year USD market cap; company fiscal year ends Dec. 31; source value is rounded.
CTXS,877890,2005,5070000000,https://companiesmarketcap.com/citrix-systems/marketcap/,,,,,Direct CompaniesMarketCap stated end-of-year USD market cap; company fiscal year ends Dec. 31; source value is rounded.
CTXS,877890,2006,4860000000,https://companiesmarketcap.com/citrix-systems/marketcap/,,,,,Direct CompaniesMarketCap stated end-of-year USD market cap; company fiscal year ends Dec. 31; source value is rounded.
CTXS,877890,2007,7120000000,https://companiesmarketcap.com/citrix-systems/marketcap/,,,,,Direct CompaniesMarketCap stated end-of-year USD market cap; company fiscal year ends Dec. 31; source value is rounded.
CTXS,877890,2008,4280000000,https://companiesmarketcap.com/citrix-systems/marketcap/,,,,,Direct CompaniesMarketCap stated end-of-year USD market cap; company fiscal year ends Dec. 31; source value is rounded.
CTXS,877890,2009,7590000000,https://companiesmarketcap.com/citrix-systems/marketcap/,,,,,Direct CompaniesMarketCap stated end-of-year USD market cap; company fiscal year ends Dec. 31; source value is rounded.
CTXS,877890,2010,12820000000,https://companiesmarketcap.com/citrix-systems/marketcap/,,,,,Direct CompaniesMarketCap stated end-of-year USD market cap; company fiscal year ends Dec. 31; source value is rounded.
CTXS,877890,2011,11320000000,https://companiesmarketcap.com/citrix-systems/marketcap/,,,,,Direct CompaniesMarketCap stated end-of-year USD market cap; company fiscal year ends Dec. 31; source value is rounded.
CTXS,877890,2012,12220000000,https://companiesmarketcap.com/citrix-systems/marketcap/,,,,,Direct CompaniesMarketCap stated end-of-year USD market cap; company fiscal year ends Dec. 31; source value is rounded.
CTXS,877890,2013,11590000000,https://companiesmarketcap.com/citrix-systems/marketcap/,,,,,Direct CompaniesMarketCap stated end-of-year USD market cap; company fiscal year ends Dec. 31; source value is rounded.
CTXS,877890,2014,10250000000,https://companiesmarketcap.com/citrix-systems/marketcap/,,,,,Direct CompaniesMarketCap stated end-of-year USD market cap; company fiscal year ends Dec. 31; source value is rounded.
CTXS,877890,2015,11630000000,https://companiesmarketcap.com/citrix-systems/marketcap/,,,,,Direct CompaniesMarketCap stated end-of-year USD market cap; company fiscal year ends Dec. 31; source value is rounded.
CTXS,877890,2016,13920000000,https://companiesmarketcap.com/citrix-systems/marketcap/,,,,,Direct CompaniesMarketCap stated end-of-year USD market cap; company fiscal year ends Dec. 31; source value is rounded.
CTXS,877890,2017,13250000000,https://companiesmarketcap.com/citrix-systems/marketcap/,,,,,Direct CompaniesMarketCap stated end-of-year USD market cap; company fiscal year ends Dec. 31; source value is rounded.
CTXS,877890,2018,13460000000,https://companiesmarketcap.com/citrix-systems/marketcap/,,,,,Direct CompaniesMarketCap stated end-of-year USD market cap; company fiscal year ends Dec. 31; source value is rounded.
CTXS,877890,2019,14420000000,https://companiesmarketcap.com/citrix-systems/marketcap/,,,,,Direct CompaniesMarketCap stated end-of-year USD market cap; company fiscal year ends Dec. 31; source value is rounded.
CTXS,877890,2020,16010000000,https://companiesmarketcap.com/citrix-systems/marketcap/,,,,,Direct CompaniesMarketCap stated end-of-year USD market cap; company fiscal year ends Dec. 31; source value is rounded.
CTXS,877890,2021,11790000000,https://companiesmarketcap.com/citrix-systems/marketcap/,,,,,Direct CompaniesMarketCap stated end-of-year USD market cap; company fiscal year ends Dec. 31; source value is rounded.
CVNA,1690820,2025,,,218339000,https://www.sec.gov/Archives/edgar/data/1690820/000169082026000035/cvna-20260331.htm,,,"SEC 10-Q balance sheet carries the December 31, 2025 fiscal-year-end Class A and Class B share counts; filing reports shares in thousands."
CXO,1358071,2016,19360000000,https://companiesmarketcap.com/concho-resources/marketcap/,,,,,"Market cap is CompaniesMarketCap end-of-year market capitalization for 2016: $19.36B USD, stored as 19,360,000,000 USD at source precision. Used only where fiscal year ends in December, so calendar year-end aligns with fiscal year-end."
CXO,1358071,2017,22330000000,https://companiesmarketcap.com/concho-resources/marketcap/,,,,,"Market cap is CompaniesMarketCap end-of-year market capitalization for 2017: $22.33B USD, stored as 22,330,000,000 USD at source precision. Used only where fiscal year ends in December, so calendar year-end aligns with fiscal year-end."
CXO,1358071,2018,20580000000,https://companiesmarketcap.com/concho-resources/marketcap/,,,,,"Market cap is CompaniesMarketCap end-of-year market capitalization for 2018: $20.58B USD, stored as 20,580,000,000 USD at source precision. Used only where fiscal year ends in December, so calendar year-end aligns with fiscal year-end."
CXO,1358071,2019,17310000000,https://companiesmarketcap.com/concho-resources/marketcap/,,,,,"Market cap is CompaniesMarketCap end-of-year market capitalization for 2019: $17.31B USD, stored as 17,310,000,000 USD at source precision. Used only where fiscal year ends in December, so calendar year-end aligns with fiscal year-end."
DASH,1792789,2025,,,434247000,https://www.sec.gov/Archives/edgar/data/1792789/000179278926000022/doordash-arsxannualreportt.pdf,,,Sum of fiscal-year-end Class A and Class B shares outstanding; filing reports share amounts in thousands.
DD,1666700,2025,16843000000,https://stockanalysis.com/stocks/dd/financials/ratios/,,,,,"Market cap reported by StockAnalysis/S&P Global Market Intelligence as 16,843 million USD for FY2025 (period ending Dec '25); stored as 16,843,000,000 USD at source precision. | Market cap reported by StockAnalysis fiscal ratios as 16,843 million USD for FY2025, period ending Dec '25; stored at source precision."
DDOG,1561550,2025,,,352525971,https://www.sec.gov/Archives/edgar/data/1561550/000162828026008819/ddog-20251231.htm,,,Sum of exact fiscal-year-end Class A and Class B common shares outstanding.
DEC,1922446,2025,1145000000,https://stockanalysis.com/stocks/dec/financials/ratios/,,,,,"FY2025 fiscal-period market cap, Dec. 2025."
DELL,1571996,2025,,,696000000,https://www.sec.gov/Archives/edgar/data/1571996/000157199626000008/dell-20260130.htm,,,"SEC 10-K capitalization table gives January 31, 2025 total common shares outstanding as 696 million; rounded to nearest million as reported."
DELL,1571996,2026,,,652000000,https://www.sec.gov/Archives/edgar/data/1571996/000157199626000008/dell-20260130.htm,,,"SEC 10-K capitalization table gives January 30, 2026 total common shares outstanding as 652 million; rounded to nearest million as reported."
DFS,1393612,2007,7200000000,https://companiesmarketcap.com/discover-financial-services/marketcap/,,,,,Direct CompaniesMarketCap stated end-of-year USD market cap; company fiscal year ends Dec. 31; source value is rounded.
DFS,1393612,2008,4570000000,https://companiesmarketcap.com/discover-financial-services/marketcap/,,,,,Direct CompaniesMarketCap stated end-of-year USD market cap; company fiscal year ends Dec. 31; source value is rounded.
DFS,1393612,2009,7980000000,https://companiesmarketcap.com/discover-financial-services/marketcap/,,,,,Direct CompaniesMarketCap stated end-of-year USD market cap; company fiscal year ends Dec. 31; source value is rounded.
DFS,1393612,2010,10090000000,https://companiesmarketcap.com/discover-financial-services/marketcap/,,,,,Direct CompaniesMarketCap stated end-of-year USD market cap; company fiscal year ends Dec. 31; source value is rounded.
DFS,1393612,2011,12690000000,https://companiesmarketcap.com/discover-financial-services/marketcap/,,,,,Direct CompaniesMarketCap stated end-of-year USD market cap; company fiscal year ends Dec. 31; source value is rounded.
DFS,1393612,2012,19190000000,https://companiesmarketcap.com/discover-financial-services/marketcap/,,,,,Direct CompaniesMarketCap stated end-of-year USD market cap; company fiscal year ends Dec. 31; source value is rounded.
DFS,1393612,2013,26420000000,https://companiesmarketcap.com/discover-financial-services/marketcap/,,,,,Direct CompaniesMarketCap stated end-of-year USD market cap; company fiscal year ends Dec. 31; source value is rounded.
DFS,1393612,2014,29410000000,https://companiesmarketcap.com/discover-financial-services/marketcap/,,,,,Direct CompaniesMarketCap stated end-of-year USD market cap; company fiscal year ends Dec. 31; source value is rounded.
DFS,1393612,2015,22610000000,https://companiesmarketcap.com/discover-financial-services/marketcap/,,,,,Direct CompaniesMarketCap stated end-of-year USD market cap; company fiscal year ends Dec. 31; source value is rounded.
DFS,1393612,2016,28430000000,https://companiesmarketcap.com/discover-financial-services/marketcap/,,,,,Direct CompaniesMarketCap stated end-of-year USD market cap; company fiscal year ends Dec. 31; source value is rounded.
DFS,1393612,2017,27950000000,https://companiesmarketcap.com/discover-financial-services/marketcap/,,,,,Direct CompaniesMarketCap stated end-of-year USD market cap; company fiscal year ends Dec. 31; source value is rounded.
DFS,1393612,2018,19540000000,https://companiesmarketcap.com/discover-financial-services/marketcap/,,,,,Direct CompaniesMarketCap stated end-of-year USD market cap; company fiscal year ends Dec. 31; source value is rounded.
DFS,1393612,2019,26300000000,https://companiesmarketcap.com/discover-financial-services/marketcap/,,,,,Direct CompaniesMarketCap stated end-of-year USD market cap; company fiscal year ends Dec. 31; source value is rounded.
DFS,1393612,2020,27740000000,https://companiesmarketcap.com/discover-financial-services/marketcap/,,,,,Direct CompaniesMarketCap stated end-of-year USD market cap; company fiscal year ends Dec. 31; source value is rounded.
DFS,1393612,2021,33280000000,https://companiesmarketcap.com/discover-financial-services/marketcap/,,,,,Direct CompaniesMarketCap stated end-of-year USD market cap; company fiscal year ends Dec. 31; source value is rounded.
DFS,1393612,2022,26720000000,https://companiesmarketcap.com/discover-financial-services/marketcap/,,,,,Direct CompaniesMarketCap stated end-of-year USD market cap; company fiscal year ends Dec. 31; source value is rounded.
DFS,1393612,2023,28100000000,https://companiesmarketcap.com/discover-financial-services/marketcap/,,,,,Direct CompaniesMarketCap stated end-of-year USD market cap; company fiscal year ends Dec. 31; source value is rounded.
DFS,1393612,2024,43860000000,https://companiesmarketcap.com/discover-financial-services/marketcap/,,,,,Direct CompaniesMarketCap stated end-of-year USD market cap; company fiscal year ends Dec. 31; source value is rounded.
DIS,1744489,2025,204012000000,https://stockanalysis.com/stocks/dis/financials/ratios/,,,,,"Market cap reported by StockAnalysis/S&P Global Market Intelligence as 204,012 million USD for FY2025 (period ending Sep '25); stored as 204,012,000,000 USD at source precision. | Market cap reported by StockAnalysis fiscal ratios as 204,012 million USD for FY2025, period ending Sep '25; stored at source precision."
DLR,1297996,2025,53143000000,https://stockanalysis.com/stocks/dlr/financials/ratios/,,,,,"Market cap reported by StockAnalysis/S&P Global Market Intelligence as 53,143 million USD for FY2025 (period ending Dec '25); stored as 53,143,000,000 USD at source precision. | Market cap reported by StockAnalysis fiscal ratios as 53,143 million USD for FY2025, period ending Dec '25; stored at source precision."
DLTR,935703,2025,15773000000,https://stockanalysis.com/stocks/dltr/financials/ratios/,,,,,"Market cap reported by StockAnalysis/S&P Global Market Intelligence as 15,773 million USD for FY2025 (period ending Feb '25); stored as 15,773,000,000 USD at source precision. | Market cap reported by StockAnalysis fiscal ratios as 15,773 million USD for FY2025, period ending Feb '25; stored at source precision."
DLTR,935703,2026,23383000000,https://stockanalysis.com/stocks/dltr/financials/ratios/,,,153032,https://www.sec.gov/Archives/edgar/data/935703/000093570326000025/dltr-20260131.htm,"10-K for fiscal year ended January 31, 2026 gives total 153,032 associates as of January 31, 2026. | Market cap reported by StockAnalysis/S&P Global Market Intelligence as 23,383 million USD for FY2026 (period ending Jan '26); stored as 23,383,000,000 USD at source precision. | Market cap reported by StockAnalysis fiscal ratios as 23,383 million USD for FY2026, period ending Jan '26; stored at source precision."
DOV,29905,2025,,,,,24000,https://www.sec.gov/Archives/edgar/data/29905/000002990526000009/dov-20251231.htm,"10-K states approximately 24,000 employees worldwide as of December 31, 2025."
DPZ,1286681,2020,15110000000,https://stockanalysis.com/stocks/dpz/market-cap/,,,,,"Near-fiscal-year-end estimate from Dec. 31, 2020."
DPZ,1286681,2025,14080000000,https://stockanalysis.com/stocks/dpz/market-cap/,,,,,"Near-fiscal-year-end estimate from Dec. 31, 2025."
DRE,783280,2017,9690000000,https://companiesmarketcap.com/duke-realty/marketcap/,,,,,"Market cap is CompaniesMarketCap end-of-year market capitalization for 2017: $9.69B USD, stored as 9,690,000,000 USD at source precision. Used only where fiscal year ends in December, so calendar year-end aligns with fiscal year-end."
DRE,783280,2018,9290000000,https://companiesmarketcap.com/duke-realty/marketcap/,,,,,"Market cap is CompaniesMarketCap end-of-year market capitalization for 2018: $9.29B USD, stored as 9,290,000,000 USD at source precision. Used only where fiscal year ends in December, so calendar year-end aligns with fiscal year-end."
DRE,783280,2019,12750000000,https://companiesmarketcap.com/duke-realty/marketcap/,,,,,"Market cap is CompaniesMarketCap end-of-year market capitalization for 2019: $12.75B USD, stored as 12,750,000,000 USD at source precision. Used only where fiscal year ends in December, so calendar year-end aligns with fiscal year-end."
DRE,783280,2020,14860000000,https://companiesmarketcap.com/duke-realty/marketcap/,,,,,"Market cap is CompaniesMarketCap end-of-year market capitalization for 2020: $14.86B USD, stored as 14,860,000,000 USD at source precision. Used only where fiscal year ends in December, so calendar year-end aligns with fiscal year-end."
DRE,783280,2021,24990000000,https://companiesmarketcap.com/duke-realty/marketcap/,,,,,"Market cap is CompaniesMarketCap end-of-year market capitalization for 2021: $24.99B USD, stored as 24,990,000,000 USD at source precision. Used only where fiscal year ends in December, so calendar year-end aligns with fiscal year-end."
DVN,1090012,2025,,,,,2200,https://www.sec.gov/Archives/edgar/data/1090012/000119312526056485/dvn-20251231.htm,"10-K states approximately 2,200 employees as of December 31, 2025."
DXC,1688568,2025,3087000000,https://stockanalysis.com/stocks/dxc/financials/ratios/,,,,,"Market cap reported by StockAnalysis/S&P Global Market Intelligence as 3,087 million USD for FY2025 (period ending Mar '25); stored as 3,087,000,000 USD at source precision. | Market cap reported by StockAnalysis fiscal ratios as 3,087 million USD for FY2025, period ending Mar '25; stored at source precision."
DXC,1688568,2026,2134000000,https://stockanalysis.com/stocks/dxc/financials/ratios/,,,,,"Market cap reported by StockAnalysis/S&P Global Market Intelligence as 2,134 million USD for FY2026 (period ending Mar '26); stored as 2,134,000,000 USD at source precision. | Market cap reported by StockAnalysis fiscal ratios as 2,134 million USD for FY2026, period ending Mar '26; stored at source precision."
DXCM,1093557,2009,371600000,https://stockanalysis.com/stocks/dxcm/market-cap/,52755211,https://www.sec.gov/Archives/edgar/data/1093557/000119312510051468/d10k.htm,,,"FY2009 is calendar-year aligned. Market cap is StockAnalysis/Nasdaq Data Link's Dec. 31, 2009 value. Shares are the exact FY2009 10-K cover disclosure: 52,755,211 shares outstanding as of March 3, 2010; cover-page measurement date is noted. | Dec. 31, 2009 historical market cap; calendar FY. | FY2009 10-K cover count as of Mar. 3, 2010."
DXCM,1093557,2025,25890000000,https://stockanalysis.com/stocks/dxcm/market-cap/,,,11100,https://www.sec.gov/Archives/edgar/data/1093557/000109355726000027/dxcm-20251231.htm,"10-K states approximately 11,100 employees as of December 31, 2025. | Market cap reported by StockAnalysis/Nasdaq Data Link as 25.89 billion USD on Dec. 31, 2025; FY2025 is calendar-year aligned. | Dec. 31, 2025 historical market cap; calendar FY."
EL,1001250,2025,,,,,57000,https://www.sec.gov/Archives/edgar/data/1001250/000100125025000099/el-20250630.htm,"10-K states approximately 57,000 employees worldwide as of June 30, 2025."
EME,105634,2025,,,,,44000,https://www.sec.gov/Archives/edgar/data/105634/000010563426000025/eme-20251231.htm,"10-K states approximately 44,000 employees as of December 31, 2025."
EMN,915389,2025,,,,,13000,https://www.sec.gov/Archives/edgar/data/915389/000091538926000013/emn-20251231.htm,"10-K states a global employee population of approximately 13,000 people for FY2025."
EMR,32604,2025,,,,,71000,https://www.sec.gov/Archives/edgar/data/32604/000003260425000087/emr-20250930.htm,"10-K states approximately 71,000 employees at September 30, 2025."
ENDP,1593034,2015,13870000000,https://www.marketcaphistory.com/endp/,,,,,"Direct market-cap observation from MarketCapHistory: $13,870,000,000 on 2015-11-03, 58 days before 12/31/2015 fiscal year-end. Used as a near-year-end estimate and explicitly flagged. SEC confirms Endo International plc CIK 1593034 has a Dec. 31 fiscal year (e.g. FY2017 10-K: https://www.sec.gov/Archives/edgar/data/1593034/000159303418000010/endp-12312017x10k.htm)."
ENDP,1593034,2016,4210000000,https://www.marketcaphistory.com/endp/,,,,,"Direct market-cap observation from MarketCapHistory: $4,210,000,000 on 2016-11-01, 60 days before 12/31/2016 fiscal year-end. Used as a near-year-end estimate and explicitly flagged. SEC confirms Endo International plc CIK 1593034 has a Dec. 31 fiscal year (e.g. FY2017 10-K: https://www.sec.gov/Archives/edgar/data/1593034/000159303418000010/endp-12312017x10k.htm)."
ENDP,1593034,2017,1460000000,https://www.marketcaphistory.com/endp/,,,,,"Direct market-cap observation from MarketCapHistory: $1,460,000,000 on 2017-11-01, 60 days before 12/31/2017 fiscal year-end. Used as a near-year-end estimate and explicitly flagged. SEC confirms Endo International plc CIK 1593034 has a Dec. 31 fiscal year (e.g. FY2017 10-K: https://www.sec.gov/Archives/edgar/data/1593034/000159303418000010/endp-12312017x10k.htm)."
ENPH,1463101,2025,,,,,2872,https://www.sec.gov/Archives/edgar/data/1463101/000146310126000013/enph-20251231.htm,"10-K reports 2,872 full-time employees as of December 31, 2025."
ENS,1289308,2025,3611000000,https://stockanalysis.com/stocks/ens/financials/ratios/,,,,,"Market cap reported by StockAnalysis/S&P Global Market Intelligence as 3,611 million USD for FY2025 (period ending Mar '25); stored as 3,611,000,000 USD at source precision. | Market cap reported by StockAnalysis fiscal ratios as 3,611 million USD for FY2025, period ending Mar '25; stored at source precision."
ENS,1289308,2026,6402000000,https://stockanalysis.com/stocks/ens/financials/ratios/,,,9682,https://www.sec.gov/Archives/edgar/data/1289308/000162828026036900/ens-20260331.htm,"10-K states approximately 9,682 employees at March 31, 2026. | Market cap reported by StockAnalysis/S&P Global Market Intelligence as 6,402 million USD for FY2026 (period ending Mar '26); stored as 6,402,000,000 USD at source precision. | Market cap reported by StockAnalysis fiscal ratios as 6,402 million USD for FY2026, period ending Mar '26; stored at source precision."
EP,1066107,2009,6893578940,https://www.sec.gov/Archives/edgar/data/1066107/000095012310030136/h70114def14a.htm,,,,,"Market cap computed as exact 12/31/2009 SEC-stated closing price $9.83 × 701,279,648 common shares outstanding (716,041,302 issued less 14,761,654 treasury shares from the SEC balance sheet) = $6,893,578,940. Share-count source: https://www.sec.gov/Archives/edgar/data/1066107/000095012310075052/h74839e10vq.htm."
ERIE,922621,2025,,,,,6667,https://www.sec.gov/Archives/edgar/data/922621/000162828026010666/erie-20251231.htm,"10-K reports 6,667 full-time employees as of December 31, 2025."
ES,72741,2024,,,,,10680,https://www.sec.gov/Archives/edgar/data/72741/000007274125000007/es-20241231.htm,"10-K reports 10,680 employees for FY2024; exact worklist CIK path used."
ES,72741,2025,25261000000,https://stockanalysis.com/stocks/es/financials/ratios/,,,,,"Market cap reported by StockAnalysis/S&P Global Market Intelligence as 25,261 million USD for FY2025 (period ending Dec '25); stored as 25,261,000,000 USD at source precision. | Market cap reported by StockAnalysis fiscal ratios as 25,261 million USD for FY2025, period ending Dec '25; stored at source precision."
ETFC,1015780,2001,3790000000,https://companiesmarketcap.com/e-trade/marketcap/,,,,,Direct CompaniesMarketCap stated end-of-year USD market cap; company fiscal year ends Dec. 31; source value is rounded.
ETFC,1015780,2002,1740000000,https://companiesmarketcap.com/e-trade/marketcap/,,,,,Direct CompaniesMarketCap stated end-of-year USD market cap; company fiscal year ends Dec. 31; source value is rounded.
ETFC,1015780,2003,4630000000,https://companiesmarketcap.com/e-trade/marketcap/,,,,,Direct CompaniesMarketCap stated end-of-year USD market cap; company fiscal year ends Dec. 31; source value is rounded.
ETFC,1015780,2004,5520000000,https://companiesmarketcap.com/e-trade/marketcap/,,,,,Direct CompaniesMarketCap stated end-of-year USD market cap; company fiscal year ends Dec. 31; source value is rounded.
ETFC,1015780,2005,8680000000,https://companiesmarketcap.com/e-trade/marketcap/,,,,,Direct CompaniesMarketCap stated end-of-year USD market cap; company fiscal year ends Dec. 31; source value is rounded.
ETFC,1015780,2006,9550000000,https://companiesmarketcap.com/e-trade/marketcap/,,,,,Direct CompaniesMarketCap stated end-of-year USD market cap; company fiscal year ends Dec. 31; source value is rounded.
ETFC,1015780,2007,1630000000,https://companiesmarketcap.com/e-trade/marketcap/,,,,,Direct CompaniesMarketCap stated end-of-year USD market cap; company fiscal year ends Dec. 31; source value is rounded.
ETFC,1015780,2008,610000000,https://companiesmarketcap.com/e-trade/marketcap/,,,,,Direct CompaniesMarketCap stated end-of-year USD market cap; company fiscal year ends Dec. 31; source value is rounded.
ETFC,1015780,2009,3330000000,https://companiesmarketcap.com/e-trade/marketcap/,,,,,Direct CompaniesMarketCap stated end-of-year USD market cap; company fiscal year ends Dec. 31; source value is rounded.
ETFC,1015780,2010,3530000000,https://companiesmarketcap.com/e-trade/marketcap/,,,,,Direct CompaniesMarketCap stated end-of-year USD market cap; company fiscal year ends Dec. 31; source value is rounded.
ETFC,1015780,2011,2270000000,https://companiesmarketcap.com/e-trade/marketcap/,,,,,Direct CompaniesMarketCap stated end-of-year USD market cap; company fiscal year ends Dec. 31; source value is rounded.
ETFC,1015780,2012,2560000000,https://companiesmarketcap.com/e-trade/marketcap/,,,,,Direct CompaniesMarketCap stated end-of-year USD market cap; company fiscal year ends Dec. 31; source value is rounded.
ETFC,1015780,2013,5640000000,https://companiesmarketcap.com/e-trade/marketcap/,,,,,Direct CompaniesMarketCap stated end-of-year USD market cap; company fiscal year ends Dec. 31; source value is rounded.
ETFC,1015780,2014,7010000000,https://companiesmarketcap.com/e-trade/marketcap/,,,,,Direct CompaniesMarketCap stated end-of-year USD market cap; company fiscal year ends Dec. 31; source value is rounded.
ETFC,1015780,2015,8630000000,https://companiesmarketcap.com/e-trade/marketcap/,,,,,Direct CompaniesMarketCap stated end-of-year USD market cap; company fiscal year ends Dec. 31; source value is rounded.
ETFC,1015780,2016,9480000000,https://companiesmarketcap.com/e-trade/marketcap/,,,,,Direct CompaniesMarketCap stated end-of-year USD market cap; company fiscal year ends Dec. 31; source value is rounded.
ETFC,1015780,2017,13280000000,https://companiesmarketcap.com/e-trade/marketcap/,,,,,Direct CompaniesMarketCap stated end-of-year USD market cap; company fiscal year ends Dec. 31; source value is rounded.
ETFC,1015780,2018,10810000000,https://companiesmarketcap.com/e-trade/marketcap/,,,,,Direct CompaniesMarketCap stated end-of-year USD market cap; company fiscal year ends Dec. 31; source value is rounded.
ETFC,1015780,2019,10100000000,https://companiesmarketcap.com/e-trade/marketcap/,,,,,Direct CompaniesMarketCap stated end-of-year USD market cap; company fiscal year ends Dec. 31; source value is rounded.
ETN,1551182,2025,123709000000,https://stockanalysis.com/stocks/etn/financials/ratios/,,,,,"Market cap reported by StockAnalysis/S&P Global Market Intelligence as 123,709 million USD for FY2025 (period ending Dec '25); stored as 123,709,000,000 USD at source precision. | Market cap reported by StockAnalysis fiscal ratios as 123,709 million USD for FY2025, period ending Dec '25; stored at source precision."
EVRG,1711269,2025,16688000000,https://stockanalysis.com/stocks/evrg/financials/ratios/,,,,,"Market cap reported by StockAnalysis/S&P Global Market Intelligence as 16,688 million USD for FY2025 (period ending Dec '25); stored as 16,688,000,000 USD at source precision. | Market cap reported by StockAnalysis fiscal ratios as 16,688 million USD for FY2025, period ending Dec '25; stored at source precision."
EXPE,1324424,2025,,,122498000,https://www.sec.gov/Archives/edgar/data/1324424/000132442426000008/expe-20251231.htm,,,"Fiscal-year-end balance sheet reports shares in thousands: 116,975 common plus 5,523 Class B common = 122,498 thousand."
EXR,1289490,2025,,,,,8393,https://www.sec.gov/Archives/edgar/data/1289490/000128949026000011/exr-20251231.htm,"10-K reports 8,393 employees as of December 31, 2025."
FBHS,1519751,2016,8240000000,https://companiesmarketcap.com/fortune-brands-home-security/marketcap/,,,,,"Market cap is CompaniesMarketCap end-of-year market capitalization for 2016: $8.24B USD, stored as 8,240,000,000 USD at source precision. Used only where fiscal year ends in December, so calendar year-end aligns with fiscal year-end."
FBHS,1519751,2017,10380000000,https://companiesmarketcap.com/fortune-brands-home-security/marketcap/,,,,,"Market cap is CompaniesMarketCap end-of-year market capitalization for 2017: $10.38B USD, stored as 10,380,000,000 USD at source precision. Used only where fiscal year ends in December, so calendar year-end aligns with fiscal year-end."
FBHS,1519751,2018,5330000000,https://companiesmarketcap.com/fortune-brands-home-security/marketcap/,,,,,"Market cap is CompaniesMarketCap end-of-year market capitalization for 2018: $5.33B USD, stored as 5,330,000,000 USD at source precision. Used only where fiscal year ends in December, so calendar year-end aligns with fiscal year-end."
FBHS,1519751,2019,9110000000,https://companiesmarketcap.com/fortune-brands-home-security/marketcap/,,,,,"Market cap is CompaniesMarketCap end-of-year market capitalization for 2019: $9.11B USD, stored as 9,110,000,000 USD at source precision. Used only where fiscal year ends in December, so calendar year-end aligns with fiscal year-end."
FBHS,1519751,2020,11900000000,https://companiesmarketcap.com/fortune-brands-home-security/marketcap/,,,,,"Market cap is CompaniesMarketCap end-of-year market capitalization for 2020: $11.90B USD, stored as 11,900,000,000 USD at source precision. Used only where fiscal year ends in December, so calendar year-end aligns with fiscal year-end."
FBHS,1519751,2021,14510000000,https://companiesmarketcap.com/fortune-brands-home-security/marketcap/,,,,,"Market cap is CompaniesMarketCap end-of-year market capitalization for 2021: $14.51B USD, stored as 14,510,000,000 USD at source precision. Used only where fiscal year ends in December, so calendar year-end aligns with fiscal year-end."
FBHS,1519751,2022,7920000000,https://companiesmarketcap.com/fortune-brands-home-security/marketcap/,,,,,"Market cap is CompaniesMarketCap end-of-year market capitalization for 2022: $7.92B USD, stored as 7,920,000,000 USD at source precision. Used only where fiscal year ends in December, so calendar year-end aligns with fiscal year-end."
FDS,1013237,2025,14114000000,https://stockanalysis.com/stocks/fds/financials/ratios/,,,,,"Market cap reported by StockAnalysis/S&P Global Market Intelligence as 14,114 million USD for FY2025 (period ending Aug '25); stored as 14,114,000,000 USD at source precision. | Market cap reported by StockAnalysis fiscal ratios as 14,114 million USD for FY2025, period ending Aug '25; stored at source precision."
FIX,1035983,2025,32845000000,https://stockanalysis.com/stocks/fix/financials/ratios/,,,,,"Market cap reported by StockAnalysis/S&P Global Market Intelligence as 32,845 million USD for FY2025 (period ending Dec '25); stored as 32,845,000,000 USD at source precision. | Market cap reported by StockAnalysis fiscal ratios as 32,845 million USD for FY2025, period ending Dec '25; stored at source precision."
FLIR,354908,2009,5000000000,https://companiesmarketcap.com/flir-systems/marketcap/,,,,,"Market cap is CompaniesMarketCap end-of-year market capitalization for 2009: $5.00B USD, stored as 5,000,000,000 USD at source precision. Used only where fiscal year ends in December, so calendar year-end aligns with fiscal year-end."
FLIR,354908,2010,4730000000,https://companiesmarketcap.com/flir-systems/marketcap/,,,,,"Market cap is CompaniesMarketCap end-of-year market capitalization for 2010: $4.73B USD, stored as 4,730,000,000 USD at source precision. Used only where fiscal year ends in December, so calendar year-end aligns with fiscal year-end."
FLIR,354908,2011,3910000000,https://companiesmarketcap.com/flir-systems/marketcap/,,,,,"Market cap is CompaniesMarketCap end-of-year market capitalization for 2011: $3.91B USD, stored as 3,910,000,000 USD at source precision. Used only where fiscal year ends in December, so calendar year-end aligns with fiscal year-end."
FLIR,354908,2012,3250000000,https://companiesmarketcap.com/flir-systems/marketcap/,,,,,"Market cap is CompaniesMarketCap end-of-year market capitalization for 2012: $3.25B USD, stored as 3,250,000,000 USD at source precision. Used only where fiscal year ends in December, so calendar year-end aligns with fiscal year-end."
FLIR,354908,2013,4230000000,https://companiesmarketcap.com/flir-systems/marketcap/,,,,,"Market cap is CompaniesMarketCap end-of-year market capitalization for 2013: $4.23B USD, stored as 4,230,000,000 USD at source precision. Used only where fiscal year ends in December, so calendar year-end aligns with fiscal year-end."
FLIR,354908,2014,4500000000,https://companiesmarketcap.com/flir-systems/marketcap/,,,,,"Market cap is CompaniesMarketCap end-of-year market capitalization for 2014: $4.50B USD, stored as 4,500,000,000 USD at source precision. Used only where fiscal year ends in December, so calendar year-end aligns with fiscal year-end."
FLIR,354908,2015,3850000000,https://companiesmarketcap.com/flir-systems/marketcap/,,,,,"Market cap is CompaniesMarketCap end-of-year market capitalization for 2015: $3.85B USD, stored as 3,850,000,000 USD at source precision. Used only where fiscal year ends in December, so calendar year-end aligns with fiscal year-end."
FLIR,354908,2016,4920000000,https://companiesmarketcap.com/flir-systems/marketcap/,,,,,"Market cap is CompaniesMarketCap end-of-year market capitalization for 2016: $4.92B USD, stored as 4,920,000,000 USD at source precision. Used only where fiscal year ends in December, so calendar year-end aligns with fiscal year-end."
FLIR,354908,2017,6460000000,https://companiesmarketcap.com/flir-systems/marketcap/,,,,,"Market cap is CompaniesMarketCap end-of-year market capitalization for 2017: $6.46B USD, stored as 6,460,000,000 USD at source precision. Used only where fiscal year ends in December, so calendar year-end aligns with fiscal year-end."
FLIR,354908,2018,5900000000,https://companiesmarketcap.com/flir-systems/marketcap/,,,,,"Market cap is CompaniesMarketCap end-of-year market capitalization for 2018: $5.90B USD, stored as 5,900,000,000 USD at source precision. Used only where fiscal year ends in December, so calendar year-end aligns with fiscal year-end."
FLIR,354908,2019,6990000000,https://companiesmarketcap.com/flir-systems/marketcap/,,,,,"Market cap is CompaniesMarketCap end-of-year market capitalization for 2019: $6.99B USD, stored as 6,990,000,000 USD at source precision. Used only where fiscal year ends in December, so calendar year-end aligns with fiscal year-end."
FLIR,354908,2020,5740000000,https://companiesmarketcap.com/flir-systems/marketcap/,,,,,"Market cap is CompaniesMarketCap end-of-year market capitalization for 2020: $5.74B USD, stored as 5,740,000,000 USD at source precision. Used only where fiscal year ends in December, so calendar year-end aligns with fiscal year-end."
FOXA,1754301,2025,,,446335925,https://www.sec.gov/Archives/edgar/data/1754301/000162828025038077/fox-20250630.htm,,,"Fiscal-year-end balance sheet: 210,754,900 Class A plus 235,581,025 Class B common shares outstanding."
FTI,1681459,2025,18025000000,https://stockanalysis.com/stocks/fti/financials/ratios/,,,,,"Market cap reported by StockAnalysis/S&P Global Market Intelligence as 18,025 million USD for FY2025 (period ending Dec '25); stored as 18,025,000,000 USD at source precision. | Market cap reported by StockAnalysis fiscal ratios as 18,025 million USD for FY2025, period ending Dec '25; stored at source precision."
FTNT,1262039,2025,59053000000,https://stockanalysis.com/stocks/ftnt/financials/ratios/,,,,,"Market cap reported by StockAnalysis/S&P Global Market Intelligence as 59,053 million USD for FY2025 (period ending Dec '25); stored as 59,053,000,000 USD at source precision. | Market cap reported by StockAnalysis fiscal ratios as 59,053 million USD for FY2025, period ending Dec '25; stored at source precision."
GHC,104889,2025,,,4360943,https://www.sec.gov/Archives/edgar/data/104889/000162828026011405/ghc-20251231.htm,,,"SEC 10-K states 4,360,943 shares outstanding at December 31, 2025."
GM,1467858,2025,76231000000,https://stockanalysis.com/stocks/gm/financials/ratios/,,,,,"Market cap reported by StockAnalysis/S&P Global Market Intelligence as 76,231 million USD for FY2025 (period ending Dec '25); stored as 76,231,000,000 USD at source precision. | Market cap reported by StockAnalysis fiscal ratios as 76,231 million USD for FY2025, period ending Dec '25; stored at source precision."
GOOG,1652044,2023,,,,,182502,https://www.sec.gov/Archives/edgar/data/1652044/000165204424000022/goog-20231231.htm,
GOOG,1652044,2024,,,,,183323,https://www.sec.gov/Archives/edgar/data/1652044/000165204425000014/goog-20241231.htm,
GOOG,1652044,2025,,,,,190820,https://www.sec.gov/Archives/edgar/data/1652044/000165204426000018/goog-20251231.htm,
H,1468174,2025,15224000000,https://stockanalysis.com/stocks/h/financials/ratios/,94467765,https://www.sec.gov/Archives/edgar/data/1468174/000146817426000007/h-20251231.htm,,,"FY2025 market cap 15,224 million USD, period ending Dec. 2025. | 10-K cover: 41,336,292 Class A + 53,131,473 Class B shares as of Jan. 31, 2026 = 94,467,765 total."
HBI,1359841,2015,11530000000,https://stockanalysis.com/stocks/hbi/market-cap/,,,,,Near-fiscal-year-end estimate from final trading day of calendar 2015; HBI fiscal year ends at/near calendar turn.
HBI,1359841,2016,8150000000,https://stockanalysis.com/stocks/hbi/market-cap/,,,,,Near-fiscal-year-end estimate from final trading day of calendar 2016; HBI fiscal year ends at/near calendar turn.
HBI,1359841,2017,7620000000,https://stockanalysis.com/stocks/hbi/market-cap/,,,,,Near-fiscal-year-end estimate from final trading day of calendar 2017; HBI fiscal year ends at/near calendar turn.
HBI,1359841,2018,4520000000,https://stockanalysis.com/stocks/hbi/market-cap/,,,,,Near-fiscal-year-end estimate from final trading day of calendar 2018; HBI fiscal year ends at/near calendar turn.
HBI,1359841,2019,5370000000,https://stockanalysis.com/stocks/hbi/market-cap/,,,,,Near-fiscal-year-end estimate from final trading day of calendar 2019; HBI fiscal year ends at/near calendar turn.
HBI,1359841,2020,5080000000,https://stockanalysis.com/stocks/hbi/market-cap/,,,,,Near-fiscal-year-end estimate from final trading day of calendar 2020; HBI fiscal year ends at/near calendar turn.
HBI,1359841,2021,5840000000,https://stockanalysis.com/stocks/hbi/market-cap/,,,,,Near-fiscal-year-end estimate from final trading day of calendar 2021; HBI fiscal year ends at/near calendar turn.
HES,4447,2000,6490000000,https://companiesmarketcap.com/hess/marketcap/,,,,,Direct CompaniesMarketCap stated end-of-year USD market cap; company fiscal year ends Dec. 31; source value is rounded.
HES,4447,2001,5550000000,https://companiesmarketcap.com/hess/marketcap/,,,,,Direct CompaniesMarketCap stated end-of-year USD market cap; company fiscal year ends Dec. 31; source value is rounded.
HES,4447,2002,4910000000,https://companiesmarketcap.com/hess/marketcap/,,,,,Direct CompaniesMarketCap stated end-of-year USD market cap; company fiscal year ends Dec. 31; source value is rounded.
HES,4447,2003,4780000000,https://companiesmarketcap.com/hess/marketcap/,,,,,Direct CompaniesMarketCap stated end-of-year USD market cap; company fiscal year ends Dec. 31; source value is rounded.
HES,4447,2004,7550000000,https://companiesmarketcap.com/hess/marketcap/,,,,,Direct CompaniesMarketCap stated end-of-year USD market cap; company fiscal year ends Dec. 31; source value is rounded.
HES,4447,2005,11800000000,https://companiesmarketcap.com/hess/marketcap/,,,,,Direct CompaniesMarketCap stated end-of-year USD market cap; company fiscal year ends Dec. 31; source value is rounded.
HES,4447,2006,15610000000,https://companiesmarketcap.com/hess/marketcap/,,,,,Direct CompaniesMarketCap stated end-of-year USD market cap; company fiscal year ends Dec. 31; source value is rounded.
HES,4447,2007,32330000000,https://companiesmarketcap.com/hess/marketcap/,,,,,Direct CompaniesMarketCap stated end-of-year USD market cap; company fiscal year ends Dec. 31; source value is rounded.
HES,4447,2008,17490000000,https://companiesmarketcap.com/hess/marketcap/,,,,,Direct CompaniesMarketCap stated end-of-year USD market cap; company fiscal year ends Dec. 31; source value is rounded.
HES,4447,2009,19790000000,https://companiesmarketcap.com/hess/marketcap/,,,,,Direct CompaniesMarketCap stated end-of-year USD market cap; company fiscal year ends Dec. 31; source value is rounded.
HES,4447,2010,25840000000,https://companiesmarketcap.com/hess/marketcap/,,,,,Direct CompaniesMarketCap stated end-of-year USD market cap; company fiscal year ends Dec. 31; source value is rounded.
HES,4447,2011,19300000000,https://companiesmarketcap.com/hess/marketcap/,,,,,Direct CompaniesMarketCap stated end-of-year USD market cap; company fiscal year ends Dec. 31; source value is rounded.
HES,4447,2012,18080000000,https://companiesmarketcap.com/hess/marketcap/,,,,,Direct CompaniesMarketCap stated end-of-year USD market cap; company fiscal year ends Dec. 31; source value is rounded.
HES,4447,2013,27000000000,https://companiesmarketcap.com/hess/marketcap/,,,,,Direct CompaniesMarketCap stated end-of-year USD market cap; company fiscal year ends Dec. 31; source value is rounded.
HES,4447,2014,21100000000,https://companiesmarketcap.com/hess/marketcap/,,,,,Direct CompaniesMarketCap stated end-of-year USD market cap; company fiscal year ends Dec. 31; source value is rounded.
HES,4447,2015,13860000000,https://companiesmarketcap.com/hess/marketcap/,,,,,Direct CompaniesMarketCap stated end-of-year USD market cap; company fiscal year ends Dec. 31; source value is rounded.
HES,4447,2016,19720000000,https://companiesmarketcap.com/hess/marketcap/,,,,,Direct CompaniesMarketCap stated end-of-year USD market cap; company fiscal year ends Dec. 31; source value is rounded.
HES,4447,2017,15080000000,https://companiesmarketcap.com/hess/marketcap/,,,,,Direct CompaniesMarketCap stated end-of-year USD market cap; company fiscal year ends Dec. 31; source value is rounded.
HES,4447,2018,11800000000,https://companiesmarketcap.com/hess/marketcap/,,,,,Direct CompaniesMarketCap stated end-of-year USD market cap; company fiscal year ends Dec. 31; source value is rounded.
HES,4447,2019,20370000000,https://companiesmarketcap.com/hess/marketcap/,,,,,Direct CompaniesMarketCap stated end-of-year USD market cap; company fiscal year ends Dec. 31; source value is rounded.
HES,4447,2020,16210000000,https://companiesmarketcap.com/hess/marketcap/,,,,,Direct CompaniesMarketCap stated end-of-year USD market cap; company fiscal year ends Dec. 31; source value is rounded.
HES,4447,2021,22920000000,https://companiesmarketcap.com/hess/marketcap/,,,,,Direct CompaniesMarketCap stated end-of-year USD market cap; company fiscal year ends Dec. 31; source value is rounded.
HES,4447,2022,43720000000,https://companiesmarketcap.com/hess/marketcap/,,,,,Direct CompaniesMarketCap stated end-of-year USD market cap; company fiscal year ends Dec. 31; source value is rounded.
HES,4447,2023,44280000000,https://companiesmarketcap.com/hess/marketcap/,,,,,Direct CompaniesMarketCap stated end-of-year USD market cap; company fiscal year ends Dec. 31; source value is rounded.
HES,4447,2024,40230000000,https://companiesmarketcap.com/hess/marketcap/,,,,,Direct CompaniesMarketCap stated end-of-year USD market cap; company fiscal year ends Dec. 31; source value is rounded.
HFC,48039,2018,8790000000,https://companiesmarketcap.com/hollyfrontier/marketcap/,,,,,"Market cap is CompaniesMarketCap end-of-year market capitalization for 2018: $8.79B USD, stored as 8,790,000,000 USD at source precision. Used only where fiscal year ends in December, so calendar year-end aligns with fiscal year-end."
HFC,48039,2019,8200000000,https://companiesmarketcap.com/hollyfrontier/marketcap/,,,,,"Market cap is CompaniesMarketCap end-of-year market capitalization for 2019: $8.20B USD, stored as 8,200,000,000 USD at source precision. Used only where fiscal year ends in December, so calendar year-end aligns with fiscal year-end."
HFC,48039,2020,4180000000,https://companiesmarketcap.com/hollyfrontier/marketcap/,,,,,"Market cap is CompaniesMarketCap end-of-year market capitalization for 2020: $4.18B USD, stored as 4,180,000,000 USD at source precision. Used only where fiscal year ends in December, so calendar year-end aligns with fiscal year-end."
HFC,48039,2021,5320000000,https://companiesmarketcap.com/hollyfrontier/marketcap/,,,,,"Market cap is CompaniesMarketCap end-of-year market capitalization for 2021: $5.32B USD, stored as 5,320,000,000 USD at source precision. Used only where fiscal year ends in December, so calendar year-end aligns with fiscal year-end."
HSY,47111,2025,,,202839656,https://www.sec.gov/Archives/edgar/data/47111/000162828026008586/hsy-20251231.htm,,,"SEC 10-K equity note states net shares outstanding at fiscal year-end: 202,839,656."
IBKR,1381197,2025,,,445414116,https://www.sec.gov/Archives/edgar/data/1381197/000138119726000062/ibkr-20251231.htm,,,"Fiscal-year-end shares: 445,413,716 Class A plus 400 Class B common shares outstanding."
ICE,1571949,2025,92346000000,https://stockanalysis.com/stocks/ice/financials/ratios/,,,,,"Market cap reported by StockAnalysis/S&P Global Market Intelligence as 92,346 million USD for FY2025 (period ending Dec '25); stored as 92,346,000,000 USD at source precision. | Market cap reported by StockAnalysis fiscal ratios as 92,346 million USD for FY2025, period ending Dec '25; stored at source precision."
INCY,879169,2025,19391000000,https://stockanalysis.com/stocks/incy/financials/ratios/,,,,,"Market cap reported by StockAnalysis/S&P Global Market Intelligence as 19,391 million USD for FY2025 (period ending Dec '25); stored as 19,391,000,000 USD at source precision. | Market cap reported by StockAnalysis fiscal ratios as 19,391 million USD for FY2025, period ending Dec '25; stored at source precision."
IPG,51644,2000,13390000000,https://companiesmarketcap.com/ipg/marketcap/,,,,,Direct CompaniesMarketCap stated end-of-year USD market cap; company fiscal year ends Dec. 31; source value is rounded.
IPG,51644,2001,11180000000,https://companiesmarketcap.com/ipg/marketcap/,,,,,Direct CompaniesMarketCap stated end-of-year USD market cap; company fiscal year ends Dec. 31; source value is rounded.
IPG,51644,2002,5430000000,https://companiesmarketcap.com/ipg/marketcap/,,,,,Direct CompaniesMarketCap stated end-of-year USD market cap; company fiscal year ends Dec. 31; source value is rounded.
IPG,51644,2003,6520000000,https://companiesmarketcap.com/ipg/marketcap/,,,,,Direct CompaniesMarketCap stated end-of-year USD market cap; company fiscal year ends Dec. 31; source value is rounded.
IPG,51644,2004,5690000000,https://companiesmarketcap.com/ipg/marketcap/,,,,,Direct CompaniesMarketCap stated end-of-year USD market cap; company fiscal year ends Dec. 31; source value is rounded.
IPG,51644,2005,4140000000,https://companiesmarketcap.com/ipg/marketcap/,,,,,Direct CompaniesMarketCap stated end-of-year USD market cap; company fiscal year ends Dec. 31; source value is rounded.
IPG,51644,2006,5730000000,https://companiesmarketcap.com/ipg/marketcap/,,,,,Direct CompaniesMarketCap stated end-of-year USD market cap; company fiscal year ends Dec. 31; source value is rounded.
IPG,51644,2007,3820000000,https://companiesmarketcap.com/ipg/marketcap/,,,,,Direct CompaniesMarketCap stated end-of-year USD market cap; company fiscal year ends Dec. 31; source value is rounded.
IPG,51644,2008,1880000000,https://companiesmarketcap.com/ipg/marketcap/,476600000,https://www.sec.gov/Archives/edgar/data/51644/000119312510041804/d10k.htm,,,Direct CompaniesMarketCap stated end-of-year USD market cap; company fiscal year ends Dec. 31; source value is rounded.; SEC 2009 10-K comparative balance sheet states common shares outstanding 2008 = 476.6 million.
IPG,51644,2009,3580000000,https://companiesmarketcap.com/ipg/marketcap/,486100000,https://www.sec.gov/Archives/edgar/data/51644/000119312510041804/d10k.htm,,,Direct CompaniesMarketCap stated end-of-year USD market cap; company fiscal year ends Dec. 31; source value is rounded.; SEC 2009 10-K balance sheet states common shares outstanding 2009 = 486.1 million.
IPG,51644,2010,5190000000,https://companiesmarketcap.com/ipg/marketcap/,,,,,Direct CompaniesMarketCap stated end-of-year USD market cap; company fiscal year ends Dec. 31; source value is rounded.
IPG,51644,2011,4480000000,https://companiesmarketcap.com/ipg/marketcap/,,,,,Direct CompaniesMarketCap stated end-of-year USD market cap; company fiscal year ends Dec. 31; source value is rounded.
IPG,51644,2012,4600000000,https://companiesmarketcap.com/ipg/marketcap/,,,,,Direct CompaniesMarketCap stated end-of-year USD market cap; company fiscal year ends Dec. 31; source value is rounded.
IPG,51644,2013,7510000000,https://companiesmarketcap.com/ipg/marketcap/,,,,,Direct CompaniesMarketCap stated end-of-year USD market cap; company fiscal year ends Dec. 31; source value is rounded.
IPG,51644,2014,8590000000,https://companiesmarketcap.com/ipg/marketcap/,,,,,Direct CompaniesMarketCap stated end-of-year USD market cap; company fiscal year ends Dec. 31; source value is rounded.
IPG,51644,2015,9380000000,https://companiesmarketcap.com/ipg/marketcap/,,,,,Direct CompaniesMarketCap stated end-of-year USD market cap; company fiscal year ends Dec. 31; source value is rounded.
IPG,51644,2016,9290000000,https://companiesmarketcap.com/ipg/marketcap/,,,,,Direct CompaniesMarketCap stated end-of-year USD market cap; company fiscal year ends Dec. 31; source value is rounded.
IPG,51644,2017,7830000000,https://companiesmarketcap.com/ipg/marketcap/,,,,,Direct CompaniesMarketCap stated end-of-year USD market cap; company fiscal year ends Dec. 31; source value is rounded.
IPG,51644,2018,7910000000,https://companiesmarketcap.com/ipg/marketcap/,,,,,Direct CompaniesMarketCap stated end-of-year USD market cap; company fiscal year ends Dec. 31; source value is rounded.
IPG,51644,2019,8930000000,https://companiesmarketcap.com/ipg/marketcap/,,,,,Direct CompaniesMarketCap stated end-of-year USD market cap; company fiscal year ends Dec. 31; source value is rounded.
IPG,51644,2020,9170000000,https://companiesmarketcap.com/ipg/marketcap/,,,,,Direct CompaniesMarketCap stated end-of-year USD market cap; company fiscal year ends Dec. 31; source value is rounded.
IPG,51644,2021,14740000000,https://companiesmarketcap.com/ipg/marketcap/,,,,,Direct CompaniesMarketCap stated end-of-year USD market cap; company fiscal year ends Dec. 31; source value is rounded.
IPG,51644,2022,12940000000,https://companiesmarketcap.com/ipg/marketcap/,,,,,Direct CompaniesMarketCap stated end-of-year USD market cap; company fiscal year ends Dec. 31; source value is rounded.
IPG,51644,2023,12500000000,https://companiesmarketcap.com/ipg/marketcap/,,,,,Direct CompaniesMarketCap stated end-of-year USD market cap; company fiscal year ends Dec. 31; source value is rounded.
IPG,51644,2024,10470000000,https://companiesmarketcap.com/ipg/marketcap/,,,,,Direct CompaniesMarketCap stated end-of-year USD market cap; company fiscal year ends Dec. 31; source value is rounded.
IPGP,1111928,2025,3016000000,https://stockanalysis.com/stocks/ipgp/financials/ratios/,,,,,"Market cap reported by StockAnalysis/S&P Global Market Intelligence as 3,016 million USD for FY2025 (period ending Dec '25); stored as 3,016,000,000 USD at source precision. | Market cap reported by StockAnalysis fiscal ratios as 3,016 million USD for FY2025, period ending Dec '25; stored at source precision."
JKHY,779152,2025,13119000000,https://stockanalysis.com/stocks/jkhy/financials/ratios/,,,,,"Market cap reported by StockAnalysis/S&P Global Market Intelligence as 13,119 million USD for FY2025 (period ending Jun '25); stored as 13,119,000,000 USD at source precision. | Market cap reported by StockAnalysis fiscal ratios as 13,119 million USD for FY2025, period ending Jun '25; stored at source precision."
JNPR,1043604,2000,40090000000,https://companiesmarketcap.com/juniper-networks/marketcap/,,,,,Direct CompaniesMarketCap stated end-of-year USD market cap; company fiscal year ends Dec. 31; source value is rounded.
JNPR,1043604,2001,6230000000,https://companiesmarketcap.com/juniper-networks/marketcap/,,,,,Direct CompaniesMarketCap stated end-of-year USD market cap; company fiscal year ends Dec. 31; source value is rounded.
JNPR,1043604,2002,2540000000,https://companiesmarketcap.com/juniper-networks/marketcap/,,,,,Direct CompaniesMarketCap stated end-of-year USD market cap; company fiscal year ends Dec. 31; source value is rounded.
JNPR,1043604,2003,7290000000,https://companiesmarketcap.com/juniper-networks/marketcap/,,,,,Direct CompaniesMarketCap stated end-of-year USD market cap; company fiscal year ends Dec. 31; source value is rounded.
JNPR,1043604,2004,14690000000,https://companiesmarketcap.com/juniper-networks/marketcap/,,,,,Direct CompaniesMarketCap stated end-of-year USD market cap; company fiscal year ends Dec. 31; source value is rounded.
JNPR,1043604,2005,12670000000,https://companiesmarketcap.com/juniper-networks/marketcap/,,,,,Direct CompaniesMarketCap stated end-of-year USD market cap; company fiscal year ends Dec. 31; source value is rounded.
JNPR,1043604,2006,10780000000,https://companiesmarketcap.com/juniper-networks/marketcap/,,,,,Direct CompaniesMarketCap stated end-of-year USD market cap; company fiscal year ends Dec. 31; source value is rounded.
JNPR,1043604,2007,17350000000,https://companiesmarketcap.com/juniper-networks/marketcap/,,,,,Direct CompaniesMarketCap stated end-of-year USD market cap; company fiscal year ends Dec. 31; source value is rounded.
JNPR,1043604,2008,9240000000,https://companiesmarketcap.com/juniper-networks/marketcap/,,,,,Direct CompaniesMarketCap stated end-of-year USD market cap; company fiscal year ends Dec. 31; source value is rounded.
JNPR,1043604,2009,13850000000,https://companiesmarketcap.com/juniper-networks/marketcap/,,,,,Direct CompaniesMarketCap stated end-of-year USD market cap; company fiscal year ends Dec. 31; source value is rounded.
JNPR,1043604,2010,19390000000,https://companiesmarketcap.com/juniper-networks/marketcap/,,,,,Direct CompaniesMarketCap stated end-of-year USD market cap; company fiscal year ends Dec. 31; source value is rounded.
JNPR,1043604,2011,10730000000,https://companiesmarketcap.com/juniper-networks/marketcap/,,,,,Direct CompaniesMarketCap stated end-of-year USD market cap; company fiscal year ends Dec. 31; source value is rounded.
JNPR,1043604,2012,10000000000,https://companiesmarketcap.com/juniper-networks/marketcap/,,,,,Direct CompaniesMarketCap stated end-of-year USD market cap; company fiscal year ends Dec. 31; source value is rounded.
JNPR,1043604,2013,11170000000,https://companiesmarketcap.com/juniper-networks/marketcap/,,,,,Direct CompaniesMarketCap stated end-of-year USD market cap; company fiscal year ends Dec. 31; source value is rounded.
JNPR,1043604,2014,9280000000,https://companiesmarketcap.com/juniper-networks/marketcap/,,,,,Direct CompaniesMarketCap stated end-of-year USD market cap; company fiscal year ends Dec. 31; source value is rounded.
JNPR,1043604,2015,10590000000,https://companiesmarketcap.com/juniper-networks/marketcap/,,,,,Direct CompaniesMarketCap stated end-of-year USD market cap; company fiscal year ends Dec. 31; source value is rounded.
JNPR,1043604,2016,10740000000,https://companiesmarketcap.com/juniper-networks/marketcap/,,,,,Direct CompaniesMarketCap stated end-of-year USD market cap; company fiscal year ends Dec. 31; source value is rounded.
JNPR,1043604,2017,10680000000,https://companiesmarketcap.com/juniper-networks/marketcap/,,,,,Direct CompaniesMarketCap stated end-of-year USD market cap; company fiscal year ends Dec. 31; source value is rounded.
JNPR,1043604,2018,9320000000,https://companiesmarketcap.com/juniper-networks/marketcap/,,,,,Direct CompaniesMarketCap stated end-of-year USD market cap; company fiscal year ends Dec. 31; source value is rounded.
JNPR,1043604,2019,8270000000,https://companiesmarketcap.com/juniper-networks/marketcap/,,,,,Direct CompaniesMarketCap stated end-of-year USD market cap; company fiscal year ends Dec. 31; source value is rounded.
JNPR,1043604,2020,7420000000,https://companiesmarketcap.com/juniper-networks/marketcap/,,,,,Direct CompaniesMarketCap stated end-of-year USD market cap; company fiscal year ends Dec. 31; source value is rounded.
JNPR,1043604,2021,11490000000,https://companiesmarketcap.com/juniper-networks/marketcap/,,,,,Direct CompaniesMarketCap stated end-of-year USD market cap; company fiscal year ends Dec. 31; source value is rounded.
JNPR,1043604,2022,10370000000,https://companiesmarketcap.com/juniper-networks/marketcap/,,,,,Direct CompaniesMarketCap stated end-of-year USD market cap; company fiscal year ends Dec. 31; source value is rounded.
JNPR,1043604,2023,9400000000,https://companiesmarketcap.com/juniper-networks/marketcap/,,,,,Direct CompaniesMarketCap stated end-of-year USD market cap; company fiscal year ends Dec. 31; source value is rounded.
JNPR,1043604,2024,12410000000,https://companiesmarketcap.com/juniper-networks/marketcap/,,,,,Direct CompaniesMarketCap stated end-of-year USD market cap; company fiscal year ends Dec. 31; source value is rounded.
JPM,19617,2023,,,,,309926,https://www.sec.gov/Archives/edgar/data/19617/000001961724000225/jpm-20231231.htm,
JPM,19617,2024,,,,,317233,https://www.sec.gov/Archives/edgar/data/19617/000001961725000270/jpm-20241231.htm,
JPM,19617,2025,,,,,318512,https://www.sec.gov/Archives/edgar/data/19617/000162828026008131/jpm-20251231.htm,
K,55067,2000,10640000000,https://companiesmarketcap.com/kellogg-company/marketcap/,,,,,"Market cap is CompaniesMarketCap stated calendar year-end USD value; Kellogg/Kellanova uses a 52/53-week fiscal year ending near calendar year-end, so this is a near-fiscal-year-end estimate; source value is rounded."
K,55067,2001,12230000000,https://companiesmarketcap.com/kellogg-company/marketcap/,,,,,"Market cap is CompaniesMarketCap stated calendar year-end USD value; Kellogg/Kellanova uses a 52/53-week fiscal year ending near calendar year-end, so this is a near-fiscal-year-end estimate; source value is rounded."
K,55067,2005,17510000000,https://companiesmarketcap.com/kellogg-company/marketcap/,,,,,"Market cap is CompaniesMarketCap stated calendar year-end USD value; Kellogg/Kellanova uses a 52/53-week fiscal year ending near calendar year-end, so this is a near-fiscal-year-end estimate; source value is rounded."
K,55067,2006,19900000000,https://companiesmarketcap.com/kellogg-company/marketcap/,,,,,"Market cap is CompaniesMarketCap stated calendar year-end USD value; Kellogg/Kellanova uses a 52/53-week fiscal year ending near calendar year-end, so this is a near-fiscal-year-end estimate; source value is rounded."
K,55067,2007,20450000000,https://companiesmarketcap.com/kellogg-company/marketcap/,,,,,"Market cap is CompaniesMarketCap stated calendar year-end USD value; Kellogg/Kellanova uses a 52/53-week fiscal year ending near calendar year-end, so this is a near-fiscal-year-end estimate; source value is rounded."
K,55067,2009,20280000000,https://companiesmarketcap.com/kellogg-company/marketcap/,,,,,"Market cap is CompaniesMarketCap stated calendar year-end USD value; Kellogg/Kellanova uses a 52/53-week fiscal year ending near calendar year-end, so this is a near-fiscal-year-end estimate; source value is rounded."
K,55067,2010,18800000000,https://companiesmarketcap.com/kellogg-company/marketcap/,,,,,"Market cap is CompaniesMarketCap stated calendar year-end USD value; Kellogg/Kellanova uses a 52/53-week fiscal year ending near calendar year-end, so this is a near-fiscal-year-end estimate; source value is rounded."
K,55067,2011,18160000000,https://companiesmarketcap.com/kellogg-company/marketcap/,,,,,"Market cap is CompaniesMarketCap stated calendar year-end USD value; Kellogg/Kellanova uses a 52/53-week fiscal year ending near calendar year-end, so this is a near-fiscal-year-end estimate; source value is rounded."
K,55067,2012,20170000000,https://companiesmarketcap.com/kellogg-company/marketcap/,,,,,"Market cap is CompaniesMarketCap stated calendar year-end USD value; Kellogg/Kellanova uses a 52/53-week fiscal year ending near calendar year-end, so this is a near-fiscal-year-end estimate; source value is rounded."
K,55067,2013,22150000000,https://companiesmarketcap.com/kellogg-company/marketcap/,,,,,"Market cap is CompaniesMarketCap stated calendar year-end USD value; Kellogg/Kellanova uses a 52/53-week fiscal year ending near calendar year-end, so this is a near-fiscal-year-end estimate; source value is rounded."
K,55067,2014,23230000000,https://companiesmarketcap.com/kellogg-company/marketcap/,,,,,"Market cap is CompaniesMarketCap stated calendar year-end USD value; Kellogg/Kellanova uses a 52/53-week fiscal year ending near calendar year-end, so this is a near-fiscal-year-end estimate; source value is rounded."
K,55067,2015,25610000000,https://companiesmarketcap.com/kellogg-company/marketcap/,,,,,"Market cap is CompaniesMarketCap stated calendar year-end USD value; Kellogg/Kellanova uses a 52/53-week fiscal year ending near calendar year-end, so this is a near-fiscal-year-end estimate; source value is rounded."
K,55067,2016,25860000000,https://companiesmarketcap.com/kellogg-company/marketcap/,,,,,"Market cap is CompaniesMarketCap stated calendar year-end USD value; Kellogg/Kellanova uses a 52/53-week fiscal year ending near calendar year-end, so this is a near-fiscal-year-end estimate; source value is rounded."
K,55067,2017,23480000000,https://companiesmarketcap.com/kellogg-company/marketcap/,,,,,"Market cap is CompaniesMarketCap stated calendar year-end USD value; Kellogg/Kellanova uses a 52/53-week fiscal year ending near calendar year-end, so this is a near-fiscal-year-end estimate; source value is rounded."
K,55067,2018,19600000000,https://companiesmarketcap.com/kellogg-company/marketcap/,,,,,"Market cap is CompaniesMarketCap stated calendar year-end USD value; Kellogg/Kellanova uses a 52/53-week fiscal year ending near calendar year-end, so this is a near-fiscal-year-end estimate; source value is rounded."
K,55067,2019,23620000000,https://companiesmarketcap.com/kellogg-company/marketcap/,,,,,"Market cap is CompaniesMarketCap stated calendar year-end USD value; Kellogg/Kellanova uses a 52/53-week fiscal year ending near calendar year-end, so this is a near-fiscal-year-end estimate; source value is rounded."
K,55067,2020,21380000000,https://companiesmarketcap.com/kellogg-company/marketcap/,,,,,"Market cap is CompaniesMarketCap stated calendar year-end USD value; Kellogg/Kellanova uses a 52/53-week fiscal year ending near calendar year-end, so this is a near-fiscal-year-end estimate; source value is rounded."
K,55067,2021,21970000000,https://companiesmarketcap.com/kellogg-company/marketcap/,,,,,"Market cap is CompaniesMarketCap stated calendar year-end USD value; Kellogg/Kellanova uses a 52/53-week fiscal year ending near calendar year-end, so this is a near-fiscal-year-end estimate; source value is rounded."
K,55067,2022,24310000000,https://companiesmarketcap.com/kellogg-company/marketcap/,,,,,"Market cap is CompaniesMarketCap stated calendar year-end USD value; Kellogg/Kellanova uses a 52/53-week fiscal year ending near calendar year-end, so this is a near-fiscal-year-end estimate; source value is rounded."
K,55067,2023,19150000000,https://companiesmarketcap.com/kellogg-company/marketcap/,,,,,"Market cap is CompaniesMarketCap stated calendar year-end USD value; Kellogg/Kellanova uses a 52/53-week fiscal year ending near calendar year-end, so this is a near-fiscal-year-end estimate; source value is rounded."
K,55067,2024,27970000000,https://companiesmarketcap.com/kellogg-company/marketcap/,,,,,"Market cap is CompaniesMarketCap stated calendar year-end USD value; Kellogg/Kellanova uses a 52/53-week fiscal year ending near calendar year-end, so this is a near-fiscal-year-end estimate; source value is rounded."
KG,2055116,2025,79000000,https://stockanalysis.com/stocks/kg/financials/ratios/,,,,,"Market cap reported by StockAnalysis/S&P Global Market Intelligence as 79 million USD for FY2025 (period ending Dec '25); stored as 79,000,000 USD at source precision. | Market cap reported by StockAnalysis fiscal ratios as 79 million USD for FY2025, period ending Dec '25; stored at source precision."
KMX,1170010,2025,12761000000,https://stockanalysis.com/stocks/kmx/financials/ratios/,,,,,"Market cap reported by StockAnalysis/S&P Global Market Intelligence as 12,761 million USD for FY2025 (period ending Feb '25); stored as 12,761,000,000 USD at source precision. | Market cap reported by StockAnalysis fiscal ratios as 12,761 million USD for FY2025, period ending Feb '25; stored at source precision."
KMX,1170010,2026,6121000000,https://stockanalysis.com/stocks/kmx/financials/ratios/,,,,,"Market cap reported by StockAnalysis/S&P Global Market Intelligence as 6,121 million USD for FY2026 (period ending Feb '26); stored as 6,121,000,000 USD at source precision. | Market cap reported by StockAnalysis fiscal ratios as 6,121 million USD for FY2026, period ending Feb '26; stored at source precision."
KSU,54480,2013,13640000000,https://companiesmarketcap.com/kansas-city-southern/marketcap/,,,,,"Market cap is CompaniesMarketCap end-of-year market capitalization for 2013: $13.64B USD, stored as 13,640,000,000 USD at source precision. Used only where fiscal year ends in December, so calendar year-end aligns with fiscal year-end."
KSU,54480,2014,13470000000,https://companiesmarketcap.com/kansas-city-southern/marketcap/,,,,,"Market cap is CompaniesMarketCap end-of-year market capitalization for 2014: $13.47B USD, stored as 13,470,000,000 USD at source precision. Used only where fiscal year ends in December, so calendar year-end aligns with fiscal year-end."
KSU,54480,2015,8090000000,https://companiesmarketcap.com/kansas-city-southern/marketcap/,,,,,"Market cap is CompaniesMarketCap end-of-year market capitalization for 2015: $8.09B USD, stored as 8,090,000,000 USD at source precision. Used only where fiscal year ends in December, so calendar year-end aligns with fiscal year-end."
KSU,54480,2016,9040000000,https://companiesmarketcap.com/kansas-city-southern/marketcap/,,,,,"Market cap is CompaniesMarketCap end-of-year market capitalization for 2016: $9.04B USD, stored as 9,040,000,000 USD at source precision. Used only where fiscal year ends in December, so calendar year-end aligns with fiscal year-end."
KSU,54480,2017,10840000000,https://companiesmarketcap.com/kansas-city-southern/marketcap/,,,,,"Market cap is CompaniesMarketCap end-of-year market capitalization for 2017: $10.84B USD, stored as 10,840,000,000 USD at source precision. Used only where fiscal year ends in December, so calendar year-end aligns with fiscal year-end."
KSU,54480,2018,9630000000,https://companiesmarketcap.com/kansas-city-southern/marketcap/,,,,,"Market cap is CompaniesMarketCap end-of-year market capitalization for 2018: $9.63B USD, stored as 9,630,000,000 USD at source precision. Used only where fiscal year ends in December, so calendar year-end aligns with fiscal year-end."
KSU,54480,2019,14720000000,https://companiesmarketcap.com/kansas-city-southern/marketcap/,,,,,"Market cap is CompaniesMarketCap end-of-year market capitalization for 2019: $14.72B USD, stored as 14,720,000,000 USD at source precision. Used only where fiscal year ends in December, so calendar year-end aligns with fiscal year-end."
KSU,54480,2020,19100000000,https://companiesmarketcap.com/kansas-city-southern/marketcap/,,,,,"Market cap is CompaniesMarketCap end-of-year market capitalization for 2020: $19.10B USD, stored as 19,100,000,000 USD at source precision. Used only where fiscal year ends in December, so calendar year-end aligns with fiscal year-end."
KSU,54480,2021,26710000000,https://companiesmarketcap.com/kansas-city-southern/marketcap/,,,,,"Market cap is CompaniesMarketCap end-of-year market capitalization for 2021: $26.71B USD, stored as 26,710,000,000 USD at source precision. Used only where fiscal year ends in December, so calendar year-end aligns with fiscal year-end."
LIN,1707925,2025,199102000000,https://stockanalysis.com/stocks/lin/financials/ratios/,,,,,"Market cap reported by StockAnalysis/S&P Global Market Intelligence as 199,102 million USD for FY2025 (period ending Dec '25); stored as 199,102,000,000 USD at source precision. | Market cap reported by StockAnalysis fiscal ratios as 199,102 million USD for FY2025, period ending Dec '25; stored at source precision."
LLY,59478,2024,,,,,47000,https://www.sec.gov/Archives/edgar/data/59478/000005947825000067/lly-20241231.htm,"10-K states approximately 47,000 employees at end of 2024."
LLY,59478,2025,,,,,50000,https://www.sec.gov/Archives/edgar/data/59478/000005947826000013/lly-20251231.htm,"10-K states approximately 50,000 employees at end of 2025."
LRCX,707549,2025,124330000000,https://stockanalysis.com/stocks/lrcx/financials/ratios/,,,,,"Market cap reported by StockAnalysis/S&P Global Market Intelligence as 124,330 million USD for FY2025 (period ending Jun '25); stored as 124,330,000,000 USD at source precision. | Market cap reported by StockAnalysis fiscal ratios as 124,330 million USD for FY2025, period ending Jun '25; stored at source precision."
LULU,1397187,2025,50283000000,https://stockanalysis.com/stocks/lulu/financials/ratios/,,,,,"Market cap reported by StockAnalysis/S&P Global Market Intelligence as 50,283 million USD for FY2025 (period ending Feb '25); stored as 50,283,000,000 USD at source precision. | Market cap reported by StockAnalysis fiscal ratios as 50,283 million USD for FY2025, period ending Feb '25; stored at source precision."
LULU,1397187,2026,20470000000,https://stockanalysis.com/stocks/lulu/financials/ratios/,,,,,"Market cap reported by StockAnalysis/S&P Global Market Intelligence as 20,470 million USD for FY2026 (period ending Feb '26); stored as 20,470,000,000 USD at source precision. | Market cap reported by StockAnalysis fiscal ratios as 20,470 million USD for FY2026, period ending Feb '26; stored at source precision."
LYB,1489393,2025,13937000000,https://stockanalysis.com/stocks/lyb/financials/ratios/,,,,,"Market cap reported by StockAnalysis/S&P Global Market Intelligence as 13,937 million USD for FY2025 (period ending Dec '25); stored as 13,937,000,000 USD at source precision. | Market cap reported by StockAnalysis fiscal ratios as 13,937 million USD for FY2025, period ending Dec '25; stored at source precision."
LYV,1335258,2025,33090000000,https://stockanalysis.com/stocks/lyv/financials/ratios/,,,,,"Market cap reported by StockAnalysis/S&P Global Market Intelligence as 33,090 million USD for FY2025 (period ending Dec '25); stored as 33,090,000,000 USD at source precision. | Market cap reported by StockAnalysis fiscal ratios as 33,090 million USD for FY2025, period ending Dec '25; stored at source precision."
MA,1141391,2025,,,893900000,https://www.sec.gov/Archives/edgar/data/1141391/000114139126000013/ma-20251231.htm,,,"Sum of fiscal-year-end Class A and Class B common shares. Filing reports component shares in millions to one decimal place; total rounded to nearest 100,000 shares."
MDT,1613103,2025,107939000000,https://stockanalysis.com/stocks/mdt/financials/ratios/,,,,,"Market cap reported by StockAnalysis/S&P Global Market Intelligence as 107,939 million USD for FY2025 (period ending Apr '25); stored as 107,939,000,000 USD at source precision. | Market cap reported by StockAnalysis fiscal ratios as 107,939 million USD for FY2025, period ending Apr '25; stored at source precision."
MDT,1613103,2026,106973000000,https://stockanalysis.com/stocks/mdt/financials/ratios/,,,,,"Market cap reported by StockAnalysis/S&P Global Market Intelligence as 106,973 million USD for FY2026 (period ending Apr '26); stored as 106,973,000,000 USD at source precision. | Market cap reported by StockAnalysis fiscal ratios as 106,973 million USD for FY2026, period ending Apr '26; stored at source precision."
META,1326801,2023,,,,,67317,https://www.sec.gov/Archives/edgar/data/1326801/000132680124000038/meta-12312023x10karsfinal.htm,
META,1326801,2024,,,,,74067,https://www.sec.gov/Archives/edgar/data/1326801/000132680125000017/meta-20241231.htm,
META,1326801,2025,,,,,78865,https://www.sec.gov/Archives/edgar/data/1326801/000162828026003942/meta-20251231.htm,
MKTX,1278021,2025,6737000000,https://stockanalysis.com/stocks/mktx/financials/ratios/,,,,,"Market cap reported by StockAnalysis/S&P Global Market Intelligence as 6,737 million USD for FY2025 (period ending Dec '25); stored as 6,737,000,000 USD at source precision. | Market cap reported by StockAnalysis fiscal ratios as 6,737 million USD for FY2025, period ending Dec '25; stored at source precision."
MOH,1179929,2025,8920000000,https://stockanalysis.com/stocks/moh/financials/ratios/,,,,,"Market cap reported by StockAnalysis/S&P Global Market Intelligence as 8,920 million USD for FY2025 (period ending Dec '25); stored as 8,920,000,000 USD at source precision. | Market cap reported by StockAnalysis fiscal ratios as 8,920 million USD for FY2025, period ending Dec '25; stored at source precision."
MOS,1285785,2025,7646000000,https://stockanalysis.com/stocks/mos/financials/ratios/,,,,,"Market cap reported by StockAnalysis/S&P Global Market Intelligence as 7,646 million USD for FY2025 (period ending Dec '25); stored as 7,646,000,000 USD at source precision. | Market cap reported by StockAnalysis fiscal ratios as 7,646 million USD for FY2025, period ending Dec '25; stored at source precision."
MPWR,1280452,2025,43421000000,https://stockanalysis.com/stocks/mpwr/financials/ratios/,,,,,"Market cap reported by StockAnalysis/S&P Global Market Intelligence as 43,421 million USD for FY2025 (period ending Dec '25); stored as 43,421,000,000 USD at source precision. | Market cap reported by StockAnalysis fiscal ratios as 43,421 million USD for FY2025, period ending Dec '25; stored at source precision."
MRO,101778,2000,11070000000,https://companiesmarketcap.com/marathon-oil/marketcap/,,,,,Direct CompaniesMarketCap stated end-of-year USD market cap; company fiscal year ends Dec. 31; source value is rounded.
MRO,101778,2001,9280000000,https://companiesmarketcap.com/marathon-oil/marketcap/,,,,,Direct CompaniesMarketCap stated end-of-year USD market cap; company fiscal year ends Dec. 31; source value is rounded.
MRO,101778,2002,6590000000,https://companiesmarketcap.com/marathon-oil/marketcap/,,,,,Direct CompaniesMarketCap stated end-of-year USD market cap; company fiscal year ends Dec. 31; source value is rounded.
MRO,101778,2003,10270000000,https://companiesmarketcap.com/marathon-oil/marketcap/,,,,,Direct CompaniesMarketCap stated end-of-year USD market cap; company fiscal year ends Dec. 31; source value is rounded.
MRO,101778,2006,32160000000,https://companiesmarketcap.com/marathon-oil/marketcap/,,,,,Direct CompaniesMarketCap stated end-of-year USD market cap; company fiscal year ends Dec. 31; source value is rounded.
MRO,101778,2007,43210000000,https://companiesmarketcap.com/marathon-oil/marketcap/,,,,,Direct CompaniesMarketCap stated end-of-year USD market cap; company fiscal year ends Dec. 31; source value is rounded.
MRO,101778,2008,19300000000,https://companiesmarketcap.com/marathon-oil/marketcap/,,,,,Direct CompaniesMarketCap stated end-of-year USD market cap; company fiscal year ends Dec. 31; source value is rounded.
MRO,101778,2009,22100000000,https://companiesmarketcap.com/marathon-oil/marketcap/,,,,,Direct CompaniesMarketCap stated end-of-year USD market cap; company fiscal year ends Dec. 31; source value is rounded.
MRO,101778,2010,26290000000,https://companiesmarketcap.com/marathon-oil/marketcap/,,,,,Direct CompaniesMarketCap stated end-of-year USD market cap; company fiscal year ends Dec. 31; source value is rounded.
MRO,101778,2011,20590000000,https://companiesmarketcap.com/marathon-oil/marketcap/,,,,,Direct CompaniesMarketCap stated end-of-year USD market cap; company fiscal year ends Dec. 31; source value is rounded.
MRO,101778,2012,21670000000,https://companiesmarketcap.com/marathon-oil/marketcap/,,,,,Direct CompaniesMarketCap stated end-of-year USD market cap; company fiscal year ends Dec. 31; source value is rounded.
MRO,101778,2013,24600000000,https://companiesmarketcap.com/marathon-oil/marketcap/,,,,,Direct CompaniesMarketCap stated end-of-year USD market cap; company fiscal year ends Dec. 31; source value is rounded.
MRO,101778,2014,19090000000,https://companiesmarketcap.com/marathon-oil/marketcap/,,,,,Direct CompaniesMarketCap stated end-of-year USD market cap; company fiscal year ends Dec. 31; source value is rounded.
MRO,101778,2015,8520000000,https://companiesmarketcap.com/marathon-oil/marketcap/,,,,,Direct CompaniesMarketCap stated end-of-year USD market cap; company fiscal year ends Dec. 31; source value is rounded.
MRO,101778,2016,14660000000,https://companiesmarketcap.com/marathon-oil/marketcap/,,,,,Direct CompaniesMarketCap stated end-of-year USD market cap; company fiscal year ends Dec. 31; source value is rounded.
MRO,101778,2017,14380000000,https://companiesmarketcap.com/marathon-oil/marketcap/,,,,,Direct CompaniesMarketCap stated end-of-year USD market cap; company fiscal year ends Dec. 31; source value is rounded.
MRO,101778,2018,11740000000,https://companiesmarketcap.com/marathon-oil/marketcap/,,,,,Direct CompaniesMarketCap stated end-of-year USD market cap; company fiscal year ends Dec. 31; source value is rounded.
MRO,101778,2019,10800000000,https://companiesmarketcap.com/marathon-oil/marketcap/,,,,,Direct CompaniesMarketCap stated end-of-year USD market cap; company fiscal year ends Dec. 31; source value is rounded.
MRO,101778,2020,5260000000,https://companiesmarketcap.com/marathon-oil/marketcap/,,,,,Direct CompaniesMarketCap stated end-of-year USD market cap; company fiscal year ends Dec. 31; source value is rounded.
MRO,101778,2021,12780000000,https://companiesmarketcap.com/marathon-oil/marketcap/,,,,,Direct CompaniesMarketCap stated end-of-year USD market cap; company fiscal year ends Dec. 31; source value is rounded.
MRO,101778,2022,17190000000,https://companiesmarketcap.com/marathon-oil/marketcap/,,,,,Direct CompaniesMarketCap stated end-of-year USD market cap; company fiscal year ends Dec. 31; source value is rounded.
MRO,101778,2023,14130000000,https://companiesmarketcap.com/marathon-oil/marketcap/,,,,,Direct CompaniesMarketCap stated end-of-year USD market cap; company fiscal year ends Dec. 31; source value is rounded.
MSFT,789019,2000,443000000000,https://tickerleague.com/companies/MSFT/financials/market-cap,5283000000,https://www.sec.gov/Archives/edgar/data/789019/000103221002001351/d10k.htm,,,"Microsoft SEC filing reports fiscal-year-end common shares outstanding as 5,283 million; stored as 5,283,000,000 shares, preserving source precision (nearest million). Ticker League reports fiscal 2000 market cap $443B for period ended June 30; stored as 443,000,000,000 USD at source precision."
MSFT,789019,2001,407000000000,https://tickerleague.com/companies/MSFT/financials/market-cap,5383000000,https://www.sec.gov/Archives/edgar/data/789019/000103221002001351/d10k.htm,,,"Microsoft SEC filing reports fiscal-year-end common shares outstanding as 5,383 million; stored as 5,383,000,000 shares, preserving source precision (nearest million). Ticker League reports fiscal 2001 market cap $407B for period ended June 30; stored as 407,000,000,000 USD at source precision."
MSFT,789019,2002,304000000000,https://tickerleague.com/companies/MSFT/financials/market-cap,5359000000,https://www.sec.gov/Archives/edgar/data/789019/000103221002001351/d10k.htm,,,"Microsoft SEC filing reports fiscal-year-end common shares outstanding as 5,359 million; stored as 5,359,000,000 shares, preserving source precision (nearest million). Ticker League reports fiscal 2002 market cap $304B for period ended June 30; stored as 304,000,000,000 USD at source precision. FY2002 uses the contemporaneous pre-Feb-2003-split SEC count; later filings retrospectively restate FY2002 shares for the 2:1 split and are not used."
MSFT,789019,2003,279000000000,https://tickerleague.com/companies/MSFT/financials/market-cap,10771000000,https://www.sec.gov/Archives/edgar/data/789019/000119312503045632/d10k.htm,,,"Microsoft SEC filing reports fiscal-year-end common shares outstanding as 10,771 million; stored as 10,771,000,000 shares, preserving source precision (nearest million). Ticker League reports fiscal 2003 market cap $279B for period ended June 30; stored as 279,000,000,000 USD at source precision."
MSFT,789019,2004,311000000000,https://tickerleague.com/companies/MSFT/financials/market-cap,10718000000,https://www.sec.gov/Archives/edgar/data/789019/000119312504150689/d10k.htm,,,"Microsoft SEC filing reports fiscal-year-end common shares outstanding as 10,718 million; stored as 10,718,000,000 shares, preserving source precision (nearest million). Ticker League reports fiscal 2004 market cap $311B for period ended June 30; stored as 311,000,000,000 USD at source precision."
MSFT,789019,2005,271000000000,https://tickerleague.com/companies/MSFT/financials/market-cap,10710000000,https://www.sec.gov/Archives/edgar/data/789019/000119312506180008/d10k.htm,,,"Microsoft SEC filing reports fiscal-year-end common shares outstanding as 10,710 million; stored as 10,710,000,000 shares, preserving source precision (nearest million). Ticker League reports fiscal 2005 market cap $271B for period ended June 30; stored as 271,000,000,000 USD at source precision."
MSFT,789019,2006,245000000000,https://tickerleague.com/companies/MSFT/financials/market-cap,10062000000,https://www.sec.gov/Archives/edgar/data/789019/000119312506180008/d10k.htm,,,"Microsoft SEC filing reports fiscal-year-end common shares outstanding as 10,062 million; stored as 10,062,000,000 shares, preserving source precision (nearest million). Ticker League reports fiscal 2006 market cap $245B for period ended June 30; stored as 245,000,000,000 USD at source precision."
MSFT,789019,2007,291000000000,https://tickerleague.com/companies/MSFT/financials/market-cap,9380000000,https://www.sec.gov/Archives/edgar/data/789019/000119312507170817/d10k.htm,,,"Microsoft SEC filing reports fiscal-year-end common shares outstanding as 9,380 million; stored as 9,380,000,000 shares, preserving source precision (nearest million). Ticker League reports fiscal 2007 market cap $291B for period ended June 30; stored as 291,000,000,000 USD at source precision."
MSFT,789019,2008,261000000000,https://tickerleague.com/companies/MSFT/financials/market-cap,9151000000,https://www.sec.gov/Archives/edgar/data/789019/000119312508162768/d10k.htm,,,"Microsoft SEC filing reports fiscal-year-end common shares outstanding as 9,151 million; stored as 9,151,000,000 shares, preserving source precision (nearest million). Ticker League reports fiscal 2008 market cap $261B for period ended June 30; stored as 261,000,000,000 USD at source precision."
MSFT,789019,2023,,,,,221000,https://www.sec.gov/Archives/edgar/data/789019/000095017023035122/msft-20230630.htm,"10-K states approximately 221,000 full-time employees as of fiscal year-end."
MSFT,789019,2024,,,,,228000,https://www.sec.gov/Archives/edgar/data/789019/000095017024087843/msft-20240630.htm,"10-K states approximately 228,000 full-time employees as of fiscal year-end."
MSFT,789019,2025,3697022000000,https://stockanalysis.com/stocks/msft/financials/ratios/,,,228000,https://www.sec.gov/Archives/edgar/data/789019/000095017025100235/msft-20250630.htm,"10-K states approximately 228,000 full-time employees as of fiscal year-end. | Market cap reported by StockAnalysis/S&P Global Market Intelligence as 3,697,022 million USD for FY2025 (period ending Jun '25); stored as 3,697,022,000,000 USD at source precision. | Market cap reported by StockAnalysis fiscal ratios as 3,697,022 million USD for FY2025, period ending Jun '25; stored at source precision."
MYL,69499,2007,4270000000,https://companiesmarketcap.com/mylan/marketcap/,,,,,Market cap is the source's stated end-of-year USD market capitalization; fiscal year verified as December 31 from SEC 10-K.
MYL,69499,2008,3010000000,https://companiesmarketcap.com/mylan/marketcap/,,,,,Market cap is the source's stated end-of-year USD market capitalization; fiscal year verified as December 31 from SEC 10-K.
MYL,69499,2009,5640000000,https://companiesmarketcap.com/mylan/marketcap/,,,,,Market cap is the source's stated end-of-year USD market capitalization; fiscal year verified as December 31 from SEC 10-K.
MYL,69499,2010,9210000000,https://companiesmarketcap.com/mylan/marketcap/,,,,,Market cap is the source's stated end-of-year USD market capitalization; fiscal year verified as December 31 from SEC 10-K.
MYL,69499,2011,9150000000,https://companiesmarketcap.com/mylan/marketcap/,,,,,Market cap is the source's stated end-of-year USD market capitalization; fiscal year verified as December 31 from SEC 10-K.
MYL,69499,2012,10840000000,https://companiesmarketcap.com/mylan/marketcap/,,,,,Market cap is the source's stated end-of-year USD market capitalization; fiscal year verified as December 31 from SEC 10-K.
MYL,69499,2013,16120000000,https://companiesmarketcap.com/mylan/marketcap/,,,,,Market cap is the source's stated end-of-year USD market capitalization; fiscal year verified as December 31 from SEC 10-K.
MYL,69499,2014,21150000000,https://companiesmarketcap.com/mylan/marketcap/,,,,,Market cap is the source's stated end-of-year USD market capitalization; fiscal year verified as December 31 from SEC 10-K.
NBL,72207,2002,2150000000,https://companiesmarketcap.com/noble-energy/marketcap/,,,,,Direct CompaniesMarketCap stated end-of-year USD market cap; company fiscal year ends Dec. 31; source value is rounded.
NBL,72207,2003,2540000000,https://companiesmarketcap.com/noble-energy/marketcap/,,,,,Direct CompaniesMarketCap stated end-of-year USD market cap; company fiscal year ends Dec. 31; source value is rounded.
NBL,72207,2004,3640000000,https://companiesmarketcap.com/noble-energy/marketcap/,,,,,Direct CompaniesMarketCap stated end-of-year USD market cap; company fiscal year ends Dec. 31; source value is rounded.
NBL,72207,2005,7070000000,https://companiesmarketcap.com/noble-energy/marketcap/,,,,,Direct CompaniesMarketCap stated end-of-year USD market cap; company fiscal year ends Dec. 31; source value is rounded.
NBL,72207,2006,8450000000,https://companiesmarketcap.com/noble-energy/marketcap/,,,,,Direct CompaniesMarketCap stated end-of-year USD market cap; company fiscal year ends Dec. 31; source value is rounded.
NBL,72207,2007,13690000000,https://companiesmarketcap.com/noble-energy/marketcap/,,,,,Direct CompaniesMarketCap stated end-of-year USD market cap; company fiscal year ends Dec. 31; source value is rounded.
NBL,72207,2008,8500000000,https://companiesmarketcap.com/noble-energy/marketcap/,,,,,Direct CompaniesMarketCap stated end-of-year USD market cap; company fiscal year ends Dec. 31; source value is rounded.
NBL,72207,2009,12460000000,https://companiesmarketcap.com/noble-energy/marketcap/,,,,,Direct CompaniesMarketCap stated end-of-year USD market cap; company fiscal year ends Dec. 31; source value is rounded.
NBL,72207,2010,15150000000,https://companiesmarketcap.com/noble-energy/marketcap/,,,,,Direct CompaniesMarketCap stated end-of-year USD market cap; company fiscal year ends Dec. 31; source value is rounded.
NBL,72207,2011,16670000000,https://companiesmarketcap.com/noble-energy/marketcap/,,,,,Direct CompaniesMarketCap stated end-of-year USD market cap; company fiscal year ends Dec. 31; source value is rounded.
NBL,72207,2012,18210000000,https://companiesmarketcap.com/noble-energy/marketcap/,,,,,Direct CompaniesMarketCap stated end-of-year USD market cap; company fiscal year ends Dec. 31; source value is rounded.
NBL,72207,2013,24510000000,https://companiesmarketcap.com/noble-energy/marketcap/,,,,,Direct CompaniesMarketCap stated end-of-year USD market cap; company fiscal year ends Dec. 31; source value is rounded.
NBL,72207,2014,17170000000,https://companiesmarketcap.com/noble-energy/marketcap/,,,,,Direct CompaniesMarketCap stated end-of-year USD market cap; company fiscal year ends Dec. 31; source value is rounded.
NBL,72207,2015,14120000000,https://companiesmarketcap.com/noble-energy/marketcap/,,,,,Direct CompaniesMarketCap stated end-of-year USD market cap; company fiscal year ends Dec. 31; source value is rounded.
NBL,72207,2016,16350000000,https://companiesmarketcap.com/noble-energy/marketcap/,,,,,Direct CompaniesMarketCap stated end-of-year USD market cap; company fiscal year ends Dec. 31; source value is rounded.
NBL,72207,2017,14170000000,https://companiesmarketcap.com/noble-energy/marketcap/,,,,,Direct CompaniesMarketCap stated end-of-year USD market cap; company fiscal year ends Dec. 31; source value is rounded.
NBL,72207,2018,8960000000,https://companiesmarketcap.com/noble-energy/marketcap/,,,,,Direct CompaniesMarketCap stated end-of-year USD market cap; company fiscal year ends Dec. 31; source value is rounded.
NBL,72207,2019,11880000000,https://companiesmarketcap.com/noble-energy/marketcap/,,,,,Direct CompaniesMarketCap stated end-of-year USD market cap; company fiscal year ends Dec. 31; source value is rounded.
NKE,320187,2025,,,1476000000,https://www.sec.gov/Archives/edgar/data/320187/000032018725000047/nke-20250531.htm,,,Sum of fiscal-year-end Class A and Class B common shares. Filing reports shares in millions; total rounded to nearest million.
NKTR,906709,2009,868600000,https://stockanalysis.com/stocks/nktr/market-cap/,93645805,https://www.sec.gov/Archives/edgar/data/906709/000114420410011093/v176023_10k.htm,,,"FY2009 is calendar-year aligned. Market cap is StockAnalysis/Nasdaq Data Link's Dec. 31, 2009 value. Shares are the exact FY2009 10-K cover disclosure: 93,645,805 shares outstanding as of February 26, 2010; cover-page measurement date is noted. | Dec. 31, 2009 historical market cap; calendar FY. | FY2009 10-K cover count as of Feb. 26, 2010."
NKTR,906709,2025,862000000,https://stockanalysis.com/stocks/nktr/financials/ratios/,,,,,"Market cap reported by StockAnalysis/Fiscal.ai as 862 million USD for FY2025, period ending Dec. 2025; stored at source precision. | FY2025 market cap 862 million USD, Dec. 2025."
NLSN,1492633,2013,17370000000,https://companiesmarketcap.com/nielsen/marketcap/,,,,,"Market cap is CompaniesMarketCap end-of-year market capitalization for 2013: $17.37B USD, stored as 17,370,000,000 USD at source precision. Used only where fiscal year ends in December, so calendar year-end aligns with fiscal year-end."
NLSN,1492633,2014,16670000000,https://companiesmarketcap.com/nielsen/marketcap/,,,,,"Market cap is CompaniesMarketCap end-of-year market capitalization for 2014: $16.67B USD, stored as 16,670,000,000 USD at source precision. Used only where fiscal year ends in December, so calendar year-end aligns with fiscal year-end."
NLSN,1492633,2015,16880000000,https://companiesmarketcap.com/nielsen/marketcap/,,,,,"Market cap is CompaniesMarketCap end-of-year market capitalization for 2015: $16.88B USD, stored as 16,880,000,000 USD at source precision. Used only where fiscal year ends in December, so calendar year-end aligns with fiscal year-end."
NLSN,1492633,2016,14990000000,https://companiesmarketcap.com/nielsen/marketcap/,,,,,"Market cap is CompaniesMarketCap end-of-year market capitalization for 2016: $14.99B USD, stored as 14,990,000,000 USD at source precision. Used only where fiscal year ends in December, so calendar year-end aligns with fiscal year-end."
NLSN,1492633,2017,12960000000,https://companiesmarketcap.com/nielsen/marketcap/,,,,,"Market cap is CompaniesMarketCap end-of-year market capitalization for 2017: $12.96B USD, stored as 12,960,000,000 USD at source precision. Used only where fiscal year ends in December, so calendar year-end aligns with fiscal year-end."
NLSN,1492633,2018,8280000000,https://companiesmarketcap.com/nielsen/marketcap/,,,,,"Market cap is CompaniesMarketCap end-of-year market capitalization for 2018: $8.28B USD, stored as 8,280,000,000 USD at source precision. Used only where fiscal year ends in December, so calendar year-end aligns with fiscal year-end."
NLSN,1492633,2019,7220000000,https://companiesmarketcap.com/nielsen/marketcap/,,,,,"Market cap is CompaniesMarketCap end-of-year market capitalization for 2019: $7.22B USD, stored as 7,220,000,000 USD at source precision. Used only where fiscal year ends in December, so calendar year-end aligns with fiscal year-end."
NLSN,1492633,2020,7460000000,https://companiesmarketcap.com/nielsen/marketcap/,,,,,"Market cap is CompaniesMarketCap end-of-year market capitalization for 2020: $7.46B USD, stored as 7,460,000,000 USD at source precision. Used only where fiscal year ends in December, so calendar year-end aligns with fiscal year-end."
NLSN,1492633,2021,7360000000,https://companiesmarketcap.com/nielsen/marketcap/,,,,,"Market cap is CompaniesMarketCap end-of-year market capitalization for 2021: $7.36B USD, stored as 7,360,000,000 USD at source precision. Used only where fiscal year ends in December, so calendar year-end aligns with fiscal year-end."
NVDA,1045810,2002,9828000000,https://www.finhacker.cz/en/stocks/nvidia-market-cap/,149553130,https://www.sec.gov/Archives/edgar/data/1045810/000101287002002262/d10k.htm,,,"Shares are actual fiscal-year-end common shares outstanding from the SEC filing. Market cap is a direct end-of-trading-day value reported by FINHACKER on 2002-01-31, 4 calendar day(s) from fiscal year-end 2002-01-27; stored as USD at source precision and treated as a near-year-end estimate."
NVDA,1045810,2003,1628000000,https://www.finhacker.cz/en/stocks/nvidia-market-cap/,157790022,https://www.sec.gov/Archives/edgar/data/1045810/000104596903001196/d10k.htm,,,"Shares are actual fiscal-year-end common shares outstanding from the SEC filing. Market cap is a direct end-of-trading-day value reported by FINHACKER on 2003-01-31, 5 calendar day(s) from fiscal year-end 2003-01-26; stored as USD at source precision and treated as a near-year-end estimate."
NVDA,1045810,2004,3608000000,https://www.finhacker.cz/en/stocks/nvidia-market-cap/,164145787,https://www.sec.gov/Archives/edgar/data/1045810/000104581004000007/annualreport.htm,,,"Shares are actual fiscal-year-end common shares outstanding from the SEC filing. Market cap is a direct end-of-trading-day value reported by FINHACKER on 2004-01-30, 5 calendar day(s) from fiscal year-end 2004-01-25; stored as USD at source precision and treated as a near-year-end estimate."
NVDA,1045810,2005,3828000000,https://www.finhacker.cz/en/stocks/nvidia-market-cap/,167089545,https://www.sec.gov/Archives/edgar/data/1045810/000104581006000014/fy2006annualreportonform10-k.htm,,,"Shares are actual fiscal-year-end common shares outstanding from the SEC filing. Market cap is a direct end-of-trading-day value reported by FINHACKER on 2005-01-31, 1 calendar day(s) from fiscal year-end 2005-01-30; stored as USD at source precision and treated as a near-year-end estimate."
NVDA,1045810,2006,7707000000,https://www.finhacker.cz/en/stocks/nvidia-market-cap/,171477456,https://www.sec.gov/Archives/edgar/data/1045810/000104581006000014/fy2006annualreportonform10-k.htm,,,"Shares are actual fiscal-year-end common shares outstanding from the SEC filing. Uses the contemporaneous FY2006 count; the later FY2007 comparative was retrospectively doubled for the Apr-2006 2:1 split and is not used. Market cap is a direct end-of-trading-day value reported by FINHACKER on 2006-01-31, 2 calendar day(s) from fiscal year-end 2006-01-29; stored as USD at source precision and treated as a near-year-end estimate."
NVDA,1045810,2007,11060000000,https://www.finhacker.cz/en/stocks/nvidia-market-cap/,360988504,https://www.sec.gov/Archives/edgar/data/1045810/000104581007000008/fy2007annualreportonform10-k.htm,,,"Shares are actual fiscal-year-end common shares outstanding from the SEC filing. Uses the contemporaneous FY2007 count; the later FY2008 comparative was retrospectively adjusted for the Sep-2007 3:2 split and is not used. Market cap is a direct end-of-trading-day value reported by FINHACKER on 2007-01-31, 3 calendar day(s) from fiscal year-end 2007-01-28; stored as USD at source precision and treated as a near-year-end estimate."
NVDA,1045810,2008,13697000000,https://www.finhacker.cz/en/stocks/nvidia-market-cap/,557102588,https://www.sec.gov/Archives/edgar/data/1045810/000104581008000011/fy2008annualreportonform10k.htm,,,"Shares are actual fiscal-year-end common shares outstanding from the SEC filing. Market cap is a direct end-of-trading-day value reported by FINHACKER on 2008-01-31, 4 calendar day(s) from fiscal year-end 2008-01-27; stored as USD at source precision and treated as a near-year-end estimate."
NVDA,1045810,2023,,,,,26196,https://www.sec.gov/Archives/edgar/data/1045810/000104581023000017/nvda-20230129.htm,
NVDA,1045810,2024,,,,,29600,https://www.sec.gov/Archives/edgar/data/1045810/000104581024000029/nvda-20240128.htm,"10-K states approximately 29,600 employees as of end of fiscal 2024."
NVDA,1045810,2025,,,,,36000,https://www.sec.gov/Archives/edgar/data/1045810/000104581025000023/nvda-20250126.htm,"10-K states approximately 36,000 employees as of end of fiscal 2025."
NVDA,1045810,2026,,,,,42000,https://www.sec.gov/Archives/edgar/data/1045810/000104581026000021/nvda-20260125.htm,"10-K states approximately 42,000 employees as of end of fiscal 2026."
NXPI,1413447,2025,54628000000,https://stockanalysis.com/stocks/nxpi/financials/ratios/,,,,,"Market cap reported by StockAnalysis/S&P Global Market Intelligence as 54,628 million USD for FY2025 (period ending Dec '25); stored as 54,628,000,000 USD at source precision. | Market cap reported by StockAnalysis fiscal ratios as 54,628 million USD for FY2025, period ending Dec '25; stored at source precision."
NYT,71691,2025,,,161829650,https://www.sec.gov/Archives/edgar/data/71691/000007169126000011/nyt-20251231.htm,,,"Calculated from fiscal-year-end balance sheet: Class A issued 178,951,695 less 17,902,769 treasury = 161,048,926, plus 780,724 Class B = 161,829,650."
PDCO,891024,2008,,,122357000,https://www.sec.gov/Archives/edgar/data/891024/000119312509136664/d10k.htm,,,"SEC FY2009 10-K comparative balance sheet states 122,357 thousand shares issued and outstanding at April 26, 2008."
PDCO,891024,2009,,,122042000,https://www.sec.gov/Archives/edgar/data/891024/000119312509136664/d10k.htm,,,"SEC FY2009 10-K balance sheet states 122,042 thousand shares issued and outstanding at April 25, 2009."
PRGO,1585364,2025,1916000000,https://stockanalysis.com/stocks/prgo/financials/ratios/,,,,,"Market cap reported by StockAnalysis/S&P Global Market Intelligence as 1,916 million USD for FY2025 (period ending Dec '25); stored as 1,916,000,000 USD at source precision. | Market cap reported by StockAnalysis fiscal ratios as 1,916 million USD for FY2025, period ending Dec '25; stored at source precision."
PRU,1137774,2002,17840000000,https://companiesmarketcap.com/prudential-financial/marketcap/,,,,,Direct CompaniesMarketCap stated end-of-year USD market cap; company fiscal year ends Dec. 31; source value is rounded.
PRU,1137774,2003,22340000000,https://companiesmarketcap.com/prudential-financial/marketcap/,,,,,Direct CompaniesMarketCap stated end-of-year USD market cap; company fiscal year ends Dec. 31; source value is rounded.
PRU,1137774,2004,29090000000,https://companiesmarketcap.com/prudential-financial/marketcap/,,,,,Direct CompaniesMarketCap stated end-of-year USD market cap; company fiscal year ends Dec. 31; source value is rounded.
PRU,1137774,2005,36550000000,https://companiesmarketcap.com/prudential-financial/marketcap/,,,,,Direct CompaniesMarketCap stated end-of-year USD market cap; company fiscal year ends Dec. 31; source value is rounded.
PRU,1137774,2006,40620000000,https://companiesmarketcap.com/prudential-financial/marketcap/,,,,,Direct CompaniesMarketCap stated end-of-year USD market cap; company fiscal year ends Dec. 31; source value is rounded.
PRU,1137774,2007,41800000000,https://companiesmarketcap.com/prudential-financial/marketcap/,,,,,Direct CompaniesMarketCap stated end-of-year USD market cap; company fiscal year ends Dec. 31; source value is rounded.
PRU,1137774,2008,12760000000,https://companiesmarketcap.com/prudential-financial/marketcap/,,,,,Direct CompaniesMarketCap stated end-of-year USD market cap; company fiscal year ends Dec. 31; source value is rounded.
PRU,1137774,2009,22990000000,https://companiesmarketcap.com/prudential-financial/marketcap/,,,,,Direct CompaniesMarketCap stated end-of-year USD market cap; company fiscal year ends Dec. 31; source value is rounded.
PRU,1137774,2011,23550000000,https://companiesmarketcap.com/prudential-financial/marketcap/,,,,,Direct CompaniesMarketCap stated end-of-year USD market cap; company fiscal year ends Dec. 31; source value is rounded.
PRU,1137774,2012,24690000000,https://companiesmarketcap.com/prudential-financial/marketcap/,,,,,Direct CompaniesMarketCap stated end-of-year USD market cap; company fiscal year ends Dec. 31; source value is rounded.
PRU,1137774,2025,40110000000,https://companiesmarketcap.com/prudential-financial/marketcap/,,,,,Direct CompaniesMarketCap stated end-of-year USD market cap; company fiscal year ends Dec. 31; source value is rounded.
PSKY,2041610,2025,14707000000,https://stockanalysis.com/stocks/psky/financials/ratios/,,,,,"Market cap reported by StockAnalysis/S&P Global Market Intelligence as 14,707 million USD for FY2025 (period ending Dec '25); stored as 14,707,000,000 USD at source precision. | Market cap reported by StockAnalysis fiscal ratios as 14,707 million USD for FY2025, period ending Dec '25; stored at source precision."
PXD,1038357,2005,6590000000,https://companiesmarketcap.com/pioneer-natural-resources/marketcap/,,,,,Direct CompaniesMarketCap stated end-of-year USD market cap; company fiscal year ends Dec. 31; source value is rounded.
PXD,1038357,2007,5830000000,https://companiesmarketcap.com/pioneer-natural-resources/marketcap/,,,,,Direct CompaniesMarketCap stated end-of-year USD market cap; company fiscal year ends Dec. 31; source value is rounded.
PXD,1038357,2008,1900000000,https://companiesmarketcap.com/pioneer-natural-resources/marketcap/,,,,,Direct CompaniesMarketCap stated end-of-year USD market cap; company fiscal year ends Dec. 31; source value is rounded.
PXD,1038357,2009,5500000000,https://companiesmarketcap.com/pioneer-natural-resources/marketcap/,,,,,Direct CompaniesMarketCap stated end-of-year USD market cap; company fiscal year ends Dec. 31; source value is rounded.
PXD,1038357,2010,10010000000,https://companiesmarketcap.com/pioneer-natural-resources/marketcap/,,,,,Direct CompaniesMarketCap stated end-of-year USD market cap; company fiscal year ends Dec. 31; source value is rounded.
PXD,1038357,2011,10450000000,https://companiesmarketcap.com/pioneer-natural-resources/marketcap/,,,,,Direct CompaniesMarketCap stated end-of-year USD market cap; company fiscal year ends Dec. 31; source value is rounded.
PXD,1038357,2012,13140000000,https://companiesmarketcap.com/pioneer-natural-resources/marketcap/,,,,,Direct CompaniesMarketCap stated end-of-year USD market cap; company fiscal year ends Dec. 31; source value is rounded.
PXD,1038357,2013,26250000000,https://companiesmarketcap.com/pioneer-natural-resources/marketcap/,,,,,Direct CompaniesMarketCap stated end-of-year USD market cap; company fiscal year ends Dec. 31; source value is rounded.
PXD,1038357,2014,22170000000,https://companiesmarketcap.com/pioneer-natural-resources/marketcap/,,,,,Direct CompaniesMarketCap stated end-of-year USD market cap; company fiscal year ends Dec. 31; source value is rounded.
PXD,1038357,2015,18720000000,https://companiesmarketcap.com/pioneer-natural-resources/marketcap/,,,,,Direct CompaniesMarketCap stated end-of-year USD market cap; company fiscal year ends Dec. 31; source value is rounded.
PXD,1038357,2016,30560000000,https://companiesmarketcap.com/pioneer-natural-resources/marketcap/,,,,,Direct CompaniesMarketCap stated end-of-year USD market cap; company fiscal year ends Dec. 31; source value is rounded.
PXD,1038357,2017,29410000000,https://companiesmarketcap.com/pioneer-natural-resources/marketcap/,,,,,Direct CompaniesMarketCap stated end-of-year USD market cap; company fiscal year ends Dec. 31; source value is rounded.
PXD,1038357,2018,22290000000,https://companiesmarketcap.com/pioneer-natural-resources/marketcap/,,,,,Direct CompaniesMarketCap stated end-of-year USD market cap; company fiscal year ends Dec. 31; source value is rounded.
PXD,1038357,2019,25050000000,https://companiesmarketcap.com/pioneer-natural-resources/marketcap/,,,,,Direct CompaniesMarketCap stated end-of-year USD market cap; company fiscal year ends Dec. 31; source value is rounded.
PXD,1038357,2020,18720000000,https://companiesmarketcap.com/pioneer-natural-resources/marketcap/,,,,,Direct CompaniesMarketCap stated end-of-year USD market cap; company fiscal year ends Dec. 31; source value is rounded.
PXD,1038357,2021,44400000000,https://companiesmarketcap.com/pioneer-natural-resources/marketcap/,,,,,Direct CompaniesMarketCap stated end-of-year USD market cap; company fiscal year ends Dec. 31; source value is rounded.
PXD,1038357,2022,54260000000,https://companiesmarketcap.com/pioneer-natural-resources/marketcap/,,,,,Direct CompaniesMarketCap stated end-of-year USD market cap; company fiscal year ends Dec. 31; source value is rounded.
PXD,1038357,2023,52460000000,https://companiesmarketcap.com/pioneer-natural-resources/marketcap/,,,,,Direct CompaniesMarketCap stated end-of-year USD market cap; company fiscal year ends Dec. 31; source value is rounded.
REG,910606,2025,12592000000,https://stockanalysis.com/stocks/reg/financials/ratios/,,,,,"Market cap reported by StockAnalysis/S&P Global Market Intelligence as 12,592 million USD for FY2025 (period ending Dec '25); stored as 12,592,000,000 USD at source precision. | Market cap reported by StockAnalysis fiscal ratios as 12,592 million USD for FY2025, period ending Dec '25; stored at source precision."
RMD,943819,2025,37762000000,https://stockanalysis.com/stocks/rmd/financials/ratios/,,,,,"Market cap reported by StockAnalysis/S&P Global Market Intelligence as 37,762 million USD for FY2025 (period ending Jun '25); stored as 37,762,000,000 USD at source precision. | Market cap reported by StockAnalysis fiscal ratios as 37,762 million USD for FY2025, period ending Jun '25; stored at source precision."
ROST,745732,2025,49674000000,https://stockanalysis.com/stocks/rost/financials/ratios/,,,,,"Market cap reported by StockAnalysis/S&P Global Market Intelligence as 49,674 million USD for FY2025 (period ending Feb '25); stored as 49,674,000,000 USD at source precision. | Market cap reported by StockAnalysis fiscal ratios as 49,674 million USD for FY2025, period ending Feb '25; stored at source precision."
ROST,745732,2026,61018000000,https://stockanalysis.com/stocks/rost/financials/ratios/,,,,,"Market cap reported by StockAnalysis/S&P Global Market Intelligence as 61,018 million USD for FY2026 (period ending Jan '26); stored as 61,018,000,000 USD at source precision. | Market cap reported by StockAnalysis fiscal ratios as 61,018 million USD for FY2026, period ending Jan '26; stored at source precision."
RTN,1047122,2001,12830000000,https://companiesmarketcap.com/raytheon/marketcap/,,,,,Direct CompaniesMarketCap stated end-of-year USD market cap; company fiscal year ends Dec. 31; source value is rounded.
RTN,1047122,2002,12550000000,https://companiesmarketcap.com/raytheon/marketcap/,,,,,Direct CompaniesMarketCap stated end-of-year USD market cap; company fiscal year ends Dec. 31; source value is rounded.
RTN,1047122,2003,12560000000,https://companiesmarketcap.com/raytheon/marketcap/,,,,,Direct CompaniesMarketCap stated end-of-year USD market cap; company fiscal year ends Dec. 31; source value is rounded.
RTN,1047122,2004,17590000000,https://companiesmarketcap.com/raytheon/marketcap/,,,,,Direct CompaniesMarketCap stated end-of-year USD market cap; company fiscal year ends Dec. 31; source value is rounded.
RTN,1047122,2005,17920000000,https://companiesmarketcap.com/raytheon/marketcap/,,,,,Direct CompaniesMarketCap stated end-of-year USD market cap; company fiscal year ends Dec. 31; source value is rounded.
RTN,1047122,2006,23540000000,https://companiesmarketcap.com/raytheon/marketcap/,,,,,Direct CompaniesMarketCap stated end-of-year USD market cap; company fiscal year ends Dec. 31; source value is rounded.
RTN,1047122,2007,25880000000,https://companiesmarketcap.com/raytheon/marketcap/,,,,,Direct CompaniesMarketCap stated end-of-year USD market cap; company fiscal year ends Dec. 31; source value is rounded.
RTN,1047122,2008,21130000000,https://companiesmarketcap.com/raytheon/marketcap/,,,,,Direct CompaniesMarketCap stated end-of-year USD market cap; company fiscal year ends Dec. 31; source value is rounded.
RTN,1047122,2009,19470000000,https://companiesmarketcap.com/raytheon/marketcap/,,,,,Direct CompaniesMarketCap stated end-of-year USD market cap; company fiscal year ends Dec. 31; source value is rounded.
RTN,1047122,2010,16630000000,https://companiesmarketcap.com/raytheon/marketcap/,,,,,Direct CompaniesMarketCap stated end-of-year USD market cap; company fiscal year ends Dec. 31; source value is rounded.
RTN,1047122,2011,16740000000,https://companiesmarketcap.com/raytheon/marketcap/,,,,,Direct CompaniesMarketCap stated end-of-year USD market cap; company fiscal year ends Dec. 31; source value is rounded.
RTN,1047122,2012,18870000000,https://companiesmarketcap.com/raytheon/marketcap/,,,,,Direct CompaniesMarketCap stated end-of-year USD market cap; company fiscal year ends Dec. 31; source value is rounded.
RTN,1047122,2013,28570000000,https://companiesmarketcap.com/raytheon/marketcap/,,,,,Direct CompaniesMarketCap stated end-of-year USD market cap; company fiscal year ends Dec. 31; source value is rounded.
RTN,1047122,2014,33200000000,https://companiesmarketcap.com/raytheon/marketcap/,,,,,Direct CompaniesMarketCap stated end-of-year USD market cap; company fiscal year ends Dec. 31; source value is rounded.
RTN,1047122,2015,37230000000,https://companiesmarketcap.com/raytheon/marketcap/,,,,,Direct CompaniesMarketCap stated end-of-year USD market cap; company fiscal year ends Dec. 31; source value is rounded.
RTN,1047122,2016,41690000000,https://companiesmarketcap.com/raytheon/marketcap/,,,,,Direct CompaniesMarketCap stated end-of-year USD market cap; company fiscal year ends Dec. 31; source value is rounded.
RTN,1047122,2017,54300000000,https://companiesmarketcap.com/raytheon/marketcap/,,,,,Direct CompaniesMarketCap stated end-of-year USD market cap; company fiscal year ends Dec. 31; source value is rounded.
RTN,1047122,2018,43240000000,https://companiesmarketcap.com/raytheon/marketcap/,,,,,Direct CompaniesMarketCap stated end-of-year USD market cap; company fiscal year ends Dec. 31; source value is rounded.
RTN,1047122,2019,61170000000,https://companiesmarketcap.com/raytheon/marketcap/,,,,,Direct CompaniesMarketCap stated end-of-year USD market cap; company fiscal year ends Dec. 31; source value is rounded.
RYAN,1849253,2025,,,264112311,https://www.sec.gov/Archives/edgar/data/1849253/000184925326000006/ryan-20251231.htm,,,"Fiscal-year-end balance sheet: 129,603,426 Class A plus 134,508,885 Class B common shares issued and outstanding."
SATS,1415404,2025,,,158459167,https://www.sec.gov/Archives/edgar/data/1415404/000141540426000009/R1.htm,,,SEC 10-K/A FY2025; Class A common stock (ticker SATS).
SEE,1012100,2001,3410000000,https://companiesmarketcap.com/sealed-air/marketcap/,,,,,Direct CompaniesMarketCap stated end-of-year USD market cap; company fiscal year ends Dec. 31; source value is rounded.
SEE,1012100,2006,5230000000,https://companiesmarketcap.com/sealed-air/marketcap/,,,,,Direct CompaniesMarketCap stated end-of-year USD market cap; company fiscal year ends Dec. 31; source value is rounded.
SEE,1012100,2007,3740000000,https://companiesmarketcap.com/sealed-air/marketcap/,,,,,Direct CompaniesMarketCap stated end-of-year USD market cap; company fiscal year ends Dec. 31; source value is rounded.
SEE,1012100,2008,2350000000,https://companiesmarketcap.com/sealed-air/marketcap/,,,,,Direct CompaniesMarketCap stated end-of-year USD market cap; company fiscal year ends Dec. 31; source value is rounded.
SEE,1012100,2009,3470000000,https://companiesmarketcap.com/sealed-air/marketcap/,,,,,Direct CompaniesMarketCap stated end-of-year USD market cap; company fiscal year ends Dec. 31; source value is rounded.
SEE,1012100,2010,4050000000,https://companiesmarketcap.com/sealed-air/marketcap/,,,,,Direct CompaniesMarketCap stated end-of-year USD market cap; company fiscal year ends Dec. 31; source value is rounded.
SEE,1012100,2011,3300000000,https://companiesmarketcap.com/sealed-air/marketcap/,,,,,Direct CompaniesMarketCap stated end-of-year USD market cap; company fiscal year ends Dec. 31; source value is rounded.
SEE,1012100,2012,3400000000,https://companiesmarketcap.com/sealed-air/marketcap/,,,,,Direct CompaniesMarketCap stated end-of-year USD market cap; company fiscal year ends Dec. 31; source value is rounded.
SEE,1012100,2013,6680000000,https://companiesmarketcap.com/sealed-air/marketcap/,,,,,Direct CompaniesMarketCap stated end-of-year USD market cap; company fiscal year ends Dec. 31; source value is rounded.
SEE,1012100,2014,8930000000,https://companiesmarketcap.com/sealed-air/marketcap/,,,,,Direct CompaniesMarketCap stated end-of-year USD market cap; company fiscal year ends Dec. 31; source value is rounded.
SEE,1012100,2015,8740000000,https://companiesmarketcap.com/sealed-air/marketcap/,,,,,Direct CompaniesMarketCap stated end-of-year USD market cap; company fiscal year ends Dec. 31; source value is rounded.
SEE,1012100,2016,8760000000,https://companiesmarketcap.com/sealed-air/marketcap/,,,,,Direct CompaniesMarketCap stated end-of-year USD market cap; company fiscal year ends Dec. 31; source value is rounded.
SEE,1012100,2017,8890000000,https://companiesmarketcap.com/sealed-air/marketcap/,,,,,Direct CompaniesMarketCap stated end-of-year USD market cap; company fiscal year ends Dec. 31; source value is rounded.
SEE,1012100,2018,5420000000,https://companiesmarketcap.com/sealed-air/marketcap/,,,,,Direct CompaniesMarketCap stated end-of-year USD market cap; company fiscal year ends Dec. 31; source value is rounded.
SEE,1012100,2019,6150000000,https://companiesmarketcap.com/sealed-air/marketcap/,,,,,Direct CompaniesMarketCap stated end-of-year USD market cap; company fiscal year ends Dec. 31; source value is rounded.
SEE,1012100,2020,7100000000,https://companiesmarketcap.com/sealed-air/marketcap/,,,,,Direct CompaniesMarketCap stated end-of-year USD market cap; company fiscal year ends Dec. 31; source value is rounded.
SEE,1012100,2021,9990000000,https://companiesmarketcap.com/sealed-air/marketcap/,,,,,Direct CompaniesMarketCap stated end-of-year USD market cap; company fiscal year ends Dec. 31; source value is rounded.
SEE,1012100,2022,7210000000,https://companiesmarketcap.com/sealed-air/marketcap/,,,,,Direct CompaniesMarketCap stated end-of-year USD market cap; company fiscal year ends Dec. 31; source value is rounded.
SEE,1012100,2023,5270000000,https://companiesmarketcap.com/sealed-air/marketcap/,,,,,Direct CompaniesMarketCap stated end-of-year USD market cap; company fiscal year ends Dec. 31; source value is rounded.
SII,721083,2009,7951821570,https://990s.foundationcenter.org/990pf_pdf_archive/381/381211227/381211227_200912_990PF.pdf,,,,,"Market cap computed from 12/31/2009 portfolio market value implying SII price $32.033571 ($89,694 / 2,800 shares) × 248,234,000 fiscal-year-end shares = $7,951,821,570. Shares derived from Smith International SEC FY2009 10-K (CIK 721083): 266.125m issued less 17.891m treasury. SEC source: https://www.sec.gov/Archives/edgar/data/721083/000095012310019211/h69022e10vk.htm. Price precision is limited by the source's portfolio valuation; flagged as an estimate."
SIVB,719739,2018,9980000000,https://companiesmarketcap.com/svb-financial/marketcap/,,,,,"Market cap is CompaniesMarketCap end-of-year market capitalization for 2018: $9.98B USD, stored as 9,980,000,000 USD at source precision. Used only where fiscal year ends in December, so calendar year-end aligns with fiscal year-end."
SIVB,719739,2019,12960000000,https://companiesmarketcap.com/svb-financial/marketcap/,,,,,"Market cap is CompaniesMarketCap end-of-year market capitalization for 2019: $12.96B USD, stored as 12,960,000,000 USD at source precision. Used only where fiscal year ends in December, so calendar year-end aligns with fiscal year-end."
SIVB,719739,2020,20080000000,https://companiesmarketcap.com/svb-financial/marketcap/,,,,,"Market cap is CompaniesMarketCap end-of-year market capitalization for 2020: $20.08B USD, stored as 20,080,000,000 USD at source precision. Used only where fiscal year ends in December, so calendar year-end aligns with fiscal year-end."
SIVB,719739,2021,39840000000,https://companiesmarketcap.com/svb-financial/marketcap/,,,,,"Market cap is CompaniesMarketCap end-of-year market capitalization for 2021: $39.84B USD, stored as 39,840,000,000 USD at source precision. Used only where fiscal year ends in December, so calendar year-end aligns with fiscal year-end."
SIVB,719739,2022,13600000000,https://companiesmarketcap.com/svb-financial/marketcap/,,,,,"Market cap is CompaniesMarketCap end-of-year market capitalization for 2022: $13.60B USD, stored as 13,600,000,000 USD at source precision. Used only where fiscal year ends in December, so calendar year-end aligns with fiscal year-end."
SMCI,1375365,2025,29250000000,https://stockanalysis.com/stocks/smci/financials/ratios/,,,,,"Market cap reported by StockAnalysis/S&P Global Market Intelligence as 29,250 million USD for FY2025 (period ending Jun '25); stored as 29,250,000,000 USD at source precision. | Market cap reported by StockAnalysis fiscal ratios as 29,250 million USD for FY2025, period ending Jun '25; stored at source precision."
SPG,1063761,2001,5090000000,https://companiesmarketcap.com/simon-property/marketcap/,,,,,Direct CompaniesMarketCap stated end-of-year USD market cap; company fiscal year ends Dec. 31; source value is rounded.
SPG,1063761,2002,6320000000,https://companiesmarketcap.com/simon-property/marketcap/,,,,,Direct CompaniesMarketCap stated end-of-year USD market cap; company fiscal year ends Dec. 31; source value is rounded.
SPG,1063761,2003,9450000000,https://companiesmarketcap.com/simon-property/marketcap/,,,,,Direct CompaniesMarketCap stated end-of-year USD market cap; company fiscal year ends Dec. 31; source value is rounded.
SPG,1063761,2004,14400000000,https://companiesmarketcap.com/simon-property/marketcap/,,,,,Direct CompaniesMarketCap stated end-of-year USD market cap; company fiscal year ends Dec. 31; source value is rounded.
SPG,1063761,2005,17250000000,https://companiesmarketcap.com/simon-property/marketcap/,,,,,Direct CompaniesMarketCap stated end-of-year USD market cap; company fiscal year ends Dec. 31; source value is rounded.
SPG,1063761,2006,22420000000,https://companiesmarketcap.com/simon-property/marketcap/,,,,,Direct CompaniesMarketCap stated end-of-year USD market cap; company fiscal year ends Dec. 31; source value is rounded.
SPG,1063761,2007,19370000000,https://companiesmarketcap.com/simon-property/marketcap/,,,,,Direct CompaniesMarketCap stated end-of-year USD market cap; company fiscal year ends Dec. 31; source value is rounded.
SPG,1063761,2008,11990000000,https://companiesmarketcap.com/simon-property/marketcap/,,,,,Direct CompaniesMarketCap stated end-of-year USD market cap; company fiscal year ends Dec. 31; source value is rounded.
SPG,1063761,2016,55830000000,https://companiesmarketcap.com/simon-property/marketcap/,,,,,Direct CompaniesMarketCap stated end-of-year USD market cap; company fiscal year ends Dec. 31; source value is rounded.
SPG,1063761,2017,53380000000,https://companiesmarketcap.com/simon-property/marketcap/,,,,,Direct CompaniesMarketCap stated end-of-year USD market cap; company fiscal year ends Dec. 31; source value is rounded.
SPG,1063761,2018,51910000000,https://companiesmarketcap.com/simon-property/marketcap/,,,,,Direct CompaniesMarketCap stated end-of-year USD market cap; company fiscal year ends Dec. 31; source value is rounded.
SPG,1063761,2025,70800000000,https://companiesmarketcap.com/simon-property/marketcap/,,,,,Direct CompaniesMarketCap stated end-of-year USD market cap; company fiscal year ends Dec. 31; source value is rounded.
SRCL,861878,2000,570000000,https://companiesmarketcap.com/stericycle/marketcap/,,,,,Market cap is the source's stated end-of-year USD market capitalization; fiscal year verified as December 31 from SEC 10-K.
SRCL,861878,2002,1300000000,https://companiesmarketcap.com/stericycle/marketcap/,,,,,Market cap is the source's stated end-of-year USD market capitalization; fiscal year verified as December 31 from SEC 10-K.
SRCL,861878,2003,1950000000,https://companiesmarketcap.com/stericycle/marketcap/,,,,,Market cap is the source's stated end-of-year USD market capitalization; fiscal year verified as December 31 from SEC 10-K.
SRCL,861878,2004,2050000000,https://companiesmarketcap.com/stericycle/marketcap/,,,,,Market cap is the source's stated end-of-year USD market capitalization; fiscal year verified as December 31 from SEC 10-K.
SRCL,861878,2005,2590000000,https://companiesmarketcap.com/stericycle/marketcap/,,,,,Market cap is the source's stated end-of-year USD market capitalization; fiscal year verified as December 31 from SEC 10-K.
SRCL,861878,2006,3340000000,https://companiesmarketcap.com/stericycle/marketcap/,,,,,Market cap is the source's stated end-of-year USD market capitalization; fiscal year verified as December 31 from SEC 10-K.
SRCL,861878,2007,5190000000,https://companiesmarketcap.com/stericycle/marketcap/,,,,,Market cap is the source's stated end-of-year USD market capitalization; fiscal year verified as December 31 from SEC 10-K.
SRCL,861878,2008,4450000000,https://companiesmarketcap.com/stericycle/marketcap/,,,,,Market cap is the source's stated end-of-year USD market capitalization; fiscal year verified as December 31 from SEC 10-K.
SRCL,861878,2009,4670000000,https://companiesmarketcap.com/stericycle/marketcap/,,,,,Market cap is the source's stated end-of-year USD market capitalization; fiscal year verified as December 31 from SEC 10-K.
SRCL,861878,2010,6890000000,https://companiesmarketcap.com/stericycle/marketcap/,,,,,Market cap is the source's stated end-of-year USD market capitalization; fiscal year verified as December 31 from SEC 10-K.
SRCL,861878,2011,6630000000,https://companiesmarketcap.com/stericycle/marketcap/,,,,,Market cap is the source's stated end-of-year USD market capitalization; fiscal year verified as December 31 from SEC 10-K.
SRCL,861878,2012,8020000000,https://companiesmarketcap.com/stericycle/marketcap/,,,,,Market cap is the source's stated end-of-year USD market capitalization; fiscal year verified as December 31 from SEC 10-K.
SRCL,861878,2013,9930000000,https://companiesmarketcap.com/stericycle/marketcap/,,,,,Market cap is the source's stated end-of-year USD market capitalization; fiscal year verified as December 31 from SEC 10-K.
SRCL,861878,2014,11120000000,https://companiesmarketcap.com/stericycle/marketcap/,,,,,Market cap is the source's stated end-of-year USD market capitalization; fiscal year verified as December 31 from SEC 10-K.
SRCL,861878,2015,10230000000,https://companiesmarketcap.com/stericycle/marketcap/,,,,,Market cap is the source's stated end-of-year USD market capitalization; fiscal year verified as December 31 from SEC 10-K.
SRCL,861878,2016,6550000000,https://companiesmarketcap.com/stericycle/marketcap/,,,,,Market cap is the source's stated end-of-year USD market capitalization; fiscal year verified as December 31 from SEC 10-K.
SRCL,861878,2017,5800000000,https://companiesmarketcap.com/stericycle/marketcap/,,,,,Market cap is the source's stated end-of-year USD market capitalization; fiscal year verified as December 31 from SEC 10-K.
SRCL,861878,2018,3320000000,https://companiesmarketcap.com/stericycle/marketcap/,,,,,Market cap is the source's stated end-of-year USD market capitalization; fiscal year verified as December 31 from SEC 10-K.
SSP,832428,2025,,,89013857,https://www.sec.gov/Archives/edgar/data/832428/000083242826000010/ssp-20251231.htm,,,"Fiscal-year-end balance sheet: 77,081,135 Class A plus 11,932,722 Common Voting shares issued and outstanding."
STE,1757898,2025,22269000000,https://stockanalysis.com/stocks/ste/financials/ratios/,,,,,"Market cap reported by StockAnalysis/S&P Global Market Intelligence as 22,269 million USD for FY2025 (period ending Mar '25); stored as 22,269,000,000 USD at source precision. | Market cap reported by StockAnalysis fiscal ratios as 22,269 million USD for FY2025, period ending Mar '25; stored at source precision."
STE,1757898,2026,21687000000,https://stockanalysis.com/stocks/ste/financials/ratios/,,,,,"Market cap reported by StockAnalysis/S&P Global Market Intelligence as 21,687 million USD for FY2026 (period ending Mar '26); stored as 21,687,000,000 USD at source precision. | Market cap reported by StockAnalysis fiscal ratios as 21,687 million USD for FY2026, period ending Mar '26; stored at source precision."
STX,1137789,2025,30016000000,https://stockanalysis.com/stocks/stx/financials/ratios/,,,,,"Market cap reported by StockAnalysis/S&P Global Market Intelligence as 30,016 million USD for FY2025 (period ending Jun '25); stored as 30,016,000,000 USD at source precision. | Market cap reported by StockAnalysis fiscal ratios as 30,016 million USD for FY2025, period ending Jun '25; stored at source precision."
STZ,16918,2026,,,172172544,https://www.sec.gov/Archives/edgar/data/16918/000001691826000011/R1.htm,,,SEC 10-K FY2026; Class A common stock (ticker STZ).
SW,2005951,2025,20137000000,https://stockanalysis.com/stocks/sw/financials/ratios/,,,,,"Market cap reported by StockAnalysis/S&P Global Market Intelligence as 20,137 million USD for FY2025 (period ending Dec '25); stored as 20,137,000,000 USD at source precision. | Market cap reported by StockAnalysis fiscal ratios as 20,137 million USD for FY2025, period ending Dec '25; stored at source precision."
SWN,7332,2002,290000000,https://companiesmarketcap.com/southwestern-energy/marketcap/,,,,,Market cap is the source's stated end-of-year USD market capitalization; fiscal year verified as December 31 from SEC 10-K.
SWN,7332,2003,850000000,https://companiesmarketcap.com/southwestern-energy/marketcap/,,,,,Market cap is the source's stated end-of-year USD market capitalization; fiscal year verified as December 31 from SEC 10-K.
SWN,7332,2004,1840000000,https://companiesmarketcap.com/southwestern-energy/marketcap/,,,,,Market cap is the source's stated end-of-year USD market capitalization; fiscal year verified as December 31 from SEC 10-K.
SWN,7332,2006,5920000000,https://companiesmarketcap.com/southwestern-energy/marketcap/,,,,,Market cap is the source's stated end-of-year USD market capitalization; fiscal year verified as December 31 from SEC 10-K.
SWN,7332,2008,9940000000,https://companiesmarketcap.com/southwestern-energy/marketcap/,,,,,Market cap is the source's stated end-of-year USD market capitalization; fiscal year verified as December 31 from SEC 10-K.
SWN,7332,2009,16670000000,https://companiesmarketcap.com/southwestern-energy/marketcap/,,,,,Market cap is the source's stated end-of-year USD market capitalization; fiscal year verified as December 31 from SEC 10-K.
SWN,7332,2010,13000000000,https://companiesmarketcap.com/southwestern-energy/marketcap/,,,,,Market cap is the source's stated end-of-year USD market capitalization; fiscal year verified as December 31 from SEC 10-K.
SWN,7332,2011,11120000000,https://companiesmarketcap.com/southwestern-energy/marketcap/,,,,,Market cap is the source's stated end-of-year USD market capitalization; fiscal year verified as December 31 from SEC 10-K.
SWN,7332,2012,11720000000,https://companiesmarketcap.com/southwestern-energy/marketcap/,,,,,Market cap is the source's stated end-of-year USD market capitalization; fiscal year verified as December 31 from SEC 10-K.
SWN,7332,2013,13880000000,https://companiesmarketcap.com/southwestern-energy/marketcap/,,,,,Market cap is the source's stated end-of-year USD market capitalization; fiscal year verified as December 31 from SEC 10-K.
SWN,7332,2014,9670000000,https://companiesmarketcap.com/southwestern-energy/marketcap/,,,,,Market cap is the source's stated end-of-year USD market capitalization; fiscal year verified as December 31 from SEC 10-K.
SWN,7332,2015,2770000000,https://companiesmarketcap.com/southwestern-energy/marketcap/,,,,,Market cap is the source's stated end-of-year USD market capitalization; fiscal year verified as December 31 from SEC 10-K.
SWN,7332,2016,5360000000,https://companiesmarketcap.com/southwestern-energy/marketcap/,,,,,Market cap is the source's stated end-of-year USD market capitalization; fiscal year verified as December 31 from SEC 10-K.
SWN,7332,2017,2850000000,https://companiesmarketcap.com/southwestern-energy/marketcap/,,,,,Market cap is the source's stated end-of-year USD market capitalization; fiscal year verified as December 31 from SEC 10-K.
TE,1992243,2025,1755000000,https://stockanalysis.com/stocks/te/financials/ratios/,,,,,"Market cap reported by StockAnalysis/S&P Global Market Intelligence as 1,755 million USD for FY2025 (period ending Dec '25); stored as 1,755,000,000 USD at source precision. | Market cap reported by StockAnalysis fiscal ratios as 1,755 million USD for FY2025, period ending Dec '25; stored at source precision."
TECH,842023,2025,8066000000,https://stockanalysis.com/stocks/tech/financials/ratios/,,,,,"Market cap reported by StockAnalysis/S&P Global Market Intelligence as 8,066 million USD for FY2025 (period ending Jun '25); stored as 8,066,000,000 USD at source precision. | Market cap reported by StockAnalysis fiscal ratios as 8,066 million USD for FY2025, period ending Jun '25; stored at source precision."
TGNA,39899,2000,16660000000,https://companiesmarketcap.com/tegna/marketcap/,,,,,Direct CompaniesMarketCap stated end-of-year USD market cap; company fiscal year ends Dec. 31; source value is rounded.
TGNA,39899,2001,17860000000,https://companiesmarketcap.com/tegna/marketcap/,,,,,Direct CompaniesMarketCap stated end-of-year USD market cap; company fiscal year ends Dec. 31; source value is rounded.
TGNA,39899,2002,19230000000,https://companiesmarketcap.com/tegna/marketcap/,,,,,Direct CompaniesMarketCap stated end-of-year USD market cap; company fiscal year ends Dec. 31; source value is rounded.
TGNA,39899,2003,24280000000,https://companiesmarketcap.com/tegna/marketcap/,,,,,Direct CompaniesMarketCap stated end-of-year USD market cap; company fiscal year ends Dec. 31; source value is rounded.
TGNA,39899,2004,20770000000,https://companiesmarketcap.com/tegna/marketcap/,,,,,Direct CompaniesMarketCap stated end-of-year USD market cap; company fiscal year ends Dec. 31; source value is rounded.
TGNA,39899,2005,14410000000,https://companiesmarketcap.com/tegna/marketcap/,,,,,Direct CompaniesMarketCap stated end-of-year USD market cap; company fiscal year ends Dec. 31; source value is rounded.
TGNA,39899,2006,14190000000,https://companiesmarketcap.com/tegna/marketcap/,,,,,Direct CompaniesMarketCap stated end-of-year USD market cap; company fiscal year ends Dec. 31; source value is rounded.
TGNA,39899,2007,8970000000,https://companiesmarketcap.com/tegna/marketcap/,,,,,Direct CompaniesMarketCap stated end-of-year USD market cap; company fiscal year ends Dec. 31; source value is rounded.
TGNA,39899,2008,1820000000,https://companiesmarketcap.com/tegna/marketcap/,,,,,Direct CompaniesMarketCap stated end-of-year USD market cap; company fiscal year ends Dec. 31; source value is rounded.
TGNA,39899,2009,3520000000,https://companiesmarketcap.com/tegna/marketcap/,,,,,Direct CompaniesMarketCap stated end-of-year USD market cap; company fiscal year ends Dec. 31; source value is rounded.
TGNA,39899,2010,3610000000,https://companiesmarketcap.com/tegna/marketcap/,,,,,Direct CompaniesMarketCap stated end-of-year USD market cap; company fiscal year ends Dec. 31; source value is rounded.
TGNA,39899,2011,3160000000,https://companiesmarketcap.com/tegna/marketcap/,,,,,Direct CompaniesMarketCap stated end-of-year USD market cap; company fiscal year ends Dec. 31; source value is rounded.
TGNA,39899,2012,4140000000,https://companiesmarketcap.com/tegna/marketcap/,,,,,Direct CompaniesMarketCap stated end-of-year USD market cap; company fiscal year ends Dec. 31; source value is rounded.
TGNA,39899,2013,6730000000,https://companiesmarketcap.com/tegna/marketcap/,,,,,Direct CompaniesMarketCap stated end-of-year USD market cap; company fiscal year ends Dec. 31; source value is rounded.
TGNA,39899,2014,7230000000,https://companiesmarketcap.com/tegna/marketcap/,,,,,Direct CompaniesMarketCap stated end-of-year USD market cap; company fiscal year ends Dec. 31; source value is rounded.
TGNA,39899,2015,5600000000,https://companiesmarketcap.com/tegna/marketcap/,,,,,Direct CompaniesMarketCap stated end-of-year USD market cap; company fiscal year ends Dec. 31; source value is rounded.
TGNA,39899,2016,4580000000,https://companiesmarketcap.com/tegna/marketcap/,,,,,Direct CompaniesMarketCap stated end-of-year USD market cap; company fiscal year ends Dec. 31; source value is rounded.
TGNA,39899,2017,3030000000,https://companiesmarketcap.com/tegna/marketcap/,,,,,Direct CompaniesMarketCap stated end-of-year USD market cap; company fiscal year ends Dec. 31; source value is rounded.
TPL,1811074,2025,19800000000,https://stockanalysis.com/stocks/tpl/financials/ratios/,,,,,"Market cap reported by StockAnalysis/S&P Global Market Intelligence as 19,800 million USD for FY2025 (period ending Dec '25); stored as 19,800,000,000 USD at source precision. | Market cap reported by StockAnalysis fiscal ratios as 19,800 million USD for FY2025, period ending Dec '25; stored at source precision."
TRMB,864749,2024,17234000000,https://stockanalysis.com/stocks/trmb/financials/ratios/,,,,,"Market cap reported by StockAnalysis/S&P Global Market Intelligence as 17,234 million USD for FY2024 (period ending Jan '25); stored as 17,234,000,000 USD at source precision. | Market cap reported by StockAnalysis fiscal ratios as 17,234 million USD for FY2024, period ending Jan '25; stored at source precision."
TWTR,1418091,2018,21810000000,https://stockanalysis.com/stocks/twtr/market-cap/,,,,,Calendar/fiscal year-end market cap from StockAnalysis historical market-cap series for FY2018.
TWTR,1418091,2019,24830000000,https://stockanalysis.com/stocks/twtr/market-cap/,,,,,Calendar/fiscal year-end market cap from StockAnalysis historical market-cap series for FY2019.
TWTR,1418091,2020,42960000000,https://stockanalysis.com/stocks/twtr/market-cap/,,,,,Calendar/fiscal year-end market cap from StockAnalysis historical market-cap series for FY2020.
TWTR,1418091,2021,34500000000,https://stockanalysis.com/stocks/twtr/market-cap/,,,,,Calendar/fiscal year-end market cap from StockAnalysis historical market-cap series for FY2021.
TYL,860731,2025,19532000000,https://stockanalysis.com/stocks/tyl/financials/ratios/,,,,,"Market cap reported by StockAnalysis/S&P Global Market Intelligence as 19,532 million USD for FY2025 (period ending Dec '25); stored as 19,532,000,000 USD at source precision. | Market cap reported by StockAnalysis fiscal ratios as 19,532 million USD for FY2025, period ending Dec '25; stored at source precision."
ULTA,1403568,2025,19112000000,https://stockanalysis.com/stocks/ulta/financials/ratios/,,,,,"Market cap reported by StockAnalysis/S&P Global Market Intelligence as 19,112 million USD for FY2025 (period ending Feb '25); stored as 19,112,000,000 USD at source precision. | Market cap reported by StockAnalysis fiscal ratios as 19,112 million USD for FY2025, period ending Feb '25; stored at source precision."
ULTA,1403568,2026,28718000000,https://stockanalysis.com/stocks/ulta/financials/ratios/,,,,,"Market cap reported by StockAnalysis/S&P Global Market Intelligence as 28,718 million USD for FY2026 (period ending Jan '26); stored as 28,718,000,000 USD at source precision. | Market cap reported by StockAnalysis fiscal ratios as 28,718 million USD for FY2026, period ending Jan '26; stored at source precision."
UPS,1090727,2025,,,848900000,https://www.sec.gov/Archives/edgar/data/1090727/000162828026019856/ups-20260319.htm,,,"SEC filing states 848,900,000 common shares outstanding as of December 31, 2025."
URBN,912615,2025,5114000000,https://stockanalysis.com/stocks/urbn/financials/ratios/,,,,,"Market cap reported by StockAnalysis/S&P Global Market Intelligence as 5,114 million USD for FY2025 (period ending Jan '25); stored as 5,114,000,000 USD at source precision. | Market cap reported by StockAnalysis fiscal ratios as 5,114 million USD for FY2025, period ending Jan '25; stored at source precision."
URBN,912615,2026,6354000000,https://stockanalysis.com/stocks/urbn/financials/ratios/,,,,,"Market cap reported by StockAnalysis/S&P Global Market Intelligence as 6,354 million USD for FY2026 (period ending Jan '26); stored as 6,354,000,000 USD at source precision. | Market cap reported by StockAnalysis fiscal ratios as 6,354 million USD for FY2026, period ending Jan '26; stored at source precision."
V,1403161,2023,,,1849000000,https://www.sec.gov/Archives/edgar/data/1403161/000140316124000058/v-20240930.htm,,,"Sum of fiscal-year-end Class A, B-1, B-2, and C common shares. Filing reports component shares in millions; total therefore rounded to nearest million."
V,1403161,2024,,,1868000000,https://www.sec.gov/Archives/edgar/data/1403161/000140316124000058/v-20240930.htm,,,"Sum of fiscal-year-end Class A, B-1, B-2, and C common shares. Filing reports component shares in millions; total therefore rounded to nearest million."
V,1403161,2025,,,1825000000,https://www.sec.gov/Archives/edgar/data/1403161/000140316125000089/v-20250930.htm,,,"Sum of fiscal-year-end Class A, B-1, B-2, and C common shares. Filing reports component shares in millions; total therefore rounded to nearest million."
VRSK,1442145,2025,31176000000,https://stockanalysis.com/stocks/vrsk/financials/ratios/,,,,,"Market cap reported by StockAnalysis/S&P Global Market Intelligence as 31,176 million USD for FY2025 (period ending Dec '25); stored as 31,176,000,000 USD at source precision. | Market cap reported by StockAnalysis fiscal ratios as 31,176 million USD for FY2025, period ending Dec '25; stored at source precision."
VST,1692819,2025,54663000000,https://stockanalysis.com/stocks/vst/financials/ratios/,,,,,"Market cap reported by StockAnalysis/S&P Global Market Intelligence as 54,663 million USD for FY2025 (period ending Dec '25); stored as 54,663,000,000 USD at source precision. | Market cap reported by StockAnalysis fiscal ratios as 54,663 million USD for FY2025, period ending Dec '25; stored at source precision."
VTRS,1792044,2025,14340000000,https://stockanalysis.com/stocks/vtrs/financials/ratios/,,,,,"Market cap reported by StockAnalysis/S&P Global Market Intelligence as 14,340 million USD for FY2025 (period ending Dec '25); stored as 14,340,000,000 USD at source precision. | Market cap reported by StockAnalysis fiscal ratios as 14,340 million USD for FY2025, period ending Dec '25; stored at source precision."
WCG,1279363,2018,14570000000,https://www.marketcaphistory.com/wcg/,,,,,"Direct market-cap observation from MarketCapHistory: $14,570,000,000 on 2018-10-29, 63 days before the 12/31/2018 fiscal year-end. Used as a near-year-end estimate and explicitly flagged. SEC FY2018 10-K confirms WellCare Health Plans, Inc., CIK 1279363, fiscal year ended 12/31/2018: https://www.sec.gov/Archives/edgar/data/1279363/000127936319000008/wcg-2018123110k.htm."
WPX,1518832,2012,2960000000,https://companiesmarketcap.com/wpx-energy/marketcap/,,,,,"Market cap is CompaniesMarketCap end-of-year market capitalization for 2012: $2.96B USD, stored as 2,960,000,000 USD at source precision. Used only where fiscal year ends in December, so calendar year-end aligns with fiscal year-end."
WPX,1518832,2013,4090000000,https://companiesmarketcap.com/wpx-energy/marketcap/,,,,,"Market cap is CompaniesMarketCap end-of-year market capitalization for 2013: $4.09B USD, stored as 4,090,000,000 USD at source precision. Used only where fiscal year ends in December, so calendar year-end aligns with fiscal year-end."
WPX,1518832,2014,2360000000,https://companiesmarketcap.com/wpx-energy/marketcap/,,,,,"Market cap is CompaniesMarketCap end-of-year market capitalization for 2014: $2.36B USD, stored as 2,360,000,000 USD at source precision. Used only where fiscal year ends in December, so calendar year-end aligns with fiscal year-end."
WSM,719955,2025,26020000000,https://stockanalysis.com/stocks/wsm/financials/ratios/,,,,,"Market cap reported by StockAnalysis/S&P Global Market Intelligence as 26,020 million USD for FY2025 (period ending Feb '25); stored as 26,020,000,000 USD at source precision. | Market cap reported by StockAnalysis fiscal ratios as 26,020 million USD for FY2025, period ending Feb '25; stored at source precision."
WSM,719955,2026,24431000000,https://stockanalysis.com/stocks/wsm/financials/ratios/,,,,,"Market cap reported by StockAnalysis/S&P Global Market Intelligence as 24,431 million USD for FY2026 (period ending Feb '26); stored as 24,431,000,000 USD at source precision. | Market cap reported by StockAnalysis fiscal ratios as 24,431 million USD for FY2026, period ending Feb '26; stored at source precision."
X,1163302,2001,1610000000,https://companiesmarketcap.com/us-steel/marketcap/,,,,,Direct CompaniesMarketCap stated end-of-year USD market cap; company fiscal year ends Dec. 31; source value is rounded.
X,1163302,2003,3630000000,https://companiesmarketcap.com/us-steel/marketcap/,,,,,Direct CompaniesMarketCap stated end-of-year USD market cap; company fiscal year ends Dec. 31; source value is rounded.
X,1163302,2004,5840000000,https://companiesmarketcap.com/us-steel/marketcap/,,,,,Direct CompaniesMarketCap stated end-of-year USD market cap; company fiscal year ends Dec. 31; source value is rounded.
X,1163302,2005,5500000000,https://companiesmarketcap.com/us-steel/marketcap/,,,,,Direct CompaniesMarketCap stated end-of-year USD market cap; company fiscal year ends Dec. 31; source value is rounded.
X,1163302,2006,8670000000,https://companiesmarketcap.com/us-steel/marketcap/,,,,,Direct CompaniesMarketCap stated end-of-year USD market cap; company fiscal year ends Dec. 31; source value is rounded.
X,1163302,2007,14240000000,https://companiesmarketcap.com/us-steel/marketcap/,,,,,Direct CompaniesMarketCap stated end-of-year USD market cap; company fiscal year ends Dec. 31; source value is rounded.
X,1163302,2008,4320000000,https://companiesmarketcap.com/us-steel/marketcap/,,,,,Direct CompaniesMarketCap stated end-of-year USD market cap; company fiscal year ends Dec. 31; source value is rounded.
X,1163302,2009,7900000000,https://companiesmarketcap.com/us-steel/marketcap/,,,,,Direct CompaniesMarketCap stated end-of-year USD market cap; company fiscal year ends Dec. 31; source value is rounded.
X,1163302,2010,8390000000,https://companiesmarketcap.com/us-steel/marketcap/,,,,,Direct CompaniesMarketCap stated end-of-year USD market cap; company fiscal year ends Dec. 31; source value is rounded.
X,1163302,2011,3810000000,https://companiesmarketcap.com/us-steel/marketcap/,,,,,Direct CompaniesMarketCap stated end-of-year USD market cap; company fiscal year ends Dec. 31; source value is rounded.
X,1163302,2012,3440000000,https://companiesmarketcap.com/us-steel/marketcap/,,,,,Direct CompaniesMarketCap stated end-of-year USD market cap; company fiscal year ends Dec. 31; source value is rounded.
X,1163302,2013,4260000000,https://companiesmarketcap.com/us-steel/marketcap/,,,,,Direct CompaniesMarketCap stated end-of-year USD market cap; company fiscal year ends Dec. 31; source value is rounded.
X,1163302,2014,3890000000,https://companiesmarketcap.com/us-steel/marketcap/,,,,,Direct CompaniesMarketCap stated end-of-year USD market cap; company fiscal year ends Dec. 31; source value is rounded.
XEC,1168054,2014,9280000000,https://companiesmarketcap.com/cimarex-energy/marketcap/,,,,,"Market cap is CompaniesMarketCap end-of-year market capitalization for 2014: $9.28B USD, stored as 9,280,000,000 USD at source precision. Used only where fiscal year ends in December, so calendar year-end aligns with fiscal year-end."
XEC,1168054,2015,8470000000,https://companiesmarketcap.com/cimarex-energy/marketcap/,,,,,"Market cap is CompaniesMarketCap end-of-year market capitalization for 2015: $8.47B USD, stored as 8,470,000,000 USD at source precision. Used only where fiscal year ends in December, so calendar year-end aligns with fiscal year-end."
XEC,1168054,2016,12900000000,https://companiesmarketcap.com/cimarex-energy/marketcap/,,,,,"Market cap is CompaniesMarketCap end-of-year market capitalization for 2016: $12.90B USD, stored as 12,900,000,000 USD at source precision. Used only where fiscal year ends in December, so calendar year-end aligns with fiscal year-end."
XEC,1168054,2017,11620000000,https://companiesmarketcap.com/cimarex-energy/marketcap/,,,,,"Market cap is CompaniesMarketCap end-of-year market capitalization for 2017: $11.62B USD, stored as 11,620,000,000 USD at source precision. Used only where fiscal year ends in December, so calendar year-end aligns with fiscal year-end."
XEC,1168054,2018,5900000000,https://companiesmarketcap.com/cimarex-energy/marketcap/,,,,,"Market cap is CompaniesMarketCap end-of-year market capitalization for 2018: $5.90B USD, stored as 5,900,000,000 USD at source precision. Used only where fiscal year ends in December, so calendar year-end aligns with fiscal year-end."
XEC,1168054,2019,5360000000,https://companiesmarketcap.com/cimarex-energy/marketcap/,,,,,"Market cap is CompaniesMarketCap end-of-year market capitalization for 2019: $5.36B USD, stored as 5,360,000,000 USD at source precision. Used only where fiscal year ends in December, so calendar year-end aligns with fiscal year-end."
XEC,1168054,2020,3820000000,https://companiesmarketcap.com/cimarex-energy/marketcap/,,,,,"Market cap is CompaniesMarketCap end-of-year market capitalization for 2020: $3.82B USD, stored as 3,820,000,000 USD at source precision. Used only where fiscal year ends in December, so calendar year-end aligns with fiscal year-end."
XRX,1770450,2025,303000000,https://stockanalysis.com/stocks/xrx/financials/ratios/,,,,,"Market cap reported by StockAnalysis/S&P Global Market Intelligence as 303 million USD for FY2025 (period ending Dec '25); stored as 303,000,000 USD at source precision. | Market cap reported by StockAnalysis fiscal ratios as 303 million USD for FY2025, period ending Dec '25; stored at source precision."
