symbol,cik,fiscal_year,value,source_url
FHN,0000036966,2020,4985641808,
FHN,0000036966,2021,7715459326,
SYY,0000096021,2022,41673125643,
KG,0002055116,2024,4647493,
ABX,0001814287,2020,11792371544,
ABX,0001814287,2021,11467065040,
CCB,0001437958,2021,359435130,
CCB,0001437958,2022,625417705,
CCB,0001437958,2023,590845695,
CCB,0001437958,2024,1268156153,
MRSH,0000062709,2010,14790940000,
MRSH,0000062709,2012,18786150000,
MRSH,0000062709,2014,30909600000,
USB,0000036104,2021,84255000000,
USBC,0001074828,2013,14873731,
USBC,0001074828,2014,89692,
USBC,0001074828,2015,6473550,
USBC,0001074828,2016,1743552,
USBC,0001074828,2021,124425579,
USBC,0001074828,2023,20089616,
USBC,0001074828,2024,783709,
SYY,0000096021,2015,22916240474,
SYY,0000096021,2016,28983502388,
KEY,0000091576,2009,3869210250,
AMG,0001004434,2009,3084293250,
SYY,0000096021,2017,27228141490,
SYY,0000096021,2018,35594191452,
SYY,0000096021,2019,35917254451,
KEY,0000091576,2010,6243564707,
KEY,0000091576,2011,8109118735,
KEY,0000091576,2012,7523599178,
KEY,0000091576,2013,8536454129,
TFC,0000092230,2009,17498957500,
TFC,0000092230,2010,18255276490,
TFC,0000092230,2011,17547089310,
TFC,0000092230,2012,20369082080,
TFC,0000092230,2013,26371058400,
TFC,0000092230,2014,28027945220,
MRSH,0000062709,2013,26452920000,
FNMA,0000310522,2012,301100272,
FNMA,0000310522,2013,3485822778,
FNMA,0000310522,2014,2385650465,
FNMA,0000310522,2015,1899255710,
FNMA,0000310522,2016,4516522725,
FNMA,0000310522,2017,3068932053,
FNMA,0000310522,2018,1227572821,
FNMA,0000310522,2019,3613233209,
FNMA,0000310522,2020,2767829285,
FNMA,0000310522,2021,949631805,
FNMA,0000310522,2022,405330648,
FNMA,0000310522,2023,1239153697,
ALL,0000899051,2009,16131480000,
POOL,0000945841,2016,4287301385,
TKR,0000098362,2018,2827650377,
KEY,0000091576,2016,8815645252,
TXN,0000097476,2009,32835600000,
FNMA,0000310522,2009,1313762500,
UNP,0000100885,2020,139788780179,
UNP,0000100885,2021,160943378396,
UNP,0000100885,2024,137791176930,
C,0000831001,2015,142439318958,
C,0000831001,2016,125530956115,
C,0000831001,2017,154688702396,
CVX,0000093410,2019,222212339782,
CVX,0000093410,2020,206331065949,
CVX,0000093410,2021,178228378205,
CVX,0000093410,2022,264945157190,
CVX,0000093410,2023,327890735347,
CVX,0000093410,2024,280521933926,
SWK,0000093556,2010,4145453922,
SWK,0000093556,2011,11427574564,
SWK,0000093556,2016,17497079677,
SWK,0000093556,2017,26138713480,
SWK,0000093556,2018,17979270134,
SWK,0000093556,2019,25466713253,
SWK,0000093556,2021,28703923903,
SWK,0000093556,2022,11492122774,
SWK,0000093556,2023,15070130633,
SWK,0000093556,2024,12439370941,
MS,0000895421,2015,61075200000,
MS,0000895421,2016,78247000000,
MS,0000895421,2017,93816360000,
MS,0000895421,2018,67405000000,
MS,0000895421,2019,81485280000,
MS,0000895421,2020,124039300000,
MS,0000895421,2021,173939520000,
MS,0000895421,2022,142408500000,
MS,0000895421,2023,151717750000,
MS,0000895421,2024,201988503918,
SYY,0000096021,2012,17979441748,
HAS,0000046080,2013,4984979335,
SYY,0000096021,2009,13676031719,
SYY,0000096021,2010,17004168157,
SYY,0000096021,2011,16524405854,
SYY,0000096021,2013,19433115778,
SYY,0000096021,2014,22150414160,
AXP,0000004962,2016,66968320000,
AXP,0000004962,2017,85307290000,
AXP,0000004962,2018,80736040000,
CB,0000896159,2018,59319892370,
AXP,0000004962,2019,100836900000,
AXP,0000004962,2020,97332550000,
AXP,0000004962,2021,124499600000,
AXP,0000004962,2022,109778250000,
AXP,0000004962,2023,135446820000,
AXP,0000004962,2024,208346580000,
AAL,0000006201,2009,1422960000,
AAL,0000006201,2010,3333330000,
AAL,0000006201,2011,3294342058,
AAL,0000006201,2012,3097909187,
AIG,0000005272,2012,52114164305,
AIG,0000005272,2013,74740432639,
AIG,0000005272,2014,77065669646,
AIG,0000005272,2015,73987012755,
AIG,0000005272,2016,65005383776,
AIG,0000005272,2017,53565080664,
AAL,0000006201,2013,13301839430,
AAL,0000006201,2014,37405559312,
AIG,0000005272,2018,34153077597,
AIG,0000005272,2019,44657100000,
FMCC,0001026214,2010,194753937,
FMCC,0001026214,2011,136442313,
FMCC,0001026214,2012,169008742,
FMCC,0001026214,2013,1885114646,
FMCC,0001026214,2014,1339090432,
FMCC,0001026214,2015,1053074458,
FMCC,0001026214,2016,2431175137,
FMCC,0001026214,2017,1638137922,
FMCC,0001026214,2018,689062302,
FMCC,0001026214,2019,1950177099,
FMCC,0001026214,2020,1514638150,
FMCC,0001026214,2021,539549429,
FMCC,0001026214,2022,227520844,
FMCC,0001026214,2009,4783138920,
FMCC,0001026214,2023,552550620,
SLM,0001032033,2009,5308200238,
SLM,0001032033,2010,6633608194,
SLM,0001032033,2011,6820550016,
SLM,0001032033,2012,7759851767,
SLM,0001032033,2013,11274092201,
WRB,0000011544,2022,28797165716,
FMCC,0001026214,2024,2125694738,
SLM,0001032033,2014,4310370000,
SLM,0001032033,2015,2777520000,
SLM,0001032033,2016,4727580000,
SLM,0001032033,2017,4881600000,
SLM,0001032033,2018,3623160000,
SLM,0001032033,2019,3751110000,
SLM,0001032033,2020,4614957908,
SLM,0001032033,2021,5047759670,
SLM,0001032033,2022,5124066685,
WRB,0000011544,2024,22241466416,
JPM,0000019617,2019,429909600000,
JPM,0000019617,2020,387487258000,
JPM,0000019617,2021,466198235000,
JPM,0000019617,2022,393476220000,
JPM,0000019617,2023,489309660000,
CPWR,0000827099,2017,39245519,
JPM,0000019617,2024,670612696000,
CINF,0000020286,2009,4266493876,
TROW,0001113169,2011,14423840400,
TROW,0001113169,2013,21953855210,
TROW,0001113169,2014,22418904600,
TROW,0001113169,2015,17906028810,
COF,0000927628,2018,35354751161,
CPWR,0000827099,2018,8504427,
CPWR,0000827099,2022,1751519,
CPWR,0000827099,2023,1843705,
CPWR,0000827099,2024,19001,
EP,0000887396,2014,763061,
EP,0000887396,2015,783955,
EP,0000887396,2016,1376276,
EP,0000887396,2017,1391023,
USB,0000036104,2019,88935000000,
USB,0000036104,2020,69885000000,
USB,0000036104,2016,87329000000,
USB,0000036104,2017,91086000000,
BNY,0001390777,2016,49629995701,
CCB,0001437958,2018,181133482,
ABT,0000001800,2010,82196901970,
ABT,0000001800,2011,69888897529,
ABT,0000001800,2012,85143222228,
ABT,0000001800,2013,53214537743,
ABT,0000001800,2014,56568957198,
ABT,0000001800,2015,67541847581,
ABT,0000001800,2016,55762204439,
CCB,0001437958,2019,189372196,
CCB,0001437958,2020,185367538,
SYF,0001601712,2014,16215000000,
STI,0001881551,2024,1835867,
SEDG,0001419612,2019,4649716716,
EP,0000887396,2018,3122210,
USB,0000036104,2022,65415000000,
USB,0000036104,2023,69248000000,
USB,0000036104,2024,76528000000,
SEDG,0001419612,2020,16454125896,
EP,0000887396,2019,3462437,
EP,0000887396,2020,2426997,
EP,0000887396,2021,59879076,
TFC,0000092230,2021,77743743900,
TFC,0000092230,2022,57093451870,
TFC,0000092230,2023,49241791560,
FNMA,0000310522,2010,335551258,
FNMA,0000310522,2011,231553480,
FNMA,0000310522,2024,3798527220,
IRM,0001020569,2010,5003601730,
A,0001090872,2009,10088202862,
AES,0000874761,2009,8886819642,
AIV,0000922864,2009,1854388599,
AMD,0000002488,2009,6649610000,
AMP,0000820027,2009,9402204000,
AMT,0001053507,2009,17353005679,
AMZN,0001018724,2009,59726880000,
AON,0000315293,2009,11298976000,
APH,0000820313,2009,7998834475,
AZO,0000866787,2009,7541408450,
BBT,0001108134,2009,272748520,
BBY,0000764478,2009,11922372880,
BEN,0000038777,2009,23070006175,
BIIB,0000875045,2009,14704742,
CCL,0000815097,2009,25207610000,
CF,0001324404,2009,4409183238,
CHRW,0001043277,2009,9813665540,
CIEN,0000936395,2009,1079609963,
CMS,0000811156,2009,3568914000,
CNX,0001070412,2009,9018096097,
COF,0000927628,2009,16409520000,
CRM,0001108524,2009,3269040150,
DGX,0001022079,2009,10803027902,
DHI,0000882184,2009,3622456909,
DHR,0000313616,2009,48539400742,
DVA,0000927066,2009,6053902881,
EA,0000712515,2009,5875370000,
EBAY,0001065088,2009,30537214623,
EL,0001001250,2009,6413121000,
EOG,0000821189,2009,24569125700,
EQR,0000906107,2009,9457016641,
EQT,0000033213,2009,5745603215,
EXPD,0000746515,2009,7372126426,
FHN,0000036966,2009,3141375400,
FIS,0001136893,2009,5541216000,
FITB,0000035527,2009,7751914599,
FLR,0001124198,2009,8054260750,
FLS,0000030625,2009,5278555200,
FMC,0000037785,2009,4043652923,
FSLR,0001274494,2009,11400857026,
GILD,0000882095,2009,38932312310,
GNW,0001276520,2009,5550150000,
GS,0000886982,2009,86971829188,
HRB,0000012659,2009,5038395180,
HRL,0000048465,2009,9747564740,
HST,0001070750,2009,7542321000,
EME,0000105634,2016,4241848588,
EME,0000105634,2017,4806771489,
EME,0000105634,2018,3341670813,
EME,0000105634,2019,4851771415,
INTU,0000896878,2009,9586150200,
IRM,0001020569,2009,4632719752,
ISRG,0001035267,2009,11682039600,
IVZ,0000914208,2009,10133586000,
JEF,0000096223,2009,5787821641,
KIM,0000879101,2009,5486855618,
KSS,0000885639,2009,11233260000,
MA,0001141391,2009,33277400000,
MCHP,0000827054,2009,3881118020,
MCK,0000927653,2009,9636000000,
ADCT,0001771910,2024,196734190,
FHN,0000036966,2013,2753710500,
MDLZ,0001103982,2009,40172040000,
MET,0001099219,2009,28945739482,
FHN,0000036966,2014,3180707600,
FHN,0000036966,2015,3464283240,
MTB,0000036270,2009,7669607400,
NBR,0001163739,2009,6202006140,
NDAQ,0001120193,2009,4189681035,
NI,0001111711,2009,4254677271,
NTRS,0000073124,2009,12664028961,
NVDA,0001045810,2009,4152609427,
NWL,0000814453,2009,4214808000,
NYT,0000071691,2009,1753326080,
OMC,0000029989,2009,12073860000,
ORLY,0000898173,2009,5240213828,
PAYX,0000723531,2009,9869083840,
PFG,0001126328,2009,7668760000,
PLD,0001045609,2009,4598131300,
PM,0001413329,2009,90942457400,
PSA,0001393311,2009,13716631152,
PWR,0001050915,2009,4363443939,
QCOM,0000804328,2009,74604300000,
R,0000085961,2009,2199289914,
RF,0001281761,2009,5231810000,
RHI,0000315213,2009,3973289805,
ROP,0000882835,2009,4902774660,
RRC,0000315852,2009,7882229009,
RSG,0001060391,2009,10749307000,
SBUX,0000829224,2009,14731707000,
SCHW,0000316709,2009,21755920000,
SPG,0001063761,2009,21310997456,
STT,0000093751,2009,20490011080,
SYK,0000310764,2009,20042223000,
TER,0000097210,2009,1876762840,
TPR,0001116132,2009,8563914129,
TSN,0000100493,2009,4583040000,
UPS,0001090727,2009,57255260000,
VFC,0000103379,2009,6247041893,
VMC,0001396009,2009,6261988970,
VNO,0000899689,2009,12674114796,
VTR,0000740260,2009,6673235165,
WAT,0001000697,2009,5831551280,
WELL,0000766704,2009,5468437249,
WM,0000823768,2009,16435041000,
WU,0001365135,2009,12940525000,
WYNN,0001174922,2009,7179377943,
XRAY,0000818479,2009,5168618370,
YUM,0001041061,2009,16663954519,
ZION,0000109380,2009,1929953648,
A,0001090872,2010,12173112989,
AES,0000874761,2010,9593056183,
AFL,0000004977,2010,26502970230,
AIV,0000922864,2010,3039852839,
L,0000060086,2017,15690439613,
NXPI,0001413447,2018,23873231680,
AKAM,0001086222,2010,8779689029,
AMD,0000002488,2010,5491320000,
AMP,0000820027,2010,9775529093,
AMT,0001053507,2010,20587692364,
AMZN,0001018724,2010,81180000000,
ANF,0001018840,2010,2771545960,
AON,0000315293,2010,11506074000,
APH,0000820313,2010,9265565049,
AZO,0000866787,2010,9682217550,
BBY,0000764478,2010,15286747500,
BEN,0000038777,2010,23946397950,
BIIB,0000875045,2010,16128072900,
BKNG,0001075531,2010,19160420250,
CAH,0000721371,2010,11051099925,
CBRE,0001138118,2010,6627223941,
CCL,0000815097,2010,21211457628,
CF,0001324404,2010,9631760053,
CHRW,0001043277,2010,13315389120,
BAC,0000070858,2018,238251216157,
BAC,0000070858,2019,311209166160,
BAC,0000070858,2020,262206175523,
CINF,0000020286,2010,5158434820,
CMS,0000811156,2010,4642560000,
CNX,0001070412,2010,11023151409,
COF,0000927628,2010,16782127478,
CRM,0001108524,2010,8080538134,
CTAS,0000723254,2010,3974616048,
DGX,0001022079,2010,9481665480,
DHI,0000882184,2010,3545314362,
DHR,0000313616,2010,30960454048,
DVA,0000927066,2010,6671146667,
EA,0000712515,2010,6157800000,
EL,0001001250,2010,22035642000,
EOG,0000821189,2010,23225178570,
EQR,0000906107,2010,15075746722,
ALB,0000915913,2009,3328182330,
EXPD,0000746515,2010,11577808460,
EXPE,0001324424,2010,3543535970,
FHN,0000036966,2010,9170730,
FIS,0001136893,2010,8833193820,
FITB,0000035527,2010,11689280623,
FLR,0001124198,2010,11689930969,
FLS,0000030625,2010,5492764905,
FMC,0000037785,2010,5711003105,
FSLR,0001274494,2010,11171674522,
GHC,0000104889,2010,4102346654,
GILD,0000882095,2010,29064407520,
GNW,0001276520,2010,6438600000,
GS,0000886982,2010,85346374620,
HIG,0000874766,2010,9007814216,
HP,0000046765,2010,4281443254,
HRB,0000012659,2010,5198761413,
WFC,0000072971,2018,292421346245,
WFC,0000072971,2019,223922541734,
ALK,0000766421,2009,1237766400,
CI,0001739940,2016,0,
ALK,0000766421,2010,4061498360,
USBC,0001074828,2017,931097,
HRL,0000048465,2010,12248333440,
AMAT,0000006951,2013,21310800000,
INTU,0000896878,2010,12475974750,
ISRG,0001035267,2010,10026478890,
IVZ,0000914208,2010,11070006000,
JBL,0000898293,2010,2157594137,
JEF,0000096223,2010,7114311002,
KIM,0000879101,2010,7331880193,
KSS,0000885639,2010,16309570911,
LDOS,0001336920,2010,7112046402,
LEN,0000920760,2010,2868729604,
MA,0001141391,2010,25291113118,
MCHP,0000827054,2010,5218868695,
MCK,0000927653,2010,17588891151,
MDLZ,0001103982,2010,40919407309,
MET,0001099219,2010,43810584873,
MTB,0000036270,2010,8592464146,
AMAT,0000006951,2014,25628790000,
AMAT,0000006951,2015,19070400000,
USBC,0001074828,2018,68548173,
MUR,0000717423,2010,14375915834,
NBR,0001163739,2010,6239964493,
NDAQ,0001120193,2010,4171323068,
NFLX,0001065280,2010,9273788439,
NI,0001111711,2010,4913445007,
NRG,0001013871,2010,4830235926,
NTAP,0001002047,2010,11773932000,
JEF,0000096223,2019,6095369039,
NTRS,0000073124,2010,13424119915,
JEF,0000096223,2020,5676829420,
NVDA,0001045810,2010,8642082379,
NWL,0000814453,2010,5134032000,
OKE,0001039684,2010,5925063457,
OMC,0000029989,2010,13075900000,
ORLY,0000898173,2010,8520763368,
JEF,0000096223,2021,9152276212,
JEF,0000096223,2024,8324871455,
PAYX,0000723531,2010,10317210000,
PFG,0001126328,2010,10432224000,
PLD,0001045609,2010,8069624220,
PM,0001413329,2010,105458387670,
PNW,0000764622,2010,4417450850,
PSA,0001393311,2010,17165620903,
PWR,0001050915,2010,4205870773,
QCOM,0000804328,2010,71814600000,
RHI,0000315213,2010,4473186458,
RL,0001037038,2010,8557817000,
ROST,0000745732,2010,5646128970,
RRC,0000315852,2010,7192709159,
RSG,0001060391,2010,10294177277,
SBUX,0000829224,2010,19263044000,
SCHW,0000316709,2010,21805636017,
SRE,0001032208,2010,12618680392,
STT,0000093751,2010,21241930376,
TTD,0001671933,2017,1841181260,
SYK,0000310764,2010,20997,
TER,0000097210,2010,2555771400,
TMO,0000097745,2010,19244686458,
TPR,0001116132,2010,10618941425,
TSN,0000100493,2010,6162540000,
UPS,0001090727,2010,41057784595,
VIAV,0000912093,2010,2141472364,
VMC,0001396009,2010,5748200913,
VNO,0000899689,2010,15304555206,
VRSN,0001014473,2010,5643285120,
VTR,0000740260,2010,6821485474,
WELL,0000766704,2010,7007719231,
WM,0000823768,2010,17513250000,
WU,0001365135,2010,12144780000,
WYNN,0001174922,2010,12938412911,
XRAY,0000818479,2010,4843084950,
YUM,0001041061,2010,15561202056,
ZION,0000109380,2010,4428858404,
A,0001090872,2011,13166078174,
ACN,0001467373,2011,34599374400,
AES,0000874761,2011,9059805981,
TXN,0000097476,2010,38091672905,
TXN,0000097476,2011,33505610000,
TXN,0000097476,2012,37074177559,
AFL,0000004977,2011,20172570600,
AIV,0000922864,2011,2770162396,
AKAM,0001086222,2011,5729849263,
AMD,0000002488,2011,3769200000,
AMP,0000820027,2011,15865350262,
AMT,0001053507,2011,23622461161,
AMZN,0001018724,2011,78760500000,
AN,0000350698,2011,5006946000,
AON,0000315293,2011,17503280000,
APH,0000820313,2011,7404063846,
AZO,0000866787,2011,12084841700,
BBT,0001108134,2011,469268262,
BBY,0000764478,2011,12708138300,
BEN,0000038777,2011,20820200123,
BIIB,0000875045,2011,26644755750,
BWA,0000908255,2011,6916717364,
CAH,0000721371,2011,14083728516,
CBRE,0001138118,2011,4991736214,
CCL,0000815097,2011,28088307749,
CF,0001324404,2011,9484590005,
CHRW,0001043277,2011,11404912980,
CINF,0000020286,2011,5970160000,
CMS,0000811156,2011,5610528000,
CNX,0001070412,2011,8332953898,
CRM,0001108524,2011,17165436924,
CTAS,0000723254,2011,4519630589,
DGX,0001022079,2011,9747805860,
DHI,0000882184,2011,2857029615,
DHR,0000313616,2011,32349435802,
DVA,0000927066,2011,7098951729,
EA,0000712515,2011,6503490000,
EFX,0000033185,2011,4633304000,
EL,0001001250,2011,41444860000,
EOG,0000821189,2011,26501061690,
EQR,0000906107,2011,16966891791,
ES,0000072741,2011,6399184724,
EXPD,0000746515,2011,8683669996,
EXPE,0001324424,2011,3943469760,
FIS,0001136893,2011,9206583324,
FITB,0000035527,2011,11699912426,
TKR,0000098362,2021,5728274210,
TKR,0000098362,2022,5005363345,
TKR,0000098362,2023,5961618560,
FLR,0001124198,2011,8491204750,
FLS,0000030625,2011,7263216904,
FMC,0000037785,2011,6008795248,
FSLR,0001274494,2011,2919155392,
GHC,0000104889,2011,2948915600,
PNC,0000713676,2020,65530888934,
PNC,0000713676,2021,66545776014,
PNC,0000713676,2022,88021966970,
PNC,0000713676,2023,66103432277,
PNC,0000713676,2024,58927315631,
GILD,0000882095,2011,61649257160,
GNW,0001276520,2011,3216050000,
GS,0000886982,2011,43900831903,
HBAN,0000049196,2011,4745589774,
HP,0000046765,2011,4347704754,
HRB,0000012659,2011,4947215065,
HRL,0000048465,2011,7978500300,
INTU,0000896878,2011,14037879900,
IRM,0001020569,2011,5301940995,
ISRG,0001035267,2011,18196308720,
IVZ,0000914208,2011,8960140000,
JBL,0000898293,2011,3427568076,
JEF,0000096223,2011,5561804434,
KIM,0000879101,2011,6608670359,
KMX,0001170010,2011,7989576961,
KSS,0000885639,2011,16173371737,
LDOS,0001336920,2011,5998342896,
LEG,0000058492,2011,3370168078,
MA,0001141391,2011,476836780000,
MAT,0000063276,2011,9013423005,
MCHP,0000827054,2011,7204480283,
MCK,0000927653,2011,20928484271,
MDLZ,0001103982,2011,53464705971,
MPC,0001510295,2011,11884530000,
MTB,0000036270,2011,10394349356,
MUR,0000717423,2011,10798128243,
NBR,0001163739,2011,7911927914,
NDAQ,0001120193,2011,4253782535,
NFLX,0001065280,2011,3838736229,
NI,0001111711,2011,6710934089,
NRG,0001013871,2011,4122653721,
NTAP,0001002047,2011,18188225781,
NTRS,0000073124,2011,9558397467,
NVDA,0001045810,2011,13984083456,
NWL,0000814453,2011,5594050000,
OKE,0001039684,2011,17902350555,
OMC,0000029989,2011,12188172000,
ORLY,0000898173,2011,10168024370,
PAYX,0000723531,2011,11695830000,
PFG,0001126328,2011,7407060000,
PGR,0000080661,2011,13075293192,
PLD,0001045609,2011,19467598000,
PM,0001413329,2011,102867808319,
RJF,0000720005,2016,8239313063,
PNW,0000764622,2011,4537239785,
PSA,0001393311,2011,22890309720,
PWR,0001050915,2011,4441612728,
QCOM,0000804328,2011,84537490000,
RHI,0000315213,2011,4043754269,
RL,0001037038,2011,12156480000,
ROST,0000745732,2011,15456807960,
RSG,0001060391,2011,11679285340,
SBUX,0000829224,2011,27773592000,
SCHW,0000316709,2011,21719819920,
SJM,0000091419,2011,8570901199,
SRE,0001032208,2011,13196407455,
STT,0000093751,2011,23462298953,
SYK,0000310764,2011,18940,
TER,0000097210,2011,2502290810,
AXP,0000004962,2011,54905880000,
AXP,0000004962,2012,63515400000,
AXP,0000004962,2013,96536720000,
AXP,0000004962,2014,95179920000,
AXP,0000004962,2015,67393950000,
TMO,0000097745,2011,21858368615,
TPR,0001116132,2011,19039073769,
TRIP,0001526520,2011,3041884180,
TSN,0000100493,2011,6596800000,
UPS,0001090727,2011,71799390000,
URBN,0000912615,2011,5560462101,
VIAV,0000912093,2011,3878292859,
VLO,0001035002,2011,16249795732,
VMC,0001396009,2011,6030850339,
VNO,0000899689,2011,14225238435,
VRSN,0001014473,2011,5694553840,
VTR,0000740260,2011,12594603886,
WEC,0000783325,2011,8057818668,
WELL,0000766704,2011,10484769273,
WM,0000823768,2011,15062955000,
WU,0001365135,2011,11310244000,
WYNN,0001174922,2011,13820199469,
XRAY,0000818479,2011,4955703680,
XYL,0001524472,2011,4743427290,
YUM,0001041061,2011,23138610179,
ZBH,0001136869,2011,11537137655,
ZION,0000109380,2011,2997724117,
CFG,0000759944,2014,13570689142,
CFG,0000759944,2015,13822412269,
JPM,0000019617,2013,219656728000,
A,0001090872,2012,13322400399,
ACN,0001467373,2012,39616968222,
AES,0000874761,2012,7963623248,
AFL,0000004977,2012,24848792320,
UAL,0000100517,2009,2163853104,
UAL,0000100517,2010,7811115498,
UAL,0000100517,2011,6244199843,
AIV,0000922864,2012,3938972605,
AKAM,0001086222,2012,7273094921,
AMD,0000002488,2012,5182759219,
AMP,0000820027,2012,11882678384,
AMT,0001053507,2012,30528698029,
AMZN,0001018724,2012,113894980000,
GDDY,0001609711,2016,5840564400,
GDDY,0001609711,2017,8446989720,
GDDY,0001609711,2018,11470572860,
GDDY,0001609711,2023,15743103360,
MDT,0001613103,2014,58151739066,
MDT,0001613103,2015,110334101668,
AN,0000350698,2012,4799730000,
AON,0000315293,2012,16013184000,
APH,0000820313,2012,10342795649,
AZO,0000866787,2012,13518182240,
BBT,0001108134,2012,600043735,
BEN,0000038777,2012,79622922756,
BIIB,0000875045,2012,34628507340,
MDT,0001613103,2017,113785508128,
MDT,0001613103,2022,138876380702,
MDT,0001613103,2023,121037081824,
MDT,0001613103,2024,104566054722,
BKNG,0001075531,2012,29008832510,
AM,0001623925,2017,3671390720,
AM,0001623925,2018,0,
BWA,0000908255,2012,16554640062,
CAH,0000721371,2012,13578548188,
CBRE,0001138118,2012,6568635521,
CCL,0000815097,2012,18778830682,
CF,0001324404,2012,63945308870,
CHRW,0001043277,2012,10199092940,
CINF,0000020286,2012,7714520000,
CMS,0000811156,2012,6438758000,
CNX,0001070412,2012,7321840255,
COF,0000927628,2012,33727259215,
CRM,0001108524,2012,16005867989,
CTAS,0000723254,2012,4668579070,
DGX,0001022079,2012,9196209998,
JCI,0000833444,2015,15650424226,
JCI,0000833444,2014,18123748656,
MBI,0000814585,2013,1971867865,
MBI,0000814585,2014,2412858921,
MBI,0000814585,2015,1678396865,
MBI,0000814585,2016,913859693,
MBI,0000814585,2017,1460907836,
MBI,0000814585,2023,721120989,
DHI,0000882184,2012,6620001465,
DHR,0000313616,2012,38431202703,
DLTR,0000935703,2012,19565746352,
DVA,0000927066,2012,23321514990,
EA,0000712515,2012,5276800000,
EBAY,0001065088,2012,65993857142,
EFX,0000033185,2012,6516048000,
EL,0001001250,2012,21036444000,
EOG,0000821189,2012,32810429280,
EQR,0000906107,2012,18420847242,
EQT,0000033213,2012,7552261447,
ES,0000072741,2012,11552060000,
EXPD,0000746515,2012,8162804114,
EXPE,0001324424,2012,8245432320,
FHN,0000036966,2012,2414056180,
FIS,0001136893,2012,8268899145,
FITB,0000035527,2012,13408711266,
FLR,0001124198,2012,9537020878,
FLS,0000030625,2012,6424698277,
FMC,0000037785,2012,8056477927,
FOSL,0000883569,2012,7339267012,
FSLR,0001274494,2012,2689304668,
GHC,0000104889,2012,2687945663,
GILD,0000882095,2012,111582522350,
GNW,0001276520,2012,3694920000,
GRMN,0001121788,2012,7823674160,
GS,0000886982,2012,59334328246,
HBAN,0000049196,2012,5385573211,
HP,0000046765,2012,5032267164,
HRB,0000012659,2012,4190219627,
HRL,0000048465,2012,7730092440,
HST,0001070750,2012,11354482000,
ICE,0001571949,2012,9038130000,
INTU,0000896878,2012,17132667780,
IRM,0001020569,2012,5899688420,
ISRG,0001035267,2012,19712890080,
IVZ,0000914208,2012,11516126000,
JBL,0000898293,2012,4693330984,
JEF,0000096223,2012,5818616207,
KIM,0000879101,2012,7878350211,
KMX,0001170010,2012,6970271860,
KSS,0000885639,2012,11729608740,
LDOS,0001336920,2012,4385261876,
LYB,0001489393,2012,32839121917,
MA,0001141391,2012,615573840000,
MAT,0000063276,2012,11047949513,
MCHP,0000827054,2012,7185199790,
MCK,0000927653,2012,21131605567,
C,0000831001,2009,3829008000,
C,0000831001,2010,94543261809,
C,0000831001,2011,140050041599,
TAP,0000024545,2023,13221360000,
TAP,0000024545,2024,11968416000,
GLW,0000024741,2009,29930500000,
GLW,0000024741,2011,34774354336,
GLW,0000024741,2012,19540141116,
MDLZ,0001103982,2012,67723401304,
MPC,0001510295,2012,15190737612,
MTB,0000036270,2012,10079622255,
C,0000831001,2012,89968500818,
C,0000831001,2013,128114060468,
C,0000831001,2014,144019246054,
GLW,0000024741,2022,35559512896,
GLW,0000024741,2023,29299560035,
GLW,0000024741,2024,27729380559,
MUR,0000717423,2012,11352696947,
NBR,0001163739,2012,6287438029,
AWK,0001410636,2015,9672582564,
UNP,0000100885,2012,59021174122,
UNP,0000100885,2013,153216335328,
UNP,0000100885,2014,105235448286,
UNP,0000100885,2015,66408334295,
UNP,0000100885,2016,84584675140,
UNP,0000100885,2017,104721071080,
UNP,0000100885,2018,100224586259,
UNP,0000100885,2019,125124876694,
NDAQ,0001120193,2012,4138489892,
NFLX,0001065280,2012,5146760205,
C,0000831001,2018,201698759903,
C,0000831001,2019,151579218282,
C,0000831001,2020,156743682267,
C,0000831001,2021,121043568036,
C,0000831001,2022,128995857199,
C,0000831001,2023,101500663408,
C,0000831001,2024,107361472201,
NI,0001111711,2012,7722921808,
NRG,0001013871,2012,7416732585,
HIG,0000874766,2011,13697811728,
HIG,0000874766,2012,9531141334,
NTAP,0001002047,2012,10881543833,
NTRS,0000073124,2012,11983975798,
NVDA,0001045810,2012,9128998336,
NWL,0000814453,2012,5326748000,
OMC,0000029989,2012,13089520000,
ORLY,0000898173,2012,10101131909,
PAYX,0000723531,2012,10867122000,
PGR,0000080661,2012,12401358857,
PLD,0001045609,2012,16849987300,
PM,0001413329,2012,128744466865,
PNW,0000764622,2012,5181932018,
PSA,0001393311,2012,24844445939,
PSX,0001534701,2012,33391138500,
PWR,0001050915,2012,5710994292,
QCOM,0000804328,2012,106573820000,
RL,0001037038,2012,16160391000,
ROST,0000745732,2012,11590481760,
TGT,0000027419,2013,39459753966,
TGT,0000027419,2014,35849197114,
TGT,0000027419,2015,47126151583,
TGT,0000027419,2016,43613244361,
TGT,0000027419,2017,35427151724,
TGT,0000027419,2018,39515677826,
TGT,0000027419,2019,36849093072,
TGT,0000027419,2020,55834993052,
RRC,0000315852,2012,10210760777,
RSG,0001060391,2012,10713644906,
SBUX,0000829224,2012,37997003000,
SCHW,0000316709,2012,14811137317,
SJM,0000091419,2012,8781971855,
SRE,0001032208,2012,17193645226,
STT,0000093751,2012,19113930676,
SYK,0000310764,2012,20832,
TEL,0001385157,2012,14405501298,
TER,0000097210,2012,3173766120,
TMO,0000097745,2012,20593899707,
TPR,0001116132,2012,16673700640,
TRIP,0001526520,2012,5452120985,
TROW,0001113169,2012,16737012160,
TSN,0000100493,2012,5927400000,
UPS,0001090727,2012,70780800000,
URBN,0000912615,2012,3832774686,
VLO,0001035002,2012,13316114692,
VMC,0001396009,2012,6162489522,
VNO,0000899689,2012,14953708724,
VRSN,0001014473,2012,5954677440,
WEC,0000783325,2012,8440103954,
WELL,0000766704,2012,15958307383,
WM,0000823768,2012,15662108000,
WU,0001365135,2012,7786281000,
WYNN,0001174922,2012,11346496433,
XRAY,0000818479,2012,5637374420,
XYL,0001524472,2012,5031331800,
YUM,0001041061,2012,29457311621,
ZBH,0001136869,2012,10836982398,
ZION,0000109380,2012,3941862837,
A,0001090872,2013,17774968736,
ACN,0001467373,2013,46640047889,
SWK,0000093556,2013,12595372422,
SWK,0000093556,2015,14648788827,
AES,0000874761,2013,10483596042,
AFL,0000004977,2013,30688788400,
AKAM,0001086222,2013,8425437237,
ALLE,0001579241,2013,4242240000,
AMP,0000820027,2013,13494267948,
AMT,0001053507,2013,31518070342,
DG,0000029534,2011,9698798800,
DG,0000029534,2012,14179452660,
AMZN,0001018724,2013,183044610000,
AN,0000350698,2013,6007521000,
AON,0000315293,2013,19009650000,
APH,0000820313,2013,28217643206,
AVB,0000915912,2013,15300935850,
AZO,0000866787,2013,14401002420,
BBT,0001108134,2013,682736329,
BEN,0000038777,2013,31892881243,
BKNG,0001075531,2013,34321148563,
RTX,0000101829,2010,71469900166,
RTX,0000101829,2016,73346654704,
RTX,0000101829,2017,88378792396,
RTX,0000101829,2018,110377444561,
RTX,0000101829,2019,101746688562,
RTX,0000101829,2020,129969466143,
RTX,0000101829,2021,101394775882,
RTX,0000101829,2022,134593331718,
RTX,0000101829,2023,146275715212,
RTX,0000101829,2024,154153245556,
VFC,0000103379,2011,14039646141,
VFC,0000103379,2012,65369054831,
BWA,0000908255,2013,12743713215,
CAH,0000721371,2013,17506025068,
CBRE,0001138118,2013,8729684466,
CCL,0000815097,2013,22762475606,
CF,0001324404,2013,65074315649,
CHRW,0001043277,2013,8763994950,
CINF,0000020286,2013,10384971000,
CMS,0000811156,2013,7123497000,
CNX,0001070412,2013,8716703797,
COF,0000927628,2013,43872660479,
CRM,0001108524,2013,100803975510,
CTAS,0000723254,2013,5582150795,
DAL,0000027904,2013,11828598879,
DG,0000029534,2013,15136753320,
DGX,0001022079,2013,9168678163,
DHI,0000882184,2013,6274794498,
DHR,0000313616,2013,53893342118,
DLTR,0000935703,2013,9010325847,
DVA,0000927066,2013,13508155026,
DVN,0001090012,2013,23588600000,
EA,0000712515,2013,5345400000,
EBAY,0001065088,2013,71001674410,
EFX,0000033185,2013,8422071000,
EL,0001001250,2013,25492452000,
EOG,0000821189,2013,35106931627,
EQR,0000906107,2013,18698059216,
EQT,0000033213,2013,8932135263,
ES,0000072741,2013,13364446166,
EXPD,0000746515,2013,8962979985,
EXPE,0001324424,2013,9397969920,
FIS,0001136893,2013,10928498109,
FLR,0001124198,2013,12949798907,
FLS,0000030625,2013,7655886638,
FMC,0000037785,2013,10027560085,
FOSL,0000883569,2013,6571524960,
FSLR,0001274494,2013,5437059256,
GHC,0000104889,2013,4801110363,
GILD,0000882095,2013,115203400000,
GM,0001467858,2013,61305000000,
GNW,0001276520,2013,7687350000,
GRMN,0001121788,2013,9107650,
GS,0000886982,2013,79121598467,
HBAN,0000049196,2013,8018797071,
HIG,0000874766,2013,10347379947,
HP,0000046765,2013,7358135082,
HRB,0000012659,2013,7981957304,
HRL,0000048465,2013,11529507540,
HST,0001070750,2013,14673312000,
ICE,0001571949,2013,25865800000,
INTU,0000896878,2013,19144231760,
IRM,0001020569,2013,5809805452,
ISRG,0001035267,2013,14671871280,
IVZ,0000914208,2013,15764840000,
JBL,0000898293,2013,4636222333,
JEF,0000096223,2013,10331091673,
KIM,0000879101,2013,8092188396,
KMI,0001506307,2013,37116000000,
KMX,0001170010,2013,8677053608,
KSS,0000885639,2013,10838553586,
LDOS,0001336920,2013,1040598495,
LEG,0000058492,2013,4251692893,
LYB,0001489393,2013,44059601799,
MA,0001141391,2013,1011742060000,
MAC,0000912242,2013,8287806592,
MAT,0000063276,2013,14073326556,
MCHP,0000827054,2013,7224306915,
MS,0000895421,2009,40273618334,
MS,0000895421,2010,41141520000,
EFX,0000033185,2009,3898318000,
MCK,0000927653,2013,23979985755,
MDLZ,0001103982,2013,49418610709,
MHK,0000851968,2013,7175287472,
MOS,0001285785,2013,25891074000,
MPC,0001510295,2013,27363184931,
MTB,0000036270,2013,13471319480,
MUR,0000717423,2013,11899414563,
NBR,0001163739,2013,4531443988,
NDAQ,0001120193,2013,6740428879,
NI,0001111711,2013,10313624117,
NRG,0001013871,2013,9298940117,
NTAP,0001002047,2013,13473042978,
NTRS,0000073124,2013,14687860746,
NVDA,0001045810,2013,7655177135,
MS,0000895421,2011,29155510000,
MS,0000895421,2012,37185890519,
MS,0000895421,2013,60991084031,
NWL,0000814453,2013,6724672000,
OMC,0000029989,2013,19157712000,
ORLY,0000898173,2013,13635560252,
PAYX,0000723531,2013,13603842000,
PGR,0000080661,2013,13582154188,
PLD,0001045609,2013,18430623050,
PM,0001413329,2013,145269072245,
PNR,0000077360,2013,15328645313,
PNW,0000764622,2013,5964162287,
PSA,0001393311,2013,25855767321,
PSX,0001534701,2013,37644837138,
PWR,0001050915,2013,6720473727,
QCOM,0000804328,2013,113535300000,
REGN,0000872589,2013,26950675080,
RF,0001281761,2013,10996197556,
RIG,0001451505,2013,17828961822,
RL,0001037038,2013,15458003000,
ROST,0000745732,2013,13117449030,
MS,0000895421,2014,75698800000,
RRC,0000315852,2013,13771439393,
RSG,0001060391,2013,11284018298,
SBUX,0000829224,2013,58244956000,
SCHW,0000316709,2013,21125106944,
SJM,0000091419,2013,10992646300,
SRE,0001032208,2013,21942848712,
STT,0000093751,2013,25425428874,
STX,0001137789,2013,16113562324,
SYK,0000310764,2013,28403,
TDC,0000816761,2013,11052228000,
TEL,0001385157,2013,21261484556,
TMO,0000097745,2013,26743200043,
TPR,0001116132,2013,16093785180,
TRIP,0001526520,2013,10719617482,
TSN,0000100493,2013,10496200000,
UPS,0001090727,2013,98775200000,
URBN,0000912615,2013,6249474828,
VFC,0000103379,2013,27114296645,
VLO,0001035002,2013,24179786045,
VMC,0001396009,2013,7126077573,
VNO,0000899689,2013,16628997411,
VRSN,0001014473,2013,7994020720,
VRTX,0000875320,2013,17370511704,
WEC,0000783325,2013,9341308725,
WELL,0000766704,2013,15511924784,
WM,0000823768,2013,20833141000,
WU,0001365135,2013,9466800000,
WYNN,0001174922,2013,19652577558,
XRAY,0000818479,2013,6895843680,
XYL,0001524472,2013,6385672200,
YUM,0001041061,2013,29184690243,
ZBH,0001136869,2013,12853974986,
ZION,0000109380,2013,5532943772,
ZTS,0001555280,2013,16345242821,
A,0001090872,2014,13946033745,
ABBV,0001551152,2014,78202778752,
ACN,0001467373,2014,51409569225,
AES,0000874761,2014,9692032360,
AFL,0000004977,2014,27028965050,
AIV,0000922864,2014,5438848618,
AKAM,0001086222,2014,11225805965,
ALLE,0001579241,2014,5329706000,
AME,0001037868,2014,12699619000,
AMG,0001004434,2014,11842992000,
AMT,0001053507,2014,39213668966,
AMZN,0001018724,2014,144312750000,
AN,0000350698,2014,6844453000,
AON,0000315293,2014,24989020000,
APH,0000820313,2014,16675719000,
AVB,0000915912,2014,21575711915,
AZO,0000866787,2014,17406687360,
BBT,0001108134,2014,671367210,
BEN,0000038777,2014,34016191645,
BIIB,0000875045,2014,79634970000,
BKNG,0001075531,2014,66537282184,
BWA,0000908255,2014,12442338495,
CAH,0000721371,2014,24121271854,
CBRE,0001138118,2014,11404942812,
CCL,0000815097,2014,24332097265,
WMT,0000104169,2009,184946392500,
CF,0001324404,2014,65865573047,
CHRW,0001043277,2014,10968239620,
CINF,0000020286,2014,10277889000,
CMS,0000811156,2014,9563200000,
CNX,0001070412,2014,7785275304,
COF,0000927628,2014,45682452723,
CRM,0001108524,2014,36931955790,
CTAS,0000723254,2014,7270387142,
DAL,0000027904,2014,25999488680,
DG,0000029534,2014,17856706560,
DGX,0001022079,2014,7576125218,
DHI,0000882184,2014,7481318961,
DHR,0000313616,2014,60365541994,
WMT,0000104169,2010,202285980000,
WMT,0000104169,2011,197142120000,
WMT,0000104169,2012,209728138200,
WMT,0000104169,2013,244562693226,
WMT,0000104169,2014,241445121815,
WMT,0000104169,2015,266246950670,
WMT,0000104169,2016,214192421718,
DLTR,0000935703,2014,10514811918,
DVA,0000927066,2014,16332646916,
DVN,0001090012,2014,24924732000,
EA,0000712515,2014,9022110000,
EBAY,0001065088,2014,68690796768,
EL,0001001250,2014,28679212000,
EOG,0000821189,2014,48331239461,
EQR,0000906107,2014,26067535815,
EQT,0000033213,2014,14004381774,
ES,0000072741,2014,16964948196,
ESS,0000920522,2014,13156834664,
EXPD,0000746515,2014,8549774160,
EXPE,0001324424,2014,11003928320,
FIS,0001136893,2014,14736907349,
FITB,0000035527,2014,16794076882,
FLR,0001124198,2014,9011657593,
FLS,0000030625,2014,10376808448,
FMC,0000037785,2014,7603111030,
FSLR,0001274494,2014,4472886813,
GILD,0000882095,2014,141295740000,
GM,0001467858,2014,55856000000,
GNW,0001276520,2014,4224500000,
GRMN,0001121788,2014,10321565,
GS,0000886982,2014,83397121741,
HBAN,0000049196,2014,8536503192,
HIG,0000874766,2014,17549453360,
HP,0000046765,2014,10592693635,
HRB,0000012659,2014,8167085904,
HRL,0000048465,2014,27721364960,
HST,0001070750,2014,17965366000,
ICE,0001571949,2014,24779770000,
INTU,0000896878,2014,23357351500,
IRM,0001020569,2014,8111595272,
ISRG,0001035267,2014,19359200340,
IVZ,0000914208,2014,16989648000,
JBL,0000898293,2014,4188976883,
JEF,0000096223,2014,8239310485,
KIM,0000879101,2014,10353150225,
HBAN,0000049196,2009,2612530103,
HBAN,0000049196,2010,5931004518,
KMI,0001506307,2014,89908750000,
KMX,0001170010,2014,10333706620,
KSS,0000885639,2014,11506118378,
LEG,0000058492,2014,4318253509,
LEN,0000920760,2014,9552342271,
LRCX,0000707549,2014,10869332500,
LYB,0001489393,2014,38660500825,
MA,0001141391,2014,100376400000,
MAC,0000912242,2014,13195628486,
MAT,0000063276,2014,12474248718,
MCHP,0000827054,2014,9552130671,
MDLZ,0001103982,2014,55723983129,
WMT,0000104169,2018,258982954786,
WMT,0000104169,2019,282147066525,
WMT,0000104169,2020,347180541628,
MHK,0000851968,2014,10426598380,
MLM,0000916076,2014,7423763760,
MOS,0001285785,2014,17077665000,
MPC,0001510295,2014,25836228701,
MTB,0000036270,2014,14945480721,
MUR,0000717423,2014,8967275397,
NAVI,0001593538,2014,9011370000,
NBR,0001163739,2014,6576556534,
NDAQ,0001120193,2014,8095437693,
NI,0001111711,2014,13406326361,
NOV,0001021860,2014,27455602652,
NRG,0001013871,2014,9073057717,
NTAP,0001002047,2014,11357500000,
NTRS,0000073124,2014,15730533517,
NVDA,0001045810,2014,8838033320,
NWL,0000814453,2014,8618010000,
NWSA,0001564708,2014,10387260000,
OMC,0000029989,2014,19111849000,
ORLY,0000898173,2014,19570706538,
PAYX,0000723531,2014,14922930000,
PFG,0001126328,2014,15265166000,
PGR,0000080661,2014,13834364905,
PLD,0001045609,2014,21923698940,
PM,0001413329,2014,123867150818,
PNR,0000077360,2014,12117805598,
PSA,0001393311,2014,31876560657,
PSX,0001534701,2014,42949460014,
PVH,0000078239,2014,9792170856,
PWR,0001050915,2014,5985173838,
QCOM,0000804328,2014,125275140000,
RCL,0000884887,2014,11551851425,
REGN,0000872589,2014,41276073000,
RF,0001281761,2014,14621305641,
RIG,0001451505,2014,6640583785,
WMT,0000104169,2021,372641962107,
WMT,0000104169,2022,399971169075,
WMT,0000104169,2023,376421664050,
WMT,0000104169,2024,493797222743,
RL,0001037038,2014,14352368000,
ROST,0000745732,2014,14493352200,
RRC,0000315852,2014,9013176061,
RSG,0001060391,2014,11377372016,
SBUX,0000829224,2014,112687347000,
SCHW,0000316709,2014,32230429689,
SJM,0000091419,2014,9832104632,
SRE,0001032208,2014,27431407242,
STT,0000093751,2014,28897935332,
STX,0001137789,2014,18586618208,
SYK,0000310764,2014,35713338000,
TDC,0000816761,2014,6546304000,
TEL,0001385157,2014,25262706784,
TMO,0000097745,2014,45110953217,
TPR,0001116132,2014,9458568000,
TRIP,0001526520,2014,9714855661,
TSCO,0000916365,2014,10626885440,
TSN,0000100493,2014,13737360000,
UPS,0001090727,2014,101831720000,
URBN,0000912615,2014,5276628976,
VLO,0001035002,2014,27211274439,
TTD,0001671933,2018,4925818520,
GHC,0000104889,2018,3416213140,
GHC,0000104889,2019,3377062150,
GHC,0000104889,2020,2733039120,
VMC,0001396009,2014,8670247110,
VNO,0000899689,2014,22116246711,
VRSN,0001014473,2014,6751764000,
VRTX,0000875320,2014,28721610482,
WEC,0000783325,2014,11893784459,
WELL,0000766704,2014,24879544294,
WM,0000823768,2014,23530220000,
WU,0001365135,2014,9340065000,
WYNN,0001174922,2014,15090109822,
XRAY,0000818479,2014,7505743000,
XYL,0001524472,2014,6940161000,
YUM,0001041061,2014,32426999094,
GHC,0000104889,2022,2914104830,
GHC,0000104889,2023,3231156280,
GHC,0000104889,2024,3812034240,
EME,0000105634,2009,1773000332,
EME,0000105634,2010,1931822768,
EME,0000105634,2011,1781374364,
EME,0000105634,2012,2317629647,
EME,0000105634,2013,2839088224,
ZBH,0001136869,2014,16266189170,
ZION,0000109380,2014,5787954885,
ZTS,0001555280,2014,21572123358,
A,0001090872,2015,13638936743,
AAL,0000006201,2015,26452757835,
ABBV,0001551152,2015,96191074958,
ACN,0001467373,2015,59088396972,
AES,0000874761,2015,6381360120,
AFL,0000004977,2015,25420362000,
AIV,0000922864,2015,6257775115,
EME,0000105634,2020,5007974614,
EME,0000105634,2021,6789853624,
EME,0000105634,2022,7059918640,
EME,0000105634,2023,10135392299,
WDC,0000106040,2009,5899501755,
WDC,0000106040,2010,6976197390,
AIZ,0001267238,2015,5303590088,
AKAM,0001086222,2015,9326677086,
ALLE,0001579241,2015,5606933601,
AME,0001037868,2015,12620445000,
AMG,0001004434,2015,8914608000,
AMP,0000820027,2015,25151903200,
AMT,0001053507,2015,41095675278,
AMZN,0001018724,2015,318344190000,
AN,0000350698,2015,6610328000,
AON,0000315293,2015,27077004000,
EME,0000105634,2024,20793215738,
WST,0000105770,2017,7291713000,
WST,0000105770,2018,7264023000,
WST,0000105770,2019,11139453000,
CCK,0001219601,2011,4984927259,
MET,0001099219,2011,32987146048,
APH,0000820313,2015,16086840000,
AVB,0000915912,2015,25226183968,
AZO,0000866787,2015,22270391010,
BBT,0001108134,2015,901652732,
BEN,0000038777,2015,22487050164,
BIIB,0000875045,2015,66968110000,
BKNG,0001075531,2015,55058658811,
BWA,0000908255,2015,9481417627,
CAH,0000721371,2015,27819009630,
CBRE,0001138118,2015,11557690552,
CCL,0000815097,2015,26896188383,
CF,0001324404,2015,9512058300,
CHD,0000313927,2015,11068122375,
CHRW,0001043277,2015,8897079100,
CINF,0000020286,2015,11733411000,
MET,0001099219,2013,60499813374,
MET,0001099219,2014,61226035477,
CMS,0000811156,2015,10001376000,
CNX,0001070412,2015,1809519302,
COF,0000927628,2015,38057621026,
CRM,0001108524,2015,36726144200,
CTAS,0000723254,2015,9616506879,
DAL,0000027904,2015,38996292377,
DG,0000029534,2015,20349155820,
DGX,0001022079,2015,10256204233,
DHI,0000882184,2015,10823486813,
DHR,0000313616,2015,63789980954,
DLTR,0000935703,2015,14624069334,
WDC,0000106040,2011,8537109701,
WDC,0000106040,2012,7498064133,
WDC,0000106040,2013,14715324691,
WDC,0000106040,2014,21738600374,
DVN,0001090012,2015,26557060000,
EA,0000712515,2015,18234200000,
EBAY,0001065088,2015,32536320000,
EFX,0000033185,2015,13219619000,
EL,0001001250,2015,32870138000,
EOG,0000821189,2015,52244870986,
EQR,0000906107,2015,29760396676,
EQT,0000033213,2015,11285255336,
ES,0000072741,2015,16198957086,
ESS,0000920522,2015,15652472338,
EXPD,0000746515,2015,8211221700,
EXPE,0001324424,2015,16178763700,
FIS,0001136893,2015,17796728065,
FITB,0000035527,2015,15780114311,
FLR,0001124198,2015,6564444551,
BBT,0001108134,2010,311223632,
FLS,0000030625,2015,7692175909,
FMC,0000037785,2015,5229957611,
FOSL,0000883569,2015,5601564430,
FSLR,0001274494,2015,6715590934,
GILD,0000882095,2015,143892180000,
GM,0001467858,2015,51015000000,
GRMN,0001121788,2015,7015920,
GS,0000886982,2015,75603013049,
HBAN,0000049196,2015,8791913479,
HIG,0000874766,2015,18057630000,
HP,0000046765,2015,5093111663,
HRB,0000012659,2015,8734856383,
HRL,0000048465,2015,36088011190,
TROW,0001113169,2009,13766935500,
TROW,0001113169,2010,16700370400,
HSIC,0001000228,2015,12946618086,
HST,0001070750,2015,11509602000,
ICE,0001571949,2015,152218440000,
INTU,0000896878,2015,29372963620,
IRM,0001020569,2015,5708301395,
ISRG,0001035267,2015,20426369040,
IVZ,0000914208,2015,13977900000,
JEF,0000096223,2015,6305915694,
KIM,0000879101,2015,10939377804,
KMI,0001506307,2015,33256680000,
KMX,0001170010,2015,14017244762,
KSS,0000885639,2015,14976951923,
LEG,0000058492,2015,6236396994,
LEN,0000920760,2015,10746268263,
LRCX,0000707549,2015,13135878660,
LYB,0001489393,2015,38249040996,
MA,0001141391,2015,110406240000,
MAT,0000063276,2015,9342576060,
MCHP,0000827054,2015,9881726963,
MDLZ,0001103982,2015,58127681825,
MET,0001099219,2015,52935937402,
WY,0000106535,2012,15089373260,
WY,0000106535,2013,18422610360,
WY,0000106535,2014,18823371860,
WY,0000106535,2019,22508060000,
WY,0000106535,2020,25059819050,
WY,0000106535,2021,30773855180,
WY,0000106535,2022,22716614000,
WY,0000106535,2023,25373511810,
WY,0000106535,2024,20432536750,
MLM,0000916076,2015,8806541820,
MOS,0001285785,2015,9891015000,
MPC,0001510295,2015,28256546822,
MTB,0000036270,2015,16467863086,
MUR,0000717423,2015,3862179262,
NAVI,0001593538,2015,7924829954,
NDAQ,0001120193,2015,9558742786,
NI,0001111711,2015,6225837719,
NOV,0001021860,2015,12584362951,
NRG,0001013871,2015,3698016794,
NTAP,0001002047,2015,11052720000,
PRU,0001137774,2010,23145370000,
PRU,0001137774,2013,33812890000,
NTRS,0000073124,2015,16529788816,
NVDA,0001045810,2015,11288040000,
NWL,0000814453,2015,9899595000,
NWSA,0001564708,2015,8476790000,
O,0000726728,2015,12929024977,
OMC,0000029989,2015,18135702000,
ORLY,0000898173,2015,24768602743,
PAYX,0000723531,2015,17846892000,
PFG,0001126328,2015,13107172000,
MRSH,0000062709,2009,11702400000,
AIZ,0001267238,2009,3438804089,
AIZ,0001267238,2010,3929054291,
AIZ,0001267238,2011,3634810796,
AIZ,0001267238,2012,2729641806,
AIZ,0001267238,2013,4767238165,
AIZ,0001267238,2014,4742168822,
PGR,0000080661,2015,15282797830,
PLD,0001045609,2015,22512055040,
PM,0001413329,2015,124125740070,
PNR,0000077360,2015,8937960928,
PNW,0000764622,2015,7201761929,
PRU,0001137774,2015,39559040000,
PSA,0001393311,2015,42832591396,
PSX,0001534701,2015,38218765437,
PVH,0000078239,2015,8111587873,
IBKR,0001381197,2017,4140373703,
IBKR,0001381197,2010,746139901,
IBKR,0001381197,2011,652479008,
IBKR,0001381197,2012,640424768,
IBKR,0001381197,2013,1210730698,
IBKR,0001381197,2014,1705078104,
IBKR,0001381197,2015,2789760606,
IBKR,0001381197,2016,2410143648,
PWR,0001050915,2015,3096370112,
PYPL,0001633917,2015,44308800000,
QCOM,0000804328,2015,81107280000,
RCL,0000884887,2015,16855885041,
REGN,0000872589,2015,55948725070,
RF,0001281761,2015,12569489974,
RHI,0000315213,2015,6182696857,
RIG,0001451505,2015,4506758215,
RL,0001037038,2015,11573604000,
RRC,0000315852,2015,4166878081,
RSG,0001060391,2015,14390693929,
SBUX,0000829224,2015,86120949000,
SCHW,0000316709,2015,34061186142,
SLG,0001040971,2015,11305121535,
BNY,0001390777,2013,39910207663,
BNY,0001390777,2014,45366492069,
BNY,0001390777,2015,44737837842,
BNY,0001390777,2017,54584010088,
BNY,0001390777,2018,45207236240,
BNY,0001390777,2019,45331377303,
BNY,0001390777,2020,37634244256,
BNY,0001390777,2021,46704762857,
BNY,0001390777,2022,36800398192,
BNY,0001390777,2023,39523859989,
BNY,0001390777,2024,55139374990,
CI,0001739940,2018,72345086080,
STI,0001881551,2023,537460000,
SRE,0001032208,2015,23342502501,
STT,0000093751,2015,29482187279,
STX,0001137789,2015,15188702558,
STZ,0000016918,2015,22341026862,
SYF,0001601712,2015,25356719819,
NAVI,0001593538,2022,2651676482,
NAVI,0001593538,2023,2446016897,
NAVI,0001593538,2024,1941553002,
SYK,0000310764,2015,34666620000,
TDC,0000816761,2015,6505760000,
TEL,0001385157,2015,25762740004,
TMO,0000097745,2015,49681169004,
TPR,0001116132,2015,9990792000,
TRIP,0001526520,2015,11290775213,
TSCO,0000916365,2015,11498970080,
TSN,0000100493,2015,18333070000,
UPS,0001090727,2015,86703230000,
URBN,0000912615,2015,4549329839,
URI,0001067701,2015,6657462667,
VFC,0000103379,2015,31927763654,
VLO,0001035002,2015,27227295842,
VMC,0001396009,2015,12647344840,
VNO,0000899689,2015,18850140491,
VRSN,0001014473,2015,9615889920,
VRTX,0000875320,2015,30992786909,
WDC,0000106040,2015,18600091398,
WEC,0000783325,2015,16197720180,
WELL,0000766704,2015,24135524890,
WM,0000823768,2015,23867064000,
WU,0001365135,2015,8997984000,
WYNN,0001174922,2015,7027760384,
XRAY,0000818479,2015,8525085000,
XYL,0001524472,2015,6510760500,
ZBH,0001136869,2015,20274529353,
ZION,0000109380,2015,5580586639,
ZTS,0001555280,2015,23835413415,
A,0001090872,2016,13902725938,
AAP,0001158449,2016,12472430880,
ABBV,0001551152,2016,88456978607,
ACN,0001467373,2016,71851749300,
AES,0000874761,2016,7659697536,
AFL,0000004977,2016,56488821600,
AIV,0000922864,2016,7130530311,
AIZ,0001267238,2016,5194725833,
AJG,0000354190,2016,9264468000,
AKAM,0001086222,2016,11552629864,
ALB,0000915913,2016,9686065920,
ALK,0000766421,2016,10942897965,
ALLE,0001579241,2016,5868668218,
AME,0001037868,2016,11148840000,
AMG,0001004434,2016,8500050000,
AMT,0001053507,2016,45136245040,
AMZN,0001018724,2016,357687990000,
AN,0000350698,2016,4899055000,
AON,0000315293,2016,25082487572,
APH,0000820313,2016,20717760000,
AVB,0000915912,2016,24328169644,
AYI,0001144215,2016,12046467598,
AZO,0000866787,2016,21939539460,
BBT,0001108134,2016,1314543306,
BEN,0000038777,2016,20287177199,
BIIB,0000875045,2016,61224922000,
BWA,0000908255,2016,8371648962,
CAH,0000721371,2016,26634037140,
CBRE,0001138118,2016,10620929849,
CCI,0001051470,2016,31283765901,
CCL,0000815097,2016,27910842302,
CF,0001324404,2016,7338434040,
ADI,0000006281,2009,7480417088,
ADI,0000006281,2010,10055646308,
ADI,0000006281,2011,11233119069,
FHN,0000036966,2011,2059744000,
ADI,0000006281,2012,12001316988,
CFG,0000759944,2016,18240952054,
CHD,0000313927,2016,11659702774,
CHRW,0001043277,2016,10348561080,
CHTR,0001091667,2016,59466737672,
CINF,0000020286,2016,15021225000,
CME,0001156375,2016,38930163600,
CMG,0001058090,2016,13033228805,
CMS,0000811156,2016,11620304000,
ADI,0000006281,2013,15452719773,
ADI,0000006281,2014,15441988428,
CNC,0001071739,2016,9715142690,
COF,0000927628,2016,41894266040,
COO,0000711404,2016,8024907505,
CRM,0001108524,2016,45663427740,
CTAS,0000723254,2016,9991979629,
DGX,0001022079,2016,9374956211,
DHR,0000313616,2016,53880854091,
DLR,0001297996,2016,15625218535,
DVA,0000927066,2016,12490398322,
DVN,0001090012,2016,9545319000,
EA,0000712515,2016,19899110000,
EBAY,0001065088,2016,32273030000,
AIT,0000109563,2011,1238704037,
EFX,0000033185,2016,14175777000,
EL,0001001250,2016,33677400000,
EOG,0000821189,2016,38194900269,
EQR,0000906107,2016,23547452669,
EQT,0000033213,2016,9419535611,
ES,0000072741,2016,17064889196,
EXPD,0000746515,2016,9525226720,
EXPE,0001324424,2016,17033573760,
EXR,0001289490,2016,9723083970,
FIS,0001136893,2016,19401238237,
FITB,0000035527,2016,20240426694,
ETR,0000065984,2014,11254878583,
ETR,0000065984,2015,15725323762,
ADCT,0001771910,2023,136606607,
FLR,0001124198,2016,7313855527,
FLS,0000030625,2016,5101329634,
FMC,0000037785,2016,7561506219,
FRT,0000034903,2016,10231336923,
FSLR,0001274494,2016,3338474518,
FTI,0001681459,2016,4224515098,
GILD,0000882095,2016,93809100000,
GM,0001467858,2016,52260000000,
GPN,0001123360,2016,10563203607,
GS,0000886982,2016,94015787474,
HBAN,0000049196,2016,14352802472,
HIG,0000874766,2016,16620719540,
HP,0000046765,2016,7273643747,
HPE,0001645590,2016,37434954801,
HRB,0000012659,2016,4710248610,
HRL,0000048465,2016,20229463800,
HSIC,0001000228,2016,24092300921,
HST,0001070750,2016,13900152000,
ICE,0001571949,2016,33569900000,
ILMN,0001110803,2016,28136800324,
INTU,0000896878,2016,28619104470,
ISRG,0001035267,2016,73817353080,
IVZ,0000914208,2016,12251292000,
THC,0000070318,2009,2588493600,
THC,0000070318,2010,810025200,
THC,0000070318,2011,3231544012,
THC,0000070318,2012,2168866102,
THC,0000070318,2013,4049411518,
THC,0000070318,2014,4462492968,
THC,0000070318,2015,4164335283,
JEF,0000096223,2016,8356633773,
KHC,0001637459,2016,106268440000,
KIM,0000879101,2016,10693858283,
KMI,0001506307,2016,46183300000,
KMX,0001170010,2016,9007387945,
KSS,0000885639,2016,9086238365,
LEG,0000058492,2016,5743965879,
LEN,0000920760,2016,9489792127,
LNT,0000352541,2016,8626554750,
LRCX,0000707549,2016,13181338280,
LYB,0001489393,2016,34659094273,
MA,0001141391,2016,113368500000,
MAT,0000063276,2016,10458594865,
MCHP,0000827054,2016,9836739241,
MDLZ,0001103982,2016,59773499858,
MET,0001099219,2016,59037515455,
MHK,0000851968,2016,12319716914,
MKC,0000063754,2016,11545920000,
MLM,0000916076,2016,13928255690,
MOS,0001285785,2016,10272496642,
MPC,0001510295,2016,16792387084,
MTB,0000036270,2016,16852918308,
MTD,0001037646,2016,10891029143,
MUR,0000717423,2016,5360653770,
NAVI,0001593538,2016,3277330711,
NDAQ,0001120193,2016,11180797234,
NFLX,0001065280,2016,53240711446,
NI,0001111711,2016,7154755138,
NOV,0001021860,2016,14176184368,
NRG,0001013871,2016,3867331315,
NTAP,0001002047,2016,6642840000,
NTRS,0000073124,2016,20357318439,
NVDA,0001045810,2016,15786232000,
NWL,0000814453,2016,10362016000,
O,0000726728,2016,14954478396,
OMC,0000029989,2016,19975317000,
ORLY,0000898173,2016,25850920240,
PFG,0001126328,2016,16646322000,
PGR,0000080661,2016,18260251781,
PLD,0001045609,2016,27908542090,
PM,0001413329,2016,139456764515,
PNR,0000077360,2016,10191576641,
PNW,0000764622,2016,7461750454,
PRU,0001137774,2016,31318260000,
PSA,0001393311,2016,38730043894,
PSX,0001534701,2016,42275910504,
PVH,0000078239,2016,7150704974,
PWR,0001050915,2016,5043170439,
PYPL,0001633917,2016,47640290000,
QCOM,0000804328,2016,92619000000,
QRVO,0001604778,2016,6473756520,
RCL,0000884887,2016,14951199119,
REGN,0000872589,2016,38434323000,
RF,0001281761,2016,9117816873,
RIG,0001451505,2016,5739258392,
RL,0001037038,2016,8286552000,
RRC,0000315852,2016,8491880072,
RSG,0001060391,2016,15219099508,
SBUX,0000829224,2016,79071470000,
SCHW,0000316709,2016,33712949637,
SIG,0000832988,2016,9210400000,
SJM,0000091419,2016,14768649400,
SLG,0001040971,2016,10928905200,
STT,0000093751,2016,22292957776,
STX,0001137789,2016,7174690375,
STZ,0000016918,2016,28253213273,
SYF,0001601712,2016,29645368937,
SYK,0000310764,2016,44880826000,
TDC,0000816761,2016,3149596000,
TDG,0001260221,2016,14267850923,
TEL,0001385157,2016,23726253512,
TMO,0000097745,2016,48811544291,
TPR,0001116132,2016,11343305000,
TRIP,0001526520,2016,6088890143,
TROW,0001113169,2016,18422443840,
TSCO,0000916365,2016,9915568950,
TSN,0000100493,2016,29121300000,
UDR,0000074208,2016,9749625429,
UPS,0001090727,2016,101227120000,
URBN,0000912615,2016,2684307226,
URI,0001067701,2016,8892163194,
XEL,0000072903,2021,36830510711,
XEL,0000072903,2022,38530914842,
XEL,0000072903,2023,34356440833,
XEL,0000072903,2024,38781165177,
VFC,0000103379,2016,22087588943,
VLO,0001035002,2016,31925550174,
VMC,0001396009,2016,16562225850,
VRSK,0001442145,2016,13548553213,
VRSN,0001014473,2016,7842132370,
VRTX,0000875320,2016,18292299087,
WAT,0001000697,2016,10754290970,
WDC,0000106040,2016,13197473780,
WELL,0000766704,2016,24268963439,
WM,0000823768,2016,31150763000,
WU,0001365135,2016,10458180000,
WYNN,0001174922,2016,8806672236,
XRAY,0000818479,2016,14764512000,
XYL,0001524472,2016,8882253840,
ZBH,0001136869,2016,18760009636,
ZION,0000109380,2016,8740778400,
ZTS,0001555280,2016,26382544048,
A,0001090872,2017,22188108275,
AAP,0001158449,2017,7370679840,
ABBV,0001551152,2017,97404468616,
ACN,0001467373,2017,81084831730,
AES,0000874761,2017,7152003426,
AFL,0000004977,2017,68548279800,
AIV,0000922864,2017,6870783104,
AIZ,0001267238,2017,5285812162,
AJG,0000354190,2017,11453680000,
AKAM,0001086222,2017,11049861793,
ALB,0000915913,2017,14137855830,
ALGN,0001097149,2017,17784087600,
ALLE,0001579241,2017,6786115002,
AMD,0000002488,2017,9940760000,
AME,0001037868,2017,16755064000,
AMG,0001004434,2017,12007125000,
AMT,0001053507,2017,61179749400,
AMZN,0001018724,2017,566023480000,
AON,0000315293,2017,30356648087,
APH,0000820313,2017,26840460000,
ARE,0001035443,2017,13030751555,
AVB,0000915912,2017,24637378015,
AVGO,0001730168,2017,103368361999,
AYI,0001144215,2017,6690851493,
AZO,0000866787,2017,14722265350,
BBT,0001108134,2017,1657629848,
BEN,0000038777,2017,24697056417,
BHF,0001685040,2017,7023494936,
BIIB,0000875045,2017,67377555000,
BWA,0000908255,2017,10770427618,
CAH,0000721371,2017,24449210081,
CBOE,0001374310,2017,14046428226,
CBRE,0001138118,2017,14701975267,
CCI,0001051470,2017,45070060000,
CCL,0000815097,2017,28640415439,
CDNS,0000813672,2017,11796041940,
CF,0001324404,2017,9924032766,
CFG,0000759944,2017,20604326046,
CHD,0000313927,2017,12632333109,
CHTR,0001091667,2017,86247891411,
CINF,0000020286,2017,14866551000,
CME,0001156375,2017,49468157350,
CMS,0000811156,2017,13319680000,
L,0000060086,2018,16710900272,
CNC,0001071739,2017,34992649120,
COF,0000927628,2017,48348613357,
COO,0000711404,2017,11784297427,
CRM,0001108524,2017,55960086000,
CTAS,0000723254,2017,13267831179,
DG,0000029534,2017,20129005680,
DGX,0001022079,2017,12638565770,
DHR,0000313616,2017,64658385251,
DLR,0001297996,2017,23403067170,
DVA,0000927066,2017,13182899586,
EA,0000712515,2017,27572160000,
EBAY,0001065088,2017,38834460000,
EFX,0000033185,2017,14162192000,
EOG,0000821189,2017,57123680585,
EQR,0000906107,2017,23468513089,
EQT,0000033213,2017,10479168165,
ES,0000072741,2017,17530122899,
ESS,0000920522,2017,15943550287,
EXPD,0000746515,2017,11409634060,
EXPE,0001324424,2017,18159407630,
EXR,0001289490,2017,11019320108,
FIS,0001136893,2017,26111748104,
FITB,0000035527,2017,21050040454,
FLR,0001124198,2017,7226781435,
FLS,0000030625,2017,6651319635,
FMC,0000037785,2017,12715734689,
FRT,0000034903,2017,9707199374,
FTV,0001659166,2017,25163348223,
GILD,0000882095,2017,93705120000,
GM,0001467858,2017,57386000000,
GPN,0001123360,2017,15956234976,
GS,0000886982,2017,95486291162,
BAC,0000070858,2015,174699861010,
BAC,0000070858,2016,222163025848,
HBAN,0000049196,2017,15608708475,
HIG,0000874766,2017,18061534435,
HLT,0001585689,2017,25349235709,
HP,0000046765,2017,5659356889,
HPE,0001645590,2017,22202400000,
HRB,0000012659,2017,5498507809,
HRL,0000048465,2017,16051667940,
SPGI,0000064040,2015,26143428730,
SPGI,0000064040,2016,27777588612,
HSIC,0001000228,2017,10739858950,
HST,0001070750,2017,14671135000,
ICE,0001571949,2017,41136480000,
ILMN,0001110803,2017,32118028412,
INTU,0000896878,2017,35080206280,
ISRG,0001035267,2017,40982773230,
ALL,0000899051,2013,24488460000,
IT,0000749251,2017,8212390157,
IVZ,0000914208,2017,14875434000,
JEF,0000096223,2017,9436457590,
KHC,0001637459,2017,94789440000,
KMI,0001506307,2017,49961983544,
KMX,0001170010,2017,12039846773,
KSS,0000885639,2017,6982153470,
LEG,0000058492,2017,6542757556,
LEN,0000920760,2017,14888580275,
LKQ,0001065696,2017,12572170119,
LNT,0000352541,2017,9857765806,
LRCX,0000707549,2017,24546316940,
LYB,0001489393,2017,43522569797,
MA,0001141391,2017,161501120000,
MAC,0000912242,2017,9260484935,
MAT,0000063276,2017,8811119936,
MCHP,0000827054,2017,16902530087,
PGR,0000080661,2009,11995732000,
MCK,0000927653,2017,29165705342,
MET,0001099219,2017,52763829302,
MGM,0000789570,2017,18907948595,
MHK,0000851968,2017,16695237929,
MKC,0000063754,2017,12956424000,
MLM,0000916076,2017,13897447920,
MNST,0000865752,2017,35841000420,
MOS,0001285785,2017,9007933993,
MPC,0001510295,2017,26536925670,
MTB,0000036270,2017,25887034624,
PGR,0000080661,2010,11134460191,
MTD,0001037646,2017,15823403791,
NAVI,0001593538,2017,4376768261,
NCLH,0001513761,2017,12169145926,
NDAQ,0001120193,2017,12864494335,
NFLX,0001065280,2017,83194060005,
NI,0001111711,2017,8651195740,
NOV,0001021860,2017,13691381019,
NRG,0001013871,2017,9020843175,
NTAP,0001002047,2017,10719650000,
NVDA,0001045810,2017,65386620000,
NWL,0000814453,2017,22831992000,
OMC,0000029989,2017,16758183000,
ORLY,0000898173,2017,20278048061,
PFG,0001126328,2017,20391840000,
PGR,0000080661,2017,21745265443,
PM,0001413329,2017,149134725029,
PNR,0000077360,2017,12836275095,
PNW,0000764622,2017,8762471300,
PRU,0001137774,2017,46175780000,
PSA,0001393311,2017,36335354330,
PSX,0001534701,2017,42264176935,
PVH,0000078239,2017,7157156589,
PWR,0001050915,2017,5997218370,
PYPL,0001633917,2017,88344000000,
QCOM,0000804328,2017,76780660000,
QRVO,0001604778,2017,8670371840,
REGN,0000872589,2017,39964548000,
RF,0001281761,2017,18464563177,
RJF,0000720005,2017,12151659616,
RL,0001037038,2017,6749974000,
RRC,0000315852,2017,4233088076,
RSG,0001060391,2017,19452439325,
SBAC,0001034054,2017,19022618560,
SBUX,0000829224,2017,76891236000,
SCHW,0000316709,2017,55054132200,
SIG,0000832988,2017,5463317000,
SJM,0000091419,2017,14375060156,
SLG,0001040971,2017,9473091291,
USBC,0001074828,2020,54570723,
SNPS,0000883241,2017,13016501400,
SRE,0001032208,2017,26875301821,
STT,0000093751,2017,35886302639,
STX,0001137789,2017,11307232989,
STZ,0000016918,2017,30936290432,
SYF,0001601712,2017,29750218628,
SYK,0000310764,2017,57972096000,
TDG,0001260221,2017,14704595666,
TEL,0001385157,2017,32674128996,
TMO,0000097745,2017,59116918367,
TPR,0001116132,2017,13345146000,
TRIP,0001526520,2017,4346879958,
TROW,0001113169,2017,25719497230,
TSCO,0000916365,2017,9366399250,
TSN,0000100493,2017,26066500000,
ULTA,0001403568,2017,16864295760,
UPS,0001090727,2017,103779650000,
URBN,0000912615,2017,3084844548,
URI,0001067701,2017,14520148134,
VFC,0000103379,2017,29290791053,
VLO,0001035002,2017,29661016369,
JEF,0000096223,2022,8590661733,
MMM,0000066740,2011,56799884494,
VMC,0001396009,2017,16986431880,
VRSK,0001442145,2017,15828377280,
VRSN,0001014473,2017,11168314040,
VRTX,0000875320,2017,37952548829,
VTR,0000740260,2017,21915701894,
WAT,0001000697,2017,15327115030,
WDC,0000106040,2017,26048396178,
WEC,0000783325,2017,20963622272,
WELL,0000766704,2017,23705321007,
WM,0000823768,2017,37393790000,
WU,0001365135,2017,8725590000,
WYNN,0001174922,2017,17365758949,
XRAY,0000818479,2017,14930244000,
XYL,0001524472,2017,12266588400,
ZBH,0001136869,2017,23508790267,
ZION,0000109380,2017,10040551560,
ZTS,0001555280,2017,35020838410,
A,0001090872,2018,22485248282,
AAL,0000006201,2018,14790215036,
AAP,0001158449,2018,11264631600,
ABBV,0001551152,2018,182886810676,
ACN,0001467373,2018,106252336020,
AES,0000874761,2018,9576830468,
AFL,0000004977,2018,34410830160,
AIV,0000922864,2018,6346019689,
AIZ,0001267238,2018,5537139082,
ROL,0000084839,2011,2803509720,
ROL,0000084839,2012,3141520765,
ROL,0000084839,2013,3616736558,
ROL,0000084839,2014,4825415377,
ROL,0000084839,2015,7249045860,
AKAM,0001086222,2018,9950209914,
ALB,0000915913,2018,8139825120,
ALGN,0001097149,2018,16707906540,
ALLE,0001579241,2018,7873737777,
AMD,0000002488,2018,17909100000,
AME,0001037868,2018,15374670000,
AMG,0001004434,2018,5700240000,
ROL,0000084839,2009,2876174849,
ROL,0000084839,2010,2923616555,
BAX,0000010456,2012,31088011713,
BAX,0000010456,2013,37035760992,
MSI,0000068505,2017,14562808000,
MSI,0000068505,2018,18809040000,
AMP,0000820027,2018,22517593396,
AMT,0001053507,2018,69771281400,
AMZN,0001018724,2018,737467270000,
ANET,0001596532,2018,15943187066,
AON,0000315293,2018,34676986639,
APH,0000820313,2018,24184470000,
ARE,0001035443,2018,12793001676,
AVB,0000915912,2018,24307875041,
AVGO,0001730168,2018,89994156926,
AWK,0001410636,2018,14232373782,
AZO,0000866787,2018,19834725840,
BBT,0001108134,2018,1224892579,
BBY,0000764478,2018,20160065120,
BEN,0000038777,2018,15786517475,
BHF,0001685040,2018,3582385601,
BIIB,0000875045,2018,59341424000,
BR,0001383312,2018,13386130000,
KEY,0000091576,2018,22221400695,
BWA,0000908255,2018,7233390139,
CAH,0000721371,2018,15425999060,
CBOE,0001374310,2018,10918021312,
CBRE,0001138118,2018,13489987831,
CCI,0001051470,2018,45081450000,
CCL,0000815097,2018,36868521209,
CDNS,0000813672,2018,12135850100,
CE,0001306830,2018,11524783535,
CF,0001324404,2018,9694832717,
CFG,0000759944,2018,13854417364,
KEY,0000091576,2019,17663873695,
KEY,0000091576,2020,19077730419,
CHD,0000313927,2018,11801935005,
CHTR,0001091667,2018,66214678825,
CINF,0000020286,2018,15352386000,
CME,0001156375,2018,64401753280,
CMS,0000811156,2018,14070810000,
CNC,0001071739,2018,47558713400,
COO,0000711404,2018,13727375569,
CPRT,0000900075,2018,13423454485,
CRM,0001108524,2018,83154300000,
CTAS,0000723254,2018,19377983302,
DAL,0000027904,2018,40131471334,
DG,0000029534,2018,26722809520,
DGX,0001022079,2018,14353197499,
DHR,0000313616,2018,72338648573,
DLR,0001297996,2018,21994653647,
DVA,0000927066,2018,8562290818,
DXC,0001688568,2018,29789270241,
EBAY,0001065088,2018,25684050000,
EFX,0000033185,2018,11231478000,
EOG,0000821189,2018,62284415961,
EQIX,0001101239,2018,28459439280,
EQR,0000906107,2018,24384434678,
ES,0000072741,2018,20610252952,
ESS,0000920522,2018,16156965858,
EVRG,0001711269,2018,11653203996,
EXPD,0000746515,2018,11683018380,
EXPE,0001324424,2018,16893106650,
EXR,0001289490,2018,11500347300,
FANG,0001539838,2018,15228148537,
FIS,0001136893,2018,33899514479,
FITB,0000035527,2018,15215224065,
FLR,0001124198,2018,4496853133,
FMC,0000037785,2018,9783547126,
FRT,0000034903,2018,8764426679,
FTI,0001681459,2018,8820818832,
FTNT,0001262039,2018,11959014000,
FTV,0001659166,2018,22632267937,
GILD,0000882095,2018,80189100000,
GM,0001467858,2018,46830000000,
GPN,0001123360,2018,16290619204,
GS,0000886982,2018,61431296590,
HBAN,0000049196,2018,12477465644,
HIG,0000874766,2018,19259145829,
HII,0001501585,2018,7973989000,
HLT,0001585689,2018,21167780902,
HP,0000046765,2018,7495497987,
HPE,0001645590,2018,21700750000,
HRB,0000012659,2018,5744058205,
HRL,0000048465,2018,21850648140,
HSIC,0001000228,2018,11797213050,
HST,0001070750,2018,12342468000,
ICE,0001571949,2018,42862770000,
ILMN,0001110803,2018,43839809412,
INTU,0000896878,2018,52819731840,
IPGP,0001111928,2018,5997754657,
IRM,0001020569,2018,9279663902,
ISRG,0001035267,2018,54836340000,
IT,0000749251,2018,12602283771,
IVZ,0000914208,2018,6647454000,
JBHT,0000728535,2018,10114455158,
JEF,0000096223,2018,6719218680,
KHC,0001637459,2018,53155400000,
KMI,0001506307,2018,37061920291,
KMX,0001170010,2018,11129989596,
KSS,0000885639,2018,10472746963,
LEG,0000058492,2018,5866180019,
LEN,0000920760,2018,13159486499,
LKQ,0001065696,2018,7502147285,
LNT,0000352541,2018,9973673538,
LRCX,0000707549,2018,27409032400,
LYB,0001489393,2018,31242934329,
MA,0001141391,2018,196384650000,
MAA,0000912595,2018,10894896352,
MAC,0000912242,2018,6112075695,
MAT,0000063276,2018,5691926610,
MCHP,0000827054,2018,21472136793,
MCK,0000927653,2018,31562384523,
MDLZ,0001103982,2018,67673445203,
MET,0001099219,2018,39360672035,
MGM,0000789570,2018,12796653349,
MHK,0000851968,2018,18646556502,
MKC,0000063754,2018,39465000000,
MLM,0000916076,2018,10741875000,
MNST,0000865752,2018,26759732720,
MOS,0001285785,2018,11259581183,
MPC,0001510295,2018,32338737391,
MSCI,0001408198,2018,12409793165,
MTB,0000036270,2018,28650749745,
MTD,0001037646,2018,14095363834,
NCLH,0001513761,2018,9226210799,
NDAQ,0001120193,2018,13472517533,
NFLX,0001065280,2018,116859980473,
NI,0001111711,2018,9439418680,
NKTR,0000906709,2018,5703931100,
NOV,0001021860,2018,9854065008,
NRG,0001013871,2018,11232541544,
NTAP,0001002047,2018,17726200000,
NVDA,0001045810,2018,147459192000,
NWL,0000814453,2018,12828688000,
O,0000726728,2018,19147910344,
OMC,0000029989,2018,16398436000,
ORLY,0000898173,2018,27217153107,
PKG,0000075677,2018,11261594754,
PM,0001413329,2018,166552841963,
PNW,0000764622,2018,8797525396,
PRU,0001137774,2018,50142040000,
PSA,0001393311,2018,35245831623,
PSX,0001534701,2018,51326703514,
PVH,0000078239,2018,10976719928,
PWR,0001050915,2018,4604186300,
PYPL,0001633917,2018,98721660000,
QCOM,0000804328,2018,87804570000,
QRVO,0001604778,2018,8899384900,
RCL,0000884887,2018,27631334393,
REG,0000910606,2018,10078581439,
REGN,0000872589,2018,40300650000,
RF,0001281761,2018,21676736194,
RHI,0000315213,2018,6811289685,
RJF,0000720005,2018,13406393608,
RL,0001037038,2018,9134060000,
RSG,0001060391,2018,22787492034,
SBAC,0001034054,2018,18201778370,
SBUX,0000829224,2018,74409244000,
SCHW,0000316709,2018,71820896437,
SIG,0000832988,2018,3107885000,
SJM,0000091419,2018,12956389587,
SNPS,0000883241,2018,13363695450,
SRE,0001032208,2018,29619123611,
STT,0000093751,2018,23963239883,
STX,0001137789,2018,16216510399,
SWKS,0000004127,2018,16091954000,
SYF,0001601712,2018,16862076709,
SYK,0000310764,2018,61583661823,
TDG,0001260221,2018,18153901390,
TEL,0001385157,2018,27542199860,
TMO,0000097745,2018,87464373328,
TPR,0001116132,2018,13452480000,
TRIP,0001526520,2018,6747965309,
TROW,0001113169,2018,21978530080,
TSCO,0000916365,2018,10137307880,
TSN,0000100493,2018,21966570000,
TTWO,0000946581,2018,11150635640,
ULTA,0001403568,2018,13348604340,
UPS,0001090727,2018,84460980000,
URI,0001067701,2018,8189374179,
VLO,0001035002,2018,41571925480,
VMC,0001396009,2018,13018085600,
VRSK,0001442145,2018,17879333506,
VRSN,0001014473,2018,17800286730,
VRTX,0000875320,2018,42284552120,
VTR,0000740260,2018,19936405026,
WAT,0001000697,2018,13793144750,
WDC,0000106040,2018,22913375688,
WEC,0000783325,2018,21853136278,
WELL,0000766704,2018,26630854194,
WM,0000823768,2018,37731760000,
WU,0001365135,2018,7526872000,
WYNN,0001174922,2018,10606319692,
XRAY,0000818479,2018,8297830000,
XYL,0001524472,2018,11991185280,
ZBH,0001136869,2018,24334976240,
ZION,0000109380,2018,7640949960,
ZTS,0001555280,2018,41021761366,
A,0001090872,2019,23406750000,
AAL,0000006201,2019,12280847872,
AAP,0001158449,2019,10962887200,
ABBV,0001551152,2019,117519903560,
ACN,0001467373,2019,126451905431,
AES,0000874761,2019,13212657854,
AIZ,0001267238,2019,7857707654,
AKAM,0001086222,2019,13993632818,
ALB,0000915913,2019,7745161600,
ALGN,0001097149,2019,21885944320,
ALLE,0001579241,2019,11547807356,
AMD,0000002488,2019,54030600000,
AME,0001037868,2019,22850434000,
AMP,0000820027,2019,17706651387,
AMT,0001053507,2019,101784979800,
AMZN,0001018724,2019,920224320000,
ANET,0001596532,2019,15537522600,
AON,0000315293,2019,41272704041,
AOS,0000091142,2019,7882059009,
APA,0001841666,2019,9623443725,
APH,0000820313,2019,32241717000,
ARE,0001035443,2019,19518914898,
ATO,0000731802,2019,13591510168,
AVB,0000915912,2019,29493038831,
AVGO,0001730168,2019,118042820000,
AWK,0001410636,2019,17578102533,
BBT,0001108134,2019,1630359502,
BBY,0000764478,2019,15535654410,
BEN,0000038777,2019,14409892343,
BIIB,0000875045,2019,51690366000,
BR,0001383312,2019,14593824000,
BWA,0000908255,2019,8953954592,
CAH,0000721371,2019,13633653095,
CBOE,0001374310,2019,13278827040,
CBRE,0001138118,2019,20516967425,
CCI,0001051470,2019,59134400000,
CCL,0000815097,2019,28200586926,
CDNS,0000813672,2019,19671007950,
CDW,0001402057,2019,20426120000,
CE,0001306830,2019,14719637086,
CF,0001324404,2019,10312977453,
CFG,0000759944,2019,17589047181,
CHD,0000313927,2019,15973733247,
CHRW,0001043277,2019,10548789000,
CINF,0000020286,2019,20851245000,
CME,0001156375,2019,71688151600,
CMG,0001058090,2019,14601881818,
CMS,0000811156,2019,17840276000,
CNC,0001071739,2019,26094067760,
COF,0000927628,2019,46984836481,
COO,0000711404,2019,15360932414,
COTY,0001024305,2019,10106280000,
CPRT,0000900075,2019,17815639478,
CRM,0001108524,2019,117016900000,
CTAS,0000723254,2019,22911578674,
CTVA,0001755672,2019,22127936120,
DAL,0000027904,2019,33560503344,
DG,0000029534,2019,29854145440,
DGX,0001022079,2019,11727765435,
DHI,0000882184,2019,19420021940,
DHR,0000313616,2019,106745316631,
DLR,0001297996,2019,25013776763,
DLTR,0000935703,2019,23020116092,
DOW,0001751788,2019,40637025000,
DVA,0000927066,2019,9442000290,
DVN,0001090012,2019,11737674000,
DXC,0001688568,2019,15855295727,
EBAY,0001065088,2019,28743560000,
EFX,0000033185,2019,16982544000,
EL,0001001250,2019,66560485000,
EOG,0000821189,2019,58150335806,
EQIX,0001101239,2019,49794504908,
EQR,0000906107,2019,30075607933,
ES,0000072741,2019,28062946470,
ESS,0000920522,2019,19884425280,
EVRG,0001711269,2019,14964607039,
EXPD,0000746515,2019,13233908440,
EXPE,0001324424,2019,18414946381,
EXR,0001289490,2019,13681424067,
FANG,0001539838,2019,14764957107,
FIS,0001136893,2019,35104696687,
FITB,0000035527,2019,21792066435,
FLS,0000030625,2019,6089398647,
FMC,0000037785,2019,12889187027,
FRT,0000034903,2019,9724367699,
FTV,0001659166,2019,25667022296,
GILD,0000882095,2019,82264680000,
GM,0001467858,2019,51240000000,
GPN,0001123360,2019,54809183710,
GRMN,0001121788,2019,18786384720,
GS,0000886982,2019,79864618297,
HBAN,0000049196,2019,15381652509,
HIG,0000874766,2019,17639212577,
HII,0001501585,2019,10235904000,
HLT,0001585689,2019,30942240214,
HP,0000046765,2019,4345106813,
HPE,0001645590,2019,21234540000,
HRL,0000048465,2019,21687829460,
HSIC,0001000228,2019,9544473300,
HST,0001070750,2019,13233570000,
ICE,0001571949,2019,51272700000,
IEX,0000832101,2019,10923260354,
ILMN,0001110803,2019,48846630059,
INTU,0000896878,2019,72150515800,
IPGP,0001111928,2019,7682336005,
IRM,0001020569,2019,9156239686,
ISRG,0001035267,2019,68573400000,
IT,0000749251,2019,12190927941,
IVZ,0000914208,2019,8150334000,
JBHT,0000728535,2019,12403543396,
JKHY,0000779152,2019,10929423576,
KEYS,0001601046,2019,19819030516,
KHC,0001637459,2019,38608020000,
KMI,0001506307,2019,47948696263,
KMX,0001170010,2019,10400441180,
KSS,0000885639,2019,11191556214,
LEG,0000058492,2019,5891668870,
LEN,0000920760,2019,18993682269,
LKQ,0001065696,2019,10950308410,
LNT,0000352541,2019,13407647616,
LRCX,0000707549,2019,27130294720,
LVS,0001300514,2019,52746560000,
LW,0001679273,2019,9075269020,
LYB,0001489393,2019,31506895906,
LYV,0001335258,2019,15273826541,
MA,0001141391,2019,303666030000,
MAA,0000912595,2019,15064529381,
MCHP,0000827054,2019,19710425003,
MCK,0000927653,2019,22652915553,
MDLZ,0001103982,2019,65810801791,
MET,0001099219,2019,46654782855,
MGM,0000789570,2019,16739721717,
MHK,0000851968,2019,10022151724,
MKC,0000063754,2019,44868175000,
MKTX,0001278021,2019,14381910894,
MLM,0000916076,2019,17449536000,
MNST,0000865752,2019,34107157900,
MOS,0001285785,2019,8196462525,
MPC,0001510295,2019,43886290229,
MSCI,0001408198,2019,21892355027,
MTB,0000036270,2019,22793113782,
MTD,0001037646,2019,19138131470,
NCLH,0001513761,2019,12446143627,
NDAQ,0001120193,2019,17681614524,
NFLX,0001065280,2019,141984667417,
NI,0001111711,2019,10638657331,
NOW,0001373715,2019,53488629520,
NTAP,0001002047,2019,17256000000,
NVDA,0001045810,2019,97049688000,
NVR,0000906163,2019,13835953167,
NWL,0000814453,2019,8967588000,
O,0000726728,2019,24564375042,
ODFL,0000878927,2019,22684884303,
OMC,0000029989,2019,17589442000,
PFG,0001126328,2019,15213000000,
PGR,0000080661,2019,39290377451,
PKG,0000075677,2019,9288004960,
PLD,0001045609,2019,56318384580,
PM,0001413329,2019,119267710872,
PNR,0000077360,2019,7719617111,
PNW,0000764622,2019,10088700130,
PRU,0001137774,2019,37685260000,
PSA,0001393311,2019,37144188250,
PSX,0001534701,2019,43403257631,
PVH,0000078239,2019,8375067283,
PWR,0001050915,2019,5931854100,
PYPL,0001633917,2019,126883410000,
QCOM,0000804328,2019,87741350000,
QRVO,0001604778,2019,8540388990,
RCL,0000884887,2019,24520853018,
REG,0000910606,2019,10968302571,
REGN,0000872589,2019,41002416000,
RF,0001281761,2019,16649877981,
RHI,0000315213,2019,7269853513,
RL,0001037038,2019,10452208000,
ROL,0000084839,2019,16286434837,
ROP,0000882835,2019,36875343000,
ROST,0000745732,2019,33778838660,
RSG,0001060391,2019,24671126693,
SBAC,0001034054,2019,26936657250,
SBUX,0000829224,2019,104683102000,
SCHW,0000316709,2019,62339430445,
SJM,0000091419,2019,13948217758,
SLG,0001040971,2019,7164893003,
SNPS,0000883241,2019,20407433250,
SPG,0001063761,2019,45872248684,
SRE,0001032208,2019,44188673879,
STT,0000093751,2019,28269502806,
STX,0001137789,2019,12679896394,
SWKS,0000004127,2019,13177647000,
SYF,0001601712,2019,22179465300,
SYK,0000310764,2019,66174059415,
TDG,0001260221,2019,29975294803,
TEL,0001385157,2019,31443960154,
TFX,0000096943,2019,12977762670,
TMO,0000097745,2019,97129466066,
TMUS,0001283699,2019,67198521468,
TPR,0001116132,2019,9100164000,
TROW,0001113169,2019,28658473760,
TSCO,0000916365,2019,10906629500,
TSN,0000100493,2019,31183200000,
TTWO,0000946581,2019,10586520970,
ULTA,0001403568,2019,17069034240,
UPS,0001090727,2019,101139840000,
URI,0001067701,2019,12401383260,
VFC,0000103379,2019,34488048993,
VLO,0001035002,2019,36674904248,
VMC,0001396009,2019,19060100290,
VNO,0000899689,2019,12700547520,
VRSK,0001442145,2019,24366547968,
VRSN,0001014473,2019,22488646200,
VRTX,0000875320,2019,56706517350,
VTR,0000740260,2019,22935982975,
WAB,0000943452,2019,14914260000,
WAT,0001000697,2019,14623452550,
WDC,0000106040,2019,14027233185,
WEC,0000783325,2019,29092526794,
WELL,0000766704,2019,33550785975,
WM,0000823768,2019,48353228000,
WRB,0000011544,2019,19010637317,
WU,0001365135,2019,11194040000,
WYNN,0001174922,2019,14909630764,
XRAY,0000818479,2019,12523367000,
XRX,0001770450,2019,7838193300,
XYL,0001524472,2019,14193230600,
ZBH,0001136869,2019,25278173539,
ZION,0000109380,2019,8569759440,
ZTS,0001555280,2019,62936158594,
A,0001090872,2020,31239540000,
AAL,0000006201,2020,9800732062,
ABBV,0001551152,2020,119841274457,
ACN,0001467373,2020,152667438126,
ADI,0000006281,2020,43795045078,
AES,0000874761,2020,15636198008,
AFL,0000004977,2020,30793429380,
AIZ,0001267238,2020,7896374806,
ALB,0000915913,2020,15761331840,
ALGN,0001097149,2020,42141206800,
ALK,0000766421,2020,6459314680,
ALLE,0001579241,2020,10615338798,
AMD,0000002488,2020,111181910000,
AME,0001037868,2020,27876670000,
AMP,0000820027,2020,22038564502,
AMT,0001053507,2020,99734311800,
AMZN,0001018724,2020,1638235790000,
ANET,0001596532,2020,88535394842,
AON,0000315293,2020,54324527611,
AOS,0000091142,2020,8855106889,
APH,0000820313,2020,78291999000,
ARE,0001035443,2020,24360950434,
ATO,0000731802,2020,12033105976,
AVB,0000915912,2020,22384263829,
AVGO,0001730168,2020,142299410000,
AWK,0001410636,2020,24784487767,
BBT,0001108134,2020,870262449,
BIIB,0000875045,2020,37316664000,
BR,0001383312,2020,14524469000,
CAH,0000721371,2020,15973295595,
CARR,0001783180,2020,32734514369,
CBOE,0001374310,2020,9991769761,
CBRE,0001138118,2020,21046407558,
CCI,0001051470,2020,68610890000,
CCL,0000815097,2020,27096360349,
CDW,0001402057,2020,18701001000,
CE,0001306830,2020,14835050212,
CF,0001324404,2020,8282192553,
CFG,0000759944,2020,15277023557,
CHD,0000313927,2020,18601343170,
CHRW,0001043277,2020,12606553260,
CINF,0000020286,2020,18521830701,
CMG,0001058090,2020,24068161343,
CMS,0000811156,2020,17625789000,
CNC,0001071739,2020,34906184370,
COF,0000927628,2020,45369402168,
COO,0000711404,2020,15665355000,
COTY,0001024305,2020,3419997000,
CPRT,0000900075,2020,21943155175,
CRM,0001108524,2020,162802830000,
CTAS,0000723254,2020,25642874649,
CTVA,0001755672,2020,28786693760,
DAL,0000027904,2020,35678839281,
DG,0000029534,2020,38649501760,
DGX,0001022079,2020,14769472376,
DHR,0000313616,2020,157941520661,
DLR,0001297996,2020,39103219674,
DLTR,0000935703,2020,20611781840,
DOW,0001751788,2020,34169149964,
DVA,0000927066,2020,12906134200,
DVN,0001090012,2020,8963689000,
DXC,0001688568,2020,4151378679,
DXCM,0001093557,2020,35530092000,
EA,0000712515,2020,28848960000,
EBAY,0001065088,2020,34371000000,
EFX,0000033185,2020,23487912000,
EL,0001001250,2020,68038008000,
EOG,0000821189,2020,44049880852,
EQIX,0001101239,2020,63657900093,
EQR,0000906107,2020,22070062560,
ES,0000072741,2020,29668952530,
ETSY,0001370637,2020,22387470484,
EVRG,0001711269,2020,16317182346,
EXPE,0001324424,2020,18280997600,
EXR,0001289490,2020,15219133361,
FANG,0001539838,2020,7651468009,
FIS,0001136893,2020,96941228239,
FITB,0000035527,2020,19650802160,
FLS,0000030625,2020,6317282936,
FMC,0000037785,2020,14866607294,
FRT,0000034903,2020,6531035777,
FTV,0001659166,2020,23930077831,
GILD,0000882095,2020,73058040000,
GM,0001467858,2020,58296000000,
GPN,0001123360,2020,64266778318,
GRMN,0001121788,2020,23028749910,
GS,0000886982,2020,90739637670,
HBAN,0000049196,2020,12847195281,
HIG,0000874766,2020,20810869310,
HII,0001501585,2020,6904440000,
HLT,0001585689,2020,30884763979,
HPE,0001645590,2020,11119680000,
HRL,0000048465,2020,26690527270,
HSIC,0001000228,2020,9378311049,
HST,0001070750,2020,10320002000,
ICE,0001571949,2020,64677690000,
IEX,0000832101,2020,13332132980,
INTU,0000896878,2020,80189283800,
IPGP,0001111928,2020,11956480697,
IRM,0001020569,2020,8498289485,
ISRG,0001035267,2020,288871110000,
IT,0000749251,2020,14325756213,
IVZ,0000914208,2020,8002113000,
JBHT,0000728535,2020,14437570453,
JKHY,0000779152,2020,14896106662,
KEYS,0001601046,2020,23503679273,
KHC,0001637459,2020,42780540000,
KMI,0001506307,2020,30952397783,
KSS,0000885639,2020,4416762925,
LDOS,0001336920,2020,14026680000,
LEG,0000058492,2020,6194583779,
LEN,0000920760,2020,23471541573,
LKQ,0001065696,2020,10697207720,
LNT,0000352541,2020,12875719425,
LRCX,0000707549,2020,43965534120,
LVS,0001300514,2020,45534400000,
LW,0001679273,2020,8771095914,
LYB,0001489393,2020,30615835065,
LYV,0001335258,2020,16019744919,
MA,0001141391,2020,357653880000,
MAA,0000912595,2020,14490007474,
MCHP,0000827054,2020,16633078595,
MCK,0000927653,2020,22861767042,
MDLZ,0001103982,2020,82222269684,
MET,0001099219,2020,41922152670,
MGM,0000789570,2020,15575955926,
MHK,0000851968,2020,10941102800,
MKC,0000063754,2020,49830170000,
MKTX,0001278021,2020,21684321085,
MLM,0000916076,2020,17691331000,
MOS,0001285785,2020,8715369810,
MPC,0001510295,2020,37885566395,
MSCI,0001408198,2020,36871503428,
MTB,0000036270,2020,21981181393,
MTD,0001037646,2020,26750390098,
NCLH,0001513761,2020,8026624294,
NDAQ,0001120193,2020,21893312911,
NFLX,0001065280,2020,239486754481,
NI,0001111711,2020,8986975570,
NOW,0001373715,2020,107798963350,
NTAP,0001002047,2020,9430140000,
NVDA,0001045810,2020,153293760000,
NVR,0000906163,2020,15077437149,
NWL,0000814453,2020,8270955000,
O,0000726728,2020,22462217255,
ODFL,0000878927,2020,22847321105,
OMC,0000029989,2020,13409550000,
OTIS,0001781335,2020,29276170000,
PFG,0001126328,2020,13558413000,
PGR,0000080661,2020,47224117745,
PKG,0000075677,2020,9688662143,
PM,0001413329,2020,128673916611,
PNR,0000077360,2020,8816313923,
PNW,0000764622,2020,11292293060,
POOL,0000945841,2020,14986498225,
PRU,0001137774,2020,36150820000,
PSA,0001393311,2020,40316161680,
PSX,0001534701,2020,40152166584,
PVH,0000078239,2020,2402948752,
PWR,0001050915,2020,5409636857,
PYPL,0001633917,2020,274482400000,
QCOM,0000804328,2020,129499500000,
QRVO,0001604778,2020,9249091250,
RCL,0000884887,2020,22176991698,
REGN,0000872589,2020,51982636000,
RF,0001281761,2020,15729783418,
RHI,0000315213,2020,7068206262,
RJF,0000720005,2020,14908534245,
RL,0001037038,2020,5153642000,
ROL,0000084839,2020,19207283145,
ROP,0000882835,2020,45221341000,
ROST,0000745732,2020,40026587250,
RSG,0001060391,2020,30993776226,
SBAC,0001034054,2020,30983234470,
SBUX,0000829224,2020,98909190000,
SCHW,0000316709,2020,58587129644,
SJM,0000091419,2020,13108096945,
SNPS,0000883241,2020,32638885480,
SPG,0001063761,2020,26329144660,
SRE,0001032208,2020,73507987576,
STE,0001757898,2020,11886812280,
STT,0000093751,2020,25702713986,
STX,0001137789,2020,12153069886,
SWKS,0000004127,2020,24315048000,
SYF,0001601712,2020,20270971480,
SYK,0000310764,2020,78922983052,
TDG,0001260221,2020,24939254979,
TEL,0001385157,2020,34827193042,
TER,0000097210,2020,19916486,
TFX,0000096943,2020,17977992577,
TMO,0000097745,2020,124909063151,
TMUS,0001283699,2020,167457499454,
TPR,0001116132,2020,3466310000,
TROW,0001113169,2020,32717648554,
TSCO,0000916365,2020,17074212480,
TSLA,0001318605,2020,677443104000,
TSN,0000100493,2020,21648150000,
TTWO,0000946581,2020,13462946660,
TYL,0000860731,2020,13115716320,
ULTA,0001403568,2020,15166117190,
UPS,0001090727,2020,146002800000,
URI,0001067701,2020,16743124638,
VFC,0000103379,2020,22469454611,
VLO,0001035002,2020,34511213093,
VMC,0001396009,2020,19651075000,
VNO,0000899689,2020,7145183714,
VNT,0001786842,2020,5627803073,
VRSK,0001442145,2020,33799290222,
VRSN,0001014473,2020,24554908000,
VRTX,0000875320,2020,61422296011,
VTR,0000740260,2020,22278413142,
WAB,0000943452,2020,13827480000,
WAT,0001000697,2020,15416492780,
WDC,0000106040,2020,12816876316,
WEC,0000783325,2020,29029439888,
WELL,0000766704,2020,26972426901,
WM,0000823768,2020,49860804000,
WRB,0000011544,2020,17716719694,
WST,0000105770,2020,20964940000,
WU,0001365135,2020,9021728000,
WYNN,0001174922,2020,12173040951,
XRAY,0000818479,2020,11451132000,
XRX,0001770450,2020,4600571340,
XYL,0001524472,2020,18358233660,
ZBH,0001136869,2020,32279455259,
ZION,0000109380,2020,7128069600,
ZTS,0001555280,2020,78665087790,
A,0001090872,2021,47561980000,
AAL,0000006201,2021,11633187606,
AAP,0001158449,2021,10452521110,
ABBV,0001551152,2021,180967555591,
ACN,0001467373,2021,213629801769,
ADI,0000006281,2021,91139618285,
AES,0000874761,2021,16203085088,
AFL,0000004977,2021,38077987480,
ALGN,0001097149,2021,51726637800,
ALK,0000766421,2021,6559695514,
ALLE,0001579241,2021,11683277375,
AMD,0000002488,2021,176390980000,
AME,0001037868,2021,34069168000,
AMP,0000820027,2021,25461338749,
AMT,0001053507,2021,133313310000,
AMZN,0001018724,2021,33926909500000,
ANET,0001596532,2021,44229143750,
AON,0000315293,2021,51357202472,
LUMN,0000018926,2012,24475740960,
AOS,0000091142,2021,13728001699,
APA,0001841666,2021,9328968271,
APH,0000820313,2021,52397286000,
ARE,0001035443,2021,35237463485,
ATO,0000731802,2021,11679422303,
AVB,0000915912,2021,35299938988,
AVGO,0001730168,2021,219579710000,
AWK,0001410636,2021,28424273688,
BBT,0001108134,2021,1383605937,
BEN,0000038777,2021,14913724160,
BIIB,0000875045,2021,35268240000,
BR,0001383312,2021,18753633000,
CAH,0000721371,2021,17246410807,
CARR,0001783180,2021,46811240621,
CBOE,0001374310,2021,13906703339,
CBRE,0001138118,2021,36120370311,
CCI,0001051470,2021,90175680000,
KO,0000021344,2010,127657763686,
CI,0001739940,2021,74158549240,
KO,0000021344,2011,146285641145,
KO,0000021344,2012,156274251460,
KO,0000021344,2013,168107402809,
KO,0000021344,2014,165220993125,
KO,0000021344,2015,182727295330,
KO,0000021344,2016,190238132365,
KO,0000021344,2017,177019425973,
KO,0000021344,2018,191880475854,
KO,0000021344,2019,193416383002,
KO,0000021344,2020,256429800525,
KO,0000021344,2021,218180450156,
KO,0000021344,2022,271140500682,
CCL,0000815097,2021,19507596869200,
CDW,0001402057,2021,27604344000,
CE,0001306830,2021,18154468904,
CF,0001324404,2021,14692227723,
CFG,0000759944,2021,19945982558,
CHD,0000313927,2021,20326402393,
CHRW,0001043277,2021,13904289180,
CINF,0000020286,2021,15517297012,
CMG,0001058090,2021,42409728667,
CMS,0000811156,2021,18851490000,
CNC,0001071739,2021,47996269600,
COF,0000927628,2021,60046735133,
COO,0000711404,2021,20554156000,
CPRT,0000900075,2021,34841098131,
CRL,0001100682,2021,18637216000,
CRM,0001108524,2021,207289640000,
CTAS,0000723254,2021,36789864174,
CTVA,0001755672,2021,34350196560,
CZR,0001590895,2021,19994829183,
DAL,0000027904,2021,24224047403,
DG,0000029534,2021,46859168850,
DGX,0001022079,2021,17235682383,
DHR,0000313616,2021,235242124260,
DLR,0001297996,2021,50304481050,
DLTR,0000935703,2021,23725736010,
DOW,0001751788,2021,38609165664,
DPZ,0001286681,2021,14904457491,
DVA,0000927066,2021,11067596640,
DVN,0001090012,2021,12250420000,
DXC,0001688568,2021,9511944041,
DXCM,0001093557,2021,208336600000,
EA,0000712515,2021,38715820000,
TAP,0000024545,2011,8050546000,
EBAY,0001065088,2021,39501000000,
TAP,0000024545,2012,7721968000,
TAP,0000024545,2013,10275450000,
EFX,0000033185,2021,35749659000,
EL,0001001250,2021,115431232000,
ENPH,0001463101,2021,24494568360,
EOG,0000821189,2021,35609043489,
EPAM,0001352010,2021,38000714050,
EQIX,0001101239,2021,76608918051,
EQR,0000906107,2021,33985211148,
ES,0000072741,2021,31333802772,
ETSY,0001370637,2021,27810222515,
EVRG,0001711269,2021,12307224150,
EW,0001099800,2021,80852155000,
EXPE,0001324424,2021,27130590000,
EXR,0001289490,2021,30364204213,
FANG,0001539838,2021,19148912774,
FIS,0001136893,2021,82603898100,
FITB,0000035527,2021,29734967267,
CMI,0000026172,2009,9054873468,
CMI,0000026172,2010,9093374066,
FMC,0000037785,2021,13813115747,
FRT,0000034903,2021,10715202538,
FTNT,0001262039,2021,291114000000,
FTV,0001659166,2021,27395748408,
GILD,0000882095,2021,91052940000,
GM,0001467858,2021,87945000000,
GNRC,0001474735,2021,22848248324,
GPN,0001123360,2021,38492566101,
GRMN,0001121788,2021,25901923840,
GS,0000886982,2021,127608448318,
HBAN,0000049196,2021,22169984292,
HIG,0000874766,2021,17668357447,
HII,0001501585,2021,7469600000,
HLT,0001585689,2021,43535406494,
HPE,0001645590,2021,18971750000,
HRL,0000048465,2021,22899944480,
HSIC,0001000228,2021,10276316661,
HST,0001070750,2021,12418199000,
ICE,0001571949,2021,76727970000,
IDXX,0000874716,2021,55680694520,
IEX,0000832101,2021,14973045110,
ILMN,0001110803,2021,54020003154,
INTU,0000896878,2021,144806352950,
IPGP,0001111928,2021,9125187017,
IRM,0001020569,2021,15162987002,
ISRG,0001035267,2021,128521610000,
IT,0000749251,2021,16229832776,
IVZ,0000914208,2021,10616824000,
JBHT,0000728535,2021,21481153506,
JKHY,0000779152,2021,13109359503,
KEYS,0001601046,2021,37357139335,
DG,0000029534,2010,7582055220,
KHC,0001637459,2021,43146000000,
KMI,0001506307,2021,35960829618,
LDOS,0001336920,2021,12446000000,
LEN,0000920760,2021,32209592225,
LKQ,0001065696,2021,17228610000,
LNT,0000352541,2021,15396669298,
LRCX,0000707549,2021,89838330440,
LVS,0001300514,2021,28756960000,
LW,0001679273,2021,12059366861,
LYB,0001489393,2021,30393141157,
LYV,0001335258,2021,26891300361,
MA,0001141391,2021,355008160000,
MAA,0000912595,2021,26462892829,
MCHP,0000827054,2021,84914216721,
MCK,0000927653,2021,29669418114,
MDLZ,0001103982,2021,78287631151,
MET,0001099219,2021,51588011285,
MGM,0000789570,2021,20366712704,
MHK,0000851968,2021,13290395360,
MKC,0000063754,2021,22939686000,
MKTX,0001278021,2021,15594929034,
MLM,0000916076,2021,27488448000,
MOS,0001285785,2021,14487489356,
MPC,0001510295,2021,32863328527,
MPWR,0001280452,2021,22819472480,
MRNA,0001682852,2021,102353940000,
MSCI,0001408198,2021,50509826008,
MTB,0000036270,2021,19291629702,
NCLH,0001513761,2021,8646338317,
NDAQ,0001120193,2021,105004950000,
NFLX,0001065280,2021,267461134181,
NI,0001111711,2021,11190416465,
NOW,0001373715,2021,129567548880,
NTAP,0001002047,2021,16581180000,
NVDA,0001045810,2021,1288058652000,
NVR,0000906163,2021,20370481046,
NWL,0000814453,2021,10271074000,
NXPI,0001413447,2021,53072000846,
O,0000726728,2021,42328445936,
ODFL,0000878927,2021,41217703821,
OGN,0001821825,2021,7720597500,
OMC,0000029989,2021,15320757000,
OTIS,0001781335,2021,37849329000,
PENN,0000921738,2021,18833148710,
PFG,0001126328,2021,18928761000,
PGR,0000080661,2021,51071344404,
PKG,0000075677,2021,12714566933,
PLD,0001045609,2021,124557273720,
PM,0001413329,2021,124051040330,
PNR,0000077360,2021,12057168796,
PNW,0000764622,2021,8694157017,
POOL,0000945841,2021,22749181966,
PRU,0001137774,2021,31077160000,
PSA,0001393311,2021,65598361465,
PSX,0001534701,2021,29623586732,
WFC,0000072971,2009,80093989420,
WFC,0000072971,2011,145464436000,
WFC,0000072971,2012,154031360584,
PVH,0000078239,2021,7471466597,
PWR,0001050915,2021,16354406872,
PYPL,0001633917,2021,220261440000,
QCOM,0000804328,2021,150615000000,
QRVO,0001604778,2021,21712245300,
RCL,0000884887,2021,20482654950,
REGN,0000872589,2021,66751664000,
RHI,0000315213,2021,12343701493,
RJF,0000720005,2021,18981996000,
RL,0001037038,2021,8978760000,
ROP,0000882835,2021,51891230000,
ROST,0000745732,2021,39675218870,
RSG,0001060391,2021,28726360035,
SBAC,0001034054,2021,42386063120,
SBUX,0000829224,2021,133245600000,
SCHW,0000316709,2021,158696700000,
SEDG,0001419612,2021,14818415375,
SJM,0000091419,2021,14191333076,
SNPS,0000883241,2021,50997197160,
SPG,0001063761,2021,52498366878,
SRE,0001032208,2021,83844297526,
STE,0001757898,2021,16258039440,
STT,0000093751,2021,34036402260,
STX,0001137789,2021,23000070456,
STZ,0000016918,2021,41549094890,
SWKS,0000004127,2021,27095976000,
SYF,0001601712,2021,24439653210,
SYK,0000310764,2021,83144170191,
TDG,0001260221,2021,34420065323,
TEL,0001385157,2021,50568780624,
TER,0000097210,2021,26532906030,
TFX,0000096943,2021,18449478422,
TMO,0000097745,2021,193966858387,
TMUS,0001283699,2021,144883802722,
TPR,0001116132,2021,11923470000,
TROW,0001113169,2021,37244110175,
TSCO,0000916365,2021,25823043750,
TSLA,0001318605,2021,3276018000000,
TSN,0000100493,2021,28583150000,
TTWO,0000946581,2021,20349302100,
TYL,0000860731,2021,19032109439,
ULTA,0001403568,2021,15739297600,
UPS,0001090727,2021,187333160000,
URI,0001067701,2021,24064629876,
VFC,0000103379,2021,31155428007,
VMC,0001396009,2021,27545866000,
VNO,0000899689,2021,8025550231,
VRSK,0001442145,2021,36974579388,
VRSN,0001014473,2021,28047110000,
VRTX,0000875320,2021,55883598502,
VTR,0000740260,2021,19332407909,
WAB,0000943452,2021,17114038000,
WAT,0001000697,2021,22627252800,
WDC,0000106040,2021,21624686899,
WEC,0000783325,2021,30619229924,
WELL,0000766704,2021,38359729942,
WM,0000823768,2021,69447090000,
WRB,0000011544,2021,32771163340,
WST,0000105770,2021,34800542000,
WYNN,0001174922,2021,9840398753,
XRAY,0000818479,2021,12128746000,
XYL,0001524472,2021,21632608640,
ZION,0000109380,2021,9576635000,
ZTS,0001555280,2021,115322255183,
A,0001090872,2022,40849095378,
AAL,0000006201,2022,8276172104,
AAP,0001158449,2022,8713585920,
ABBV,0001551152,2022,242124711652,
ACN,0001467373,2022,182526731327,
ADI,0000006281,2022,73786795932,
AES,0000874761,2022,19233062025,
AFL,0000004977,2022,44261516640,
ALGN,0001097149,2022,16295610300,
ALK,0000766421,2022,5476306353,
ALLE,0001579241,2022,9247383307,
AMD,0000002488,2022,104409240000,
AME,0001037868,2022,32149572000,
AMP,0000820027,2022,33668287280,
AMT,0001053507,2022,98646041340,
AMZN,0001018724,2022,860328000000,
ANET,0001596532,2022,37241101500,
AON,0000315293,2022,60126951038,
APA,0001841666,2022,14543581075,
APH,0000820313,2022,45288072000,
ARE,0001035443,2022,24872918700,
ATO,0000731802,2022,14350318506,
AVB,0000915912,2022,22599371873,
AVGO,0001730168,2022,197672200000,
AWK,0001410636,2022,27333255896,
BBT,0001108134,2022,1326400538,
BEN,0000038777,2022,10750857766,
BIIB,0000875045,2022,39876480000,
BR,0001383312,2022,16721115000,
BRO,0000079282,2022,16133904000,
CAH,0000721371,2022,16230836400,
CARR,0001783180,2022,34429929848,
CBOE,0001374310,2022,13293696939,
CBRE,0001138118,2022,23935649754,
CCI,0001051470,2022,58732120000,
CCL,0000815097,2022,22587734066,
CDW,0001402057,2022,24197590000,
CE,0001306830,2022,11090374808,
CEG,0001868275,2022,28190670000,
CF,0001324404,2022,16665495221,
CFG,0000759944,2022,19381148560,
CHRW,0001043277,2022,10650533880,
CHTR,0001091667,2022,54765109480,
CINF,0000020286,2022,19362751581,
CMG,0001058090,2022,41583712941,
CMS,0000811156,2022,18448029000,
CNC,0001071739,2022,45167335540,
COF,0000927628,2022,35447386538,
COO,0000711404,2022,13478127000,
CPRT,0000900075,2022,121972195078,
CPT,0000906345,2022,11915220000,
CRL,0001100682,2022,11100697600,
CRM,0001108524,2022,230071070000,
CSGP,0001057352,2022,31429776000,
CTAS,0000723254,2022,40514628271,
CTVA,0001755672,2022,41934768820,
CZR,0001590895,2022,8930344966,
DAL,0000027904,2022,25398812174,
DG,0000029534,2022,46999169280,
DGX,0001022079,2022,16128784531,
DHI,0000882184,2022,23165236099,
DHR,0000313616,2022,193305370851,
DLR,0001297996,2022,29193409960,
DLTR,0000935703,2022,28923124441,
DOW,0001751788,2022,35518899169,
DPZ,0001286681,2022,20393911602,
DVA,0000927066,2022,6750989370,
DVN,0001090012,2022,35362008000,
DXC,0001688568,2022,6934350820,
DXCM,0001093557,2022,43744612000,
EA,0000712515,2022,35422800000,
EBAY,0001065088,2022,22352330000,
EFX,0000033185,2022,23809100000,
EL,0001001250,2022,91681200000,
ENPH,0001463101,2022,36151407360,
EOG,0000821189,2022,68347687397,
HUBB,0000048898,2011,3991542000,
HUBB,0000048898,2012,5001633000,
HUBB,0000048898,2013,6435990000,
HUBB,0000048898,2014,0,
EPAM,0001352010,2022,18895849700,
EQIX,0001101239,2022,60669339086,
EQT,0000033213,2022,8107061270,
ESS,0000920522,2022,13691007468,
ETSY,0001370637,2022,14979001419,
EVRG,0001711269,2022,13981133678,
HUBB,0000048898,2015,5843803294,
EW,0001099800,2022,45385263000,
EXPD,0000746515,2022,16036206960,
HUM,0000049071,2020,44419488551,
TTD,0001671933,2019,115687567620,
EXR,0001289490,2022,19710495724,
FANG,0001539838,2022,24598624214,
FDS,0001013237,2022,16486314565,
FIS,0001136893,2022,58301255217,
FITB,0000035527,2022,22421890723,
FMC,0000037785,2022,15613828339,
FRT,0000034903,2022,8218892577,
FSLR,0001274494,2022,15968976190,
FTNT,0001262039,2022,38207535000,
FTV,0001659166,2022,22673832940,
GILD,0000882095,2022,107054950000,
GM,0001467858,2022,47096000000,
GNRC,0001474735,2022,18800868969,
ITW,0000049826,2023,78398642000,
GPN,0001123360,2022,26129291527,
GS,0000886982,2022,115004362260,
HBAN,0000049196,2022,20347259308,
HIG,0000874766,2022,23420899558,
HII,0001501585,2022,9195702030,
HLT,0001585689,2022,33846827634,
ITW,0000049826,2024,74546640000,
HPE,0001645590,2022,18279870000,
HRL,0000048465,2022,25589349280,
HSIC,0001000228,2022,10526292294,
ICE,0001571949,2022,57347810000,
IEX,0000832101,2022,14412513276,
ILMN,0001110803,2022,59729076609,
INTU,0000896878,2022,128608920440,
INVH,0001687229,2022,18122233362,
IRM,0001020569,2022,14497890256,
ISRG,0001035267,2022,92872500000,
IT,0000749251,2022,23575340673,
IVZ,0000914208,2022,8181852000,
JBHT,0000728535,2022,18088696086,
JKHY,0000779152,2022,15343851685,
KDP,0001418135,2022,50223340488,
KEYS,0001601046,2022,32737448726,
KHC,0001637459,2022,49869750000,
KMI,0001506307,2022,40638083798,
LDOS,0001336920,2022,14403350078,
LEN,0000920760,2022,25455241514,
LKQ,0001065696,2022,14276493000,
LNT,0000352541,2022,13865161473,
LVS,0001300514,2022,36725480000,
LW,0001679273,2022,9795416390,
LYB,0001489393,2022,27044827768,
LYV,0001335258,2022,16128325068,
MA,0001141391,2022,336602640000,
MAA,0000912595,2022,18129257949,
MCHP,0000827054,2022,41665169373,
MCK,0000927653,2022,45006557964,
MDLZ,0001103982,2022,92212748682,
MET,0001099219,2022,56383352221,
MGM,0000789570,2022,12710804680,
MHK,0000851968,2022,7244842500,
MKC,0000063754,2022,22845276000,
MKTX,0001278021,2022,10499691996,
MLM,0000916076,2022,20988732243,
MNST,0000865752,2022,106058238000,
MOS,0001285785,2022,14875063327,
MPC,0001510295,2022,44318348037,
MPWR,0001280452,2022,16657506270,
MRNA,0001682852,2022,69153700000,
MSCI,0001408198,2022,37194988083,
MTB,0000036270,2022,23522986433,
MTCH,0000891103,2022,11601656352,
NCLH,0001513761,2022,5158102036,
NDAQ,0001120193,2022,30184200000,
IFF,0000051253,2011,4241889723,
IFF,0000051253,2012,5431452196,
IFF,0000051253,2013,6997417471,
IFF,0000051253,2014,8187616522,
IFF,0000051253,2015,9573866895,
NFLX,0001065280,2022,131323857307,
NI,0001111711,2022,11300950147,
NOW,0001373715,2022,78772994140,
NTAP,0001002047,2022,16115000000,
NVDA,0001045810,2022,572370400000,
NVR,0000906163,2022,14847586299,
NWL,0000814453,2022,9075915000,
NXPI,0001413447,2022,49118263606,
O,0000726728,2022,41882829000,
ODFL,0000878927,2022,31279031576,
OGN,0001821825,2022,7104554100,
OKE,0001039684,2022,29378265555,
OMC,0000029989,2022,16534239000,
ON,0001097864,2022,26939874204,
OTIS,0001781335,2022,34111836000,
PAYX,0000723531,2022,44566417000,
PCG,0001004980,2022,32321383254,
PGR,0000080661,2022,63549641922,
PKG,0000075677,2022,13886964771,
PLD,0001045609,2022,104065797660,
PM,0001413329,2022,159399790978,
PNR,0000077360,2022,7401141576,
PNW,0000764622,2022,7765199438,
POOL,0000945841,2022,11811857446,
PRU,0001137774,2022,41950320000,
PSA,0001393311,2022,49107687517,
PSX,0001534701,2022,37177157707,
PVH,0000078239,2022,4929144243,
PWR,0001050915,2022,20367610215,
PYPL,0001633917,2022,80905920000,
QCOM,0000804328,2022,135853990000,
QRVO,0001604778,2022,12916877530,
RCL,0000884887,2022,20752125504,
REGN,0000872589,2022,77271579000,
RF,0001281761,2022,22379049680,
RHI,0000315213,2022,7951380107,
RJF,0000720005,2022,21256182000,
RL,0001037038,2022,8176000000,
ROP,0000882835,2022,45844749000,
ROST,0000745732,2022,33684224400,
RSG,0001060391,2022,40212095831,
SBAC,0001034054,2022,30272639070,
SBUX,0000829224,2022,96722054000,
SCHW,0000316709,2022,156945100000,
SEDG,0001419612,2022,15900909351,
SJM,0000091419,2022,14577337347,
SNPS,0000883241,2022,44577306250,
SPG,0001063761,2022,38511905329,
SRE,0001032208,2022,97154562276,
STE,0001757898,2022,24193198590,
STLD,0001022671,2022,16895863125,
STT,0000093751,2022,27073804634,
STX,0001137789,2022,14498548176,
STZ,0000016918,2022,40583450019,
SWKS,0000004127,2022,13660254000,
SYF,0001601712,2022,14399802569,
SYK,0000310764,2022,93649959362,
TDG,0001260221,2022,31306717393,
TECH,0000842023,2022,54299149648,
TEL,0001385157,2022,39371485174,
TER,0000097210,2022,13605548650,
TFX,0000096943,2022,15116985615,
TMO,0000097745,2022,232532211923,
TMUS,0001283699,2022,172754410920,
TPR,0001116132,2022,7433784000,
LLY,0000059478,2024,743085611331,
LPX,0000060519,2009,757330000,
LPX,0000060519,2010,1221286000,
TRGP,0001389170,2022,16614103832,
TROW,0001113169,2022,32437146771,
TSCO,0000916365,2022,24803167470,
TSLA,0001318605,2022,389741520000,
TSN,0000100493,2022,23932590000,
TTWO,0000946581,2022,17741596000,
TYL,0000860731,2022,16884003279,
UHS,0000352915,2022,10301595020,
ULTA,0001403568,2022,18770756130,
UPS,0001090727,2022,151414640000,
VFC,0000103379,2022,21954390122,
VICI,0001705696,2022,31204328641,
VMC,0001396009,2022,23272119000,
VNO,0000899689,2022,3992749773,
VRSK,0001442145,2022,27292374413,
VRTX,0000875320,2022,74219817934,
VTR,0000740260,2022,20338348080,
WAB,0000943452,2022,18085572000,
WAT,0001000697,2022,20247848320,
WBD,0001437107,2022,23036400000,
WDC,0000106040,2022,13677320853,
WEC,0000783325,2022,29575141627,
WELL,0000766704,2022,32152860820,
WM,0000823768,2022,63991352000,
WST,0000105770,2022,17439435000,
WYNN,0001174922,2022,9349577634,
XRAY,0000818479,2022,6851968000,
XYL,0001524472,2022,19930574210,
ZBRA,0000877212,2022,26980431842,
ZION,0000109380,2022,7308322240,
ZTS,0001555280,2022,67971071046,
A,0001090872,2023,30196779422,
AAL,0000006201,2023,8989713658,
ABBV,0001551152,2023,261428845715,
ABNB,0001559720,2023,86721180000,
ACGL,0000947484,2023,27732418000,
ACN,0001467373,2023,204172012381,
AES,0000874761,2023,12891594754,
AFL,0000004977,2023,47724517500,
AIZ,0001267238,2023,8754065429,
AKAM,0001086222,2023,17898414662,
ALLE,0001579241,2023,11085967022,
AME,0001037868,2023,38073101000,
AMP,0000820027,2023,36819349524,
AMT,0001053507,2023,100663980480,
AMZN,0001018724,2023,1577593020000,
ANET,0001596532,2023,294147750820,
AON,0000315293,2023,63645423085,
APA,0001841666,2023,10892303328,
APH,0000820313,2023,118737914000,
ARE,0001035443,2023,21793106635,
ATO,0000731802,2023,15729840503,
AVB,0000915912,2023,26590005872,
AVGO,0001730168,2023,3469972040000,
AWK,0001410636,2023,28459055287,
AXON,0001069183,2023,19452616862,
AZO,0000866787,2023,46025516200,
BBT,0001108134,2023,1080126652,
BBY,0000764478,2023,18577758000,
BEN,0000038777,2023,12190153361,
BIIB,0000875045,2023,37495773000,
BIO,0000012208,2023,9431294010,
BLDR,0001316835,2023,20342807580,
BR,0001383312,2023,19560903000,
BRO,0000079282,2023,20266350000,
BX,0001393818,2023,94178364285,
CAH,0000721371,2023,22929847781,
CARR,0001783180,2023,48252845299,
CBOE,0001374310,2023,18843046646,
CBRE,0001138118,2023,28382130043,
CCI,0001051470,2023,49992460000,
CCL,0000815097,2023,11446569414,
CDNS,0000813672,2023,74004563220,
CDW,0001402057,2023,30483612000,
CE,0001306830,2023,16920791408,
CEG,0001868275,2023,37054130000,
CF,0001324404,2023,14960977880,
DVA,0000927066,2023,9305202240,
CFG,0000759944,2023,15457094343,
CHRW,0001043277,2023,10087587520,
CHTR,0001091667,2023,57994238512,
CINF,0000020286,2023,19925523256,
CMG,0001058090,2023,46964874017,
CMS,0000811156,2023,17095808000,
CNC,0001071739,2023,39664057640,
COF,0000927628,2023,49876685532,
COO,0000711404,2023,61757675000,
CPRT,0000900075,2023,84619650479,
CPT,0000906345,2023,10604172000,
CRL,0001100682,2023,12136303200,
CRM,0001108524,2023,164778570000,
CSGP,0001057352,2023,35663859000,
CTAS,0000723254,2023,48031816357,
CTVA,0001755672,2023,33604379200,
CZR,0001590895,2023,10116734472,
DAL,0000027904,2023,25072431410,
DG,0000029534,2023,49975659450,
DGX,0001022079,2023,16529239485,
DHI,0000882184,2023,35986175281,
DHR,0000313616,2023,171006528000,
DLR,0001297996,2023,41936204640,
DLTR,0000935703,2023,33265300104,
DOW,0001751788,2023,38513771866,
DPZ,0001286681,2023,14315174006,
DVN,0001090012,2023,40476060000,
DXC,0001688568,2023,4755778100,
DXCM,0001093557,2023,47824286000,
EA,0000712515,2023,32882850000,
EBAY,0001065088,2023,22551540000,
EFX,0000033185,2023,30490857000,
EL,0001001250,2023,70284402000,
ENPH,0001463101,2023,17934305080,
EPAM,0001352010,2023,17182386580,
EQIX,0001101239,2023,76092441810,
EQR,0000906107,2023,23197463064,
EQT,0000033213,2023,11412605317,
ESS,0000920522,2023,15918615046,
ETSY,0001370637,2023,9650542450,
EVRG,0001711269,2023,14256176526,
EW,0001099800,2023,45833875000,
EXPD,0000746515,2023,18299755200,
EXR,0001289490,2023,33874330485,
FANG,0001539838,2023,27716497915,
FDS,0001013237,2023,16594652595,
FIS,0001136893,2023,39677434755,
FITB,0000035527,2023,23491994697,
FMC,0000037785,2023,7866165918,
FRT,0000034903,2023,8529993222,
FSLR,0001274494,2023,18407682993,
FTNT,0001262039,2023,44541330000,
FTV,0001659166,2023,25822060183,
GEHC,0001932393,2023,25424000000,
GILD,0000882095,2023,100938460000,
GM,0001467858,2023,43104000000,
GNRC,0001474735,2023,7845473304,
GPN,0001123360,2023,33068608742,
GS,0000886982,2023,124748896083,
HBAN,0000049196,2023,18422629802,
HIG,0000874766,2023,24171138305,
HII,0001501585,2023,10286646003,
HLT,0001585689,2023,46157682362,
HPE,0001645590,2023,19726855629,
HRL,0000048465,2023,17152155190,
HSIC,0001000228,2023,9785348288,
HST,0001070750,2023,13699092000,
HUBB,0000048898,2023,17673595074,
ICE,0001571949,2023,73590390000,
IDXX,0000874716,2023,46086911600,
IEX,0000832101,2023,17444704200,
INTU,0000896878,2023,143491425700,
INVH,0001687229,2023,20873895532,
IRM,0001020569,2023,20444148875,
ISRG,0001035267,2023,118851928000,
IT,0000749251,2023,27034770460,
IVZ,0000914208,2023,8019080000,
JBHT,0000728535,2023,20617168193,
JKHY,0000779152,2023,12275711899,
KDP,0001418135,2023,46329662153,
KEYS,0001601046,2023,26146412499,
KHC,0001637459,2023,45041640000,
KIM,0000879101,2023,13209456060,
KMI,0001506307,2023,39156030920,
KVUE,0001944048,2023,43058454400,
LDOS,0001336920,2023,14695357193,
LEN,0000920760,2023,36242168038,
LKQ,0001065696,2023,12769488000,
LNT,0000352541,2023,13137768302,
LVS,0001300514,2023,37055130000,
LW,0001679273,2023,15943109004,
LYB,0001489393,2023,30851881862,
LYV,0001335258,2023,21837175027,
MA,0001141391,2023,402625440000,
MAA,0000912595,2023,15690691913,
MCHP,0000827054,2023,45698623217,
MCK,0000927653,2023,49391767911,
MDLZ,0001103982,2023,89214800199,
MET,0001099219,2023,48329200070,
MGM,0000789570,2023,14590260300,
NYT,0000071691,2011,1146610100,
NYT,0000071691,2012,1220731280,
NYT,0000071691,2013,2307724550,
NYT,0000071691,2014,2046139340,
NYT,0000071691,2015,2257074700,
NYT,0000071691,2016,2191340800,
NYT,0000071691,2017,2995631000,
NYT,0000071691,2018,3692528000,
MHK,0000851968,2023,7350984000,
MKC,0000063754,2023,17400372000,
MKTX,0001278021,2023,11098923631,
MLM,0000916076,2023,30843325151,
MNST,0000865752,2023,60004905310,
MOS,0001285785,2023,11580205228,
MPC,0001510295,2023,56366139205,
MPWR,0001280452,2023,30295101840,
MRNA,0001682852,2023,37989900000,
MSCI,0001408198,2023,44737944068,
MTB,0000036270,2023,26833414981,
NDSN,0000072331,2009,3542397330,
NDSN,0000072331,2010,5295295420,
NDSN,0000072331,2011,3041918370,
NDSN,0000072331,2012,3793090710,
NDSN,0000072331,2013,4629475620,
NDSN,0000072331,2014,4779399250,
MTCH,0000891103,2023,9814502155,
MTD,0001037646,2023,26110385589,
NCLH,0001513761,2023,8527953263,
NDAQ,0001120193,2023,33430500000,
NDSN,0000072331,2023,12119118130,
NFLX,0001065280,2023,210701986258,
NI,0001111711,2023,11877983365,
NOW,0001373715,2023,144635458760,
NTAP,0001002047,2023,13332680000,
NVDA,0001045810,2023,502200900000,
NVR,0000906163,2023,22365570333,
NXPI,0001413447,2023,48909028009,
O,0000726728,2023,43206253200,
OKE,0001039684,2023,40944797482,
OMC,0000029989,2023,17128980000,
ON,0001097864,2023,35616058164,
OTIS,0001781335,2023,39098390000,
PANW,0001327567,2023,77062668000,
PAYX,0000723531,2023,37827265000,
PCG,0001004980,2023,38468767577,
PGR,0000080661,2023,79811113909,
PKG,0000075677,2023,12647669295,
PLD,0001045609,2023,123221320300,
PM,0001413329,2023,161596276975,
PNR,0000077360,2023,12021472440,
PNW,0000764622,2023,8390832089,
POOL,0000945841,2023,15292453871,
PRU,0001137774,2023,38408040000,
PSA,0001393311,2023,53579571735,
PSX,0001534701,2023,46515970532,
PWR,0001050915,2023,31400744874,
PYPL,0001633917,2023,65831520000,
QCOM,0000804328,2023,119955520000,
QRVO,0001604778,2023,10019778930,
RCL,0000884887,2023,18648261402,
REG,0000910606,2023,12366931690,
REGN,0000872589,2023,93713543000,
RF,0001281761,2023,21532300969,
ES,0000072741,2022,29213532803,
ES,0000072741,2023,21573625218,
RHI,0000315213,2023,9249959191,
RJF,0000720005,2023,20969784000,
RL,0001037038,2023,7898559000,
ROL,0000084839,2023,21139774211,
ROP,0000882835,2023,58278673000,
ROST,0000745732,2023,40952128440,
RSG,0001060391,2023,39280466554,
SBAC,0001034054,2023,27411204500,
SBUX,0000829224,2023,104285102000,
SCHW,0000316709,2023,125491200000,
SJM,0000091419,2023,16120190605,
SNPS,0000883241,2023,71379760320,
SPG,0001063761,2023,46615796981,
SRE,0001032208,2023,47186893332,
STE,0001757898,2023,18865755120,
STLD,0001022671,2023,18898137610,
STT,0000093751,2023,23388585571,
STX,0001137789,2023,12831181002,
SWKS,0000004127,2023,15725105000,
SYF,0001601712,2023,15538585847,
SYK,0000310764,2023,96151159309,
TDG,0001260221,2023,45805056381,
TDY,0001094285,2023,21123729105,
TECH,0000842023,2023,12868309440,
TEL,0001385157,2023,38567708028,
TER,0000097210,2023,16570786960,
TFX,0000096943,2023,11329032926,
TMO,0000097745,2023,226540382058,
TMUS,0001283699,2023,191723789379,
TPR,0001116132,2023,9732720000,
XEL,0000072903,2009,9708346561,
XEL,0000072903,2010,11358959812,
XEL,0000072903,2011,13446692308,
XEL,0000072903,2012,13033398672,
TRGP,0001389170,2023,19338240069,
TROW,0001113169,2023,27233053417,
TSCO,0000916365,2023,116089966340,
TSLA,0001318605,2023,791408800000,
TSN,0000100493,2023,14339160000,
TTWO,0000946581,2023,20149770000,
TYL,0000860731,2023,13936693253,
UBER,0001543151,2023,127520336080,
UHS,0000352915,2023,10567293240,
ULTA,0001403568,2023,25467563880,
UPS,0001090727,2023,135060570000,
VFC,0000103379,2023,8904327315,
VICI,0001705696,2023,33241364084,
VLTO,0001967680,2023,20260638000,
VMC,0001396009,2023,29988021000,
VRSK,0001442145,2023,34230723009,
XEL,0000072903,2013,13913323934,
XEL,0000072903,2015,18225600631,
VRTX,0000875320,2023,104853608473,
VTR,0000740260,2023,21039662361,
WAB,0000943452,2023,22562820000,
WAT,0001000697,2023,19482514,
WBD,0001437107,2023,27755820000,
WDC,0000106040,2023,12213464218,
WEC,0000783325,2023,26550124474,
WELL,0000766704,2023,50877627291,
WM,0000823768,2023,71908650000,
WRB,0000011544,2023,27214287099,
WST,0000105770,2023,25880820000,
WYNN,0001174922,2023,10180380392,
XRAY,0000818479,2023,7374248000,
XYL,0001524472,2023,27618397440,
YUM,0001041061,2023,36985442231,
ZBH,0001136869,2023,27363874721,
ZBRA,0000877212,2023,16272685128,
ZION,0000109380,2023,6499472110,
ZTS,0001555280,2023,90467965448,
A,0001090872,2024,37163501263,
ABBV,0001551152,2024,290408220220,
ABNB,0001559720,2024,83051120000,
ACGL,0000947484,2024,34760540000,
ACN,0001467373,2024,214694201015,
AES,0000874761,2024,9151525842,
AFL,0000004977,2024,56888276160,
AIZ,0001267238,2024,10838771962,
AKAM,0001086222,2024,14349900432,
ALB,0000915913,2024,10119564800,
ALLE,0001579241,2024,11271769946,
AME,0001037868,2024,41585982000,
AMP,0000820027,2024,39809356321,
AMT,0001053507,2024,85722899440,
AMZN,0001018724,2024,2323998270000,
ANET,0001596532,2024,139411489000,
AON,0000315293,2024,61140069144,
APA,0001841666,2024,8437020170,
APH,0000820313,2024,83985885000,
APO,0001858681,2024,93437442174,
ARE,0001035443,2024,16798445865,
ATO,0000731802,2024,21535954390,
AVB,0000915912,2024,31291617219,
AVGO,0001730168,2024,791559120000,
AWK,0001410636,2024,23861421806,
AXON,0001069183,2024,45536400800,
AZO,0000866787,2024,54406116061,
BBT,0001108134,2024,1319834775,
BBY,0000764478,2024,16303626000,
BEN,0000038777,2024,10550470442,
BIIB,0000875045,2024,22295736000,
BR,0001383312,2024,22989900000,
BRO,0000079282,2024,29177720000,
BX,0001393818,2024,126198674885,
CAH,0000721371,2024,24586925935,
CARR,0001783180,2024,59955329832,
CBOE,0001374310,2024,20455737801,
CBRE,0001138118,2024,39656437145,
CCI,0001051470,2024,39480600000,
CCL,0000815097,2024,19623880123,
CDNS,0000813672,2024,82281271460,
CDW,0001402057,2024,23077704000,
CE,0001306830,2024,7566560151,
CEG,0001868275,2024,70021230000,
CF,0001324404,2024,14494416707,
CFG,0000759944,2024,19278178353,
XEL,0000072903,2016,20643967756,
AEP,0000004904,2013,22798714367,
CHRW,0001043277,2024,12260364480,
CHTR,0001091667,2024,49037134483,
CINF,0000020286,2024,17524548913,
CME,0001156375,2024,83460907470,
CMG,0001058090,2024,68067019385,
CMS,0000811156,2024,19915020000,
CNC,0001071739,2024,30042046060,
COF,0000927628,2024,67980994764,
COO,0000711404,2024,20894128000,
CPRT,0000900075,2024,50392063686,
CPT,0000906345,2024,12381468000,
CRL,0001100682,2024,9520408560,
CRM,0001108524,2024,272938390000,
CSGP,0001057352,2024,29316105000,
CTAS,0000723254,2024,274583273760,
CTVA,0001755672,2024,39051491200,
CZR,0001590895,2024,7062484374,
DAL,0000027904,2024,25179695528,
DECK,0000910521,2024,144534268751,
DG,0000029534,2024,29909314080,
DGX,0001022079,2024,14078646451,
DHI,0000882184,2024,61814699467,
DHR,0000313616,2024,165069405000,
DLR,0001297996,2024,59695839,
DLTR,0000935703,2024,30225908544,
DOW,0001751788,2024,28243494000,
DPZ,0001286681,2024,14728201478,
DVA,0000927066,2024,12044158800,
DVN,0001090012,2024,26568400000,
DXCM,0001093557,2024,30384739000,
EA,0000712515,2024,35290220000,
EBAY,0001065088,2024,29178450000,
EFX,0000033185,2024,31601400000,
EL,0001001250,2024,38197600000,
ENPH,0001463101,2024,9096528640,
EPAM,0001352010,2024,13297109580,
EQIX,0001101239,2024,91730939430,
EQR,0000906107,2024,27231153484,
EQT,0000033213,2024,15119858910,
ES,0000072741,2024,21054300426,
ESS,0000920522,2024,18348216215,
EVRG,0001711269,2024,11626648762,
EW,0001099800,2024,43574058000,
EXPD,0000746515,2024,15286592310,
EXR,0001289490,2024,31714528296,
FANG,0001539838,2024,47671969829,
FDS,0001013237,2024,16047737847,
FICO,0000814547,2024,47406339840,
APD,0000002969,2011,16051859687,
FITB,0000035527,2024,28321419932,
FMC,0000037785,2024,6068516246,
FRT,0000034903,2024,9590333329,
FSLR,0001274494,2024,18868303923,
FTNT,0001262039,2024,72466160000,
FTV,0001659166,2024,25590016889,
GDDY,0001609711,2024,27870222960,
GEHC,0001932393,2024,33696434946,
GEV,0001996810,2024,38371973220,
GILD,0000882095,2024,115093020000,
GM,0001467858,2024,53003650000,
GNRC,0001474735,2024,7068384677,
GPN,0001123360,2024,27870319222,
GS,0000886982,2024,177886526275,
HBAN,0000049196,2024,23650654612,
APD,0000002969,2012,17571746607,
APD,0000002969,2013,22505363409,
APD,0000002969,2014,27798388219,
HIG,0000874766,2024,28105527671,
HII,0001501585,2024,7394286308,
HLT,0001585689,2024,59764875014,
HPE,0001645590,2024,25283563000,
HRL,0000048465,2024,17024886740,
HSIC,0001000228,2024,8743057351,
HST,0001070750,2024,12248232000,
HUBB,0000048898,2024,22519516347,
ICE,0001571949,2024,85531740000,
IDXX,0000874716,2024,33738357760,
IEX,0000832101,2024,17206889445,
INTU,0000896878,2024,181431489800,
INVH,0001687229,2024,19584997132,
ISRG,0001035267,2024,186130936000,
IT,0000749251,2024,36636329013,
IVZ,0000914208,2024,7831040000,
JBHT,0000728535,2024,17160737803,
JBL,0000898293,2024,12429962570,
JKHY,0000779152,2024,12013103722,
KDP,0001418135,2024,43576067241,
KEYS,0001601046,2024,29153634819,
KHC,0001637459,2024,36662600000,
KIM,0000879101,2024,15920533220,
KKR,0001404912,2024,131378420856,
KMI,0001506307,2024,60873149035,
KVUE,0001944048,2024,41203425040,
LEN,0000920760,2024,47437400755,
LII,0001069202,2024,15134304972,
LKQ,0001065696,2024,9521925000,
LNT,0000352541,2024,15180659729,
LULU,0001397187,2024,57892301180,
LVS,0001300514,2024,36773760000,
LW,0001679273,2024,11349980007,
LYB,0001489393,2024,24055297823,
LYV,0001335258,2024,30350103682,
MAA,0000912595,2024,18066670384,
MCHP,0000827054,2024,48144099720,
MCK,0000927653,2024,69829517976,
MDLZ,0001103982,2024,102790085556,
MET,0001099219,2024,56432602002,
MGM,0000789570,2024,10200065649,
MHK,0000851968,2024,7244833768,
MKC,0000063754,2024,21053085000,
MKTX,0001278021,2024,8509586379,
MLM,0000916076,2024,31571912659,
MNST,0000865752,2024,51145032240,
MOS,0001285785,2024,7790189715,
MPC,0001510295,2024,61264759423,
NTRS,0000073124,2017,22587793466,
MPWR,0001280452,2024,28296869100,
MRNA,0001682852,2024,16049880000,
MSCI,0001408198,2024,46647530246,
MTB,0000036270,2024,23045805688,
MTCH,0000891103,2024,8225269586,
MTD,0001037646,2024,25635438531,
NCLH,0001513761,2024,11317630760,
NDAQ,0001120193,2024,44458059996,
NDSN,0000072331,2024,14178564330,
NFLX,0001065280,2024,3812684583720,
NI,0001111711,2024,17270674071,
NOW,0001373715,2024,1094507112440,
NTRS,0000073124,2018,18307217260,
NTAP,0001002047,2024,20873980000,
NVDA,0001045810,2024,15039869330000,
NVR,0000906163,2024,24631934810,
NXPI,0001413447,2024,59539581802,
O,0000726728,2024,47615602510,
OKE,0001039684,2024,58544307553,
OMC,0000029989,2024,16898256000,
ON,0001097864,2024,26667323658,
OTIS,0001781335,2024,40618746000,
PANW,0001327567,2024,211139446000,
PAYX,0000723531,2024,43269616000,
PCG,0001004980,2024,44266313956,
PGR,0000080661,2024,104397007958,
PKG,0000075677,2024,15720966714,
PLD,0001045609,2024,97908113100,
PLTR,0001321655,2024,176883065850,
PM,0001413329,2024,141040681837,
PNR,0000077360,2024,16587201297,
PNW,0000764622,2024,7959198342,
PODD,0001145197,2024,18326077813,
POOL,0000945841,2024,12850690705,
PRU,0001137774,2024,37669870000,
PSA,0001393311,2024,48603270003,
PSX,0001534701,2024,61739343349,
PWR,0001050915,2024,46673793718,
PYPL,0001633917,2024,84752550000,
QCOM,0000804328,2024,189354690000,
QRVO,0001604778,2024,11000484340,
RCL,0000884887,2024,29794515565,
REG,0000910606,2024,13408052294,
REGN,0000872589,2024,76860407000,
RF,0001281761,2024,16842778000,
RJF,0000720005,2024,24895070845,
RL,0001037038,2024,12241952000,
ROL,0000084839,2024,22450656244,
ROP,0000882835,2024,55779905000,
ROST,0000745732,2024,48157512960,
RSG,0001060391,2024,55248763778,
SBAC,0001034054,2024,21920931800,
SBUX,0000829224,2024,110357560000,
SCHW,0000316709,2024,135290280000,
SJM,0000091419,2024,12196413173,
SMCI,0001375365,2024,481849083450,
SNPS,0000883241,2024,79153464320,
SOLV,0001964738,2024,0,
SPG,0001063761,2024,56157187963,
STE,0001757898,2024,22230876060,
STLD,0001022671,2024,17237933643,
STT,0000093751,2024,28342427264,
STX,0001137789,2024,21705522920,
SWKS,0000004127,2024,15806115000,
SYF,0001601712,2024,25220000000,
SYK,0000310764,2024,127570978797,
TDG,0001260221,2024,73228912430,
TDY,0001094285,2024,22019365161,
TECH,0000842023,2024,11336194886,
TEL,0001385157,2024,46429963197,
TER,0000097210,2024,20364034240,
TFX,0000096943,2024,11808824158,
TMO,0000097745,2024,210415735728,
TMUS,0001283699,2024,252643072987,
TPL,0001811074,2024,76217678846,
TPR,0001116132,2024,9850258000,
TRGP,0001389170,2024,38870842048,
TROW,0001113169,2024,25215224940,
TSCO,0000916365,2024,29036340960,
TSLA,0001318605,2024,1298749440000,
TSN,0000100493,2024,21249640000,
TTWO,0000946581,2024,25362092000,
SCI,0000089089,2012,2914552179,
TYL,0000860731,2024,18406184092,
UBER,0001543151,2024,127151724960,
UHS,0000352915,2024,11941118680,
ULTA,0001403568,2024,24419566920,
UPS,0001090727,2024,107815500000,
URI,0001067701,2024,46003969146,
VFC,0000103379,2024,5964747599,
VICI,0001705696,2024,30856470869,
VLTO,0001967680,2024,25197690000,
VMC,0001396009,2024,33980083000,
VRSK,0001442145,2024,38674403469,
VRTX,0000875320,2024,103469891831,
VST,0001692819,2024,46841926306,
VTR,0000740260,2024,18146992597,
WAB,0000943452,2024,32476767000,
WAT,0001000697,2024,22031760240,
WBD,0001437107,2024,25938780000,
AOS,0000091142,2013,4968853173,
SJM,0000091419,2015,13606800000,
WDC,0000106040,2024,25989131335,
WEC,0000783325,2024,29874707604,
WELL,0000766704,2024,80065514134,
WST,0000105770,2024,23682588000,
XYL,0001524472,2024,28191119700,
YUM,0001041061,2024,37853796474,
ZBH,0001136869,2024,24987437240,
ZTS,0001555280,2024,73069717784,
A,0001090872,2025,38575693453,
ABNB,0001559720,2025,83092626015,
ACGL,0000947484,2025,35799290013,
ACN,0001467373,2025,166383257153,
AES,0000874761,2025,10211814445,
AFL,0000004977,2025,58975866717,
AIZ,0001267238,2025,12153101518,
AKAM,0001086222,2025,12552241928,
ALB,0000915913,2025,16647140344,
ALLE,0001579241,2025,13698007661,
AME,0001037868,2025,47417156963,
SNA,0000091440,2009,2363250000,
ES,0000072741,2009,4450526863,
NTRS,0000073124,2019,22279489047,
BC,0000014930,2009,1123564000,
AVY,0000008818,2011,3047821277,
NTRS,0000073124,2020,19400054039,
NTRS,0000073124,2021,24850397869,
NTRS,0000073124,2022,18443821063,
TTD,0001671933,2020,370754865000,
KLAC,0000319201,2009,4298888250,
NUE,0000073309,2009,14688825450,
NTRS,0000073124,2023,17308550781,
LNC,0000059558,2009,6967180311,
M,0000794367,2009,3759750010,
PBI,0000078814,2009,4715822565,
UNM,0000005513,2009,6466316224,
WHR,0000106640,2009,6049500000,
GT,0000042582,2010,2878826546,
LNC,0000059558,2010,8780132987,
M,0000794367,2010,6704032176,
PBI,0000078814,2010,4918961628,
UNM,0000005513,2010,6956626959,
WHR,0000106640,2010,6751080000,
GT,0000042582,2011,3471650000,
LNC,0000059558,2011,5657419291,
M,0000794367,2011,9732616487,
PBI,0000078814,2011,3703384838,
UNM,0000005513,2011,8321144001,
WHR,0000106640,2011,3606200000,
GT,0000042582,2012,3383450000,
M,0000794367,2012,14007601420,
PBI,0000078814,2012,2132138960,
UNM,0000005513,2012,6765487262,
WHR,0000106640,2012,8038250000,
GT,0000042582,2013,5914800000,
LNC,0000059558,2013,13570727706,
M,0000794367,2013,15318070461,
PBI,0000078814,2013,2716161614,
UNM,0000005513,2013,6542613092,
WHR,0000106640,2013,12078220000,
GT,0000042582,2014,7685330000,
LNC,0000059558,2014,14795321545,
M,0000794367,2014,19414542000,
PBI,0000078814,2014,5193009707,
UNM,0000005513,2014,8795281098,
WHR,0000106640,2014,15111720000,
CAG,0000023217,2017,15509885387,
GT,0000042582,2015,8722890000,
LNC,0000059558,2015,12255191982,
M,0000794367,2015,21755867120,
PBI,0000078814,2015,4592949183,
UNM,0000005513,2015,8437742087,
WHR,0000106640,2015,11308990000,
GT,0000042582,2016,7779240000,
LNC,0000059558,2016,14999227408,
M,0000794367,2016,12537444960,
UNM,0000005513,2016,6695151255,
WHR,0000106640,2016,13450980000,
GT,0000042582,2017,7754400000,
LNC,0000059558,2017,16764587063,
M,0000794367,2017,8851273930,
UNM,0000005513,2017,11131371700,
WHR,0000106640,2017,11973440000,
GT,0000042582,2018,4735120000,
LNC,0000059558,2018,10562818216,
M,0000794367,2018,7585600850,
UNM,0000005513,2018,11580805974,
WHR,0000106640,2018,6839680000,
LNC,0000059558,2019,11605410073,
M,0000794367,2019,7912489600,
UNM,0000005513,2019,7795205787,
WHR,0000106640,2019,9294390000,
LNC,0000059558,2020,9676106754,
M,0000794367,2020,4929044450,
UNM,0000005513,2020,6091162021,
WHR,0000106640,2020,11370870000,
LNC,0000059558,2021,12095229334,
WHR,0000106640,2021,13844940000,
LNC,0000059558,2022,5198454098,
WHR,0000106640,2022,7638840000,
WHR,0000106640,2023,6697350000,
UAL,0000100517,2015,20892101888,
UAL,0000100517,2016,22928976783,
APTV,0001521332,2017,22551189725,
IQV,0001478242,2017,18586451902,
UAL,0000100517,2017,19341993343,
APTV,0001521332,2018,16007647225,
IQV,0001478242,2018,22943575000,
UAL,0000100517,2018,22599963608,
APTV,0001521332,2019,24244724153,
IQV,0001478242,2019,29712273000,
UAL,0000100517,2019,22129651002,
APTV,0001521332,2020,35181605978,
HCA,0000860730,2020,55821934176,
IQV,0001478242,2020,34257304000,
UAL,0000100517,2020,13487306284,
APTV,0001521332,2021,44621307393,
HCA,0000860730,2021,78483099456,
IQV,0001478242,2021,53775884000,
COHR,0000820318,2009,1318995,
UAL,0000100517,2021,14176437918,
APTV,0001521332,2022,25233534292,
HCA,0000860730,2022,66559696868,
IQV,0001478242,2022,38048073000,
UAL,0000100517,2022,12325273102,
APTV,0001521332,2023,25034873508,
META,0001326801,2023,911093040000,
HCA,0000860730,2023,71875636364,
IQV,0001478242,2023,41995470000,
EG,0001095073,2023,26235636000,
UAL,0000100517,2023,13534053171,
APTV,0001521332,2024,14214961495,
CPAY,0001175454,2024,23746936815,
HCA,0000860730,2024,75031917210,
IQV,0001478242,2024,34605411000,
EG,0001095073,2024,26930778000,
UAL,0000100517,2024,31839067764,
RMD,0000943819,2018,14778756283,
RMD,0000943819,2019,17530198905,
RMD,0000943819,2020,27818337600,
RMD,0000943819,2021,35905233214,
RMD,0000943819,2022,30692079443,
RMD,0000943819,2023,32133560256,
RMD,0000943819,2024,28119798034,
NTRS,0000073124,2024,20086898965,
NUE,0000073309,2010,13966506594,
NUE,0000073309,2011,15397011328,
NUE,0000073309,2012,13914549314,
NUE,0000073309,2013,14352722040,
NUE,0000073309,2014,16052021233,
NUE,0000073309,2015,15467393809,
NUE,0000073309,2016,12727187357,
VRTS,0000883237,2009,92410800,
FOSL,0000883569,2009,1172909250,
NUE,0000073309,2017,20562527899,
NUE,0000073309,2018,21282686112,
NUE,0000073309,2019,18686299064,
NUE,0000073309,2020,14619588214,
NUE,0000073309,2021,17298581598,
CDNS,0000813672,2009,976600320,
NUE,0000073309,2022,33083519409,
FTI,0001681459,2019,9585835446,
REG,0000910606,2017,7453923464,
MAA,0000912595,2017,11427956773,
SWKS,0000004127,2009,2056498500,
SWKS,0000004127,2010,3722430950,
NUE,0000073309,2023,41200512652,
RMD,0000943819,2009,6160738340,
NUE,0000073309,2024,44383755021,
ACGL,0000947484,2009,11754594183,
UDR,0000074208,2017,10316506098,
NTAP,0001002047,2009,6153489000,
CIEN,0000936395,2014,1792984130,
PLD,0001045609,2017,34331318860,
UDR,0000074208,2018,10917128558,
UDR,0000074208,2019,13757273844,
CSGP,0001057352,2009,826210600,
UDR,0000074208,2020,11398782981,
UDR,0000074208,2021,19085796604,
UDR,0000074208,2022,12741902298,
UDR,0000074208,2023,12597965664,
URI,0001067701,2009,589581000,
COO,0000711404,2011,2931082226,
AXON,0001069183,2009,271210012,
UDR,0000074208,2024,14362576992,
SWKS,0000004127,2011,3347492560,
SWKS,0000004127,2012,4530588000,
IPGP,0001111928,2009,761029531,
BBBY,0001130713,2009,309452760,
AYI,0001144215,2009,1310088000,
AAP,0001158449,2009,3231522,
KMX,0001170010,2009,2051373910,
PCAR,0000075362,2009,13195026000,
PCAR,0000075362,2010,13121947435,
PCAR,0000075362,2011,20637574119,
PCAR,0000075362,2013,16634201560,
PCAR,0000075362,2014,19846528384,
PCAR,0000075362,2015,21309927673,
PCAR,0000075362,2016,17241143880,
PCAR,0000075362,2017,23618851381,
PCAR,0000075362,2018,26244138943,
PCAR,0000075362,2019,22716982426,
SWKS,0000004127,2013,4654283000,
SWKS,0000004127,2014,10453300000,
WOR,0000108516,2009,1103858840,
PKG,0000075677,2009,2337286770,
PKG,0000075677,2010,2627359520,
PKG,0000075677,2011,3065532400,
PKG,0000075677,2012,2895693361,
PKG,0000075677,2013,4103743215,
PKG,0000075677,2014,6344121231,
PKG,0000075677,2015,7461231687,
PKG,0000075677,2016,4255466467,
PKG,0000075677,2017,8803577240,
TXT,0000217346,2009,3720170170,
PH,0000076334,2020,23002244335,
PH,0000076334,2021,40283521387,
PH,0000076334,2022,37120022403,
FTI,0001681459,2020,4225271232,
HWM,0000004281,2022,16236920000,
AEP,0000004904,2012,20728326032,
PEP,0000077476,2015,143359858989,
PEP,0000077476,2016,140768747041,
PEP,0000077476,2017,150728095042,
PEP,0000077476,2018,161244782801,
PEP,0000077476,2019,158757623926,
PEP,0000077476,2020,200552974716,
PEP,0000077476,2021,192703734975,
PEP,0000077476,2022,242615872018,
PEP,0000077476,2023,234091406181,
PEP,0000077476,2024,234986172463,
PFE,0000078003,2009,127457592062,
PFE,0000078003,2010,143087438083,
PFE,0000078003,2011,151029703800,
PFE,0000078003,2012,159967183147,
PFE,0000078003,2013,197052241465,
ADI,0000006281,2015,18761088202,
AAL,0000006201,2024,11461378273,
CVX,0000093410,2009,153364080000,
AMAT,0000006951,2016,30895480000,
AMAT,0000006951,2017,60091400000,
AMAT,0000006951,2018,31292120000,
AMAT,0000006951,2021,121891800000,
ADM,0000007084,2009,17213110000,
ADI,0000006281,2016,23419431612,
ADI,0000006281,2017,33623270223,
ADI,0000006281,2018,32270509831,
ADI,0000006281,2019,40281230098,
ADI,0000006281,2023,79684737636,
PFE,0000078003,2021,189137416040,
PFE,0000078003,2022,267277657767,
PFE,0000078003,2023,239934486317,
PFE,0000078003,2024,155342874472,
PBI,0000078814,2017,2495887055,
PBI,0000078814,2018,2635462428,
PBI,0000078814,2019,1357235145,
PBI,0000078814,2020,640093296,
PBI,0000078814,2021,1618383484,
PBI,0000078814,2022,1077107330,
PBI,0000078814,2023,750735415,
PBI,0000078814,2016,3350396223,
AVY,0000008818,2022,14626612896,
AVY,0000008818,2023,16272987464,
BCO,0000078890,2017,3974350000,
BCO,0000078890,2018,3213105000,
BCO,0000078890,2019,4543068000,
BCO,0000078890,2020,3564000000,
BRO,0000079282,2009,2553105720,
BRO,0000079282,2015,4461418500,
BRO,0000079282,2016,6285058307,
BRO,0000079282,2017,14213813429,
BRO,0000079282,2018,7705307480,
WSM,0000719955,2009,835797600,
PPG,0000079879,2021,40679807563,
PPG,0000079879,2022,29558195455,
PPG,0000079879,2023,35175783216,
PPG,0000079879,2024,27464885624,
PG,0000080424,2019,274372772596,
PG,0000080424,2020,325975687055,
PG,0000080424,2021,345252639829,
PG,0000080424,2022,331932929888,
PG,0000080424,2023,368446957028,
PG,0000080424,2024,378437236670,
BAX,0000010456,2014,37099717070,
BAX,0000010456,2015,38148902440,
BAX,0000010456,2016,20052109673,
PGR,0000080661,2018,31501131005,
WRB,0000011544,2010,3860852780,
WRB,0000011544,2011,4729299701,
WRB,0000011544,2012,5133299004,
BAX,0000010456,2017,25875339639,
BAX,0000010456,2018,38906198844,
BAX,0000010456,2019,37153894263,
BAX,0000010456,2020,42341303627,
BAX,0000010456,2021,38807132176,
BAX,0000010456,2022,42915967235,
BAX,0000010456,2023,23058471265,
BAX,0000010456,2024,19647843538,
ABT,0000001800,2017,72178459585,
ABT,0000001800,2018,108552114727,
ABT,0000001800,2019,128187200232,
ABT,0000001800,2020,153665572795,
ABT,0000001800,2021,218943313355,
ABT,0000001800,2022,224773449752,
ABT,0000001800,2023,192129956058,
ABT,0000001800,2025,218062111457,
PLD,0001045609,2018,36971051520,
BDX,0000010795,2013,20405142923,
BDX,0000010795,2014,24707507995,
BDX,0000010795,2015,30034159861,
BDX,0000010795,2016,35650584862,
BDX,0000010795,2017,47572221859,
BDX,0000010795,2018,61833448576,
BDX,0000010795,2019,69237720609,
BDX,0000010795,2020,67034940687,
BDX,0000010795,2021,68049192584,
BDX,0000010795,2022,66868183607,
WRB,0000011544,2013,5737598769,
BIO,0000012208,2015,4046930760,
ADP,0000008670,2022,87397644000,
ADP,0000008670,2023,90575459000,
AIG,0000005272,2025,47395031143,
ADM,0000007084,2020,24976623106,
ADM,0000007084,2021,31226515018,
ADM,0000007084,2022,43230609387,
ADM,0000007084,2023,44881910892,
AMAT,0000006951,2019,51039520000,
R,0000085961,2010,2693839208,
R,0000085961,2011,2717789290,
R,0000085961,2012,2564988781,
R,0000085961,2013,3935084779,
ADI,0000006281,2024,111905014640,
ADI,0000006281,2025,132794197083,
BIO,0000012208,2020,17352957920,
BIO,0000012208,2016,5366323200,
BIO,0000012208,2017,7077758850,
BIO,0000012208,2018,6928515920,
BIO,0000012208,2019,11042805290,
BIO,0000012208,2021,22539408670,
BIO,0000012208,2022,12524294650,
ROST,0000745732,2009,3802093700,
HRB,0000012659,2019,5301456536,
HRB,0000012659,2021,4503986194,
HRB,0000012659,2022,6391511091,
HRB,0000012659,2023,4940549475,
HRB,0000012659,2024,8088076881,
BMY,0000014272,2010,41790746341,
HRB,0000012659,2020,3272080236,
R,0000085961,2014,4924735031,
R,0000085961,2015,3039870968,
TRV,0000086312,2009,25942158000,
R,0000085961,2024,6600674918,
TRV,0000086312,2019,34990725000,
SCI,0000089089,2009,2080402375,
SCI,0000089089,2010,1988540812,
SCI,0000089089,2011,2374479834,
SCI,0000089089,2013,3849300719,
SHW,0000089800,2021,91948976000,
SHW,0000089800,2022,61444737000,
SHW,0000089800,2023,79378550000,
SHW,0000089800,2024,85424409000,
AOS,0000091142,2017,10580975912,
AOS,0000091142,2014,10186913121,
AOS,0000091142,2015,13607642871,
AOS,0000091142,2016,8272645540,
JKHY,0000779152,2009,1745448500,
GLW,0000024741,2013,17668785468,
GLW,0000024741,2014,23958467154,
GLW,0000024741,2015,30219764446,
GLW,0000024741,2016,20709900385,
GLW,0000024741,2017,24585197027,
FLS,0000030625,2018,5726328822,
GLW,0000024741,2018,26769685720,
GLW,0000024741,2019,26167673288,
GLW,0000024741,2020,21053231294,
DDS,0000028917,2012,2469182100,
DDS,0000028917,2013,4110356250,
DDS,0000028917,2014,3979657800,
GD,0000040533,2016,52215583044,
GD,0000040533,2017,60403411448,
GD,0000040533,2018,45386236004,
GIS,0000040704,2010,25097867145,
GIS,0000040704,2011,24186164654,
GIS,0000040704,2012,24944700441,
GIS,0000040704,2013,31588009954,
HAS,0000046080,2009,4487296790,
HAS,0000046080,2010,6748113080,
HAS,0000046080,2011,6253151307,
HAS,0000046080,2012,4716018983,
HAS,0000046080,2014,6856251978,
HAS,0000046080,2015,7658841065,
HAS,0000046080,2016,9373384747,
IFF,0000051253,2024,21619435000,
LPX,0000060519,2017,3759634379,
LPX,0000060519,2018,3042655504,
LPX,0000060519,2019,3321408773,
LPX,0000060519,2020,4160996431,
LPX,0000060519,2021,6709592666,
LPX,0000060519,2022,4247493440,
LPX,0000060519,2023,5110807993,
LPX,0000060519,2024,7248500000,
MRSH,0000062709,2021,87605280000,
XEL,0000072903,2017,23304874235,
ROL,0000084839,2018,11815838017,
ROL,0000084839,2016,4086306237,
ROL,0000084839,2017,7687810732,
XEL,0000072903,2018,25326592495,
LUV,0000092380,2015,30176367339,
LUV,0000092380,2016,24004194604,
LUV,0000092380,2017,32534659229,
LUV,0000092380,2018,33507325951,
LUV,0000092380,2019,31575113943,
LUV,0000092380,2020,28880609998,
LUV,0000092380,2021,29019984298,
LUV,0000092380,2022,26234821777,
LUV,0000092380,2023,21602317074,
LUV,0000092380,2024,18120701564,
CVX,0000093410,2010,148718512844,
AEP,0000004904,2020,41352231234,
AEP,0000004904,2021,44859742975,
AEP,0000004904,2022,48791584391,
AEP,0000004904,2023,42736711994,
AAL,0000006201,2016,23685564004,
AAL,0000006201,2017,24740675361,
F,0000037996,2014,60636000000,
F,0000037996,2015,55923210000,
F,0000037996,2016,48192490000,
F,0000037996,2017,49647750000,
F,0000037996,2018,30401100000,
FCX,0000831259,2011,34766550000,
FCX,0000831259,2012,43823665970,
FCX,0000831259,2013,33271552189,
AVY,0000008818,2012,3437091721,
AVY,0000008818,2013,4855086187,
AVY,0000008818,2015,4684869331,
AIT,0000109563,2025,9693342085,
ITT,0000216228,2009,9097454825,
ITT,0000216228,2010,4825392702,
TXT,0000217346,2012,6542863560,
TXT,0000217346,2013,10326179990,
TXT,0000217346,2015,11564194760,
TXT,0000217346,2016,13125136720,
TXT,0000217346,2023,15512857160,
TXT,0000217346,2024,14126650440,
GWW,0000277135,2009,7144731883,
GWW,0000277135,2010,9581768234,
GWW,0000277135,2011,13096346266,
GWW,0000277135,2012,14127830358,
GWW,0000277135,2013,15143421445,
GWW,0000277135,2014,16131686103,
GWW,0000277135,2015,15905563495,
GWW,0000277135,2016,12141398137,
GWW,0000277135,2017,14860550247,
GWW,0000277135,2018,15129385130,
GWW,0000277135,2019,16447085682,
GWW,0000277135,2020,16240154137,
GWW,0000277135,2021,19085187518,
GWW,0000277135,2022,23902652816,
GWW,0000277135,2023,33767542951,
RHI,0000315213,2016,6233916099,
RHI,0000315213,2017,6901481377,
CHD,0000313927,2022,23463428625,
CHD,0000313927,2023,20350554390,
CHD,0000313927,2024,24031530647,
GL,0000320335,2018,9034391179,
GL,0000320335,2019,12337213761,
GL,0000320335,2020,10751198658,
GL,0000320335,2021,10235928111,
GL,0000320335,2022,12684051961,
GL,0000320335,2023,12441997235,
GL,0000320335,2024,10841771768,
AN,0000350698,2009,3288055000,
AN,0000350698,2010,4184880000,
UHS,0000352915,2010,4202448120,
UHS,0000352915,2011,3777153140,
UHS,0000352915,2012,4681295350,
UHS,0000352915,2013,7966161580,
UHS,0000352915,2014,10995380760,
UHS,0000352915,2015,11805253530,
UHS,0000352915,2016,10340987040,
UHS,0000352915,2017,10842154200,
UHS,0000352915,2018,10872250560,
UHS,0000352915,2019,12733796520,
UHS,0000352915,2020,11695887500,
UHS,0000352915,2021,10699413540,
HD,0000354950,2016,157451520000,
HD,0000354950,2017,166410990000,
HD,0000354950,2018,239972340000,
HD,0000354950,2019,203728850000,
HD,0000354950,2020,245663700000,
HD,0000354950,2021,291673140000,
HD,0000354950,2022,379368900000,
HD,0000354950,2023,321757040000,
LRCX,0000707549,2022,61664775250,
LRCX,0000707549,2023,81145881720,
LRCX,0000707549,2024,1388318419650,
MUR,0000717423,2017,5358387707,
MUR,0000717423,2018,4047846010,
MUR,0000717423,2019,4098667675,
MUR,0000717423,2020,1858543362,
WSM,0000719955,2013,4399984680,
WSM,0000719955,2014,5127551480,
WSM,0000719955,2015,7190470750,
WSM,0000719955,2016,4626824580,
WSM,0000719955,2017,4147937500,
WSM,0000719955,2018,4471805660,
WSM,0000719955,2019,4255902,
WSM,0000719955,2021,9841752800,
CASY,0000726958,2022,7470578567,
CASY,0000726958,2023,8526576407,
CASY,0000726958,2024,11827172595,
JBHT,0000728535,2009,4106098307,
JBHT,0000728535,2010,4958013756,
JBHT,0000728535,2011,5270145431,
JBHT,0000728535,2012,7017674921,
JBHT,0000728535,2015,8359209141,
JBHT,0000728535,2016,10804378388,
JBHT,0000728535,2017,12619400860,
JBHT,0000728535,2013,9062763157,
JBHT,0000728535,2014,9821457483,
HOG,0000793952,2016,10262006000,
TRMB,0000864749,2009,2691922200,
UNH,0000731766,2020,331743280000,
UNH,0000731766,2021,472513740000,
UNH,0000731766,2022,495188120000,
UNH,0000731766,2023,486458280000,
UNH,0000731766,2024,462861900000,
ATO,0000731802,2016,7492738451,
ATO,0000731802,2017,8895812515,
ATO,0000731802,2018,10449711571,
BIO,0000012208,2011,2692097240,
BIO,0000012208,2012,2971864500,
CAG,0000023217,2009,8419395828,
CAG,0000023217,2010,10590924500,
CAG,0000023217,2011,10352052496,
MUR,0000717423,2009,10358445537,
VTR,0000740260,2012,16774404559,
VTR,0000740260,2013,19898893220,
VTR,0000740260,2014,19361369915,
VTR,0000740260,2015,25363182209,
VTR,0000740260,2016,16803517600,
EFX,0000033185,2014,9655878000,
EXPD,0000746515,2020,16101552340,
EXPD,0000746515,2021,22454630900,
NEE,0000753308,2009,21360408000,
NEE,0000753308,2010,21887790000,
NEE,0000753308,2011,25326080000,
NEE,0000753308,2012,29336560000,
HWM,0000004281,2017,10060257657,
HWM,0000004281,2019,10217327800,
NEE,0000753308,2024,147466330000,
MO,0000764180,2009,40752442282,
IBM,0000051143,2011,213886011215,
BBY,0000764478,2012,8299434000,
BBY,0000764478,2013,5449626360,
BBY,0000764478,2014,8273556720,
PNW,0000764622,2014,5993471567,
BBY,0000764478,2015,11397020800,
BBY,0000764478,2016,9043147470,
BBY,0000764478,2017,13523864760,
BBY,0000764478,2020,21680640000,
BBY,0000764478,2021,27955858000,
BBY,0000764478,2022,22203336000,
INCY,0000879169,2009,937810730,
ALK,0000766421,2014,7857332826,
ALK,0000766421,2015,10077865416,
ALK,0000766421,2017,9046187499,
ALK,0000766421,2018,7496381066,
ALK,0000766421,2019,8333270799,
HON,0000773840,2009,29623422823,
HON,0000773840,2010,41624263665,
HON,0000773840,2011,42104986436,
HON,0000773840,2019,125864727706,
MSFT,0000789019,2019,1023856280000,
MSFT,0000789019,2020,1540774210000,
MSFT,0000789019,2021,2036897100000,
MSFT,0000789019,2022,1916979120000,
MSFT,0000789019,2023,2530893280000,
MSFT,0000789019,2024,3322626300000,
M,0000794367,2021,4669920000,
M,0000794367,2022,7437612960,
M,0000794367,2023,6262758000,
M,0000794367,2024,5108849010,
OXY,0000797468,2009,71884361237,
OXY,0000797468,2010,86845454089,
OXY,0000797468,2011,83094044873,
OXY,0000797468,2012,68091058143,
OXY,0000797468,2013,84631258747,
OXY,0000797468,2014,71787913387,
OXY,0000797468,2015,60264882636,
OXY,0000797468,2016,63552474450,
OXY,0000797468,2017,65812926540,
OXY,0000797468,2018,54942220080,
OXY,0000797468,2019,43041166350,
OXY,0000797468,2020,18704580150,
OXY,0000797468,2021,27078825553,
OXY,0000797468,2022,56682114883,
OXY,0000797468,2023,52512741880,
CSR,0000798359,2013,987478006,
CSR,0000798359,2014,950648654,
CSR,0000798359,2015,892346824,
CSR,0000798359,2016,728969319,
CSR,0000798359,2017,71628786,
CPRT,0000900075,2009,2949724885,
OI,0000812074,2017,3068491091,
OI,0000812074,2018,3787359099,
OI,0000812074,2019,3083198337,
OI,0000812074,2020,1967557509,
OI,0000812074,2021,1990048072,
CDNS,0000813672,2021,38055920630,
OI,0000812074,2022,2071322458,
OI,0000812074,2023,2971410519,
CDNS,0000813672,2022,43802512000,
FICO,0000814547,2011,809543720,
FICO,0000814547,2012,1541974140,
FAST,0000815556,2009,6139014848,
FAST,0000815556,2010,17665029967,
FAST,0000815556,2011,12876230773,
FAST,0000815556,2012,13834728420,
FAST,0000815556,2013,14098760875,
FAST,0000815556,2014,14071474661,
FAST,0000815556,2015,11820724259,
TDC,0000816761,2009,5402817000,
FAST,0000815556,2016,27169654379,
FAST,0000815556,2017,31456762208,
FAST,0000815556,2018,29899622689,
FAST,0000815556,2019,21214063261,
FAST,0000815556,2020,28036212047,
FAST,0000815556,2021,36864267529,
FAST,0000815556,2022,54021616827,
FAST,0000815556,2023,74094595821,
FAST,0000815556,2024,82454947407,
TDC,0000816761,2010,6890184000,
TDC,0000816761,2011,7230918000,
COHR,0000820318,2020,4516830227,
COHR,0000820318,2021,6578851427,
COHR,0000820318,2022,7182388609,
PHM,0000822416,2012,7020809198,
PHM,0000822416,2013,7767072852,
PHM,0000822416,2014,7928580054,
PHM,0000822416,2015,6221823615,
EOG,0000821189,2023,73547734057,
EIX,0000827052,2009,11331713745,
VIAV,0000912093,2009,1228912109,
WM,0000823768,2024,81018685000,
EIX,0000827052,2024,30721211965,
IEX,0000832101,2015,5995719257,
IEX,0000832101,2016,5558031860,
IEX,0000832101,2017,6972172350,
SSP,0000832428,2016,1610939036,
MAA,0000912595,2013,4545218297,
PTC,0000857005,2017,6490941240,
PTC,0000857005,2018,12528402390,
PTC,0000857005,2019,7833813820,
PTC,0000857005,2020,9605860000,
CSCO,0000858877,2016,153535370000,
PTC,0000857005,2021,14034955770,
PTC,0000857005,2022,12287571200,
PTC,0000857005,2023,16838101280,
PTC,0000857005,2024,21707202300,
LNC,0000059558,2012,7029326977,
TRMB,0000864749,2020,10373349000,
CAL,0000014707,2011,558990671,
MNST,0000865752,2014,18172645156,
TRMB,0000864749,2021,21875971000,
TRMB,0000864749,2022,12483264000,
TRMB,0000864749,2023,13113800000,
AZO,0000866787,2019,26446614360,
AZO,0000866787,2020,27264185237,
MNST,0000865752,2020,48838410560,
AZO,0000866787,2021,36871951497,
MNST,0000865752,2021,50836180920,
AZO,0000866787,2022,43463479441,
IDXX,0000874716,2016,6367885083,
IDXX,0000874716,2017,13621323520,
IDXX,0000874716,2018,16016322000,
IDXX,0000874716,2019,22319042230,
IDXX,0000874716,2020,42713391630,
CBRE,0001138118,2009,4366383713,
ZBRA,0000877212,2009,1653343168,
CCI,0001051470,2012,21154770958,
CCI,0001051470,2013,24530761275,
CCI,0001051470,2014,26274516938,
CCI,0001051470,2015,28854560007,
ZBRA,0000877212,2010,2116473237,
ZBRA,0000877212,2011,1863965039,
ZBRA,0000877212,2012,2001203976,
ZBRA,0000877212,2013,2722903448,
ZBRA,0000877212,2014,3998562227,
ZBRA,0000877212,2015,4684687505,
ZBRA,0000877212,2016,3421043161,
CCI,0001051470,2009,11428166863,
CCI,0001051470,2010,12746916028,
CCI,0001051470,2011,12743331866,
ZBRA,0000877212,2017,4546914470,
ZBRA,0000877212,2019,9523765165,
ZBRA,0000877212,2018,6418758978,
ODFL,0000878927,2016,7070533246,
INCY,0000879169,2017,20008709827,
KIM,0000879101,2018,6173347077,
KIM,0000879101,2019,8942887635,
KIM,0000879101,2020,6492106332,
ZBRA,0000877212,2020,13387124819,
KIM,0000879101,2021,15200634317,
ZBRA,0000877212,2021,21779413160,
KIM,0000879101,2022,13099481907,
INCY,0000879169,2018,13562135629,
INCY,0000879169,2019,18876648116,
INCY,0000879169,2020,19091181836,
INCY,0000879169,2021,16227597382,
INCY,0000879169,2022,17891016470,
ROP,0000882835,2010,7267575840,
ROP,0000882835,2011,8398504730,
ROP,0000882835,2012,10992373920,
ROP,0000882835,2013,13772588,
ROP,0000882835,2014,15654700,
ROP,0000882835,2015,19144117,
DHI,0000882184,2016,11262280247,
ROP,0000882835,2016,18614109760,
DHI,0000882184,2017,14973194134,
ROP,0000882835,2017,26547500000,
DHI,0000882184,2018,15870715764,
ROP,0000882835,2018,27558168000,
VRTS,0000883237,2016,695197985,
VRTS,0000883237,2017,823717157,
VRTS,0000883237,2018,555802052,
VRTS,0000883237,2019,828825562,
VRTS,0000883237,2020,1645612122,
MKC,0000063754,2009,4666944000,
MKC,0000063754,2010,5848929000,
MKC,0000063754,2011,6462490000,
MKC,0000063754,2012,8567112000,
MTCH,0000891103,2021,37488951672,
ORLY,0000898173,2019,33140595684,
ORLY,0000898173,2020,32188149879,
ORLY,0000898173,2021,47337920332,
ORLY,0000898173,2022,52628020297,
ORLY,0000898173,2023,56123907760,
ORLY,0000898173,2024,1022435175692,
COST,0000909832,2009,22570373980,
COST,0000909832,2021,198971470500,
COST,0000909832,2022,235417568480,
ANF,0001018840,2009,1549665600,
COST,0000909832,2023,240990090250,
COST,0000909832,2024,395436779880,
DECK,0000910521,2009,3926791159,
DECK,0000910521,2010,3076448940,
BWA,0000908255,2020,9232286569,
BWA,0000908255,2021,10806745673,
BWA,0000908255,2022,9423408879,
BWA,0000908255,2023,8237749051,
BWA,0000908255,2024,6951515294,
DECK,0000910521,2019,4283429762,
DECK,0000910521,2020,3751860400,
DECK,0000910521,2021,9222022200,
VIAV,0000912093,2012,2551995778,
VIAV,0000912093,2013,3410414168,
MAC,0000912242,2022,2423615113,
MAC,0000912242,2023,3332519154,
MAC,0000912242,2024,5038275880,
MAC,0000912242,2015,12458938320,
MAC,0000912242,2016,10197987270,
AVB,0000915912,2009,6695780241,
AVB,0000915912,2010,9667941454,
AVB,0000915912,2011,12429943416,
AVB,0000915912,2012,15511966768,
MLM,0000916076,2009,4059124590,
MLM,0000916076,2010,4204206960,
MLM,0000916076,2011,3448197660,
MLM,0000916076,2012,4337068560,
MLM,0000916076,2013,4623324340,
TSCO,0000916365,2009,3898416648,
TSCO,0000916365,2010,3522351721,
TSCO,0000916365,2011,4999239750,
LEN,0000920760,2011,3593361894,
LEN,0000920760,2012,8319151974,
LEN,0000920760,2013,8078909565,
ESS,0000920522,2016,15235258372,
CHD,0000313927,2010,9800840000,
CHD,0000313927,2011,5268430521,
CHD,0000313927,2012,6732518009,
CHD,0000313927,2013,8263220899,
FIX,0001035983,2009,469487640,
FTNT,0001262039,2009,925376760,
PPL,0000922224,2013,18966341295,
PPL,0000922224,2014,24190321336,
PPL,0000922224,2015,22998739410,
PPL,0000922224,2016,23144840550,
PPL,0000922224,2017,21460668100,
PPL,0000922224,2018,20406750590,
PPL,0000922224,2019,27528320040,
PPL,0000922224,2020,21683177400,
PPL,0000922224,2021,22097466720,
PPL,0000922224,2022,21520150140,
PPL,0000922224,2023,19976223000,
PPL,0000922224,2024,23956551180,
RL,0001037038,2009,4392576000,
DLTR,0000935703,2016,19107604103,
LMT,0000936468,2009,28994680000,
LMT,0000936468,2010,24188860000,
LMT,0000936468,2011,27848472248,
LMT,0000936468,2012,29625090000,
LMT,0000936468,2013,47422540000,
LMT,0000936468,2014,60466980000,
LMT,0000936468,2015,65796450000,
LMT,0000936468,2016,72232660000,
DLTR,0000935703,2017,17485903308,
DLTR,0000935703,2018,25828184553,
LMT,0000936468,2023,108777600000,
LMT,0000936468,2024,113709960000,
DRI,0000940944,2009,5038486766,
DRI,0000940944,2010,6031738427,
DRI,0000940944,2011,6853833807,
ACGL,0000947484,2019,17397007531,
ACGL,0000947484,2020,14670413557,
ACGL,0000947484,2021,16842105000,
WAT,0001000697,2012,7526296800,
WAT,0001000697,2010,7137508080,
WAT,0001000697,2011,6590153800,
WAT,0001000697,2013,8481900000,
WAT,0001000697,2014,9372329840,
WAT,0001000697,2015,10964501760,
ACGL,0000947484,2022,23253712000,
EQT,0000033213,2010,5763513826,
AMG,0001004434,2023,5899651499,
AMG,0001004434,2024,5082433802,
AMG,0001004434,2025,8190629775,
PCG,0001004980,2009,16577315205,
PCG,0001004980,2010,18907669487,
VRSN,0001014473,2009,4443178983,
NRG,0001013871,2019,9897598513,
NRG,0001013871,2020,9170909084,
NRG,0001013871,2021,10500917969,
NRG,0001013871,2022,7304631975,
NRG,0001013871,2023,10760370115,
NRG,0001013871,2024,17918053151,
ANF,0001018840,2022,1616479463,
ANF,0001018840,2023,1211764862,
ANF,0001018840,2024,6727456239,
ATI,0001018963,2013,3847447117,
ATI,0001018963,2014,3779878480,
NOV,0001021860,2021,5320720193,
NOV,0001021860,2009,18449519454,
NOV,0001021860,2010,28321775090,
NOV,0001021860,2011,28821009280,
NOV,0001021860,2012,29180550339,
NOV,0001021860,2013,34073353693,
NOV,0001021860,2019,9666461384,
NOV,0001021860,2020,5330746285,
IRM,0001020569,2024,30859522075,
NOV,0001021860,2022,8206276189,
ROK,0001024478,2011,7946400000,
ROK,0001024478,2012,9723090000,
ROK,0001024478,2013,14843272000,
ROK,0001024478,2014,15020596000,
ROK,0001024478,2015,13434628000,
ROK,0001024478,2016,15720690000,
ROK,0001024478,2017,22882164000,
ROK,0001024478,2018,22689920000,
COTY,0001024305,2017,14726664242,
COTY,0001024305,2018,8836822099,
SBAC,0001034054,2009,3999521120,
SBAC,0001034054,2010,4701222080,
SBAC,0001034054,2011,4711638000,
SRE,0001032208,2024,57073252723,
VLO,0001035002,2021,29224503593,
VLO,0001035002,2022,35494810794,
VLO,0001035002,2023,48104859854,
VLO,0001035002,2024,46394525442,
PNR,0000077360,2009,3186571226,
PNR,0000077360,2010,3592917848,
PNR,0000077360,2011,3283147098,
PNR,0000077360,2012,10131646739,
OKE,0001039684,2012,8760979884,
OKE,0001039684,2013,12847561226,
OKE,0001039684,2014,10372364678,
OKE,0001039684,2015,5171967150,
OKE,0001039684,2016,12095234158,
OKE,0001039684,2017,20776204373,
OKE,0001039684,2018,22202184094,
OKE,0001039684,2019,31269798914,
OKE,0001039684,2020,17074202060,
OKE,0001039684,2021,26215079281,
SLG,0001040971,2023,2971553620,
SLG,0001040971,2024,4828908240,
TMO,0000097745,2009,19667356000,
COO,0000711404,2010,2452293356,
HST,0001070750,2010,12072972000,
COF,0000927628,2011,19451167807,
PPG,0000079879,2014,62864609431,
HST,0001070750,2011,10414327000,
YUM,0001041061,2015,32085147810,
YUM,0001041061,2016,27167074404,
YUM,0001041061,2017,24266628035,
YUM,0001041061,2018,25896120462,
YUM,0001041061,2019,28597634953,
YUM,0001041061,2020,31688623399,
YUM,0001041061,2021,31646833757,
YUM,0001041061,2022,35544660786,
CHRW,0001043277,2017,12431796780,
CHRW,0001043277,2018,11544211560,
PLD,0001045609,2020,73686710460,
INGR,0001046257,2011,3572502210,
INGR,0001046257,2012,4361630760,
FFIV,0001048695,2020,7501124230,
FFIV,0001048695,2021,12056404560,
FFIV,0001048695,2022,8663537800,
FFIV,0001048695,2023,9540615980,
CTSH,0001058290,2015,36552180000,
CTSH,0001058290,2016,34066240000,
CTSH,0001058290,2017,41759760000,
CTSH,0001058290,2024,38065500000,
SPG,0001063761,2010,0,
SPG,0001063761,2011,1031520,
SPG,0001063761,2012,1264720,
SPG,0001063761,2013,47208409609,
SPG,0001063761,2014,56587228238,
SPG,0001063761,2015,60296377932,
NFLX,0001065280,2013,21945628772,
NFLX,0001065280,2014,144469319375,
NFLX,0001065280,2015,48947827527,
URI,0001067701,2022,24650858187,
URI,0001067701,2023,38573720843,
SEDG,0001419612,2015,1428465543,
CPWR,0000827099,2011,69094,
CPWR,0000827099,2012,345472,
AXON,0001069183,2016,1268364084,
AXON,0001069183,2017,1403701528,
AXON,0001069183,2018,2572965369,
AXON,0001069183,2019,4359995780,
CNX,0001070412,2021,2798555650,
CNX,0001070412,2022,2876965202,
BKNG,0001075531,2017,80983676799,
BKNG,0001075531,2018,91488532175,
BKNG,0001075531,2019,86702160513,
BKNG,0001075531,2020,80829770241,
BKNG,0001075531,2021,91499231051,
HST,0001070750,2022,11450070000,
INGR,0001046257,2023,7080388670,
DVN,0001090012,2010,29971344000,
DVN,0001090012,2011,37097760000,
DVN,0001090012,2012,26763543000,
DVN,0001090012,2017,23113876000,
AKAM,0001086222,2020,17082893503,
AKAM,0001086222,2021,18786337471,
AKAM,0001086222,2022,13192512989,
DVN,0001090012,2018,19339436000,
CHTR,0001091667,2019,106478327014,
DXCM,0001093557,2010,847364700,
CHTR,0001091667,2020,134504019329,
CHTR,0001091667,2021,119746918507,
TDY,0001094285,2016,3061444931,
TDY,0001094285,2017,6438113208,
TDY,0001094285,2018,7317421213,
TDY,0001094285,2019,12712113534,
EG,0001095073,2009,5197434480,
TDY,0001094285,2021,14484290912,
TDY,0001094285,2022,20399397199,
ALGN,0001097149,2016,7647429890,
EW,0001099800,2015,17012313540,
EW,0001099800,2016,19826898840,
EW,0001099800,2017,23635287000,
EW,0001099800,2018,31813429770,
EW,0001099800,2019,48780918090,
EW,0001099800,2020,56954889000,
ALGN,0001097149,2023,20570550000,
ALGN,0001097149,2024,15398254990,
ALGN,0001097149,2025,11318746076,
EQIX,0001101239,2013,8799569470,
EQIX,0001101239,2014,12799193046,
EQIX,0001101239,2015,18779088082,
EQIX,0001101239,2016,25522296051,
EQIX,0001101239,2017,35821630460,
MDLZ,0001103982,2017,64881017182,
ILMN,0001110803,2023,22139164770,
ILMN,0001110803,2024,21507930000,
GRMN,0001121788,2016,9143517,
GRMN,0001121788,2017,11210419,
GRMN,0001121788,2018,11901940020,
CNP,0001130310,2009,5684245763,
CNP,0001130310,2010,6440814120,
CNP,0001130310,2011,6780600781,
CNP,0001130310,2012,8035760732,
CNP,0001130310,2013,8737333628,
PFG,0001126328,2012,8379176000,
PFG,0001126328,2013,14556312000,
PFG,0001126328,2022,20438697705,
PFG,0001126328,2023,18600600589,
PFG,0001126328,2024,17512089713,
ZBH,0001136869,2009,12708661180,
BBBY,0001130713,2010,379287200,
ZBH,0001136869,2010,11607752336,
BBBY,0001130713,2011,182507360,
BBBY,0001130713,2012,335583810,
BBBY,0001130713,2013,732340150,
BBBY,0001130713,2014,583377990,
BBBY,0001130713,2015,309873520,
BBBY,0001130713,2016,445060000,
BBBY,0001130713,2017,1757058300,
NOC,0001133421,2023,70272154126,
NOC,0001133421,2024,68024536282,
ZBH,0001136869,2021,33217379572,
ZBH,0001136869,2022,23358850513,
FIS,0001136893,2024,36951453678,
WTW,0001140536,2019,22088039452,
MA,0001141391,2024,487077250000,
CME,0001156375,2009,22296321360,
CME,0001156375,2010,19531901306,
CME,0001156375,2011,81078024790,
CME,0001156375,2012,16784538840,
CME,0001156375,2013,26101915880,
CME,0001156375,2014,29645357850,
CME,0001156375,2015,30461894400,
ELV,0001156039,2017,57621666274,
ELV,0001156039,2018,67599800388,
ELV,0001156039,2019,76390080287,
ELV,0001156039,2020,78795945159,
ELV,0001156039,2021,112070411601,
ELV,0001156039,2022,122065349629,
ELV,0001156039,2023,109907002257,
ELV,0001156039,2024,83917259486,
CME,0001156375,2021,81866356400,
CME,0001156375,2022,60321178080,
CME,0001156375,2023,75610243800,
AAP,0001158449,2010,3789859,
AAP,0001158449,2011,5068994370,
AAP,0001158449,2012,5247618330,
AAP,0001158449,2013,8006572800,
NBR,0001163739,2021,643743162,
NBR,0001163739,2022,1056161624,
LKQ,0001065696,2011,8840428257,
NBR,0001163739,2023,1611651525,
NBR,0001163739,2024,864277144,
NEM,0001164727,2012,30134440321,
NEM,0001164727,2013,21129345057,
NEM,0001164727,2014,11606057038,
NEM,0001164727,2015,12042409670,
NEM,0001164727,2016,12858624669,
NEM,0001164727,2017,19998160000,
SEDG,0001419612,2016,511616448,
NEM,0001164727,2018,18468450000,
MKTX,0001278021,2009,462369600,
CMCSA,0001166691,2013,136421098275,
CMCSA,0001166691,2014,149839870811,
CMCSA,0001166691,2015,280569970938,
CMCSA,0001166691,2016,332752197697,
CMCSA,0001166691,2017,188555172604,
CMCSA,0001166691,2018,156085187623,
CMCSA,0001166691,2019,204523539079,
CMCSA,0001166691,2020,239677828243,
CMCSA,0001166691,2021,230712551309,
CMCSA,0001166691,2022,154077664468,
CMCSA,0001166691,2023,180749557791,
CMCSA,0001166691,2024,145804119153,
KMX,0001170010,2010,4503693293,
KMX,0001170010,2020,14238634939,
KMX,0001170010,2021,19500725517,
KMX,0001170010,2022,17608031961,
KMX,0001170010,2023,10913776438,
KMX,0001170010,2024,12451343181,
WYNN,0001174922,2024,9289906213,
MOS,0001285785,2009,24303210000,
CPAY,0001175454,2010,2462939186,
CPAY,0001175454,2011,2445164562,
CPAY,0001175454,2012,4347679687,
CPAY,0001175454,2013,9663217291,
CPAY,0001175454,2014,13631062415,
CPAY,0001175454,2015,13203349562,
CPAY,0001175454,2016,12996763466,
CPAY,0001175454,2017,17280980256,
CPAY,0001175454,2018,15943197288,
MOH,0001179929,2022,19152760000,
MOH,0001179929,2023,20955980000,
MOH,0001179929,2024,16298800000,
CCK,0001219601,2012,5268853571,
CCK,0001219601,2013,6159925613,
CCK,0001219601,2015,7069673809,
CCK,0001219601,2016,7351400786,
CCK,0001219601,2017,7553003006,
CCK,0001219601,2018,5619181018,
CCK,0001219601,2019,9834819270,
CCK,0001219601,2020,13507063206,
CCK,0001219601,2021,13952699605,
CCK,0001219601,2022,9860703277,
CCK,0001219601,2023,11110134784,
CCK,0001219601,2024,9799065247,
BKNG,0001075531,2022,110530089309,
UDR,0000074208,2012,5948315122,
UDR,0000074208,2013,5855004678,
UDR,0000074208,2014,7862632064,
UDR,0000074208,2015,9837498654,
FITB,0000035527,2013,17987079817,
ENS,0001289308,2009,591752140,
WOR,0000108516,2018,2823151341,
TDG,0001260221,2011,4151226971,
TDG,0001260221,2012,7399545511,
TDG,0001260221,2013,7701276533,
TDG,0001260221,2014,9591612519,
CSX,0000277948,2017,44525042484,
CSX,0000277948,2018,50368303538,
MRK,0000310158,2022,205959734217,
KLAC,0000319201,2022,45246820320,
KLAC,0000319201,2023,66326485000,
KLAC,0000319201,2024,110834756750,
NKE,0000320187,2009,27663545000,
AJG,0000354190,2018,13560800000,
AJG,0000354190,2019,17912763000,
AJG,0000354190,2020,23962627000,
AJG,0000354190,2021,35376195000,
AJG,0000354190,2022,39951626000,
AJG,0000354190,2023,48731496000,
AJG,0000354190,2024,70962500000,
UHS,0000352915,2009,2982717000,
NSC,0000702165,2013,28673182058,
NSC,0000702165,2014,33786200649,
NSC,0000702165,2015,25190480403,
NSC,0000702165,2016,31385431113,
NSC,0000702165,2017,41174376396,
NSC,0000702165,2018,40091445503,
NSC,0000702165,2019,50067089108,
EA,0000712515,2018,37099440000,
EA,0000712515,2019,30285740000,
MUR,0000717423,2021,4033030236,
MUR,0000717423,2022,6686649390,
MUR,0000717423,2023,6516257068,
O,0000726728,2017,16205853178,
O,0000726728,2010,4037613139,
O,0000726728,2011,4657492160,
CAR,0000723612,2013,2309472225,
CAR,0000723612,2014,4032808689,
ATO,0000731802,2013,4134689175,
EQT,0000033213,2011,7188569959,
ATO,0000731802,2014,5320831014,
ATO,0000731802,2015,6394918635,
ROST,0000745732,2015,38054055690,
ROST,0000745732,2016,22635592140,
ROST,0000745732,2017,25602369690,
ROST,0000745732,2018,30020191440,
WEC,0000783325,2009,5825542881,
WEC,0000783325,2010,13759772479,
DLR,0001297996,2009,3818784604,
HON,0000773840,2024,146783317297,
JKHY,0000779152,2010,2019245040,
JKHY,0000779152,2011,2278289075,
JKHY,0000779152,2012,3198787038,
JKHY,0000779152,2013,4256606865,
JKHY,0000779152,2014,4729512605,
JKHY,0000779152,2015,5428482054,
JKHY,0000779152,2016,6897025285,
PEG,0000788784,2010,16095040034,
PEG,0000788784,2011,16701253891,
PEG,0000788784,2012,15480309643,
PEG,0000788784,2013,16207666674,
PEG,0000788784,2014,20946693275,
PEG,0000788784,2015,19549376868,
PEG,0000788784,2016,22154,
MSFT,0000789019,2010,199450680000,
MSFT,0000789019,2011,217776000000,
MSFT,0000789019,2012,256374790000,
MSFT,0000789019,2013,287649120000,
MSFT,0000789019,2014,343566300000,
MSFT,0000789019,2015,354392050000,
MSFT,0000789019,2016,399535360000,
MSFT,0000789019,2017,531312440000,
MSFT,0000789019,2018,757028970000,
CSR,0000798359,2019,877132478,
CSR,0000798359,2020,920227280,
CSR,0000798359,2021,1665274400,
CSR,0000798359,2022,881223400,
CSR,0000798359,2023,870846600,
EOG,0000821189,2024,66265213876,
PHM,0000822416,2009,3806904870,
PHM,0000822416,2010,2872850109,
PHM,0000822416,2011,2414253596,
HCA,0000860730,2015,26966698281,
HCA,0000860730,2016,27427067318,
HCA,0000860730,2017,30752046144,
HCA,0000860730,2018,42673307640,
HCA,0000860730,2019,50025644136,
CSCO,0000858877,2023,211797940000,
CSCO,0000858877,2024,191855160000,
HCA,0000860730,2011,9637638137,
HCA,0000860730,2012,13371350034,
HCA,0000860730,2013,20973506840,
HCA,0000860730,2014,30858873081,
KIM,0000879101,2017,7725481797,
DHI,0000882184,2020,27529318639,
DHI,0000882184,2021,29894650337,
INCY,0000879169,2023,14082972065,
ODFL,0000878927,2023,88333944668,
INCY,0000879169,2024,13360507446,
ODFL,0000878927,2024,37570509371,
BNL,0001424182,2020,451305082,
RCL,0000884887,2017,20485841935,
VRTS,0000883237,2024,1536813285,
SNPS,0000883241,2009,3235728900,
SNPS,0000883241,2010,3798092820,
EQR,0000906107,2022,22327352772,
NVR,0000906163,2018,8719550220,
DECK,0000910521,2014,2760564595,
REG,0000910606,2020,10450376607,
REG,0000910606,2021,8936399507,
REG,0000910606,2022,11166635228,
LH,0000920148,2017,16254071079,
LH,0000920148,2018,12497003881,
ERIE,0000922621,2023,15470494021,
ERIE,0000922621,2024,19041567390,
DTE,0000936340,2022,24167975149,
DTE,0000936340,2023,22752930538,
DTE,0000936340,2024,25015968526,
SRE,0001032208,2016,25175349009,
STLD,0001022671,2018,6767176107,
STLD,0001022671,2019,7301669832,
STLD,0001022671,2020,7776408914,
FIX,0001035983,2011,400810080,
SLG,0001040971,2018,6701157605,
SLG,0001040971,2020,4019860224,
MTD,0001037646,2021,38769542843,
MTD,0001037646,2022,32000830559,
SLG,0001040971,2021,4669962772,
ED,0001047862,2023,31422472779,
FTNT,0001262039,2010,4812483050,
FTNT,0001262039,2011,3380375520,
FTNT,0001262039,2012,3370514960,
FTNT,0001262039,2013,3090164550,
FTNT,0001262039,2014,5103142380,
FTNT,0001262039,2015,5342506830,
FTNT,0001262039,2016,5213109360,
FTNT,0001262039,2017,7335551000,
CMG,0001058090,2011,8242971385,
CMG,0001058090,2012,11635576104,
RHI,0000315213,2012,4436936347,
CMG,0001058090,2013,9704007964,
RHI,0000315213,2013,5772215018,
CMG,0001058090,2014,15324698025,
RHI,0000315213,2014,7889126656,
CMG,0001058090,2015,22020882919,
CMG,0001058090,2017,8234753730,
CMG,0001058090,2018,8500019678,
FTNT,0001262039,2019,18330692000,
FTNT,0001262039,2020,24136125000,
CMG,0001058090,2009,2800490560,
CMG,0001058090,2010,6642222440,
EBAY,0001065088,2010,36115383498,
EBAY,0001065088,2011,39004528147,
BKNG,0001075531,2011,22377247566,
BKNG,0001075531,2016,49184434458,
PFG,0001126328,2018,12345515000,
GRMN,0001121788,2022,17684886670,
GRMN,0001121788,2023,24651015580,
GRMN,0001121788,2024,40295100480,
CCK,0001219601,2010,5182471684,
VFC,0000103379,2018,29226466452,
FSLR,0001274494,2017,7053710419,
FSLR,0001274494,2018,4453428182,
FSLR,0001274494,2019,5900921619,
MKTX,0001278021,2011,1114250660,
MKTX,0001278021,2012,1246926322,
MKTX,0001278021,2013,2525192399,
MKTX,0001278021,2014,2676125555,
MKTX,0001278021,2015,4174500886,
MPWR,0001280452,2015,2528586190,
MPWR,0001280452,2016,3342170490,
MPWR,0001280452,2017,4675749040,
MOS,0001285785,2012,20287840000,
MOS,0001285785,2010,20550267000,
MOS,0001285785,2011,31599100000,
BLDR,0001316835,2024,16233703540,
TSLA,0001318605,2011,2985385511,
TSLA,0001318605,2012,3868437460,
TSLA,0001318605,2013,18516639171,
TSLA,0001318605,2014,27954205236,
EXPE,0001324424,2022,12943513200,
EXPE,0001324424,2023,19963724380,
EXPE,0001324424,2024,22969085430,
AWK,0001410636,2016,11707636474,
AWK,0001410636,2017,13088091093,
TRGP,0001389170,2010,1133857850,
TRGP,0001389170,2011,1725180642,
TRGP,0001389170,2012,2234841486,
TRGP,0001389170,2013,3717439234,
TRGP,0001389170,2014,4469314251,
TRGP,0001389170,2015,1515908398,
VRSK,0001442145,2015,13025392539,
VRSK,0001442145,2010,6057157782,
VRSK,0001442145,2011,6662191501,
VRSK,0001442145,2012,8455426450,
VRSK,0001442145,2013,9034250854,
VRSK,0001442145,2014,10114342189,
GME,0001326380,2009,4060029540,
GME,0001326380,2010,3137499000,
GME,0001326380,2011,3063080000,
GME,0001326380,2012,3326976000,
GME,0001326380,2013,2918358000,
GME,0001326380,2014,4043571000,
GME,0001326380,2015,3796425000,
GME,0001326380,2016,2707493000,
DUK,0001326160,2021,80668100000,
DUK,0001326160,2022,79302300000,
DUK,0001326160,2023,74817840000,
DUK,0001326160,2024,83606240000,
GME,0001326380,2017,2455310000,
GME,0001326380,2020,246912000,
GME,0001326380,2021,21222500000,
GME,0001326380,2022,29725476000,
GME,0001326380,2023,6950972000,
GME,0001326380,2024,4502961000,
META,0001326801,2012,53399720000,
CHRS,0001512762,2018,618139263,
FANG,0001539838,2012,707182492,
FANG,0001539838,2013,2490976702,
FANG,0001539838,2014,3400739712,
FANG,0001539838,2015,4468722043,
RRC,0000315852,2011,9980488021,
AMH,0001562401,2015,3466895988,
AMH,0001562401,2021,14140331776,
AMH,0001562401,2022,10527626159,
AMH,0001562401,2023,13018417849,
AMH,0001562401,2024,13750129129,
PAYX,0000723531,2016,19540888000,
PAYX,0000723531,2017,21287262000,
PAYX,0000723531,2018,23543220000,
PAYX,0000723531,2019,30824347000,
PAYX,0000723531,2020,25934064000,
PAYX,0000723531,2021,36390172000,
TMC,0001798562,2024,381593475,
META,0001326801,2015,293361980000,
META,0001326801,2016,329388150000,
META,0001326801,2017,511910460000,
META,0001326801,2018,378850100000,
META,0001326801,2019,585783500000,
META,0001326801,2020,778779160000,
PNW,0000764622,2009,3700469380,
WEC,0000783325,2016,18510816290,
META,0001326801,2022,323353580000,
META,0001326801,2021,946825250000,
META,0001326801,2024,1483682340000,
PANW,0001327567,2013,3504705602,
LYV,0001335258,2009,703371635,
LDOS,0001336920,2009,7797293483,
ORCL,0001341439,2021,221574360000,
SMCI,0001375365,2010,484434000,
LULU,0001397187,2009,467234800,
ULTA,0001403568,2010,1123551000,
KKR,0001404912,2021,44376939541,
LRCX,0000707549,2009,3110988150,
BBWI,0000701985,2022,13881100000,
MU,0000723125,2009,5741019000,
KBH,0000795266,2023,4738654569,
KBH,0000795266,2024,4742146276,
SSP,0000832428,2009,375160006,
CRH,0000849395,2021,41194560000,
JBL,0000898293,2009,2266671900,
SANM,0000897723,2009,675079040,
URBN,0000912615,2009,2598635906,
FISV,0000798354,2009,7490160000,
DLTR,0000935703,2009,5782947540,
FISV,0000798354,2010,7264160067,
FISV,0000798354,2011,9278817456,
FISV,0000798354,2012,9023506806,
FISV,0000798354,2013,10796430390,
FISV,0000798354,2014,14281783671,
FICO,0000814547,2023,21513488100,
MNST,0000865752,2012,8759636995,
MNST,0000865752,2013,11305526940,
MHK,0000851968,2015,13397910034,
MNST,0000865752,2011,16057813069,
IDXX,0000874716,2022,33817436240,
INCY,0000879169,2010,2041524649,
INCY,0000879169,2011,1898344705,
INCY,0000879169,2012,2216806893,
INCY,0000879169,2013,8251914348,
INCY,0000879169,2014,12492789615,
INCY,0000879169,2015,20242219504,
ZBRA,0000877212,2024,12697373792,
VNO,0000899689,2016,19736462116,
VNO,0000899689,2017,14852938018,
VNO,0000899689,2018,11818917003,
JBL,0000898293,2023,15022707765,
COST,0000909832,2015,61291382400,
ESS,0000920522,2020,15432066141,
ALB,0000915913,2021,27354596550,
ESS,0000920522,2021,22982441466,
ALB,0000915913,2022,25409052480,
ALB,0000915913,2023,16955594880,
MCK,0000927653,2014,39011280840,
MCK,0000927653,2015,51729058825,
MCK,0000927653,2016,37762944170,
EL,0001001250,2017,35234258000,
EL,0001001250,2018,52509920000,
AEE,0001002910,2010,6776876000,
AEE,0001002910,2011,8037338000,
AEE,0001002910,2012,7452672000,
AEE,0001002910,2013,8772416000,
ED,0001047862,2009,12502336000,
STX,0001137789,2009,5016640000,
MPWR,0001280452,2009,822410700,
DPZ,0001286681,2010,481091174,
H,0001468174,2009,4515812267,
VRSN,0001014473,2022,21632832000,
VRSN,0001014473,2023,20863748000,
VRSN,0001014473,2024,19661200000,
ICE,0001571949,2011,8800150000,
PRGO,0001585364,2012,10991076000,
NXPI,0001413447,2017,39652060140,
LIN,0001707925,2016,33478487630,
EVRG,0001711269,2016,8007335000,
ANF,0001018840,2011,4248233,
ANF,0001018840,2012,4445460882,
AVGO,0001730168,2016,37171380000,
DIS,0001744489,2017,154557760000,
AMCR,0001748790,2017,14340491000,
STE,0001757898,2017,5936954580,
XRX,0001770450,2017,7414040150,
VTRS,0001792044,2018,14097300000,
TPL,0001811074,2018,4217892475,
APO,0001858681,2020,11144448788,
DEC,0001922446,2023,707480700,
ANF,0001018840,2013,3592554998,
IRM,0001020569,2016,8564413122,
IRM,0001020569,2017,10681747205,
BLK,0002012383,2022,106947262319,
SW,0002005951,2022,9631140000,
ANF,0001018840,2014,2908990652,
ANF,0001018840,2015,1523798126,
PSKY,0002041610,2023,9643080000,
ANF,0001018840,2016,2083671756,
VST,0001692819,2016,6627493596,
EW,0001099800,2011,8066847180,
EW,0001099800,2012,10306408140,
EW,0001099800,2013,7187568000,
EW,0001099800,2014,13731564000,
BKNG,0001075531,2023,93864170596,
BKNG,0001075531,2024,128163904128,
ABBV,0001551152,2013,83915090000,
ABT,0000001800,2009,83521605722,
WFC,0000072971,2014,238571959761,
WFC,0000072971,2015,267506423601,
WFC,0000072971,2020,192653700750,
WFC,0000072971,2021,143825571293,
WFC,0000072971,2022,158297602000,
WFC,0000072971,2023,177137858000,
WFC,0000072971,2024,231012336000,
USBC,0001074828,2011,3925254,
USBC,0001074828,2012,15468802,
TFC,0000092230,2015,29504541970,
TFC,0000092230,2016,38061514500,
TFC,0000092230,2017,38881338320,
TFC,0000092230,2018,33067282320,
TFC,0000092230,2019,75590789120,
TFC,0000092230,2024,57085303680,
AFL,0000004977,2009,21671270000,
RF,0001281761,2010,7573301325,
RF,0001281761,2011,9860788310,
RF,0001281761,2012,6577798254,
RTX,0000101829,2015,104123466188,
AIG,0000005272,2020,32620176000,
AIG,0000005272,2021,46551282000,
AIG,0000005272,2022,46424484000,
AIG,0000005272,2023,46666200000,
AIG,0000005272,2024,44124080000,
MRSH,0000062709,2011,17043180000,
USB,0000036104,2018,73120000000,
AIV,0000922864,2021,1156595122,
AIV,0000922864,2022,1043257580,
AIV,0000922864,2023,1100710879,
OKE,0001039684,2009,4720266557,
MRSH,0000062709,2015,28944900000,
FHN,0000036966,2016,4674816240,
FHN,0000036966,2017,4673583200,
FHN,0000036966,2018,6490911384,
FHN,0000036966,2019,4671685866,
FHN,0000036966,2022,9130472059,
FHN,0000036966,2023,13288326476,
FHN,0000036966,2024,7957423157,
ADP,0000008670,2009,17780240474,
ADP,0000008670,2010,19807922558,
ADP,0000008670,2011,25855345423,
ADP,0000008670,2012,26950556796,
ADP,0000008670,2013,33231813559,
ADP,0000008670,2014,38070246924,
ADP,0000008670,2015,37419272000,
ADP,0000008670,2016,41865159000,
ADP,0000008670,2017,45594700000,
ADP,0000008670,2018,58860632000,
ADP,0000008670,2019,71786286000,
ADP,0000008670,2020,64007811000,
EP,0000887396,2022,271750087,
EP,0000887396,2023,280283795,
EP,0000887396,2024,255870203,
AEP,0000004904,2009,16631512820,
AEP,0000004904,2010,17299441473,
AEP,0000004904,2011,19970198677,
SYY,0000096021,2020,29393359009,
SYY,0000096021,2021,40065279719,
SYY,0000096021,2023,36915128674,
SYY,0000096021,2024,37635731117,
SLM,0001032033,2023,4237690238,
SLM,0001032033,2024,4380552334,
AIG,0000005272,2009,4057040382,
ABX,0001814287,2022,511752596,
ABX,0001814287,2023,610919391,
ABX,0001814287,2024,749197639,
ABX,0001814287,2025,835786928,
LNC,0000059558,2023,4575895715,
LNC,0000059558,2024,5402770285,
L,0000060086,2016,15763978195,
L,0000060086,2019,14957932614,
L,0000060086,2020,15323774066,
L,0000060086,2021,12764825472,
L,0000060086,2022,15207363683,
L,0000060086,2023,14123360147,
MRSH,0000062709,2022,81912600000,
MRSH,0000062709,2023,93219240000,
MRSH,0000062709,2024,104293310000,
BAC,0000070858,2011,58579815041,
BAC,0000070858,2012,125135640721,
BAC,0000070858,2013,164914455169,
BAC,0000070858,2014,188140944896,
BAC,0000070858,2017,303681167763,
MNR,0001980088,2023,1565016430,
BAC,0000070858,2021,359382721789,
BAC,0000070858,2022,264853285472,
MNR,0001980088,2024,1816400000,
ALB,0000915913,2010,5109113320,
ALB,0000915913,2011,4576199910,
ALB,0000915913,2012,5522405880,
ALB,0000915913,2013,5074559670,
POOL,0000945841,2009,934762189,
POOL,0000945841,2010,1110739148,
POOL,0000945841,2011,1425746610,
POOL,0000945841,2012,1959573769,
POOL,0000945841,2013,2638322560,
POOL,0000945841,2014,2760343740,
POOL,0000945841,2015,3450195872,
POOL,0000945841,2017,5213547643,
POOL,0000945841,2018,5872576860,
COIN,0001679788,2024,62978812000,
AIV,0000922864,2013,3780745576,
ALL,0000899051,2010,16992040000,
ALL,0000899051,2011,13732410000,
ALL,0000899051,2012,19241430000,
ALL,0000899051,2025,54848633871,
BAC,0000070858,2023,265840059581,
BAC,0000070858,2024,334497398568,
WFC,0000072971,2016,255003263701,
WFC,0000072971,2017,290645641543,
ALK,0000766421,2011,5331390000,
CNC,0001071739,2009,911046525,
AMAT,0000006951,2009,17364875150,
AMAT,0000006951,2010,16400800000,
AMAT,0000006951,2011,16481720000,
AMAT,0000006951,2012,12748050000,
FE,0001031296,2009,14159604655,
FE,0001031296,2010,11285006767,
CNC,0001071739,2010,1257290320,
CNC,0001071739,2011,2013730227,
TTD,0001671933,2016,505807600,
AME,0001037868,2013,12904150000,
TRV,0000086312,2020,35429388000,
TRV,0000086312,2021,37730916000,
TRV,0000086312,2022,43516429000,
TRV,0000086312,2023,43469818000,
TRV,0000086312,2024,54585674000,
AME,0001037868,2010,6307483035,
AME,0001037868,2011,10129272030,
AME,0001037868,2012,9144538000,
KEY,0000091576,2014,11535498454,
KEY,0000091576,2015,12068631362,
TFX,0000096943,2009,2140403020,
TFX,0000096943,2010,2147341860,
TFX,0000096943,2011,2388427168,
TFX,0000096943,2012,2544975764,
TFX,0000096943,2013,3174305283,
TFX,0000096943,2014,3961746705,
TFX,0000096943,2015,4644484173,
TFX,0000096943,2016,5598141380,
TFX,0000096943,2017,8078882478,
KEY,0000091576,2017,20440682842,
KEY,0000091576,2021,19105034797,
KEY,0000091576,2022,23787792835,
KEY,0000091576,2023,17844458497,
KEY,0000091576,2024,13251213609,
TFX,0000096943,2018,12189402682,
TER,0000097210,2013,3378300220,
TER,0000097210,2014,4286771270,
TER,0000097210,2015,4209259470,
TER,0000097210,2016,5059095800,
TER,0000097210,2017,8187594760,
GDDY,0001609711,2015,5048840860,
TER,0000097210,2018,5507880360,
TER,0000097210,2019,11347497900,
TEX,0000097216,2009,2032506000,
TEX,0000097216,2010,2135676000,
TEX,0000097216,2013,3512511000,
TEX,0000097216,2014,4666005000,
TEX,0000097216,2015,2846160000,
TEX,0000097216,2016,2398974000,
TEX,0000097216,2017,3402567000,
TEX,0000097216,2018,3501630000,
TEX,0000097216,2019,2487232000,
TEX,0000097216,2020,1855875000,
TEX,0000097216,2021,2734360000,
TEX,0000097216,2022,2997797000,
TEX,0000097216,2023,3528900000,
TEX,0000097216,2024,4237750000,
TXN,0000097476,2013,36546366828,
TXN,0000097476,2014,45970673218,
TXN,0000097476,2015,60943681918,
TXN,0000097476,2016,53580236636,
TXN,0000097476,2017,77052230620,
ZION,0000109380,2024,8022001750,
TXN,0000097476,2018,103582986086,
TXN,0000097476,2019,100952788745,
TXN,0000097476,2020,123480916588,
TXN,0000097476,2021,149934571390,
TXN,0000097476,2022,160660246906,
TXN,0000097476,2023,160434673947,
TXN,0000097476,2024,158525212911,
TKR,0000098362,2009,2279381693,
TKR,0000098362,2010,4607632606,
TKR,0000098362,2011,3783507360,
TKR,0000098362,2012,4623809717,
TKR,0000098362,2013,5143190145,
TKR,0000098362,2014,5226372470,
TKR,0000098362,2015,3353029458,
TKR,0000098362,2016,3079359560,
TKR,0000098362,2017,3827943749,
CAG,0000023217,2012,10334773536,
BMY,0000014272,2019,81454199504,
TKR,0000098362,2019,4255085478,
TKR,0000098362,2020,5827086301,
TKR,0000098362,2024,5744518263,
PNC,0000713676,2010,27815889723,
PNC,0000713676,2011,33627277653,
PNC,0000713676,2012,32255537295,
PNC,0000713676,2013,33751169828,
PNC,0000713676,2014,47713290000,
PNC,0000713676,2015,48101315779,
PNC,0000713676,2016,40554442622,
PNC,0000713676,2017,59845836714,
PNC,0000713676,2018,71544977157,
PNC,0000713676,2019,54995982167,
RJF,0000720005,2014,7948150019,
RJF,0000720005,2015,7084722046,
SWK,0000093556,2012,11526143066,
SWK,0000093556,2009,2797732926,
MBI,0000814585,2018,774017485,
MBI,0000814585,2019,888160184,
MBI,0000814585,2020,709539984,
MBI,0000814585,2021,344922878,
MBI,0000814585,2022,805422865,
MBI,0000814585,2024,341203604,
UNP,0000100885,2009,32272052933,
UNP,0000100885,2010,45548494441,
UNP,0000100885,2011,50843734408,
CB,0000896159,2009,16960842713,
CB,0000896159,2010,20850192537,
CB,0000896159,2011,23625340593,
CB,0000896159,2016,61563786758,
CB,0000896159,2017,67779942447,
CB,0000896159,2019,70353894119,
CB,0000896159,2020,69376765640,
CB,0000896159,2021,82460751626,
CB,0000896159,2022,91459625234,
CB,0000896159,2023,91590937962,
CB,0000896159,2024,110714422087,
ALL,0000899051,2014,29364500000,
ALL,0000899051,2015,23656290000,
ALL,0000899051,2016,27127920000,
ALL,0000899051,2017,37172050000,
ALL,0000899051,2018,27433160000,
ALL,0000899051,2019,35871550000,
ALL,0000899051,2020,33418720000,
AIG,0000005272,2010,3269264079,
ALL,0000899051,2021,33059650000,
ALL,0000899051,2022,35662800000,
ALL,0000899051,2023,36674760000,
ALL,0000899051,2024,51089350000,
GHC,0000104889,2015,2777423190,
GHC,0000104889,2016,2845930050,
GHC,0000104889,2017,3079858600,
AIG,0000005272,2011,72448574941,
GHC,0000104889,2021,3118288330,
IBKR,0001381197,2018,4013398122,
IBKR,0001381197,2019,3548787593,
IBKR,0001381197,2020,4869901486,
COTY,0001024305,2021,7154440000,
IBKR,0001381197,2021,7478788568,
IBKR,0001381197,2022,7268282158,
IBKR,0001381197,2023,34806410580,
BNY,0001390777,2009,32974028790,
BNY,0001390777,2010,37494211889,
BNY,0001390777,2011,24084621425,
BNY,0001390777,2012,29901701764,
CI,0001739940,2017,0,
AIV,0000922864,2020,786911469,
HSY,0000047111,2013,21769283723,
AIV,0000922864,2019,0,
AIZ,0001267238,2022,6606967448,
WHR,0000106640,2024,6296400000,
IBKR,0001381197,2009,726046699,
TEX,0000097216,2011,4091250000,
TEX,0000097216,2012,2806488000,
HWM,0000004281,2018,6244900200,
RJF,0000720005,2009,2728136640,
RJF,0000720005,2010,3655711526,
RJF,0000720005,2011,3756445492,
RJF,0000720005,2012,5225913638,
RJF,0000720005,2013,6748089403,
MDT,0001613103,2018,110084393739,
MDT,0001613103,2019,117109934923,
MDT,0001613103,2020,133168720093,
MDT,0001613103,2021,176139855847,
MBI,0000814585,2009,828463356,
MBI,0000814585,2010,2427032982,
MBI,0000814585,2011,2169284837,
MBI,0000814585,2012,2240588766,
UNP,0000100885,2022,126808284979,
UNP,0000100885,2023,149755450795,
RTX,0000101829,2011,74833159880,
RTX,0000101829,2012,71080761028,
RTX,0000101829,2013,80270110779,
RTX,0000101829,2014,104355223735,
CB,0000896159,2012,27157658413,
CB,0000896159,2013,35178866091,
CB,0000896159,2014,37756424728,
CB,0000896159,2015,37925238081,
GHC,0000104889,2014,5588204192,
WY,0000106535,2009,9118027260,
WY,0000106535,2010,10146025680,
WY,0000106535,2011,10015054750,
WY,0000106535,2015,15304280340,
WY,0000106535,2016,22523207520,
WY,0000106535,2017,26629162980,
WY,0000106535,2018,16316107260,
IBKR,0001381197,2024,76400728789,
NAVI,0001593538,2018,3753285868,
NAVI,0001593538,2019,2787383459,
NAVI,0001593538,2020,2780130424,
NAVI,0001593538,2021,2068349729,
RF,0001281761,2021,19895559203,
WMB,0000107263,2009,12261676503,
WMB,0000107263,2010,12979188315,
WMB,0000107263,2015,36759111845,
APD,0000002969,2015,27475526921,
APD,0000002969,2016,32676515836,
APD,0000002969,2017,33018293310,
APD,0000002969,2018,36670021677,
APD,0000002969,2019,48901330027,
APD,0000002969,2020,65832260338,
APD,0000002969,2021,56701922923,
APD,0000002969,2022,51628519720,
APD,0000002969,2023,62971436073,
APD,0000002969,2024,66209163735,
AEP,0000004904,2019,46703956704,
AEP,0000004904,2024,49150078554,
AXP,0000004962,2010,51375240000,
AFL,0000004977,2019,38447349700,
XEL,0000072903,2014,18165938951,
BA,0000012927,2009,54793696537,
BA,0000012927,2010,66060163236,
BA,0000012927,2011,74249356013,
BA,0000012927,2012,76284000942,
BA,0000012927,2013,138163525592,
BA,0000012927,2014,131573705447,
BA,0000012927,2015,146362840980,
BA,0000012927,2016,157588817233,
BA,0000012927,2017,298525938401,
BA,0000012927,2018,326454223778,
BA,0000012927,2019,329754195156,
BA,0000012927,2020,216684623696,
BA,0000012927,2021,203788416530,
BA,0000012927,2022,192825628178,
BA,0000012927,2023,263855993705,
BA,0000012927,2024,179170225143,
BMY,0000014272,2009,49843500000,
CAL,0000014707,2023,897179690,
CAL,0000014707,2024,1133551207,
BC,0000014930,2015,4586964630,
BC,0000014930,2016,4871349180,
BC,0000014930,2017,4833793140,
BC,0000014930,2018,4029862650,
BC,0000014930,2019,4772548620,
BC,0000014930,2020,5937190000,
BC,0000014930,2021,7749461090,
BC,0000014930,2022,5143989200,
BC,0000014930,2023,6600962250,
BC,0000014930,2024,4268039160,
CPB,0000016732,2009,10922560000,
EFX,0000033185,2010,4364560000,
CPB,0000016732,2010,12146237723,
CPB,0000016732,2011,10051371434,
CPB,0000016732,2012,10833070271,
CPB,0000016732,2013,13254928952,
CPB,0000016732,2014,13668585704,
CPB,0000016732,2015,15572522315,
CPB,0000016732,2016,17083986247,
CPB,0000016732,2017,13977580582,
CPB,0000016732,2018,12314875044,
CPB,0000016732,2019,14029273598,
CPB,0000016732,2020,13680791208,
CPB,0000016732,2021,13266780692,
CPB,0000016732,2022,14171911217,
CPB,0000016732,2023,12728219798,
CPB,0000016732,2024,14648924712,
STZ,0000016918,2018,41241035679,
STZ,0000016918,2019,32368734029,
STZ,0000016918,2020,33241906757,
CI,0001739940,2019,76178864190,
STZ,0000016918,2023,40994070350,
STZ,0000016918,2024,45473280265,
CAT,0000018230,2009,35601653000,
CAT,0000018230,2010,59830008000,
CAT,0000018230,2011,58663500000,
CAT,0000018230,2012,58694550000,
CAT,0000018230,2013,57918618000,
CAT,0000018230,2014,55485486000,
CAT,0000018230,2015,39573108000,
CAT,0000018230,2016,54392010000,
CAT,0000018230,2017,94169808000,
CAT,0000018230,2018,73128785000,
CAT,0000018230,2019,81238768000,
CAT,0000018230,2020,99255506000,
CAT,0000018230,2021,110791966000,
CAT,0000018230,2022,123684828000,
CAT,0000018230,2023,147657598000,
CAT,0000018230,2024,173363004000,
RJF,0000720005,2019,11366440470,
LUMN,0000018926,2009,10833643793,
LUMN,0000018926,2010,14079449160,
LUMN,0000018926,2011,23008720800,
LUMN,0000018926,2013,18588838450,
LUMN,0000018926,2014,22501902860,
LUMN,0000018926,2015,13682008000,
JPM,0000019617,2014,232472184000,
JPM,0000019617,2015,241900905000,
UAL,0000100517,2012,7773213573,
UAL,0000100517,2013,13705186886,
UAL,0000100517,2014,25052038521,
CI,0001739940,2020,73856226780,
MDT,0001613103,2016,110732276441,
JPM,0000019617,2017,366301582000,
JPM,0000019617,2018,319783596000,
MDT,0001613103,2013,47254748000,
LUMN,0000018926,2016,12996840100,
LUMN,0000018926,2017,17833738920,
LUMN,0000018926,2018,16364530050,
KKR,0001404912,2014,6906795548,
AMP,0000820027,2014,20440566331,
LUMN,0000018926,2019,14399666180,
LUMN,0000018926,2020,10694979750,
LUMN,0000018926,2021,12845075600,
LUMN,0000018926,2022,5228811360,
LUMN,0000018926,2023,1845529380,
LUMN,0000018926,2024,5388418080,
CLX,0000021076,2009,7769189800,
CLX,0000021076,2010,8625602004,
CLX,0000021076,2011,8839149308,
CLX,0000021076,2012,9388068462,
CLX,0000021076,2013,10838704981,
CLX,0000021076,2014,11771975239,
CLX,0000021076,2015,13378460526,
CLX,0000021076,2016,17901474847,
CLX,0000021076,2017,17189848277,
AMP,0000820027,2016,13543009941,
AMP,0000820027,2017,19150754813,
CLX,0000021076,2018,17309669237,
CLX,0000021076,2019,19243833221,
CLX,0000021076,2020,27684188198,
CLX,0000021076,2021,22089389380,
CLX,0000021076,2022,17361987569,
CLX,0000021076,2023,19692336299,
CLX,0000021076,2024,16949820601,
KO,0000021344,2009,131898000000,
CL,0000021665,2009,40595656147,
CL,0000021665,2010,79542264066,
CL,0000021665,2011,88697739898,
CL,0000021665,2012,97821075789,
CL,0000021665,2013,59989716156,
CL,0000021665,2014,62735413313,
CL,0000021665,2015,59474240069,
CL,0000021665,2016,57790650539,
CL,0000021665,2017,65996199353,
CL,0000021665,2018,51360569380,
CL,0000021665,2019,58837670466,
CL,0000021665,2020,72674401822,
CL,0000021665,2021,71726587437,
CL,0000021665,2022,65412451227,
CI,0001739940,2022,98963305840,
CL,0000021665,2023,65474811817,
CL,0000021665,2024,73871165795,
CAG,0000023217,2013,13949423798,
CAG,0000023217,2014,12172162494,
COTY,0001024305,2022,6721992000,
CAG,0000023217,2015,18869568374,
CAG,0000023217,2016,20597928344,
CAG,0000023217,2018,15068739031,
CAG,0000023217,2019,13961648287,
CAG,0000023217,2020,15903633846,
CAG,0000023217,2021,17123626428,
CAG,0000023217,2022,16371130823,
CAG,0000023217,2023,16262988900,
CAG,0000023217,2024,13781976175,
TAP,0000024545,2009,8233460000,
TAP,0000024545,2010,0,
TAP,0000024545,2014,13778748000,
TAP,0000024545,2015,17403376000,
TAP,0000024545,2016,20629720000,
TAP,0000024545,2017,17677878000,
TAP,0000024545,2018,12130560000,
TAP,0000024545,2019,11674740000,
TAP,0000024545,2020,9797192000,
TAP,0000024545,2021,10062585000,
TAP,0000024545,2022,11174688000,
GLW,0000024741,2010,28184626661,
GLW,0000024741,2021,27561356178,
CMI,0000026172,2011,20849155640,
CMI,0000026172,2012,23048579119,
CMI,0000026172,2013,22086547406,
CMI,0000026172,2014,23704985245,
CMI,0000026172,2015,25374158897,
CMI,0000026172,2016,17257758903,
CMI,0000026172,2017,24695291764,
CMI,0000026172,2018,30537095290,
CMI,0000026172,2019,23083186205,
CMI,0000026172,2020,33533037326,
CMI,0000026172,2021,31068967973,
CMI,0000026172,2022,34284035000,
CMI,0000026172,2023,35278781382,
CMI,0000026172,2024,33946343487,
TGT,0000027419,2009,23484628877,
TGT,0000027419,2010,38177921157,
TGT,0000027419,2011,38264477148,
TGT,0000027419,2012,33498111096,
TGT,0000027419,2021,90743909461,
TGT,0000027419,2022,102582227470,
TGT,0000027419,2023,77573064039,
TGT,0000027419,2024,67169159911,
DAL,0000027904,2010,10508400000,
DAL,0000027904,2011,9742462996,
DAL,0000027904,2012,8920232086,
CI,0001739940,2023,87590322800,
HIG,0000874766,2009,8054938000,
CI,0001739940,2024,75604094460,
DLX,0000027996,2018,1716230680,
DLX,0000027996,2019,2102929920,
DLX,0000027996,2020,1225611600,
DLX,0000027996,2021,1370422690,
DLX,0000027996,2022,733536000,
DLX,0000027996,2023,937365000,
DLX,0000027996,2024,1000737000,
DDS,0000028917,2010,1221863040,
DDS,0000028917,2011,2690933620,
DAL,0000027904,2016,34480146824,
DAL,0000027904,2017,34521604939,
DDS,0000028917,2015,4839700800,
DDS,0000028917,2016,2746342050,
DDS,0000028917,2017,1874932200,
DDS,0000028917,2018,1877732160,
DDS,0000028917,2019,1791940320,
DDS,0000028917,2020,1540102080,
DDS,0000028917,2021,1993024,
DDS,0000028917,2022,5169004,
DDS,0000028917,2023,6662478,
DDS,0000028917,2024,6467397,
COTY,0001024305,2023,10480912000,
RTX,0000101829,2009,95903883,
DOV,0000029905,2009,7745128,
ETR,0000065984,2013,11504776857,
VFC,0000103379,2010,8077304331,
DG,0000029534,2016,21519251640,
DOV,0000029905,2010,8028515765,
DOV,0000029905,2011,0,
DOV,0000029905,2012,12053382835,
DOV,0000029905,2013,12424954809,
DOV,0000029905,2014,14050278041,
DOV,0000029905,2015,11757190307,
DOV,0000029905,2016,9060290787,
DOV,0000029905,2017,12407524360,
DOV,0000029905,2018,16220737661,
DOV,0000029905,2019,12698247718,
DOV,0000029905,2020,16808440510,
DOV,0000029905,2021,17143101137,
DOV,0000029905,2022,24444626262,
DOV,0000029905,2023,21212655156,
DOV,0000029905,2024,21230718639,
FLS,0000030625,2021,5105519183,
FLS,0000030625,2022,4240671447,
FLS,0000030625,2023,4558970357,
FLS,0000030625,2024,5507593245,
WEN,0000030697,2010,2186496760,
WEN,0000030697,2011,2036368523,
WEN,0000030697,2012,1977047362,
WEN,0000030697,2013,2157239359,
WEN,0000030697,2014,3625001365,
WEN,0000030697,2016,2932832550,
WEN,0000030697,2017,3949207040,
WEN,0000030697,2018,3614171790,
WEN,0000030697,2019,4983540240,
WEN,0000030697,2021,4915954560,
WEN,0000030697,2022,5147998650,
WEN,0000030697,2023,4001133560,
WEN,0000030697,2024,3363261000,
ECL,0000031462,2009,10547628000,
ECL,0000031462,2010,11722650000,
ECL,0000031462,2011,16880520000,
ECL,0000031462,2012,21188930000,
ECL,0000031462,2013,31395697000,
ECL,0000031462,2014,31345548000,
ECL,0000031462,2015,33856480000,
ECL,0000031462,2016,34204796000,
BMY,0000014272,2015,100109394003,
ECL,0000031462,2017,38818274000,
ECL,0000031462,2018,42392595000,
ECL,0000031462,2019,55658316000,
ECL,0000031462,2020,61814052000,
ECL,0000031462,2021,67303871000,
ECL,0000031462,2022,41411820000,
ECL,0000031462,2023,56609090000,
ECL,0000031462,2024,66406288000,
RVTY,0000031791,2010,2409503570,
RVTY,0000031791,2011,2987761300,
RVTY,0000031791,2012,3569567080,
RVTY,0000031791,2013,4637938680,
RVTY,0000031791,2014,4957037670,
RVTY,0000031791,2016,6025607170,
RVTY,0000031791,2017,8069596320,
RVTY,0000031791,2018,8529801690,
RVTY,0000031791,2019,10786137000,
RVTY,0000031791,2021,16084915000,
RVTY,0000031791,2022,25382015460,
RVTY,0000031791,2023,13491696060,
RVTY,0000031791,2024,13511145540,
EMR,0000032604,2009,30135064109,
EMR,0000032604,2010,39636697844,
EMR,0000032604,2011,30523040596,
EMR,0000032604,2012,34952948557,
EMR,0000032604,2013,45720918757,
EMR,0000032604,2014,43593554793,
EMR,0000032604,2015,28914058373,
EMR,0000032604,2016,35038836670,
EMR,0000032604,2017,40324428000,
EMR,0000032604,2018,48184136000,
EMR,0000032604,2019,40851460000,
WFC,0000072971,2013,183584803725,
XEL,0000072903,2020,35831017728,
EMR,0000032604,2020,39210860000,
EMR,0000032604,2021,56124360000,
EMR,0000032604,2022,43302308000,
EMR,0000032604,2023,55238040000,
EMR,0000032604,2024,62362774000,
XOM,0000034088,2012,389648100000,
XOM,0000034088,2013,438702000000,
XOM,0000034088,2014,388382450000,
XOM,0000034088,2015,323960200000,
XOM,0000034088,2016,374398480000,
XOM,0000034088,2017,354549960000,
XOM,0000034088,2018,288921030000,
XOM,0000034088,2019,295448520000,
XOM,0000034088,2020,174484260000,
XOM,0000034088,2021,259384410000,
XOM,0000034088,2022,450244600000,
XOM,0000034088,2023,397020580000,
XOM,0000034088,2024,468252210000,
COTY,0001024305,2024,8695356000,
FRT,0000034903,2013,6764191205,
FRT,0000034903,2014,9156127799,
FRT,0000034903,2015,10152984571,
WMB,0000107263,2019,33023459042,
KKR,0001404912,2015,10508586612,
F,0000037996,2019,36939600000,
F,0000037996,2020,34922670000,
F,0000037996,2021,82893070000,
F,0000037996,2022,46682820000,
GIS,0000040704,2014,33265334300,
F,0000037996,2023,48735620000,
F,0000037996,2024,39382200000,
GD,0000040533,2009,26293488785,
GD,0000040533,2019,51072782754,
GD,0000040533,2020,42633631554,
GD,0000040533,2021,57875637987,
GD,0000040533,2022,68084139510,
GD,0000040533,2023,71045698497,
GD,0000040533,2024,71232018872,
GE,0000040545,2009,161332374665,
GE,0000040545,2010,194155272030,
GE,0000040545,2011,189362837093,
GE,0000040545,2012,218414154263,
GE,0000040545,2013,282006452918,
GE,0000040545,2014,254150008121,
GE,0000040545,2015,292164773444,
GE,0000040545,2016,276266563685,
GE,0000040545,2017,151475905465,
GE,0000040545,2018,65875947420,
GE,0000040545,2019,97520844171,
GE,0000040545,2020,11833424603,
GE,0000040545,2021,103825096026,
GE,0000040545,2022,91256379420,
GE,0000040545,2023,138914482831,
GE,0000040545,2024,179081119203,
GIS,0000040704,2009,33968166000,
GIS,0000040704,2015,32882675527,
GIS,0000040704,2016,38716805754,
GIS,0000040704,2017,32946620674,
GIS,0000040704,2018,25051990543,
GIS,0000040704,2019,30904606429,
GIS,0000040704,2020,37122742100,
GIS,0000040704,2021,37732054753,
GIS,0000040704,2022,39615490910,
GIS,0000040704,2023,47194988384,
GIS,0000040704,2024,37339945122,
GPC,0000040987,2009,6032521434,
GPC,0000040987,2010,8093045640,
GPC,0000040987,2011,9525848299,
GPC,0000040987,2012,9844818628,
GPC,0000040987,2013,12792384023,
GPC,0000040987,2014,16317256886,
GPC,0000040987,2015,12890497802,
GPC,0000040987,2016,14179131718,
GPC,0000040987,2017,13933464951,
GPC,0000040987,2018,14012833580,
GPC,0000040987,2019,15443521724,
GPC,0000040987,2020,14497505864,
GPC,0000040987,2021,19933731757,
GPC,0000040987,2022,24454785518,
GPC,0000040987,2023,19330039334,
GPC,0000040987,2024,16203913569,
WMT,0000104169,2017,214555062248,
GT,0000042582,2019,3625480000,
GT,0000042582,2020,2542030000,
GT,0000042582,2021,6012240000,
GT,0000042582,2022,2872450000,
GT,0000042582,2023,4066880000,
GT,0000042582,2024,2565000000,
HAL,0000045012,2012,32227010000,
HAL,0000045012,2013,43086750000,
HAL,0000045012,2014,33351840000,
HAL,0000045012,2015,29138240000,
HAL,0000045012,2016,46841940000,
GT,0000042582,2009,3415054108,
HAL,0000045012,2017,42663510000,
HAL,0000045012,2018,23151180000,
HAL,0000045012,2019,21484660000,
HAL,0000045012,2020,16726500000,
HAL,0000045012,2021,20491520000,
HAL,0000045012,2022,35493700000,
HAL,0000045012,2023,32137350000,
HAL,0000045012,2024,23600920000,
HAS,0000046080,2017,11722521557,
HAS,0000046080,2018,12693442552,
HAS,0000046080,2019,11249058393,
HAS,0000046080,2020,13701379992,
HAS,0000046080,2021,12794310576,
HAS,0000046080,2022,12923258424,
HAS,0000046080,2023,8080332840,
HAS,0000046080,2024,7022848888,
HP,0000046765,2009,4169870198,
HP,0000046765,2020,1574702745,
HP,0000046765,2021,2957507725,
HP,0000046765,2022,3892706684,
HP,0000046765,2023,4191822336,
HP,0000046765,2024,3004139633,
HSY,0000047111,2011,13913221614,
HSY,0000047111,2012,16161827087,
HSY,0000047111,2014,22973202485,
HSY,0000047111,2015,19351714927,
HSY,0000047111,2016,21954024391,
HSY,0000047111,2017,23934811338,
HSY,0000047111,2018,22478743931,
HSY,0000047111,2019,30693750062,
HSY,0000047111,2020,31719238256,
HSY,0000047111,2021,39875910939,
HSY,0000047111,2022,47463679516,
HSY,0000047111,2023,38107017123,
HSY,0000047111,2024,34273572735,
HPQ,0000047217,2009,112242725463,
HPQ,0000047217,2010,92655991174,
HPQ,0000047217,2011,52980647379,
HPQ,0000047217,2012,27187391782,
HPQ,0000047217,2013,46497911155,
HPQ,0000047217,2014,65983409375,
HPQ,0000047217,2015,48635780107,
HPQ,0000047217,2016,24806880000,
HPQ,0000047217,2017,35557500000,
HPQ,0000047217,2018,37658400000,
HPQ,0000047217,2019,25325460000,
HPQ,0000047217,2020,23419840000,
HPQ,0000047217,2021,33120360000,
HPQ,0000047217,2022,27067600000,
HPQ,0000047217,2023,26040370000,
HPQ,0000047217,2024,33353280000,
HUBB,0000048898,2009,2686640000,
HUBB,0000048898,2010,3601787000,
HUBB,0000048898,2016,6480620227,
HUBB,0000048898,2017,7427750722,
HUBB,0000048898,2018,5435406776,
HUBB,0000048898,2019,8058284905,
HUBB,0000048898,2020,8526657105,
HUBB,0000048898,2021,11354473649,
HUBB,0000048898,2022,12599861013,
HUM,0000049071,2009,7345605960,
HUM,0000049071,2010,8276344216,
HUM,0000049071,2011,9770576722,
HUM,0000049071,2012,14603806311,
HUM,0000049071,2013,11775421240,
HUM,0000049071,2014,14987539336,
HUM,0000049071,2015,21908580437,
HUM,0000049071,2016,24142308695,
HUM,0000049071,2017,29640834048,
HUM,0000049071,2018,38803573597,
HUM,0000049071,2019,41888819212,
HUM,0000049071,2021,49368293619,
HUM,0000049071,2022,49703687608,
HUM,0000049071,2023,63949636885,
HUM,0000049071,2024,45614192269,
WMB,0000107263,2020,26129264211,
EME,0000105634,2014,2802034878,
EME,0000105634,2015,2933700379,
ITW,0000049826,2010,21899968469,
ITW,0000049826,2011,26660453225,
ITW,0000049826,2012,25654523766,
ITW,0000049826,2013,28363710246,
ITW,0000049826,2014,36288681371,
ITW,0000049826,2015,33707716000,
ITW,0000049826,2016,42481374000,
ITW,0000049826,2017,56979275000,
ITW,0000049826,2018,41566989000,
ITW,0000049826,2019,57445674000,
ITW,0000049826,2020,64568796000,
ITW,0000049826,2021,77223720000,
ITW,0000049826,2022,67191500000,
MET,0001099219,2012,35960174839,
INTC,0000050863,2009,112282590000,
INTC,0000050863,2010,114849240000,
INTC,0000050863,2011,121250000000,
INTC,0000050863,2012,100017120000,
INTC,0000050863,2013,127155200000,
INTC,0000050863,2014,178287400000,
INTC,0000050863,2015,165280500000,
INTC,0000050863,2016,171557100000,
INTC,0000050863,2017,216351920000,
INTC,0000050863,2018,211123000000,
INTC,0000050863,2019,257743200000,
INTC,0000050863,2020,191198340000,
INTC,0000050863,2021,208831700000,
INTC,0000050863,2022,109340910000,
INTC,0000050863,2023,212457000000,
INTC,0000050863,2024,87899000000,
IBM,0000051143,2015,132903609733,
IBM,0000051143,2016,157004482174,
IBM,0000051143,2017,141480697968,
IBM,0000051143,2018,101448108409,
IBM,0000051143,2019,118908271017,
IBM,0000051143,2020,112367242649,
IBM,0000051143,2021,120035849076,
IBM,0000051143,2022,127659298640,
IBM,0000051143,2023,149650481803,
IBM,0000051143,2024,203626346088,
IFF,0000051253,2009,3256535148,
IFF,0000051253,2010,4458894190,
IFF,0000051253,2016,9333672150,
IFF,0000051253,2017,12048159814,
IFF,0000051253,2018,14315760253,
IFF,0000051253,2019,13777697317,
IFF,0000051253,2020,11639130832,
IFF,0000051253,2021,38351570690,
IFF,0000051253,2022,26730893661,
IFF,0000051253,2023,20671641000,
IP,0000051434,2009,11702854146,
IP,0000051434,2010,11955633986,
IP,0000051434,2011,12991441469,
IP,0000051434,2012,17525623838,
IP,0000051434,2013,21926225614,
IP,0000051434,2014,24052044762,
IP,0000051434,2015,16923550111,
IP,0000051434,2016,23818628254,
IP,0000051434,2017,26010181548,
IP,0000051434,2018,18118251197,
IP,0000051434,2019,20671866547,
IP,0000051434,2020,22319292199,
IP,0000051434,2021,21089322000,
IP,0000051434,2022,15545407000,
MD,0000893949,2013,5402429660,
IP,0000051434,2023,16227735000,
IP,0000051434,2024,24159798000,
J,0000052988,2009,5405242400,
J,0000052988,2010,4911707384,
J,0000052988,2011,4126176082,
J,0000052988,2012,5253309234,
J,0000052988,2013,7607425842,
J,0000052988,2014,6545472562,
J,0000052988,2015,4605917300,
J,0000052988,2016,6255577883,
J,0000052988,2017,7014872506,
J,0000052988,2018,10879671119,
PRU,0001137774,2014,40656660000,
J,0000052988,2019,12050837418,
J,0000052988,2020,12227438567,
J,0000052988,2021,17356673996,
J,0000052988,2022,13820900620,
COO,0000711404,2009,1265295730,
J,0000052988,2023,17195856047,
J,0000052988,2024,19298788986,
KMB,0000055785,2012,32868605073,
KMB,0000055785,2013,39778366553,
KMB,0000055785,2014,42206762000,
KMB,0000055785,2015,45942570000,
KMB,0000055785,2016,40695192000,
KMB,0000055785,2017,42363726000,
MD,0000893949,2014,6348543300,
AIZ,0001267238,2021,8689836052,
KMB,0000055785,2018,39309300000,
KMB,0000055785,2019,46959570000,
KMB,0000055785,2020,45666921000,
KMB,0000055785,2021,48135456000,
KMB,0000055785,2022,45815625000,
KMB,0000055785,2023,40948870000,
KMB,0000055785,2024,43479072000,
KR,0000056873,2009,14670000000,
KR,0000056873,2010,13706362808,
KR,0000056873,2011,14709059525,
KR,0000056873,2012,13692931052,
KR,0000056873,2013,17261400648,
KR,0000056873,2014,22448149746,
KR,0000056873,2015,37486165480,
KR,0000056873,2016,36179631771,
KR,0000056873,2017,26476399841,
KR,0000056873,2018,20447113637,
KR,0000056873,2019,19511113469,
KR,0000056873,2020,21734297646,
KR,0000056873,2021,26853695063,
LEG,0000058492,2009,3250357051,
LEG,0000058492,2010,3441882479,
LEG,0000058492,2012,3009045337,
LEG,0000058492,2021,5608079291,
LEG,0000058492,2022,5145238088,
LEG,0000058492,2023,4584495128,
LEG,0000058492,2024,2736117621,
LLY,0000059478,2009,39221649980,
LLY,0000059478,2010,39149287416,
LLY,0000059478,2011,39904704932,
LLY,0000059478,2012,44756891819,
LLY,0000059478,2013,60793126326,
LLY,0000059478,2014,60688449153,
LLY,0000059478,2015,78399494148,
LLY,0000059478,2016,78831282676,
LLY,0000059478,2017,85807720036,
LLY,0000059478,2018,84393881587,
LLY,0000059478,2019,123887830943,
LLY,0000059478,2020,135614996385,
LLY,0000059478,2021,198672061902,
LLY,0000059478,2022,228858537849,
LLY,0000059478,2023,312077245151,
AAPL,0000320193,2023,2662325943810,
ADBE,0000796343,2009,18491604660,
L,0000060086,2024,16229571193,
LPX,0000060519,2011,1074924000,
LPX,0000060519,2012,1120433318,
LPX,0000060519,2013,2919305984,
LPX,0000060519,2014,2339269293,
LPX,0000060519,2015,2578484964,
LPX,0000060519,2016,2710201020,
LOW,0000060667,2019,77785110000,
LOW,0000060667,2020,88691120000,
LOW,0000060667,2021,121967350000,
LOW,0000060667,2022,157443300000,
LOW,0000060667,2023,129797970000,
LOW,0000060667,2024,125987260000,
MTW,0000061986,2009,1303156488,
MTW,0000061986,2010,1722498477,
MTW,0000061986,2011,1212024342,
MTW,0000061986,2012,2081823485,
MTW,0000061986,2013,3118288594,
MTW,0000061986,2014,2995513331,
MTW,0000061986,2015,2097075036,
MTW,0000061986,2016,209062618,
MTW,0000061986,2017,1387673810,
MTW,0000061986,2018,525647063,
MTW,0000061986,2019,619054398,
MTW,0000061986,2020,460268292,
MTW,0000061986,2021,651695725,
MTW,0000061986,2022,321378673,
MTW,0000061986,2023,585735433,
MTW,0000061986,2024,320775657,
MRSH,0000062709,2016,34741260000,
MRSH,0000062709,2017,41427510000,
MRSH,0000062709,2018,40194000000,
MRSH,0000062709,2019,56150640000,
MRSH,0000062709,2020,59436000000,
MAS,0000062996,2009,4839013979,
MAS,0000062996,2010,4413283809,
MAS,0000062996,2011,3645976623,
FTI,0001681459,2017,14562261652,
MAS,0000062996,2012,5814332531,
MAS,0000062996,2013,7958120033,
MAS,0000062996,2014,8693995101,
MAS,0000062996,2015,9353150000,
WMB,0000107263,2011,17803117242,
BEN,0000038777,2020,10075624377,
WMB,0000107263,2012,17350921202,
WMB,0000107263,2013,23226634586,
WMB,0000107263,2014,28786598998,
WMB,0000107263,2016,12113560490,
WMB,0000107263,2017,23288234488,
WMB,0000107263,2018,23918033284,
ABT,0000001800,2024,196336102300,
AMD,0000002488,2013,1935149358,
AMD,0000002488,2014,2056400000,
AMD,0000002488,2015,2312640000,
AMD,0000002488,2016,10602900000,
MAS,0000062996,2016,10055160000,
MAS,0000062996,2017,13638976000,
MAS,0000062996,2018,8593636000,
MAS,0000062996,2019,13226044000,
MAS,0000062996,2020,14182926000,
MAS,0000062996,2021,16937064000,
MAS,0000062996,2022,10514751000,
MAS,0000062996,2023,14775788000,
MAS,0000062996,2024,15421125000,
MAT,0000063276,2019,5260384613,
MD,0000893949,2015,6717336740,
MAT,0000063276,2009,7194498300,
MAT,0000063276,2010,7847735820,
MAT,0000063276,2020,4883941230,
MAT,0000063276,2021,6427213363,
MAT,0000063276,2022,8524229780,
MAT,0000063276,2023,6559328764,
MAT,0000063276,2024,6652960000,
MKC,0000063754,2013,9114900000,
MKC,0000063754,2014,9655467000,
MKC,0000063754,2015,10997760000,
MCD,0000063908,2009,68196968000,
MCD,0000063908,2010,67172232682,
MCD,0000063908,2011,76859832983,
MCD,0000063908,2012,100887939906,
MCD,0000063908,2013,95556027668,
MCD,0000063908,2014,93217128990,
MCD,0000063908,2015,88845809762,
MCD,0000063908,2016,111601024377,
MCD,0000063908,2017,100383994318,
MCD,0000063908,2018,135970367183,
MCD,0000063908,2019,136823432615,
MCD,0000063908,2020,159503220770,
MCD,0000063908,2021,154959714617,
MCD,0000063908,2022,192923055085,
MCD,0000063908,2023,195602284697,
MCD,0000063908,2024,211358911567,
SPGI,0000064040,2009,10455109174,
SPGI,0000064040,2010,10787455141,
SPGI,0000064040,2011,11484981794,
SPGI,0000064040,2012,12860287728,
SPGI,0000064040,2013,21145288382,
SPGI,0000064040,2014,24202546726,
SPGI,0000064040,2017,42976779822,
SPGI,0000064040,2018,42213101117,
SPGI,0000064040,2019,66624187263,
SPGI,0000064040,2020,79092428280,
SPGI,0000064040,2021,113735128602,
SPGI,0000064040,2022,107817200807,
SPGI,0000064040,2023,138367322828,
SPGI,0000064040,2024,153293623750,
CVS,0000064803,2009,44804110000,
CVS,0000064803,2010,47391510000,
CVS,0000064803,2011,52932440000,
CVS,0000064803,2012,59518850000,
CVS,0000064803,2013,84452600000,
CVS,0000064803,2014,109793400000,
CVS,0000064803,2015,107644770000,
CVS,0000064803,2016,83723510000,
CVS,0000064803,2017,73515000000,
CVS,0000064803,2018,84848400000,
CVS,0000064803,2019,96725580000,
CVS,0000064803,2020,89473000000,
CVS,0000064803,2021,136377520000,
CVS,0000064803,2022,121147000000,
CVS,0000064803,2023,101700480000,
CVS,0000064803,2024,56561400000,
ETR,0000065984,2009,15776463099,
ETR,0000065984,2010,14437711819,
ETR,0000065984,2011,12921166975,
ETR,0000065984,2012,12253924531,
ETR,0000065984,2016,12597967124,
ETR,0000065984,2017,12851836165,
ETR,0000065984,2018,14224821438,
ETR,0000065984,2019,16908685865,
ETR,0000065984,2020,26268060582,
ETR,0000065984,2021,19111757923,
ETR,0000065984,2022,22692401782,
ETR,0000065984,2023,22889990389,
ETR,0000065984,2024,21272578188,
MMM,0000066740,2009,58745251623,
MMM,0000066740,2010,61443675545,
JEF,0000096223,2023,7464608192,
MMM,0000066740,2012,63796476742,
MMM,0000066740,2013,93027308398,
MMM,0000066740,2014,104365313183,
MMM,0000066740,2015,91789506453,
MMM,0000066740,2016,106557397141,
MMM,0000066740,2017,140017932131,
MMM,0000066740,2018,109860645426,
MMM,0000066740,2019,101474135279,
AMD,0000002488,2023,238214560000,
MMM,0000066740,2020,100984869626,
DAL,0000027904,2009,9411260000,
MMM,0000066740,2021,101576934902,
MMM,0000066740,2022,65865500234,
MMM,0000066740,2023,60408181502,
MMM,0000066740,2024,69640221414,
APD,0000002969,2009,16389575274,
MSI,0000068505,2009,2563128000,
MSI,0000068505,2010,3050243080,
MSI,0000068505,2011,14757252000,
MSI,0000068505,2012,15373248000,
MSI,0000068505,2013,17178750000,
MSI,0000068505,2014,14744184000,
MSI,0000068505,2015,11930835000,
MSI,0000068505,2016,13651983000,
MSI,0000068505,2019,27474370000,
MSI,0000068505,2020,28808164000,
MSI,0000068505,2021,45835790000,
MSI,0000068505,2022,43166425000,
AMD,0000002488,2024,203058180000,
MSI,0000068505,2023,52035558000,
MSI,0000068505,2024,77238633000,
THC,0000070318,2016,2672116026,
THC,0000070318,2017,1755718322,
THC,0000070318,2018,1908918190,
THC,0000070318,2019,2257654741,
THC,0000070318,2020,3299697505,
THC,0000070318,2021,5019898865,
THC,0000070318,2022,7961726100,
THC,0000070318,2023,5609734495,
THC,0000070318,2024,8273586300,
BAC,0000070858,2009,130272673526,
BAC,0000070858,2010,134535965112,
NYT,0000071691,2010,1450534560,
NYT,0000071691,2019,5321646100,
NYT,0000071691,2020,8574063550,
NYT,0000071691,2021,7956476020,
NYT,0000071691,2022,5416632660,
NYT,0000071691,2023,8069681790,
NYT,0000071691,2024,8558321250,
NDSN,0000072331,2015,4086183920,
APD,0000002969,2010,17707142632,
NDSN,0000072331,2016,5738149910,
NDSN,0000072331,2017,7311913350,
NDSN,0000072331,2018,7119398790,
NDSN,0000072331,2019,9032256000,
NDSN,0000072331,2020,11234607830,
NDSN,0000072331,2021,14783328340,
NDSN,0000072331,2022,12849975000,
KO,0000021344,2023,260120709994,
KO,0000021344,2024,256116771818,
PCAR,0000075362,2020,25702863079,
PCAR,0000075362,2021,31647559374,
PCAR,0000075362,2022,32320702436,
PCAR,0000075362,2023,38138285620,
PCAR,0000075362,2024,55536908599,
ES,0000072741,2010,5626959953,
PH,0000076334,2012,12003314852,
PH,0000076334,2013,15407242545,
PH,0000076334,2014,17104065830,
PH,0000076334,2015,15606718798,
PH,0000076334,2016,15290160214,
PH,0000076334,2017,22096906777,
SWKS,0000004127,2015,15996618000,
SWKS,0000004127,2016,14078286000,
SWKS,0000004127,2017,18657890000,
PH,0000076334,2018,22375462057,
PH,0000076334,2019,22487590169,
PH,0000076334,2023,52658158724,
PH,0000076334,2024,72162779286,
HWM,0000004281,2023,22189200000,
HWM,0000004281,2024,44294850000,
PNR,0000077360,2018,6474117375,
AXP,0000004962,2009,48299840000,
AEP,0000004904,2014,29716523868,
AEP,0000004904,2015,28613633895,
AEP,0000004904,2016,30958182987,
AEP,0000004904,2017,36196851845,
AEP,0000004904,2018,36865196772,
PEP,0000077476,2009,94975680000,
PEP,0000077476,2010,95638351497,
PEP,0000077476,2011,101329969986,
PEP,0000077476,2012,99060373911,
PEP,0000077476,2013,110308964766,
PEP,0000077476,2014,120868558751,
PFE,0000078003,2014,200806849163,
PFE,0000078003,2015,211813411504,
UNM,0000005513,2021,5040311348,
UNM,0000005513,2022,5661656924,
UNM,0000005513,2023,8317922713,
UNM,0000005513,2024,9332672432,
AMAT,0000006951,2022,75723680000,
AMAT,0000006951,2023,109372900000,
AMAT,0000006951,2024,152573360000,
PFE,0000078003,2016,189173035270,
PFE,0000078003,2017,200101734174,
PFE,0000078003,2018,214362751358,
PFE,0000078003,2019,238838412221,
PFE,0000078003,2020,188231678807,
AAPL,0000320193,2016,601439269860,
PVH,0000078239,2010,2028896310,
PVH,0000078239,2011,4050136733,
PVH,0000078239,2012,6124447335,
PVH,0000078239,2013,9158280049,
ADM,0000007084,2010,17491922123,
ADM,0000007084,2011,20530742450,
ADM,0000007084,2012,17183252540,
PVH,0000078239,2023,4702829347,
PVH,0000078239,2024,7552631835,
PBI,0000078814,2024,725532969,
BCO,0000078890,2009,1165886000,
BCO,0000078890,2010,1247232000,
BCO,0000078890,2011,1260672000,
BCO,0000078890,2012,1363734000,
BCO,0000078890,2013,1652376000,
BCO,0000078890,2014,1186326000,
BCO,0000078890,2015,1411254000,
BCO,0000078890,2016,2062500000,
ADM,0000007084,2013,18789644025,
ADM,0000007084,2014,25992490080,
ADM,0000007084,2015,29576842632,
ADM,0000007084,2016,20994304693,
ADM,0000007084,2017,25030443895,
ADM,0000007084,2024,27944832076,
ADM,0000007084,2025,27627954871,
ADP,0000008670,2024,97409389000,
AVY,0000008818,2018,7526002274,
AVY,0000008818,2019,10971909812,
AVY,0000008818,2021,12897578599,
BCO,0000078890,2021,3108018000,
BCO,0000078890,2022,2486773000,
BCO,0000078890,2023,3913775000,
BCO,0000078890,2024,3979833000,
BRO,0000079282,2010,3418512300,
BRO,0000079282,2011,3244055760,
BRO,0000079282,2012,3663133880,
BRO,0000079282,2013,4564702410,
AVY,0000008818,2024,15043172650,
BALL,0000009389,2009,9697472400,
BALL,0000009389,2010,11513964866,
BALL,0000009389,2011,5901970250,
BALL,0000009389,2012,6202584032,
BALL,0000009389,2013,6805401966,
BALL,0000009389,2014,7677705991,
BALL,0000009389,2015,10291111739,
BALL,0000009389,2016,9235467361,
BALL,0000009389,2017,12826476287,
BALL,0000009389,2018,13740832898,
BALL,0000009389,2019,18187994000,
BALL,0000009389,2020,25156207276,
BALL,0000009389,2021,29408458923,
BRO,0000079282,2014,4722124260,
BRO,0000079282,2019,11119739400,
BRO,0000079282,2020,13417219640,
BALL,0000009389,2022,0,
BALL,0000009389,2023,18044825498,
BALL,0000009389,2024,19645588329,
PPG,0000079879,2009,9698184758,
PPG,0000079879,2010,13483299187,
BRO,0000079282,2021,19854100000,
PPG,0000079879,2011,12681194242,
PPG,0000079879,2012,41570396598,
PPG,0000079879,2013,52591345620,
PPG,0000079879,2015,26372687209,
PPG,0000079879,2016,24384605962,
PPG,0000079879,2017,29342193291,
PPG,0000079879,2018,24112114398,
PPG,0000079879,2019,31460985940,
PPG,0000079879,2020,34134893138,
BAX,0000010456,2009,35618780638,
BAX,0000010456,2010,34707612153,
BAX,0000010456,2011,28096318207,
PG,0000080424,2009,150857420000,
PG,0000080424,2010,173601122927,
PG,0000080424,2011,168960266741,
PG,0000080424,2012,177760878553,
PG,0000080424,2013,219922471523,
PG,0000080424,2014,209355678697,
PG,0000080424,2015,208053484921,
PG,0000080424,2016,228418408789,
PG,0000080424,2017,231592292369,
PG,0000080424,2018,201230361223,
AEP,0000004904,2025,61721475375,
BDX,0000010795,2009,16209460293,
BDX,0000010795,2010,17366673791,
BDX,0000010795,2011,16810884543,
BDX,0000010795,2012,14905763388,
BDX,0000010795,2023,73408601163,
BDX,0000010795,2024,67536022364,
ADM,0000007084,2018,24141856766,
ADM,0000007084,2019,23658150701,
ADP,0000008670,2021,84155294000,
FTI,0001681459,2021,2668144000,
BIO,0000012208,2013,3533515460,
BIO,0000012208,2014,3481290560,
BIO,0000012208,2024,9268581140,
WRB,0000011544,2014,6497124737,
ROL,0000084839,2021,16828278286,
ROL,0000084839,2022,17994049810,
WRB,0000011544,2015,6751094828,
WRB,0000011544,2016,12090899889,
WRB,0000011544,2017,13059790491,
WRB,0000011544,2018,13525085094,
BMY,0000014272,2011,43020341358,
BMY,0000014272,2012,53099411689,
BMY,0000014272,2013,87378600000,
BMY,0000014272,2014,82462121323,
BMY,0000014272,2016,101536501854,
BMY,0000014272,2017,82448139109,
BMY,0000014272,2018,102526181126,
BMY,0000014272,2020,143532536410,
BMY,0000014272,2021,139379959268,
BMY,0000014272,2022,142095478736,
BMY,0000014272,2023,156400785881,
BMY,0000014272,2024,99613247426,
CAL,0000014707,2014,1027197646720,
CAL,0000014707,2015,1242120160,
CAL,0000014707,2016,1173586525,
AMAT,0000006951,2020,55708300000,
AMAT,0000006951,2025,204729129535,
CAL,0000014707,2017,1278155765,
CAL,0000014707,2018,1238882326,
CAL,0000014707,2019,1240261101,
CAL,0000014707,2020,708963085,
CAL,0000014707,2021,573669342,
CAL,0000014707,2022,868619147,
ATO,0000731802,2009,2567677060,
ATO,0000731802,2010,2749721282,
ATO,0000731802,2011,3155513010,
R,0000085961,2017,4457248779,
R,0000085961,2018,2557558753,
R,0000085961,2019,2893545342,
R,0000085961,2020,3318490358,
R,0000085961,2021,4433830237,
R,0000085961,2022,3868176510,
R,0000085961,2023,5051371599,
SLB,0000087347,2009,77770371726,
SLB,0000087347,2010,13828480000,
SLB,0000087347,2011,91110197984,
SLB,0000087347,2012,92048125069,
SLB,0000087347,2013,117803539551,
SLB,0000087347,2014,108924432426,
R,0000085961,2016,3979794504,
SLB,0000087347,2015,87631666605,
SLB,0000087347,2016,116814369064,
SLB,0000087347,2017,93263229775,
SLB,0000087347,2018,49897352810,
SLB,0000087347,2019,55657516869,
SLB,0000087347,2023,74261080000,
SLB,0000087347,2024,53708605103,
SCI,0000089089,2014,4650475679,
SCI,0000089089,2015,5094010234,
SCI,0000089089,2016,5379108930,
SCI,0000089089,2017,6964462358,
SCI,0000089089,2018,7306005631,
SCI,0000089089,2019,8339943847,
SCI,0000089089,2020,8382216288,
SCI,0000089089,2021,11579477200,
SCI,0000089089,2022,10643436836,
SCI,0000089089,2023,10015832623,
SCI,0000089089,2024,11549545880,
SHW,0000089800,2009,6746782974,
SHW,0000089800,2010,8962996672,
SHW,0000089800,2011,9271077855,
SHW,0000089800,2012,15884991379,
SHW,0000089800,2013,18373751243,
SHW,0000089800,2014,24910985666,
SHW,0000089800,2015,23947188665,
SHW,0000089800,2016,24996321951,
SHW,0000089800,2017,38496049796,
SHW,0000089800,2018,36631116690,
SHW,0000089800,2019,161290428360,
SHW,0000089800,2020,197470317000,
SEDG,0001419612,2023,5346753703,
AOS,0000091142,2009,1487817719,
AOS,0000091142,2010,1741902808,
AOS,0000091142,2011,3700591128,
AOS,0000091142,2012,5827366273,
SJM,0000091419,2009,3366674525,
AOS,0000091142,2018,7284165032,
AOS,0000091142,2022,8859969357,
AOS,0000091142,2023,12362098857,
AOS,0000091142,2024,9958495205,
FRT,0000034903,2009,4147311626,
FRT,0000034903,2010,4794753755,
FRT,0000034903,2011,5766631612,
FRT,0000034903,2012,6742102693,
GD,0000040533,2010,26400832130,
GD,0000040533,2011,23671039611,
GD,0000040533,2012,24499015159,
GD,0000040533,2013,33767636967,
GD,0000040533,2014,45712423029,
GD,0000040533,2015,42991932369,
IBM,0000051143,2012,214031784148,
IBM,0000051143,2013,197772081904,
IBM,0000051143,2014,158919609904,
LOW,0000060667,2009,26856900000,
SJM,0000091419,2010,7274606613,
LOW,0000060667,2010,31587350000,
LOW,0000060667,2011,34188500000,
LOW,0000060667,2012,33755200000,
LOW,0000060667,2013,42801600000,
LOW,0000060667,2014,47678700000,
LOW,0000060667,2015,65049600000,
LOW,0000060667,2016,65210600000,
LOW,0000060667,2017,63469140000,
LOW,0000060667,2018,84245000000,
PCAR,0000075362,2012,15774011211,
ADP,0000008670,2025,104201180651,
TRV,0000086312,2010,24211566000,
TRV,0000086312,2011,23241976000,
TRV,0000086312,2012,27104868000,
TRV,0000086312,2013,32005890000,
TRV,0000086312,2014,34104870000,
TRV,0000086312,2015,33395274000,
TRV,0000086312,2016,34228632000,
TRV,0000086312,2017,36812696000,
TRV,0000086312,2018,31566100000,
SNA,0000091440,2010,2438402000,
SNA,0000091440,2011,3439396139,
SNA,0000091440,2012,3560885268,
SNA,0000091440,2013,4611602870,
SNA,0000091440,2015,8194927574,
SNA,0000091440,2016,8127074298,
SNA,0000091440,2017,9842200590,
SNA,0000091440,2018,9007869633,
SNA,0000091440,2019,8513718252,
SNA,0000091440,2021,9993424441,
SNA,0000091440,2022,11419837154,
SNA,0000091440,2023,13791699385,
SNA,0000091440,2024,13833614827,
SO,0000092122,2009,26489400000,
SO,0000092122,2010,26251927104,
SO,0000092122,2011,31812025164,
SO,0000092122,2012,39481107476,
SO,0000092122,2013,38434535448,
SO,0000092122,2014,36618671581,
SO,0000092122,2015,46149006987,
SO,0000092122,2016,44656474995,
SO,0000092122,2017,48987658888,
SO,0000092122,2018,45478074233,
SO,0000092122,2019,50279823959,
SO,0000092122,2020,74217679994,
SO,0000092122,2021,62255441167,
SO,0000092122,2022,73675145531,
SO,0000092122,2023,73697287958,
SO,0000092122,2024,75847370656,
LUV,0000092380,2009,0,
LUV,0000092380,2010,9683080000,
LUV,0000092380,2011,6616077218,
LUV,0000092380,2012,7455708969,
LUV,0000092380,2013,13376400000,
LUV,0000092380,2014,14896258887,
CVX,0000093410,2011,198175422834,
CVX,0000093410,2012,210309699461,
CVX,0000093410,2013,224653572089,
CVX,0000093410,2014,213230766334,
CVX,0000093410,2015,207628324001,
JPM,0000019617,2016,307295948000,
CVX,0000093410,2016,160878042282,
CVX,0000093410,2017,213106601333,
CVX,0000093410,2018,217730666119,
AIT,0000109563,2019,2374873410,
AJG,0000354190,2009,2307275000,
AMGN,0000318154,2009,56287150000,
AMGN,0000318154,2010,51172290000,
AMGN,0000318154,2011,51085476000,
AMGN,0000318154,2012,65193060000,
AMGN,0000318154,2013,86084768000,
AMGN,0000318154,2014,121124116000,
AMGN,0000318154,2015,122396820000,
AMGN,0000318154,2016,107932222000,
AVY,0000008818,2010,3842335587,
EQT,0000033213,2019,4960216140,
EQT,0000033213,2020,1450978720,
EQT,0000033213,2021,4924569852,
F,0000037996,2009,29920000000,
F,0000037996,2010,36667239288,
F,0000037996,2011,59723809041,
F,0000037996,2012,49404250000,
F,0000037996,2013,60717050000,
FCX,0000831259,2014,35046606926,
WOR,0000108516,2022,2256446547,
WOR,0000108516,2023,2731245795,
WOR,0000108516,2024,2823722797,
TJX,0000109198,2009,8016995317,
TJX,0000109198,2010,15560766649,
TJX,0000109198,2011,18590551691,
AVY,0000008818,2016,6201048149,
AVY,0000008818,2017,10109005599,
TJX,0000109198,2012,50305315626,
TJX,0000109198,2013,32792760645,
TJX,0000109198,2014,40439765828,
TJX,0000109198,2015,45151307208,
TJX,0000109198,2016,47267434737,
AIT,0000109563,2016,1763032980,
JNJ,0000200406,2010,171637690857,
JNJ,0000200406,2011,165808655646,
JNJ,0000200406,2012,178402662828,
JNJ,0000200406,2013,215127759244,
JNJ,0000200406,2014,260739869136,
JNJ,0000200406,2016,287414853439,
LHX,0000202058,2011,5608061522,
LHX,0000202058,2012,4693368899,
LHX,0000202058,2013,5266459509,
LHX,0000202058,2017,13049118667,
LHX,0000202058,2018,17096208545,
LHX,0000202058,2019,22421853049,
LHX,0000202058,2020,45930155449,
BC,0000014930,2010,1662238000,
BC,0000014930,2011,1612758000,
BC,0000014930,2012,2178966716,
BC,0000014930,2013,4256358540,
ITT,0000216228,2012,2160666000,
ITT,0000216228,2013,3951220000,
ITT,0000216228,2014,3681860000,
ITT,0000216228,2015,3250640000,
ITT,0000216228,2016,3452015000,
ITT,0000216228,2017,4707234000,
ITT,0000216228,2018,4228452000,
ITT,0000216228,2019,6489298000,
TXT,0000217346,2010,5121436320,
TXT,0000217346,2011,5156361770,
GWW,0000277135,2024,46439318351,
CSX,0000277948,2012,23949717897,
CSX,0000277948,2013,22702414972,
CSX,0000277948,2014,26398801073,
KLAC,0000319201,2010,4685038840,
KLAC,0000319201,2011,6764936640,
KLAC,0000319201,2012,8210467500,
KLAC,0000319201,2013,9219692550,
KLAC,0000319201,2014,12018142720,
KLAC,0000319201,2015,8872804710,
KLAC,0000319201,2020,30234055280,
KLAC,0000319201,2021,49531506960,
NKE,0000320187,2020,153666504000,
NKE,0000320187,2021,214651580000,
NKE,0000320187,2022,187640380000,
NKE,0000320187,2023,163321416000,
NKE,0000320187,2024,144247880000,
AN,0000350698,2017,4701828000,
AN,0000350698,2018,3213000000,
AN,0000350698,2019,4342659000,
AN,0000350698,2020,5827465000,
LNT,0000352541,2014,14736695731,
LNT,0000352541,2015,14171056078,
AJG,0000354190,2014,7749368000,
AJG,0000354190,2015,7242286000,
HD,0000354950,2013,99873200000,
HD,0000354950,2014,106053000000,
HD,0000354950,2015,136476940000,
HD,0000354950,2024,352457600000,
BBWI,0000701985,2023,10224850000,
BBWI,0000701985,2024,9776250000,
NSC,0000702165,2009,19344027876,
NSC,0000702165,2010,22449518783,
NSC,0000702165,2011,24071930445,
NSC,0000702165,2012,19419873320,
NSC,0000702165,2021,71498864211,
NSC,0000702165,2022,56202590184,
NSC,0000702165,2023,53346534821,
NSC,0000702165,2024,53117513822,
AN,0000350698,2021,7314810000,
D,0000715957,2018,48664260000,
D,0000715957,2019,69403160000,
D,0000715957,2020,60611200000,
D,0000715957,2021,63633600000,
D,0000715957,2022,51202200000,
D,0000715957,2023,39386000000,
D,0000715957,2024,45888720000,
WSM,0000719955,2020,5405760960,
WSM,0000719955,2022,11143533420,
WSM,0000719955,2023,8388847420,
WSM,0000719955,2024,26757173550,
MU,0000723125,2015,17983560000,
BC,0000014930,2014,4751494440,
BBWI,0000701985,2009,2542325200,
BBWI,0000701985,2010,6143456221,
BBWI,0000701985,2011,9283302891,
BBWI,0000701985,2012,12230710089,
HD,0000354950,2009,36514880000,
HD,0000354950,2010,47560980000,
HOG,0000793952,2017,8552928000,
HOG,0000793952,2018,5447529152,
UNH,0000731766,2017,213625740000,
UNH,0000731766,2018,239155200000,
UNH,0000731766,2019,278693040000,
T,0000732717,2016,224080883252,
T,0000732717,2017,254156151630,
T,0000732717,2018,221419127025,
T,0000732717,2019,217165794634,
T,0000732717,2020,272856340743,
T,0000732717,2021,205395111041,
T,0000732717,2022,172358233270,
T,0000732717,2023,136608315389,
T,0000732717,2024,123957889744,
BIO,0000012208,2009,2643389840,
BIO,0000012208,2010,2873010250,
HSY,0000047111,2009,8160058298,
HSY,0000047111,2010,10704475439,
UIS,0000746838,2012,760861370,
UIS,0000746838,2013,1473689430,
UIS,0000746838,2014,1456914858,
UIS,0000746838,2015,1145163070,
UIS,0000746838,2016,490471301,
UIS,0000746838,2017,643706319,
UIS,0000746838,2018,449307956,
UIS,0000746838,2019,667532581,
UIS,0000746838,2020,605920808,
UIS,0000746838,2021,1506094164,
UIS,0000746838,2022,1226986664,
UIS,0000746838,2023,366850131,
UIS,0000746838,2024,461086615,
IT,0000749251,2009,1707630320,
IT,0000749251,2010,3178800400,
IT,0000749251,2011,3400085838,
IT,0000749251,2012,3539614999,
IT,0000749251,2013,4809294507,
IT,0000749251,2014,6468170557,
MO,0000764180,2019,92731859360,
MO,0000764180,2020,76195185765,
MO,0000764180,2021,86400292537,
MO,0000764180,2022,81616764717,
MO,0000764180,2023,71138048004,
MO,0000764180,2024,88404186125,
ODFL,0000878927,2010,1789105767,
DOC,0000765880,2009,8964958402,
DOC,0000765880,2010,13646336682,
DOC,0000765880,2011,16929499722,
DOC,0000765880,2012,20466107095,
DOC,0000765880,2013,16596798580,
DOC,0000765880,2018,13336477217,
DOC,0000765880,2019,17414990034,
DOC,0000765880,2020,16275995030,
DOC,0000765880,2021,19456006363,
DOC,0000765880,2022,13704314263,
DOC,0000765880,2023,10833694958,
DOC,0000765880,2024,14178563768,
ALK,0000766421,2012,3032525238,
ALK,0000766421,2013,10087781143,
ALK,0000766421,2023,4926350092,
ALK,0000766421,2024,7971968135,
ADSK,0000769397,2019,32295680000,
ADSK,0000769397,2020,43188890000,
ADSK,0000769397,2021,60923628000,
ADSK,0000769397,2022,54454220000,
ADSK,0000769397,2023,46259400000,
ADSK,0000769397,2024,54315340000,
ADSK,0000769397,2025,63050132080,
ADSK,0000769397,2026,43479029699,
HON,0000773840,2020,148209377570,
HON,0000773840,2021,142787660667,
HON,0000773840,2022,143066660667,
HON,0000773840,2023,136689013028,
JKHY,0000779152,2017,7866955475,
JKHY,0000779152,2018,11028080590,
EHC,0000785161,2016,2775009067,
EHC,0000785161,2017,3758006741,
PEG,0000788784,2021,33631920000,
PEG,0000788784,2022,30451190000,
PEG,0000788784,2023,30452700000,
PEG,0000788784,2024,42076020000,
MSFT,0000789019,2009,211743160000,
MGM,0000789570,2015,12833139649,
MGM,0000789570,2016,16551986444,
NC,0000789933,2023,272947000,
NC,0000789933,2024,219564660,
ITW,0000049826,2009,24003494230,
KBH,0000795266,2010,1035288141,
KBH,0000795266,2011,518060041,
KBH,0000795266,2012,1220104203,
KBH,0000795266,2013,1530849972,
KBH,0000795266,2014,1521837227,
KBH,0000795266,2015,1137758863,
KBH,0000795266,2016,1344999308,
KBH,0000795266,2017,2781192067,
KBH,0000795266,2018,1660271167,
KBH,0000795266,2019,3098594534,
ADBE,0000796343,2010,14625278580,
ADBE,0000796343,2011,13325649400,
ADBE,0000796343,2012,17101908520,
ADBE,0000796343,2013,28177699580,
ADBE,0000796343,2014,36654621120,
ADBE,0000796343,2015,45883055530,
ADBE,0000796343,2016,49291951420,
ADBE,0000796343,2017,88191354240,
ADBE,0000796343,2018,122349770070,
ADBE,0000796343,2019,149502990000,
ADBE,0000796343,2020,228497370000,
ADBE,0000796343,2021,292851750000,
ADBE,0000796343,2022,157786860000,
ADBE,0000796343,2023,278673850000,
ADBE,0000796343,2024,227525130000,
OXY,0000797468,2024,46369208940,
FISV,0000798354,2023,72466937807,
FISV,0000798354,2024,87403191429,
CSR,0000798359,2012,646001110,
CSR,0000798359,2018,63707347,
OI,0000812074,2009,5914079167,
OI,0000812074,2010,5026065328,
OI,0000812074,2011,3186347041,
OI,0000812074,2012,3498362,
OI,0000812074,2013,3904991569,
OI,0000812074,2014,5278841290,
OI,0000812074,2015,3834587132,
OI,0000812074,2016,2083110108,
JPM,0000019617,2009,164263140000,
JPM,0000019617,2010,165874926000,
JPM,0000019617,2011,125442275000,
JPM,0000019617,2012,167261880000,
NWL,0000814453,2023,6419072000,
NWL,0000814453,2024,3152823000,
FICO,0000814547,2009,1034872440,
FICO,0000814547,2010,983490120,
TDC,0000816761,2012,8965944000,
TDC,0000816761,2017,4688274000,
TDC,0000816761,2018,4480448000,
TDC,0000816761,2019,2968793000,
XRAY,0000818479,2024,3773224000,
KMB,0000055785,2009,25923593385,
KMB,0000055785,2010,25650960945,
KMB,0000055785,2011,29107681672,
COHR,0000820318,2010,1786807520,
COHR,0000820318,2011,1099085825,
COHR,0000820318,2012,1191730120,
COHR,0000820318,2013,1233487861,
COHR,0000820318,2014,869783551,
COHR,0000820318,2015,1090984594,
COHR,0000820318,2016,1357348124,
COHR,0000820318,2017,2316030432,
COHR,0000820318,2018,2998545459,
COHR,0000820318,2019,2419119637,
PHM,0000822416,2016,5864869054,
PHM,0000822416,2017,9534518497,
PHM,0000822416,2018,7202076087,
PHM,0000822416,2019,10485129524,
PHM,0000822416,2020,11489930397,
PHM,0000822416,2021,14251466901,
PHM,0000822416,2022,10282515370,
PHM,0000822416,2023,21940187421,
PHM,0000822416,2024,22097212741,
REG,0000910606,2014,4688696907,
REG,0000910606,2015,6331925375,
REG,0000910606,2016,6917374285,
L,0000060086,2009,15732643500,
L,0000060086,2010,14856990943,
L,0000060086,2011,17073666842,
L,0000060086,2012,15018642529,
L,0000060086,2013,18679015031,
L,0000060086,2014,15670709371,
L,0000060086,2015,13052065805,
KR,0000056873,2022,40830749584,
KR,0000056873,2023,34467140237,
KR,0000056873,2024,41064038324,
IEX,0000832101,2009,2483153400,
IEX,0000832101,2010,3147829920,
IEX,0000832101,2011,3457594245,
IEX,0000832101,2012,3580970814,
IEX,0000832101,2013,4163318546,
IEX,0000832101,2014,5704302646,
SSP,0000832428,2017,1282474975,
SSP,0000832428,2018,1279937869,
SSP,0000832428,2019,1269773227,
SSP,0000832428,2020,1244876823,
SSP,0000832428,2021,1593030496,
SSP,0000832428,2022,1097672549,
SSP,0000832428,2023,673283233,
SSP,0000832428,2024,189486210,
SIG,0000832988,2010,2339280000,
SIG,0000832988,2011,3582472000,
SIG,0000832988,2012,4037374000,
SIG,0000832988,2013,5163202000,
SIG,0000832988,2014,6379910000,
SIG,0000832988,2015,9725133000,
SIG,0000832988,2019,1244043000,
SIG,0000832988,2020,1271413000,
SIG,0000832988,2021,2124426000,
JCI,0000833444,2009,16288210224,
JCI,0000833444,2010,19034463111,
JCI,0000833444,2019,33425618244,
JCI,0000833444,2020,30556148365,
JCI,0000833444,2021,51676867821,
JCI,0000833444,2022,39718952940,
JCI,0000833444,2023,35939578699,
JCI,0000833444,2024,50028105686,
TECH,0000842023,2013,2544539556,
TECH,0000842023,2014,3425293932,
APA,0001841666,2020,5356478520,
TECH,0000842023,2015,3658453842,
TECH,0000842023,2016,4201107756,
TECH,0000842023,2017,4389334818,
TECH,0000842023,2018,5564029625,
TECH,0000842023,2019,7908868000,
TECH,0000842023,2020,10154295857,
GEN,0000849399,2023,10982400000,
GEN,0000849399,2024,13955200000,
MHK,0000851968,2009,3258315200,
MHK,0000851968,2010,3892487280,
MHK,0000851968,2011,4070659174,
MHK,0000851968,2012,4596363637,
PTC,0000857005,2009,1602429000,
PTC,0000857005,2010,2263240040,
PTC,0000857005,2011,1798491060,
PTC,0000857005,2012,2602668810,
PTC,0000857005,2013,3370973160,
PTC,0000857005,2014,4244422500,
PTC,0000857005,2015,3610266300,
PTC,0000857005,2016,5094232080,
CSCO,0000858877,2017,157064160000,
CSCO,0000858877,2018,196417980000,
CSCO,0000858877,2019,240252500000,
CSCO,0000858877,2020,196596800000,
TYL,0000860731,2009,701628400,
TYL,0000860731,2010,707397000,
TYL,0000860731,2011,941449370,
TYL,0000860731,2012,1098592880,
TYL,0000860731,2013,1740519970,
TYL,0000860731,2014,3113717250,
TYL,0000860731,2015,3904798680,
CAL,0000014707,2012,407115664,
CAL,0000014707,2013,736101589,
MNST,0000865752,2009,3385305600,
MNST,0000865752,2010,9303819984,
REGN,0000872589,2009,1906855643,
REGN,0000872589,2010,2864033422,
IDXX,0000874716,2013,5106989218,
IDXX,0000874716,2014,6134707712,
IDXX,0000874716,2015,7292215499,
CAH,0000721371,2009,10924680000,
MNST,0000865752,2015,90672073740,
MNST,0000865752,2016,25121536440,
MTG,0000876437,2009,723084109,
MTG,0000876437,2010,2042585500,
MTG,0000876437,2011,750371560,
MTG,0000876437,2012,537405120,
MTG,0000876437,2024,5890725790,
VRTS,0000883237,2011,470372303,
VRTS,0000883237,2012,946557954,
VRTS,0000883237,2013,1821559476,
VRTS,0000883237,2014,1530289768,
VRTS,0000883237,2015,986539962,
SNPS,0000883241,2011,3842087480,
SNPS,0000883241,2012,4858947800,
SNPS,0000883241,2013,5614834980,
SNPS,0000883241,2014,6391445700,
SNPS,0000883241,2015,7754746860,
SNPS,0000883241,2016,8982736740,
FOSL,0000883569,2010,2237915040,
FOSL,0000883569,2011,5289175768,
FOSL,0000883569,2016,1248236340,
FOSL,0000883569,2017,377956110,
FOSL,0000883569,2018,803674170,
FOSL,0000883569,2019,390997532,
FOSL,0000883569,2021,446279875,
BSX,0000885725,2011,7737957299,
BSX,0000885725,2012,7768227789,
BSX,0000885725,2013,15893998689,
BSX,0000885725,2014,17588738550,
MGM,0000789570,2009,4023946929,
MGM,0000789570,2010,7254423262,
MGM,0000789570,2011,5098546682,
MGM,0000789570,2012,5694688428,
MGM,0000789570,2013,11533281971,
MGM,0000789570,2014,10503825461,
BSX,0000885725,2015,24832180195,
BSX,0000885725,2016,29462321352,
BSX,0000885725,2017,34048981408,
BSX,0000885725,2023,66358579810,
BSX,0000885725,2024,92808469364,
FCN,0000887936,2017,1620837840,
FCN,0000887936,2018,2542116080,
FCN,0000887936,2019,4137577400,
FCN,0000887936,2020,3852217320,
FCN,0000887936,2021,5267368860,
FCN,0000887936,2022,5403328800,
FCN,0000887936,2023,7074007150,
FCN,0000887936,2024,6864051690,
MTCH,0000891103,2016,4793430789,
MTCH,0000891103,2017,8781568238,
MTCH,0000891103,2018,26964241714,
MTCH,0000891103,2019,52296289092,
MTCH,0000891103,2020,40417514448,
MD,0000893949,2024,1126561920,
SANM,0000897723,2018,1870645200,
SANM,0000897723,2019,2239406400,
SANM,0000897723,2020,1725723450,
FTI,0001681459,2022,5390418000,
SANM,0000897723,2023,3084895240,
SANM,0000897723,2024,3713539270,
CPRT,0000900075,2017,7258076441,
INGR,0001046257,2021,6441732480,
CDNS,0000813672,2010,1609207510,
CDNS,0000813672,2011,2835872000,
CDNS,0000813672,2012,3771855360,
CHD,0000313927,2009,8511360000,
NKTR,0000906709,2010,1214543450,
NKTR,0000906709,2011,641116000,
NKTR,0000906709,2012,854069190,
NKTR,0000906709,2013,1322206900,
NKTR,0000906709,2014,2033848000,
NKTR,0000906709,2015,2279619650,
NKTR,0000906709,2016,1879911240,
NKTR,0000906709,2017,9526773280,
NKTR,0000906709,2019,3810742950,
NKTR,0000906709,2020,3061547000,
NKTR,0000906709,2021,2505672680,
NKTR,0000906709,2022,426145600,
NKTR,0000906709,2023,107175040,
NKTR,0000906709,2024,11518051,
BWA,0000908255,2009,3881349185,
BWA,0000908255,2010,8127220044,
DECK,0000910521,2011,2923954440,
DECK,0000910521,2012,1385294880,
DECK,0000910521,2013,2923843204,
DECK,0000910521,2015,2425988040,
DECK,0000910521,2016,1918318200,
DECK,0000910521,2017,1910583510,
DECK,0000910521,2018,2741143410,
DECK,0000910521,2022,7386856744,
DECK,0000910521,2023,11767420800,
VIAV,0000912093,2014,2840488500,
VIAV,0000912093,2015,2822338908,
VIAV,0000912093,2016,1533520000,
VIAV,0000912093,2017,2400840000,
VIAV,0000912093,2018,2324480000,
VIAV,0000912093,2019,3043410000,
VIAV,0000912093,2020,2850000000,
VIAV,0000912093,2021,3983160000,
VIAV,0000912093,2022,2958340000,
VIAV,0000912093,2023,2515260000,
BNL,0001424182,2021,4030346060,
VIAV,0000912093,2024,1525140000,
MAC,0000912242,2009,3475198625,
MAC,0000912242,2010,6179512756,
MAC,0000912242,2011,6686964266,
MAC,0000912242,2012,8016658683,
MAA,0000912595,2009,1404718718,
MAA,0000912595,2010,2213985123,
MAA,0000912595,2011,2436906592,
MAA,0000912595,2012,2739986770,
EMN,0000915389,2009,11418499711,
EMN,0000915389,2010,16285361871,
EMN,0000915389,2011,7673537417,
EMN,0000915389,2012,14522313890,
EMN,0000915389,2017,20229796059,
EMN,0000915389,2018,16021363637,
EMN,0000915389,2019,17408559082,
EMN,0000915389,2020,22125930222,
EMN,0000915389,2021,26818963551,
EMN,0000915389,2022,18108066482,
EMN,0000915389,2023,20008511313,
EMN,0000915389,2024,20418087848,
ALB,0000915913,2014,4692004030,
ALB,0000915913,2015,6285386190,
TE,0001992243,2022,1212639400,
TSCO,0000916365,2012,12158942290,
TSCO,0000916365,2013,10549463160,
LH,0000920148,2023,19069631000,
LH,0000920148,2024,19125288000,
ESS,0000920522,2009,2413284013,
ESS,0000920522,2010,3577919570,
ESS,0000920522,2011,4761614402,
ESS,0000920522,2012,5344365070,
ESS,0000920522,2013,5229934069,
CHD,0000313927,2014,8980570515,
PENN,0000921738,2015,1295846186,
PENN,0000921738,2016,1256576627,
PENN,0000921738,2017,2858086832,
PENN,0000921738,2018,2197231425,
PENN,0000921738,2019,2963893100,
PENN,0000921738,2020,13447881033,
PPL,0000922224,2009,12186768961,
PPL,0000922224,2010,12722826208,
PPL,0000922224,2011,17016682552,
PPL,0000922224,2012,16661067967,
LMT,0000936468,2017,91178200000,
LMT,0000936468,2018,98493348916,
LMT,0000936468,2019,109026400000,
LMT,0000936468,2020,99039420000,
LMT,0000936468,2021,96316110000,
LMT,0000936468,2022,123568460000,
DRI,0000940944,2012,6844735093,
DRI,0000940944,2013,6883743607,
DRI,0000940944,2014,6555458340,
WAB,0000943452,2017,7820077283,
WAB,0000943452,2018,6787199956,
RMD,0000943819,2010,9203314260,
RMD,0000943819,2011,4694148927,
RMD,0000943819,2012,4431056198,
RMD,0000943819,2017,11071145758,
POOL,0000945841,2019,8510950101,
TTWO,0000946581,2009,898717250,
TTWO,0000946581,2010,828852990,
TTWO,0000946581,2011,1323649030,
TTWO,0000946581,2012,1388408850,
TTWO,0000946581,2013,1513949450,
TTWO,0000946581,2014,1949971740,
TTWO,0000946581,2015,2249543760,
TTWO,0000946581,2016,3261204910,
TTWO,0000946581,2017,6082346670,
CIEN,0000936395,2010,1298972743,
CIEN,0000936395,2011,1284264946,
CIEN,0000936395,2012,1249474257,
CIEN,0000936395,2013,2413231848,
ACGL,0000947484,2010,12294575522,
ACGL,0000947484,2011,5002161184,
ACGL,0000947484,2012,5891738440,
ACGL,0000947484,2013,7979067193,
ACGL,0000947484,2014,7527444899,
ACGL,0000947484,2015,8553287864,
ACGL,0000947484,2016,31785967690,
ACGL,0000947484,2017,35666641862,
ACGL,0000947484,2018,10753593164,
HSIC,0001000228,2009,4804335269,
HSIC,0001000228,2010,5714964786,
HSIC,0001000228,2011,5794073967,
HSIC,0001000228,2012,7024547999,
HSIC,0001000228,2013,9797775042,
HSIC,0001000228,2014,11541926178,
AEE,0001002910,2009,6635330000,
AEE,0001002910,2015,10487598000,
AEE,0001002910,2016,12726796000,
AEE,0001002910,2017,14310974000,
AEE,0001002910,2018,15948735000,
AEE,0001002910,2022,23297040000,
AEE,0001002910,2023,19264142000,
AEE,0001002910,2024,24058886000,
AEE,0001002910,2025,27011622476,
AMG,0001004434,2019,4957290000,
AMG,0001004434,2020,5949450000,
AMG,0001004434,2021,5910434341,
AMG,0001004434,2022,5873301874,
PCG,0001004980,2011,16993236920,
PCG,0001004980,2012,17306261013,
PCG,0001004980,2013,18394684679,
PCG,0001004980,2014,25337629629,
PCG,0001004980,2015,26170833313,
FDS,0001013237,2016,7127965140,
FDS,0001013237,2017,6133635140,
FDS,0001013237,2018,8761092270,
FDS,0001013237,2019,10371526620,
FDS,0001013237,2020,13325712000,
FDS,0001013237,2021,14302134612,
NRG,0001013871,2009,5996829222,
ANF,0001018840,2021,1939761695,
ATI,0001018963,2015,1228217422,
ATI,0001018963,2016,1735179296,
ATI,0001018963,2017,3038192736,
ATI,0001018963,2018,2736149301,
ATI,0001018963,2019,2604923290,
ATI,0001018963,2020,2126733969,
ATI,0001018963,2021,2027141007,
ATI,0001018963,2022,3830233034,
ATI,0001018963,2023,5769192632,
ATI,0001018963,2024,7839911867,
NOV,0001021860,2023,7989217965,
NOV,0001021860,2024,5570623299,
STLD,0001022671,2009,3827516474,
STLD,0001022671,2010,3981619316,
STLD,0001022671,2011,2878189418,
STLD,0001022671,2012,3014046053,
STLD,0001022671,2013,4354829152,
STLD,0001022671,2014,4766211610,
STLD,0001022671,2015,4344009615,
STLD,0001022671,2016,8673887556,
STLD,0001022671,2021,12103521019,
COTY,0001024305,2014,6538521000,
COTY,0001024305,2015,11295001000,
COTY,0001024305,2016,8979545000,
ROK,0001024478,2019,19067360000,
ROK,0001024478,2020,25643016000,
ROK,0001024478,2021,34108640000,
ROK,0001024478,2022,24780672000,
ROK,0001024478,2023,32817876000,
ROK,0001024478,2024,30362826000,
SBAC,0001034054,2012,7784731500,
SBAC,0001034054,2013,8720505635,
SBAC,0001034054,2014,12382897132,
SBAC,0001034054,2015,15632878189,
SBAC,0001034054,2016,11228074860,
INGR,0001046257,2022,6433413420,
TECH,0000842023,2009,2412145620,
PH,0000076334,2009,6940794209,
PH,0000076334,2010,10012262624,
PH,0000076334,2011,12252924171,
BXP,0001037540,2013,15354913847,
BXP,0001037540,2014,19704233582,
BXP,0001037540,2015,19587588864,
BXP,0001037540,2016,19343728212,
BXP,0001037540,2017,20066916939,
PNC,0000713676,2009,23966660000,
BXP,0001037540,2018,17384301699,
BXP,0001037540,2019,21339390482,
BXP,0001037540,2020,14720100527,
BXP,0001037540,2021,18030835708,
BXP,0001037540,2022,10593696652,
BXP,0001037540,2023,11012540567,
BXP,0001037540,2024,11761892628,
MTD,0001037646,2009,3554029509,
MTD,0001037646,2010,4903031881,
MTD,0001037646,2011,4666173819,
MTD,0001037646,2012,5878254160,
MTD,0001037646,2013,7153269524,
MTD,0001037646,2014,8542379897,
MTD,0001037646,2015,9187071717,
AME,0001037868,2009,6187248180,
SLG,0001040971,2009,4063160413,
SLG,0001040971,2010,5513882455,
SLG,0001040971,2011,5944957426,
SLG,0001040971,2012,7273782187,
SLG,0001040971,2013,9105252148,
SLG,0001040971,2014,11583618354,
CIEN,0000936395,2018,4823997279,
CIEN,0000936395,2019,5624932256,
SLG,0001040971,2022,2206636800,
INGR,0001046257,2009,2189327000,
INGR,0001046257,2010,3477600000,
INGR,0001046257,2013,4921844200,
INGR,0001046257,2014,4833040960,
INGR,0001046257,2015,6863677440,
INGR,0001046257,2016,9048853440,
INGR,0001046257,2017,10065040800,
INGR,0001046257,2018,6080476400,
INGR,0001046257,2019,6210733100,
INGR,0001046257,2020,5272148720,
ED,0001047862,2014,1450648962,
ED,0001047862,2015,1412410374,
ED,0001047862,2016,20372168535,
ED,0001047862,2017,22681147654,
ED,0001047862,2018,24540631878,
ED,0001047862,2019,30092999641,
ED,0001047862,2020,24737842782,
ED,0001047862,2021,30201890308,
ED,0001047862,2022,33831433748,
MAR,0001048286,2013,14706300000,
MAR,0001048286,2014,21848400000,
MAR,0001048286,2015,17785712000,
MAR,0001048286,2016,31922748000,
MAR,0001048286,2017,48740643000,
MAR,0001048286,2018,36812696000,
MAR,0001048286,2019,49063320000,
MAR,0001048286,2020,42794848000,
MAR,0001048286,2021,53917812000,
FFIV,0001048695,2010,8341652550,
FFIV,0001048695,2011,5623252250,
FFIV,0001048695,2012,8236737600,
FFIV,0001048695,2013,6700902900,
FFIV,0001048695,2014,8714328600,
FFIV,0001048695,2015,8121980400,
FFIV,0001048695,2016,8140861600,
FFIV,0001048695,2017,7546332640,
FFIV,0001048695,2018,12008075300,
FFIV,0001048695,2019,8476734140,
FFIV,0001048695,2024,12792298800,
FDX,0001048911,2009,17238732986,
FDX,0001048911,2010,23326312678,
FDX,0001048911,2011,30142921673,
FDX,0001048911,2021,79156468220,
FDX,0001048911,2022,55682338772,
FDX,0001048911,2023,64921846404,
FDX,0001048911,2024,73178305980,
CSGP,0001057352,2010,1195693880,
CSGP,0001057352,2011,1696676980,
CSGP,0001057352,2013,5324763840,
CSGP,0001057352,2014,5934554340,
CSGP,0001057352,2015,6719285210,
CSGP,0001057352,2016,6127621410,
CSGP,0001057352,2017,10721973650,
CSGP,0001057352,2018,12294693640,
CSGP,0001057352,2019,21938464400,
CSGP,0001057352,2020,364429739800,
CSGP,0001057352,2021,31211792080,
CTSH,0001058290,2009,13473481230,
CTSH,0001058290,2010,22275835890,
CTSH,0001058290,2011,19492746860,
CTSH,0001058290,2012,22288118400,
CTSH,0001058290,2013,61368474420,
CTSH,0001058290,2014,32091004000,
MCO,0001059556,2009,6327480000,
MCO,0001059556,2010,6536071000,
MCO,0001059556,2011,6737478000,
MCO,0001059556,2012,8298567000,
MCO,0001059556,2013,16769039000,
MCO,0001059556,2014,20474597000,
MCO,0001059556,2015,20078034000,
MCO,0001059556,2016,17373386000,
MCO,0001059556,2017,28193510000,
MCO,0001059556,2018,26789652000,
MCO,0001059556,2019,44941713000,
MCO,0001059556,2020,48122446000,
MCO,0001059556,2021,49817246000,
MCO,0001059556,2022,63523600000,
MCO,0001059556,2023,59127800000,
MCO,0001059556,2024,71547300000,
NFLX,0001065280,2009,2944013622,
COO,0000711404,2012,4603225807,
UDR,0000074208,2009,2555852524,
LKQ,0001065696,2009,2781873973,
URI,0001067701,2010,1379135440,
URI,0001067701,2011,1858031012,
URI,0001067701,2012,4232632408,
URI,0001067701,2013,7271872561,
URI,0001067701,2014,9984491936,
EXC,0001109357,2020,41206688963,
AXON,0001069183,2010,294319960,
AXON,0001069183,2011,285166633,
AXON,0001069183,2012,471767304,
AXON,0001069183,2013,837276922,
AXON,0001069183,2014,1403462958,
AXON,0001069183,2015,928338000,
AXON,0001069183,2020,7813315984,
AXON,0001069183,2021,11130806392,
AXON,0001069183,2022,11859777225,
LII,0001069202,2009,2170624000,
LII,0001069202,2010,2582034000,
LII,0001069202,2011,2780593991,
LII,0001069202,2012,1983458256,
LII,0001069202,2013,2941609402,
LII,0001069202,2014,4241122201,
LII,0001069202,2015,4520858243,
CNX,0001070412,2016,4182755214,
CNX,0001070412,2017,3273364801,
CNX,0001070412,2018,3246732701,
CNX,0001070412,2019,1651790214,
CNX,0001070412,2020,2380762724,
TE,0001992243,2021,1024673681,
USB,0000036104,2009,42769000000,
AKAM,0001086222,2009,4339433341,
BKNG,0001075531,2009,9261894460,
SLB,0000087347,2020,30394475707,
SLB,0000087347,2021,42031281466,
SLB,0000087347,2022,75913200000,
CHTR,0001091667,2012,5793881383,
EG,0001095073,2022,23155773000,
DXCM,0001093557,2011,628425000,
DXCM,0001093557,2012,944505000,
DXCM,0001093557,2013,2567225000,
DXCM,0001093557,2014,4255365000,
DXCM,0001093557,2015,6691230000,
DXCM,0001093557,2016,5050620000,
DXCM,0001093557,2017,4992930000,
DXCM,0001093557,2018,10782000000,
DXCM,0001093557,2019,20036584000,
TDY,0001094285,2010,1383970378,
TDY,0001094285,2012,2366148918,
TDY,0001094285,2013,3473455776,
TDY,0001094285,2014,3834907198,
EG,0001095073,2010,5599561940,
EG,0001095073,2011,5588200950,
EG,0001095073,2012,7378194750,
EG,0001095073,2013,10593704550,
EG,0001095073,2014,11637620800,
EG,0001095073,2015,12561072540,
EG,0001095073,2016,14903684400,
EG,0001095073,2017,15276675440,
EG,0001095073,2018,15069427520,
EG,0001095073,2019,19230413760,
EG,0001095073,2020,16297345800,
EG,0001095073,2021,19119616000,
ALGN,0001097149,2009,1328801760,
ALGN,0001097149,2010,1492660600,
ALGN,0001097149,2011,1869354480,
ALGN,0001097149,2012,2236955250,
ALGN,0001097149,2013,4604512620,
ALGN,0001097149,2014,4484261550,
ALGN,0001097149,2015,5235075000,
CRL,0001100682,2009,2171313105,
CRL,0001100682,2010,2014946592,
CRL,0001100682,2011,1335773291,
CRL,0001100682,2012,1778354965,
CRL,0001100682,2013,2536054820,
CRL,0001100682,2014,3042652830,
CRL,0001100682,2015,3739575840,
CRL,0001100682,2016,3608586970,
EQIX,0001101239,2009,4173313788,
EQIX,0001101239,2010,3751505148,
EQIX,0001101239,2011,4732459579,
EQIX,0001101239,2012,10057633470,
EXC,0001109357,2018,43656757989,
VZ,0000732712,2009,94122443381,
EXC,0001109357,2019,44359026799,
EXC,0001109357,2024,37828200000,
ILMN,0001110803,2010,3778370040,
ILMN,0001110803,2011,8019289203,
ILMN,0001110803,2012,6785885001,
ILMN,0001110803,2013,14098059376,
ILMN,0001110803,2014,27030973376,
IPGP,0001111928,2010,1485778457,
IPGP,0001111928,2011,1612757815,
IPGP,0001111928,2012,3423093813,
IPGP,0001111928,2013,4030363203,
IPGP,0001111928,2014,3923537025,
IPGP,0001111928,2015,4715128702,
IPGP,0001111928,2016,5256485672,
IPGP,0001111928,2017,11483671773,
IPGP,0001111928,2022,4557248790,
IPGP,0001111928,2023,5027645630,
IPGP,0001111928,2024,3094131356,
GRMN,0001121788,2009,6204488520,
GRMN,0001121788,2010,5900710034,
GRMN,0001121788,2011,7749518783,
GPN,0001123360,2010,3360267060,
GPN,0001123360,2011,4174195221,
FLR,0001124198,2019,2646492672,
FLR,0001124198,2020,2247221824,
FLR,0001124198,2021,3503339278,
FLR,0001124198,2022,4932889081,
FLR,0001124198,2023,6674783905,
FLR,0001124198,2024,8346362394,
CNP,0001130310,2014,10313645098,
CNP,0001130310,2015,7899623227,
CNP,0001130310,2016,10612016899,
CNP,0001130310,2017,12224431804,
MOH,0001179929,2009,886557488,
CNP,0001130310,2018,14148813442,
CNP,0001130310,2019,13696141003,
CNP,0001130310,2020,11931340832,
TECH,0000842023,2010,2127573081,
TECH,0000842023,2011,3097478791,
TECH,0000842023,2012,2732516209,
CNP,0001130310,2021,17553255834,
CNP,0001130310,2022,18879773574,
CNP,0001130310,2023,18034121935,
CNP,0001130310,2024,20679306467,
CPAY,0001175454,2022,13474160309,
WRB,0000011544,2009,3857419754,
WTW,0001140536,2020,26830144379,
WTW,0001140536,2021,28759138708,
WTW,0001140536,2022,26564590005,
WTW,0001140536,2023,25830155619,
WTW,0001140536,2024,28419131454,
COR,0001140859,2009,6443700246,
COR,0001140859,2010,8508799471,
COR,0001140859,2011,9727150932,
COR,0001140859,2012,9112112618,
COR,0001140859,2013,14052646598,
COR,0001140859,2014,17153538645,
COR,0001140859,2015,19652659016,
COR,0001140859,2016,17775679552,
COR,0001140859,2017,18038970234,
COR,0001140859,2018,19662953078,
COR,0001140859,2019,17022604644,
COR,0001140859,2020,19793628988,
COR,0001140859,2021,24856266646,
COR,0001140859,2022,27905562555,
COR,0001140859,2023,36140640276,
COR,0001140859,2024,43877988317,
CSCO,0000858877,2009,126575800000,
CSX,0000277948,2009,19830384000,
CSX,0000277948,2010,23927833654,
AYI,0001144215,2010,1631592164,
AYI,0001144215,2011,1910148127,
AYI,0001144215,2012,2681188848,
AYI,0001144215,2013,3632610969,
AYI,0001144215,2014,5309826569,
AYI,0001144215,2015,8438851001,
AYI,0001144215,2018,4919985950,
AYI,0001144215,2019,5045775168,
AYI,0001144215,2020,3494074680,
AYI,0001144215,2021,7147318162,
AYI,0001144215,2022,5595880922,
AYI,0001144215,2023,5167042851,
AYI,0001144215,2024,9147895162,
PODD,0001145197,2011,894502787,
PODD,0001145197,2012,1026179317,
PODD,0001145197,2013,2035692730,
PODD,0001145197,2018,4694852285,
PODD,0001145197,2019,10731672000,
PODD,0001145197,2020,16876039210,
CME,0001156375,2020,65130936200,
PODD,0001145197,2023,15168483567,
PODD,0001145197,2021,18406374314,
PODD,0001145197,2022,20463427486,
ELV,0001156039,2013,27095569154,
ELV,0001156039,2014,33693375154,
ELV,0001156039,2015,36427052935,
ELV,0001156039,2016,37918962979,
COP,0001163165,2009,75974272582,
COP,0001163165,2010,71368238393,
COP,0001163165,2011,102162567241,
COP,0001163165,2012,87287811116,
COP,0001163165,2013,70817586692,
CSX,0000277948,2011,22807980000,
DLX,0000027996,2009,757085310,
COP,0001163165,2014,79635493250,
COP,0001163165,2015,77557455851,
COP,0001163165,2016,48310802532,
COP,0001163165,2017,60259191188,
COP,0001163165,2018,69076903128,
COP,0001163165,2019,76787813123,
COP,0001163165,2020,64251699423,
COP,0001163165,2021,54230031122,
COP,0001163165,2022,115164075296,
COP,0001163165,2023,148532291324,
COP,0001163165,2024,131604804128,
NBR,0001163739,2017,4402895106,
NBR,0001163739,2018,2107794815,
NBR,0001163739,2019,1126606802,
NBR,0001163739,2020,833381495,
NEM,0001164727,2019,35107600000,
NEM,0001164727,2020,47912000000,
CSR,0000798359,2011,757723924,
NEM,0001164727,2021,49119840000,
NEM,0001164727,2022,37429600000,
NEM,0001164727,2023,47681280000,
NEM,0001164727,2024,41946940000,
FTI,0001681459,2023,8718606000,
GNW,0001276520,2023,2984779003,
DLX,0000027996,2010,1181800760,
DLX,0000027996,2011,1156799760,
DLX,0000027996,2012,1631795360,
DLX,0000027996,2013,2627453360,
DLX,0000027996,2014,3096439500,
DLX,0000027996,2015,2673496260,
DLX,0000027996,2016,3476379060,
DLX,0000027996,2017,3684708520,
CPAY,0001175454,2019,24554645124,
CPAY,0001175454,2020,22826639251,
CPAY,0001175454,2021,17656398696,
MOH,0001179929,2010,1266146823,
MOH,0001179929,2011,1023048950,
MOH,0001179929,2012,1265379720,
MOH,0001179929,2013,1594017250,
MOH,0001179929,2014,2676500000,
MOH,0001179929,2015,3367280000,
MOH,0001179929,2016,3092820000,
MOH,0001179929,2017,4600800000,
MOH,0001179929,2018,7205640000,
MOH,0001179929,2019,8412780000,
MOH,0001179929,2020,12548120000,
MOH,0001179929,2021,18448640000,
SEDG,0001419612,2017,1645163168,
UDR,0000074208,2010,4292313682,
UDR,0000074208,2011,5513220648,
TDG,0001260221,2010,3098047354,
EQT,0000033213,2018,14358229437,
FCX,0000831259,2009,66560410000,
FCX,0000831259,2010,113485050000,
FISV,0000798354,2018,29487074350,
FISV,0000798354,2019,33590330372,
WOR,0000108516,2010,1166078409,
WOR,0000108516,2011,1564859830,
WOR,0000108516,2012,1103478972,
WOR,0000108516,2013,2398093066,
WOR,0000108516,2014,2716565262,
WOR,0000108516,2015,1745291104,
WOR,0000108516,2016,2298898612,
WOR,0000108516,2017,2635822909,
WOR,0000108516,2019,1893662313,
WOR,0000108516,2020,1634128552,
WOR,0000108516,2021,3406793549,
JNJ,0000200406,2017,330214281463,
JNJ,0000200406,2018,357228341782,
JNJ,0000200406,2019,363198839404,
JNJ,0000200406,2021,433916178548,
JNJ,0000200406,2022,445450611328,
JNJ,0000200406,2023,422285024031,
JNJ,0000200406,2024,377598350661,
LHX,0000202058,2010,5248815442,
ITT,0000216228,2020,6002008000,
ITT,0000216228,2021,6843880000,
ITT,0000216228,2022,7421100000,
ITT,0000216228,2023,7701024000,
ITT,0000216228,2024,10049040000,
CSX,0000277948,2015,34144769483,
CSX,0000277948,2016,21593726932,
DPZ,0001286681,2018,10242341372,
CSX,0000277948,2019,53586915046,
CSX,0000277948,2020,69242250000,
CSX,0000277948,2021,82795200000,
CSX,0000277948,2022,64004680000,
MRK,0000310158,2023,272670216880,
MRK,0000310158,2024,305892726860,
RHI,0000315213,2024,7200974656,
RRC,0000315852,2022,5976920965,
RRC,0000315852,2023,7337266854,
RRC,0000315852,2024,8659283357,
NKE,0000320187,2010,35140490000,
NKE,0000320187,2011,80320395000,
NKE,0000320187,2012,43426197157,
NKE,0000320187,2013,56403828721,
NKE,0000320187,2014,67310421890,
NKE,0000320187,2015,96483659239,
NKE,0000320187,2016,93758038000,
NKE,0000320187,2017,87846822000,
NKE,0000320187,2018,116588840000,
NKE,0000320187,2019,121858058000,
AAPL,0000320193,2009,164097169113,
AAPL,0000320193,2010,267756350400,
AAPL,0000320193,2011,375707062811,
AAPL,0000320193,2012,626545656800,
AAPL,0000320193,2013,3038672014095,
AAPL,0000320193,2014,591015720750,
AAPL,0000320193,2015,639938756630,
GL,0000320335,2009,5473980036,
GL,0000320335,2010,3676498640,
GL,0000320335,2011,4910727054,
GL,0000320335,2012,4818978930,
GL,0000320335,2013,5244738989,
GL,0000320335,2014,10795720096,
GL,0000320335,2015,6870158808,
GL,0000320335,2016,6291206877,
GL,0000320335,2017,9081740119,
NSC,0000702165,2020,59900312434,
HD,0000354950,2011,59564100000,
MUR,0000717423,2024,4413273452,
WSM,0000719955,2010,2030138760,
WSM,0000719955,2011,3392077920,
WSM,0000719955,2012,3527839120,
HAL,0000045012,2009,27141,
HAL,0000045012,2010,37155300000,
HAL,0000045012,2011,31783710000,
CAR,0000723612,2009,1340864000,
CAR,0000723612,2010,1604236000,
CAR,0000723612,2011,1434584577,
CAR,0000723612,2012,1513882883,
CAR,0000723612,2016,2549230134,
CAR,0000723612,2017,3200604970,
CAR,0000723612,2018,3639612890,
CAR,0000723612,2019,2018488158,
CAR,0000723612,2020,3070923987,
CAR,0000723612,2021,3122643823,
CAR,0000723612,2022,9745356475,
CAR,0000723612,2023,8479059684,
CAR,0000723612,2024,5990637176,
O,0000726728,2009,2702069695,
CAR,0000723612,2015,6095172383,
O,0000726728,2012,5366124436,
O,0000726728,2013,7745421925,
O,0000726728,2014,10729076993,
HD,0000354950,2012,68965190000,
CASY,0000726958,2010,1967277638,
CASY,0000726958,2011,1481840652,
CASY,0000726958,2012,2149206412,
CASY,0000726958,2013,2220993796,
CASY,0000726958,2014,2643917191,
CASY,0000726958,2015,3195665040,
CASY,0000726958,2016,4374223840,
CASY,0000726958,2017,4344485559,
CASY,0000726958,2018,3562059505,
CASY,0000726958,2019,4852549354,
CASY,0000726958,2020,5572845668,
CASY,0000726958,2021,8209893393,
HOG,0000793952,2009,5904360000,
HOG,0000793952,2010,8164785000,
HOG,0000793952,2011,8959535000,
HOG,0000793952,2012,11040463000,
HOG,0000793952,2013,15230030400,
HOG,0000793952,2014,13964813070,
HOG,0000793952,2015,8383533000,
ATO,0000731802,2012,3209853304,
VZ,0000732712,2013,124649390935,
VZ,0000732712,2014,191444936826,
VZ,0000732712,2015,189943709188,
VZ,0000732712,2016,203569832222,
VZ,0000732712,2017,199800623166,
VZ,0000732712,2018,220577816293,
VZ,0000732712,2019,227510446318,
VZ,0000732712,2020,245835742964,
VZ,0000732712,2021,226563635193,
VZ,0000732712,2022,223450153528,
VZ,0000732712,2023,174589133691,
VZ,0000732712,2024,178050937961,
T,0000732717,2009,165377040120,
T,0000732717,2010,0,
T,0000732717,2011,179262883613,
T,0000732717,2012,174371961148,
T,0000732717,2013,194801020320,
T,0000732717,2014,172612295770,
T,0000732717,2015,179885071992,
UIS,0000746838,2009,1513132960,
UIS,0000746838,2010,1104178442,
UIS,0000746838,2011,856245624,
NEE,0000753308,2013,37244700000,
NEE,0000753308,2014,47086470000,
NEE,0000753308,2015,47893290000,
NEE,0000753308,2016,55907280000,
HWM,0000004281,2020,12357820000,
HWM,0000004281,2021,13432260000,
NEE,0000753308,2018,83085960000,
NEE,0000753308,2019,473664960000,
NEE,0000753308,2020,151214000000,
NEE,0000753308,2021,183265680000,
NEE,0000753308,2022,166113200000,
NEE,0000753308,2023,124638480000,
NEE,0000753308,2017,73565490000,
IBM,0000051143,2009,173724900191,
IBM,0000051143,2010,180220297397,
DOC,0000765880,2014,20242637147,
DOC,0000765880,2015,17800301347,
DOC,0000765880,2016,13911381853,
DOC,0000765880,2017,12242882482,
SEDG,0001419612,2024,789168914,
ALK,0000766421,2025,5834227145,
EHC,0000785161,2009,1666778380,
EHC,0000785161,2010,1921883815,
EHC,0000785161,2011,2230857473,
EHC,0000785161,2012,1913317613,
EHC,0000785161,2013,2180012601,
EHC,0000785161,2014,2922485845,
EHC,0000785161,2015,3936986127,
EHC,0000785161,2018,5107165161,
EHC,0000785161,2019,6502282675,
EHC,0000785161,2020,8111897588,
EHC,0000785161,2021,8175525799,
EHC,0000785161,2022,6319300880,
EHC,0000785161,2023,6144206469,
EHC,0000785161,2024,7345271274,
PEG,0000788784,2009,16824155198,
HOG,0000793952,2023,5021734412,
HOG,0000793952,2024,3744524010,
CSR,0000798359,2024,1105961850,
KEYS,0001601046,2014,5260500000,
KKR,0001404912,2012,3449986287,
KKR,0001404912,2013,4527256985,
EIX,0000827052,2010,12576312552,
EIX,0000827052,2011,13488583928,
EIX,0000827052,2012,14723408399,
EIX,0000827052,2013,15085058838,
EIX,0000827052,2014,21334117769,
EIX,0000827052,2015,19291281507,
EIX,0000827052,2016,23455148720,
EIX,0000827052,2017,20604300667,
EIX,0000827052,2018,18496302165,
EIX,0000827052,2019,27297298880,
EIX,0000827052,2020,23802946975,
EIX,0000827052,2021,25960808396,
EIX,0000827052,2022,24316104643,
EIX,0000827052,2023,27446791959,
IEX,0000832101,2018,10335321916,
SSP,0000832428,2015,1470085530,
SIG,0000832988,2022,4263456000,
LHX,0000202058,2009,3755888370,
LHX,0000202058,2014,8016579367,
LHX,0000202058,2015,9614553271,
LHX,0000202058,2016,10294298984,
SIG,0000832988,2023,3412400000,
SIG,0000832988,2024,4431934000,
TECH,0000842023,2021,17540096226,
GEN,0000849399,2009,13259910000,
GEN,0000849399,2010,13382460000,
GEN,0000849399,2011,13992680000,
GEN,0000849399,2012,13538800000,
GEN,0000849399,2013,17226640000,
GEN,0000849399,2014,13754050000,
GEN,0000849399,2015,16108200000,
GEN,0000849399,2016,11271817,
GEN,0000849399,2017,18653440000,
GEN,0000849399,2018,16130400000,
GEN,0000849399,2019,14483700000,
GEN,0000849399,2020,10772810000,
GEN,0000849399,2021,12423600000,
GEN,0000849399,2022,15679080000,
CSCO,0000858877,2021,233495290000,
CSCO,0000858877,2022,186470700000,
TRMB,0000864749,2010,4829094270,
TRMB,0000864749,2011,5366974200,
TRMB,0000864749,2012,14912879600,
TRMB,0000864749,2014,8943639270,
TRMB,0000864749,2015,6975072000,
TRMB,0000864749,2016,7576695000,
TRMB,0000864749,2017,10115296000,
TRMB,0000864749,2018,8013746000,
IDXX,0000874716,2009,3143341050,
IDXX,0000874716,2010,3994893860,
IDXX,0000874716,2011,4398193855,
IDXX,0000874716,2012,4717030576,
MTG,0000876437,2013,2850677520,
MTG,0000876437,2014,3155379200,
MTG,0000876437,2015,2999171310,
MTG,0000876437,2016,3471355970,
MTG,0000876437,2017,5228700370,
MTG,0000876437,2018,3717180660,
MTG,0000876437,2019,4921354360,
MTG,0000876437,2020,4249091150,
MTG,0000876437,2021,4619245120,
MTG,0000876437,2022,3814629000,
ODFL,0000878927,2011,3492279807,
ODFL,0000878927,2012,2953741971,
MTG,0000876437,2023,5256409260,
ODFL,0000878927,2013,4568455283,
ODFL,0000878927,2014,6684361219,
ODFL,0000878927,2015,4986209633,
ODFL,0000878927,2017,10836555565,
ODFL,0000878927,2018,10031224244,
VRTS,0000883237,2021,2230077462,
VRTS,0000883237,2022,1374836698,
VRTS,0000883237,2023,1713529121,
TSLA,0001318605,2010,2527362439,
BSX,0000885725,2018,48931119398,
BSX,0000885725,2019,63078401826,
BSX,0000885725,2020,58458699263,
BSX,0000885725,2021,50224352656,
BSX,0000885725,2022,61206490145,
MD,0000893949,2009,2822945930,
MD,0000893949,2016,6247241880,
MD,0000893949,2017,5008450240,
MD,0000893949,2018,2898060000,
MD,0000893949,2019,2341251920,
MD,0000893949,2020,2100452220,
MD,0000893949,2021,2351569830,
MD,0000893949,2022,1232594382,
MD,0000893949,2023,781367614,
MD,0000893949,2010,3225680730,
MD,0000893949,2011,3523665330,
MD,0000893949,2012,7955021760,
SANM,0000897723,2021,2519548260,
SANM,0000897723,2022,2644715520,
VNO,0000899689,2023,5378537360,
VNO,0000899689,2024,8023190223,
CPRT,0000900075,2010,3074190016,
CPRT,0000900075,2011,5735826623,
CPRT,0000900075,2012,2955594312,
CPRT,0000900075,2013,4079792089,
CPRT,0000900075,2014,4210665557,
CPRT,0000900075,2015,4329184868,
CPRT,0000900075,2016,11109113413,
NVR,0000906163,2009,4127092970,
NVR,0000906163,2010,3913630467,
NVR,0000906163,2011,3414656238,
NVR,0000906163,2012,4520999600,
NVR,0000906163,2013,4549328340,
NVR,0000906163,2014,5163811170,
NVR,0000906163,2015,6392913000,
NVR,0000906163,2016,6163617000,
NVR,0000906163,2017,12948840020,
CPT,0000906345,2016,7356125000,
CPT,0000906345,2017,8533962000,
CPT,0000906345,2018,8206260000,
CPT,0000906345,2019,10312920000,
CPT,0000906345,2020,9732208000,
CPT,0000906345,2021,18457644000,
TDG,0001260221,2015,12079675800,
CPT,0000906345,2009,2642150830,
CPT,0000906345,2010,3703459840,
CPT,0000906345,2011,4481280000,
CPT,0000906345,2012,5756924000,
CPT,0000906345,2013,4851864000,
CPT,0000906345,2014,6394544000,
CPT,0000906345,2015,6670444000,
COST,0000909832,2010,24358926900,
COST,0000909832,2011,33529677860,
COST,0000909832,2012,42314094500,
COST,0000909832,2013,48869178930,
COST,0000909832,2014,52994657640,
COST,0000909832,2019,129583865000,
COST,0000909832,2020,153720004350,
MAC,0000912242,2019,3806693938,
MAC,0000912242,2020,1598052035,
MAC,0000912242,2021,3711693145,
LH,0000920148,2009,7880647999,
LH,0000920148,2010,9003002511,
LH,0000920148,2011,8407867330,
LH,0000920148,2012,8098969177,
LH,0000920148,2013,7830412634,
LH,0000920148,2014,9128340541,
LH,0000920148,2015,12524728313,
LH,0000920148,2016,13184626452,
LH,0000920148,2019,16443329482,
LH,0000920148,2020,17864284670,
LH,0000920148,2021,29252944222,
LH,0000920148,2022,20769335436,
PENN,0000921738,2009,2124121625,
PENN,0000921738,2010,2744464680,
PENN,0000921738,2011,2879189994,
PENN,0000921738,2012,3192785895,
PENN,0000921738,2013,1114707672,
PENN,0000921738,2014,1086891747,
ERIE,0000922621,2015,4417765580,
ERIE,0000922621,2016,5194246544,
ERIE,0000922621,2017,5627985762,
ERIE,0000922621,2018,6157803529,
ERIE,0000922621,2019,7667807260,
ERIE,0000922621,2020,11344659416,
ERIE,0000922621,2021,8899275583,
ERIE,0000922621,2022,11488777239,
LEN,0000920760,2009,2160700,
DTE,0000936340,2010,7678492818,
DTE,0000936340,2011,9215509427,
DTE,0000936340,2012,10349721831,
DTE,0000936340,2013,11756815444,
DTE,0000936340,2014,15286736161,
DTE,0000936340,2015,14391714586,
DTE,0000936340,2016,17675904003,
DTE,0000936340,2017,19635687542,
DTE,0000936340,2009,7209793337,
DTE,0000936340,2018,20066349853,
DTE,0000936340,2019,24962131311,
DTE,0000936340,2020,23525699814,
DTE,0000936340,2021,23160577226,
CIEN,0000936395,2015,3273678918,
CIEN,0000936395,2016,2708696611,
CIEN,0000936395,2017,3042529438,
CIEN,0000936395,2020,6088236767,
CIEN,0000936395,2021,8407294078,
CIEN,0000936395,2022,7160924500,
CIEN,0000936395,2023,5940924057,
CIEN,0000936395,2024,9125711741,
DRI,0000940944,2015,8303917150,
DRI,0000940944,2016,8515976000,
DRI,0000940944,2017,11028930000,
DRI,0000940944,2018,10853180000,
DRI,0000940944,2019,14788003000,
DRI,0000940944,2020,9984114000,
DRI,0000940944,2021,18734484000,
DRI,0000940944,2022,15616356000,
DRI,0000940944,2023,19531008000,
DRI,0000940944,2024,17549640000,
WAB,0000943452,2014,8365282182,
WAB,0000943452,2015,6531383859,
WAB,0000943452,2016,7922219365,
RMD,0000943819,2013,6409080673,
RMD,0000943819,2014,7103619063,
RMD,0000943819,2015,7918559121,
RMD,0000943819,2016,8893990161,
AEE,0001002910,2019,18908160000,
AEE,0001002910,2020,19772598000,
AEE,0001002910,2021,22937877000,
AMG,0001004434,2010,5347958000,
AMG,0001004434,2011,5171705000,
AMG,0001004434,2012,7015085000,
AMG,0001004434,2013,11689832000,
ANF,0001018840,2017,750559710,
ANF,0001018840,2018,1608282343,
ANF,0001018840,2019,1749751074,
ANF,0001018840,2020,583329963,
ATI,0001018963,2009,4390615121,
ATI,0001018963,2010,5437563617,
ATI,0001018963,2011,5083750454,
ATI,0001018963,2012,3260632517,
STLD,0001022671,2017,10238925666,
ARE,0001035443,2016,9742309244,
ARE,0001035443,2009,2818862555,
ARE,0001035443,2010,4026876926,
FIX,0001035983,2010,494520330,
FIX,0001035983,2012,452007737,
FIX,0001035983,2013,728637420,
FIX,0001035983,2014,638062400,
VLO,0001035002,2009,9061758223,
VLO,0001035002,2010,10403779166,
FIX,0001035983,2015,1063675340,
ARE,0001035443,2011,4245825754,
ARE,0001035443,2012,4384118791,
ARE,0001035443,2013,4527975173,
ARE,0001035443,2014,6315820762,
ARE,0001035443,2015,6555499899,
FIX,0001035983,2016,1239059700,
FIX,0001035983,2017,1623212550,
FIX,0001035983,2018,1611529920,
FIX,0001035983,2019,1827401300,
FIX,0001035983,2020,1905660080,
FIX,0001035983,2021,3570843540,
FIX,0001035983,2022,4115375880,
FIX,0001035983,2023,7339333950,
FIX,0001035983,2024,15079997660,
BXP,0001037540,2009,9314682271,
BXP,0001037540,2010,12071142940,
BXP,0001037540,2011,14751518056,
BXP,0001037540,2012,16040923924,
ED,0001047862,2024,30926912146,
MAR,0001048286,2009,7089188741,
MAR,0001048286,2010,15241009013,
MAR,0001048286,2011,9713610000,
MAR,0001048286,2012,11341632000,
FDX,0001048911,2012,29237989751,
FDX,0001048911,2013,32383439329,
FDX,0001048911,2014,42996149833,
FDX,0001048911,2015,47578204532,
FDX,0001048911,2016,42882182678,
FDX,0001048911,2017,58472068758,
FDX,0001048911,2018,61878046233,
FDX,0001048911,2019,43677577016,
FDX,0001048911,2020,43510650090,
WFC,0000072971,2010,163257760679,
LKQ,0001065696,2010,3305000584,
TFC,0000092230,2020,64655700730,
LII,0001069202,2016,5283626286,
LII,0001069202,2017,7046959070,
LII,0001069202,2018,8155474433,
LII,0001069202,2019,9298948306,
LII,0001069202,2020,9085791305,
LII,0001069202,2021,10348807537,
LII,0001069202,2022,9781312621,
CNX,0001070412,2023,3087657600,
CNX,0001070412,2024,5459416399,
TDY,0001094285,2011,1598897467,
ON,0001097864,2009,3768381162,
CRL,0001100682,2017,5188148900,
CRL,0001100682,2018,5385909480,
CRL,0001100682,2019,7434846480,
CRL,0001100682,2020,12526851570,
EXC,0001109357,2021,56547056251,
EXC,0001109357,2022,42970620000,
EXC,0001109357,2023,35864100000,
BBBY,0001130713,2018,436542680,
BBBY,0001130713,2019,278221200,
NOC,0001133421,2009,17138429967,
NOC,0001133421,2010,18848168734,
NOC,0001133421,2011,14847465095,
NOC,0001133421,2012,16165799095,
NOC,0001133421,2013,24939047750,
NOC,0001133421,2014,29320328074,
NOC,0001133421,2015,34231835101,
NOC,0001133421,2016,40717376609,
NOC,0001133421,2017,53428617327,
NOC,0001133421,2018,41781736586,
NOC,0001133421,2019,57734822403,
NOC,0001133421,2020,50802058785,
NOC,0001133421,2021,60493011611,
NOC,0001133421,2022,83564494914,
WTW,0001140536,2009,4431840336,
WTW,0001140536,2010,5887100042,
WTW,0001140536,2011,6712402811,
WTW,0001140536,2012,6248144946,
WTW,0001140536,2013,6371363206,
WTW,0001140536,2018,21149299673,
PODD,0001145197,2014,2593132953,
PODD,0001145197,2015,2153462122,
PODD,0001145197,2016,2165016197,
PODD,0001145197,2017,4024035012,
NEM,0001164727,2009,23039970000,
NEM,0001164727,2010,22818315422,
NEM,0001164727,2011,26892428150,
CPAY,0001175454,2023,20267603368,
ARES,0001176948,2015,1496385167,
ARES,0001176948,2016,927865333,
ARES,0001176948,2017,0,
ARES,0001176948,2022,20163398243,
ARES,0001176948,2023,36578076698,
ARES,0001176948,2024,55440515372,
CCK,0001219601,2009,4130737033,
CCK,0001219601,2014,7075123974,
GLD,0001222333,2009,35477265000,
GLD,0001222333,2010,54898972000,
GLD,0001222333,2011,64298808000,
GLD,0001222333,2012,75270631000,
GLD,0001222333,2013,38659088000,
GLD,0001222333,2014,29900833000,
GLD,0001222333,2015,22875671000,
GLD,0001222333,2016,33602824000,
GLD,0001222333,2017,34922360000,
GLD,0001222333,2018,30019161000,
GLD,0001222333,2019,41914282000,
GLD,0001222333,2020,73438420000,
GLD,0001222333,2021,57025752000,
GLD,0001222333,2022,50760324000,
GLD,0001222333,2023,56772705000,
GLD,0001222333,2024,76351104000,
TDG,0001260221,2009,1971507907,
GTE,0001273441,2019,473406207,
GTE,0001273441,2020,132113360,
USB,0000036104,2010,51243000000,
USB,0000036104,2011,51395000000,
GTE,0001273441,2021,279029820,
GTE,0001273441,2022,34268965,
GTE,0001273441,2023,181870266,
GTE,0001273441,2024,260078955,
FSLR,0001274494,2020,10483587697,
FSLR,0001274494,2021,9267924575,
EXR,0001289490,2009,1001637264,
EXR,0001289490,2010,1524019403,
EXR,0001289490,2011,2296606386,
EXR,0001289490,2012,4029726890,
EXR,0001289490,2013,4876780353,
EXR,0001289490,2014,6823364415,
EXR,0001289490,2015,10948583830,
GNW,0001276520,2015,1857540000,
GNW,0001276520,2016,1897380000,
GNW,0001276520,2017,1551890000,
GNW,0001276520,2018,2334660000,
GNW,0001276520,2019,2217600000,
GNW,0001276520,2020,1912680000,
GNW,0001276520,2021,2057400000,
GNW,0001276520,2022,2620914418,
GNW,0001276520,2024,2945722193,
MKTX,0001278021,2010,690038790,
MPWR,0001280452,2018,4941206250,
MPWR,0001280452,2019,7764520320,
MPWR,0001280452,2020,16578133410,
DPZ,0001286681,2013,3914960774,
TMUS,0001283699,2012,3623056812,
TMUS,0001283699,2013,3689908526,
TMUS,0001283699,2014,21753204165,
TMUS,0001283699,2015,32015464487,
TMUS,0001283699,2016,47523810106,
TMUS,0001283699,2017,54580916405,
TMUS,0001283699,2018,54079969964,
USB,0000036104,2012,60686000000,
USB,0000036104,2013,72720000000,
USB,0000036104,2014,80910000000,
USB,0000036104,2015,72539000000,
DPZ,0001286681,2011,959218023,
DPZ,0001286681,2012,2400633805,
DPZ,0001286681,2014,5302548072,
DPZ,0001286681,2016,5544502086,
DPZ,0001286681,2017,8106068248,
DUK,0001326160,2017,58877000000,
DPZ,0001286681,2019,11380800171,
ENS,0001289308,2010,1198027977,
ENS,0001289308,2011,1988865532,
ENS,0001289308,2012,1656274470,
ENS,0001289308,2013,2180556498,
ENS,0001289308,2014,3252619911,
ENS,0001289308,2015,2830966093,
ENS,0001289308,2016,2406519051,
ENS,0001289308,2017,3429748492,
ENS,0001289308,2018,2907643550,
ENS,0001289308,2019,2777168070,
ENS,0001289308,2020,2095850064,
ENS,0001289308,2021,3881974216,
ENS,0001289308,2022,3056375087,
ENS,0001289308,2023,3553484006,
ENS,0001289308,2024,3804087075,
ETSY,0001370637,2019,5242584800,
SMCI,0001375365,2017,1192640950,
TRGP,0001389170,2021,11922271413,
ROK,0001024478,2009,6053460000,
ROK,0001024478,2010,8747141000,
XEL,0000072903,2019,33302981110,
DLR,0001297996,2010,4698346250,
DLR,0001297996,2011,7069638731,
DLR,0001297996,2012,8495807758,
DLR,0001297996,2013,6309726792,
DLR,0001297996,2014,8992020706,
DLR,0001297996,2015,11069576758,
G,0001398659,2015,5282578354,
LVS,0001300514,2009,9865221870,
LVS,0001300514,2010,32509991773,
LVS,0001300514,2011,31331759596,
LVS,0001300514,2012,38049584417,
LVS,0001300514,2013,64571100562,
LVS,0001300514,2014,46426695284,
LVS,0001300514,2015,34852800000,
LVS,0001300514,2016,42460950000,
LVS,0001300514,2017,54827610000,
LVS,0001300514,2018,40338750000,
CE,0001306830,2010,4359806303,
CE,0001306830,2011,6696077885,
CE,0001306830,2012,7597622962,
CE,0001306830,2013,7484504559,
CE,0001306830,2014,7663435085,
CE,0001306830,2015,8166824185,
CE,0001306830,2016,9041239895,
CE,0001306830,2017,14538171932,
BLDR,0001316835,2010,190634930,
BLDR,0001316835,2011,197484240,
BLDR,0001316835,2012,540791280,
BLDR,0001316835,2013,698062650,
BLDR,0001316835,2014,674812620,
BLDR,0001316835,2015,1215764080,
BLDR,0001316835,2016,1223857080,
BLDR,0001316835,2017,2474733880,
BLDR,0001316835,2018,1255500980,
BLDR,0001316835,2019,2948881320,
BLDR,0001316835,2020,4767791490,
BLDR,0001316835,2021,15412372200,
BLDR,0001316835,2022,9009496320,
TSLA,0001318605,2015,31543379962,
TSLA,0001318605,2016,34523970090,
TSLA,0001318605,2017,52555030348,
TSLA,0001318605,2018,57574486500,
PLTR,0001321655,2020,42204897000,
PLTR,0001321655,2021,36920301540,
FISV,0000798354,2016,20748774604,
PLTR,0001321655,2022,13476061500,
PLTR,0001321655,2023,37776197760,
ODFL,0000878927,2009,1716941123,
DVA,0000927066,2015,14621968558,
EXPE,0001324424,2009,3707873110,
SRE,0001032208,2009,13799510283,
DUK,0001326160,2009,7503560000,
DUK,0001326160,2010,7889830000,
DUK,0001326160,2011,9790000000,
DUK,0001326160,2012,44915200000,
DUK,0001326160,2013,48721060000,
DUK,0001326160,2014,59062780000,
DUK,0001326160,2015,49116320000,
DUK,0001326160,2016,54334000000,
DUK,0001326160,2018,62740100000,
DUK,0001326160,2019,66856930000,
DUK,0001326160,2020,70409640000,
GTE,0001273441,2011,1259060395,
GTE,0001273441,2012,1479338272,
GTE,0001273441,2013,1962606673,
GTE,0001273441,2014,1062878551,
GTE,0001273441,2015,593370874,
GTE,0001273441,2016,1180237726,
PANW,0001327567,2014,6429922244,
PANW,0001327567,2015,15758400960,
PANW,0001327567,2016,11845545000,
PANW,0001327567,2017,12057851700,
PANW,0001327567,2018,18557117280,
PANW,0001327567,2019,21929091360,
PANW,0001327567,2020,24645076740,
PANW,0001327567,2021,38827545540,
PANW,0001327567,2022,149131020240,
WDAY,0001327811,2013,9178140000,
WDAY,0001327811,2014,20225280000,
WDAY,0001327811,2015,16159500000,
WDAY,0001327811,2016,11787750000,
WDAY,0001327811,2017,16834790000,
WDAY,0001327811,2018,26854040000,
WDAY,0001327811,2020,41945166550,
WDAY,0001327811,2021,53928933070,
WDAY,0001327811,2022,62556469490,
WDAY,0001327811,2023,46231811170,
WDAY,0001327811,2024,76069398080,
LYV,0001335258,2010,2003283347,
LYV,0001335258,2011,1575046478,
LYV,0001335258,2012,1776844968,
LYV,0001335258,2013,3943426847,
LYV,0001335258,2014,5253171032,
LYV,0001335258,2015,4975012396,
LYV,0001335258,2016,5428204145,
LYV,0001335258,2017,8857794000,
LYV,0001335258,2018,10358591846,
UAA,0001336917,2009,1359374899,
UAA,0001336917,2010,5571469800,
UAA,0001336917,2011,7404461856,
UAA,0001336917,2012,10127531580,
UAA,0001336917,2013,18393760800,
UAA,0001336917,2014,14478113300,
UAA,0001336917,2015,17371293780,
UAA,0001336917,2017,6359719470,
UAA,0001336917,2018,7877551050,
UAA,0001336917,2019,9740822400,
UAA,0001336917,2020,7796708130,
UAA,0001336917,2021,9864029760,
UAA,0001336917,2023,4284032740,
UAA,0001336917,2024,3249591120,
LDOS,0001336920,2014,3627200000,
LDOS,0001336920,2015,3063600000,
LDOS,0001336920,2016,7671000000,
LDOS,0001336920,2017,9750070000,
LDOS,0001336920,2018,7650400000,
ORCL,0001341439,2009,98047950000,
ORCL,0001341439,2010,113436820000,
ORCL,0001341439,2011,173426960000,
ORCL,0001341439,2012,129835350000,
ORCL,0001341439,2013,156941880000,
ORCL,0001341439,2014,187577280000,
ORCL,0001341439,2015,188877070000,
ORCL,0001341439,2016,166066200000,
ORCL,0001341439,2017,187778430000,
ORCL,0001341439,2018,186739840000,
ORCL,0001341439,2019,169965400000,
ORCL,0001341439,2020,164912590000,
ORCL,0001341439,2022,191666800000,
ORCL,0001341439,2023,287415220000,
ORCL,0001341439,2024,322858450000,
EPAM,0001352010,2012,804409141,
EPAM,0001352010,2013,1628725165,
EPAM,0001352010,2014,2306506975,
EPAM,0001352010,2015,3944093139,
EPAM,0001352010,2016,3286092251,
EPAM,0001352010,2017,5692037280,
EPAM,0001352010,2018,6273843074,
EPAM,0001352010,2019,11708686080,
EPAM,0001352010,2020,20106301800,
ON,0001097864,2012,3164211632,
VRSK,0001442145,2009,5291968833,
WU,0001365135,2021,7025392000,
WU,0001365135,2022,5143095000,
WU,0001365135,2023,4177960000,
WU,0001365135,2024,3581740000,
ETSY,0001370637,2015,929773304,
ETSY,0001370637,2016,1366162399,
SEDG,0001419612,2018,1616453350,
ETSY,0001370637,2017,2490180917,
ETSY,0001370637,2018,5697539864,
ETSY,0001370637,2024,5740680600,
NOW,0001373715,2012,3794822031,
NOW,0001373715,2013,7861261426,
NOW,0001373715,2014,10144191892,
NOW,0001373715,2015,13917615732,
NOW,0001373715,2016,12446803665,
NOW,0001373715,2017,22723829907,
NOW,0001373715,2018,32080158750,
CBOE,0001374310,2013,4537718760,
CBOE,0001374310,2014,4702126979,
CBOE,0001374310,2015,5327546830,
CBOE,0001374310,2016,6006171334,
SMCI,0001375365,2011,613543880,
SMCI,0001375365,2012,523176538,
SMCI,0001375365,2013,553852787,
SMCI,0001375365,2014,1118585305,
SMCI,0001375365,2015,1270713278,
SMCI,0001375365,2016,1049519174,
WST,0000105770,2009,1293600000,
WST,0000105770,2010,1371960000,
WST,0000105770,2011,1278915000,
WST,0000105770,2012,3755850000,
WST,0000105770,2013,3444012000,
WST,0000105770,2014,3796012000,
WST,0000105770,2015,4353906000,
WST,0000105770,2016,6201073000,
SMCI,0001375365,2018,1167009250,
SMCI,0001375365,2019,966654173,
SMCI,0001375365,2020,1487883078,
SMCI,0001375365,2021,1779474760,
SMCI,0001375365,2022,2110748850,
SMCI,0001375365,2023,131856739500,
TEL,0001385157,2009,11067917892,
TEL,0001385157,2010,14686040825,
TEL,0001385157,2011,14371919223,
TRGP,0001389170,2018,8349094891,
TRGP,0001389170,2019,9507001167,
TRGP,0001389170,2020,6016271682,
VEEV,0001393052,2014,0,
VEEV,0001393052,2015,3673025880,
VEEV,0001393052,2016,3181682000,
VEEV,0001393052,2017,5744096340,
GME,0001326380,2018,1644099000,
GME,0001326380,2019,1146480000,
VEEV,0001393052,2018,8819949460,
VEEV,0001393052,2019,15731250640,
VEEV,0001393052,2021,41650109040,
VEEV,0001393052,2022,36249991540,
VEEV,0001393052,2023,26500911750,
VEEV,0001393052,2024,33446972275,
META,0001326801,2013,132253000000,
BX,0001393818,2010,5054873534,
BX,0001393818,2011,5946318197,
BX,0001393818,2012,6235723188,
BX,0001393818,2013,8476376344,
BX,0001393818,2014,15759017763,
BX,0001393818,2015,19813855521,
XOM,0000034088,2010,304191626671,
XOM,0000034088,2011,400059715765,
BX,0001393818,2016,14622155537,
BX,0001393818,2017,17757496897,
BX,0001393818,2018,22422161751,
BX,0001393818,2019,22161571907,
BX,0001393818,2020,44321974007,
BX,0001393818,2021,91134523358,
BX,0001393818,2022,52695444917,
LULU,0001397187,2010,1443798240,
LULU,0001397187,2011,7324529160,
LULU,0001397187,2012,7061856200,
LULU,0001397187,2013,7625496060,
LULU,0001397187,2014,5269975980,
LULU,0001397187,2015,8751098880,
LULU,0001397187,2016,7912807740,
LULU,0001397187,2017,8506453280,
LULU,0001397187,2018,9936402000,
ELV,0001156039,2009,26218239981,
LULU,0001397187,2019,17768192000,
LULU,0001397187,2020,29713565580,
LULU,0001397187,2021,41134302000,
LULU,0001397187,2022,38950755270,
LULU,0001397187,2023,37987424250,
G,0001398659,2009,3239753056,
G,0001398659,2010,3357937792,
G,0001398659,2011,3324102122,
G,0001398659,2012,3494942666,
G,0001398659,2013,4248293521,
G,0001398659,2014,4139692001,
G,0001398659,2016,4838647226,
G,0001398659,2017,6120272070,
G,0001398659,2018,5110451266,
G,0001398659,2019,8017283693,
G,0001398659,2020,7818928539,
G,0001398659,2021,9837653830,
G,0001398659,2022,8473058949,
G,0001398659,2023,6230241322,
G,0001398659,2024,7501730452,
CDW,0001402057,2013,4017920000,
CDW,0001402057,2014,6056274000,
CDW,0001402057,2015,7071128000,
CDW,0001402057,2016,8350027000,
CDW,0001402057,2017,10631970000,
CDW,0001402057,2018,11971085000,
V,0001403161,2009,37616824080,
MSCI,0001408198,2014,5316717929,
ULTA,0001403568,2011,2211219460,
ULTA,0001403568,2012,4809377790,
ULTA,0001403568,2013,6243437860,
ULTA,0001403568,2014,5505239010,
ULTA,0001403568,2015,8468436960,
ULTA,0001403568,2016,11511541800,
KKR,0001404912,2016,5912149319,
KKR,0001404912,2017,8257668213,
KKR,0001404912,2018,10656060647,
KKR,0001404912,2019,16335421079,
KKR,0001404912,2020,23196467452,
KKR,0001404912,2022,39972748389,
KKR,0001404912,2023,73322712966,
MSCI,0001408198,2009,3065495290,
MSCI,0001408198,2010,3817240440,
MSCI,0001408198,2011,3975210810,
MSCI,0001408198,2012,3722351020,
MSCI,0001408198,2013,5162593613,
MSCI,0001408198,2015,7286078365,
MSCI,0001408198,2016,7191006100,
MSCI,0001408198,2017,11401872148,
AWK,0001410636,2009,3913458300,
AWK,0001410636,2010,4425648840,
AWK,0001410636,2011,5596655040,
AWK,0001410636,2012,6571564440,
WMB,0000107263,2021,27480214452,
WMB,0000107263,2022,36005858469,
WMB,0000107263,2023,38092278098,
WMB,0000107263,2024,41746698401,
TJX,0000109198,2017,47995652356,
TJX,0000109198,2018,98559735913,
TJX,0000109198,2019,59520224641,
TJX,0000109198,2020,70794850303,
TJX,0000109198,2021,77148867861,
TJX,0000109198,2022,84313251619,
TJX,0000109198,2023,94618810286,
TJX,0000109198,2024,110536024003,
AIT,0000109563,2009,833053900,
AIT,0000109563,2010,1071339840,
AIT,0000109563,2012,1593150604,
AIT,0000109563,2013,2033150208,
AIT,0000109563,2014,1980744915,
AIT,0000109563,2015,1582233250,
AIT,0000109563,2017,2305371050,
AIT,0000109563,2018,2715015450,
AIT,0000109563,2020,2415116900,
AIT,0000109563,2021,3507266960,
AIT,0000109563,2022,3702448830,
AIT,0000109563,2023,5598693310,
AIT,0000109563,2024,7451346000,
LHX,0000202058,2021,41264371149,
LHX,0000202058,2022,39687211670,
LHX,0000202058,2023,39977483330,
ITT,0000216228,2011,1807355000,
TXT,0000217346,2017,14796643890,
TXT,0000217346,2018,10756098650,
TXT,0000217346,2020,10198751440,
TXT,0000217346,2021,10944038520,
TXT,0000217346,2022,14596198800,
CSX,0000277948,2023,67883860000,
CSX,0000277948,2024,61313000000,
MRK,0000310158,2009,82872690970,
MRK,0000310158,2010,118942820464,
MRK,0000310158,2011,102265905110,
MRK,0000310158,2012,116494279242,
MRK,0000310158,2013,130717446794,
MRK,0000310158,2014,155764792932,
MRK,0000310158,2015,171086317683,
MRK,0000310158,2016,140622246236,
MRK,0000310158,2017,170198055873,
MRK,0000310158,2018,159749401562,
MRK,0000310158,2019,192120248174,
MRK,0000310158,2020,216698756187,
MRK,0000310158,2021,195011491285,
DE,0000315189,2009,22615349106,
DE,0000315189,2010,31576522905,
DE,0000315189,2011,32026968699,
DE,0000315189,2012,32600496194,
DE,0000315189,2013,31378079285,
DE,0000315189,2014,29822885218,
DE,0000315189,2015,25199827275,
DE,0000315189,2016,31750637726,
DE,0000315189,2017,48344088199,
DE,0000315189,2018,49340243645,
DE,0000315189,2019,52645990628,
DE,0000315189,2020,81981583829,
DE,0000315189,2021,106221512222,
DE,0000315189,2022,131522630337,
DE,0000315189,2023,101699840000,
DE,0000315189,2024,110875374000,
RRC,0000315852,2018,2387810911,
RRC,0000315852,2019,1210709395,
RRC,0000315852,2020,1650532216,
RRC,0000315852,2021,4453807550,
AMGN,0000318154,2017,125590580000,
AMGN,0000318154,2018,122564232000,
AMGN,0000318154,2019,142568798000,
AMGN,0000318154,2020,132962736000,
AMGN,0000318154,2021,125600751000,
AMGN,0000318154,2022,140249760000,
AMGN,0000318154,2023,154205908000,
AMGN,0000318154,2024,139937616000,
AMGN,0000318154,2025,176250107110,
KLAC,0000319201,2016,11423703750,
KLAC,0000319201,2017,14352428400,
KLAC,0000319201,2018,15999601440,
KLAC,0000319201,2019,18849945000,
AAPL,0000320193,2017,790050098120,
AAPL,0000320193,2018,1073390539640,
AAPL,0000320193,2019,3889075824900,
AAPL,0000320193,2020,1906150949640,
AAPL,0000320193,2021,2413423399120,
AAPL,0000320193,2022,2398369422750,
AAPL,0000320193,2024,3443452682940,
AMH,0001562401,2025,13561699674,
AN,0000350698,2022,5107480000,
AN,0000350698,2023,6247488000,
AN,0000350698,2024,6623760000,
LNT,0000352541,2009,3348465629,
LNT,0000352541,2010,4077568740,
LNT,0000352541,2011,4897040194,
LNT,0000352541,2012,4873456734,
LNT,0000352541,2013,11449386641,
AJG,0000354190,2010,3152272000,
AJG,0000354190,2011,3835568000,
AJG,0000354190,2012,4352040000,
AJG,0000354190,2013,6269848000,
BBWI,0000701985,2013,13655267369,
BBWI,0000701985,2014,15236755169,
BBWI,0000701985,2015,24711952262,
BBWI,0000701985,2016,27883508932,
BBWI,0000701985,2017,16876851906,
BBWI,0000701985,2018,13302787064,
BBWI,0000701985,2019,7466262953,
BBWI,0000701985,2020,6415314432,
BBWI,0000701985,2021,11331284420,
LRCX,0000707549,2010,5069326500,
LRCX,0000707549,2011,5341084380,
META,0001326801,2014,203944280000,
COO,0000711404,2013,6323595224,
COO,0000711404,2014,8133967948,
COO,0000711404,2015,7060207928,
D,0000715957,2009,23313080000,
D,0000715957,2010,24820320000,
LRCX,0000707549,2012,7083595200,
LRCX,0000707549,2013,7221788820,
D,0000715957,2011,30255600000,
D,0000715957,2012,29836800000,
D,0000715957,2013,37584890000,
D,0000715957,2014,44986500000,
D,0000715957,2015,40313440000,
D,0000715957,2016,48098520000,
D,0000715957,2017,52283700000,
MU,0000723125,2010,6792435000,
MU,0000723125,2011,5649882000,
MU,0000723125,2012,6289386000,
MU,0000723125,2013,14167080000,
MU,0000723125,2014,35205130000,
MU,0000723125,2016,17305600000,
MU,0000723125,2017,35550640000,
MU,0000723125,2018,61254360000,
MU,0000723125,2019,49405020000,
MU,0000723125,2020,51565290000,
MU,0000723125,2021,82794810000,
MU,0000723125,2022,62697140000,
MU,0000723125,2023,76794120000,
MU,0000723125,2024,105987130000,
UNH,0000731766,2009,34960560000,
ON,0001097864,2013,3627662373,
UNH,0000731766,2010,39215460000,
UNH,0000731766,2011,52656520000,
UNH,0000731766,2012,55270560000,
UNH,0000731766,2013,74396400000,
UNH,0000731766,2014,96439860000,
UNH,0000731766,2015,112110920000,
UNH,0000731766,2016,152358080000,
VZ,0000732712,2010,83427102714,
VZ,0000732712,2011,100735935789,
VZ,0000732712,2012,106785839753,
IT,0000749251,2015,7371142255,
IT,0000749251,2016,7236863655,
CLF,0000764065,2009,6036475052,
CLF,0000764065,2010,10567000492,
CLF,0000764065,2011,8855054117,
CLF,0000764065,2012,5496066940,
CLF,0000764065,2013,4013440087,
CLF,0000764065,2014,1094181824,
CLF,0000764065,2015,242675249,
CLF,0000764065,2016,1960153105,
CLF,0000764065,2017,2144260979,
CLF,0000764065,2018,2250182966,
CLF,0000764065,2019,2268705642,
CLF,0000764065,2020,6952652936,
CLF,0000764065,2021,10888460450,
CLF,0000764065,2022,8269919950,
CLF,0000764065,2023,10309787905,
CLF,0000764065,2024,4643119707,
MO,0000764180,2010,51424770577,
MO,0000764180,2011,60617031800,
MO,0000764180,2012,63186234906,
MO,0000764180,2013,76529669636,
MO,0000764180,2014,97134549748,
MO,0000764180,2015,114095062389,
MO,0000764180,2016,131404067787,
MO,0000764180,2017,135768918901,
MO,0000764180,2018,92559704617,
ADSK,0000769397,2009,3749184000,
ADSK,0000769397,2010,5445531000,
ADSK,0000769397,2011,9234,
ADSK,0000769397,2012,8132400000,
ADSK,0000769397,2013,8693568000,
ADSK,0000769397,2014,11618375000,
ADSK,0000769397,2015,12260270000,
ADSK,0000769397,2016,10506408000,
ADSK,0000769397,2017,17919202000,
ADSK,0000769397,2018,25239846000,
HON,0000773840,2012,49684284564,
HON,0000773840,2013,71615817010,
HON,0000773840,2014,78157407818,
HON,0000773840,2015,79790328366,
HON,0000773840,2016,88138671565,
HON,0000773840,2017,115158056683,
HON,0000773840,2018,96394763511,
PEG,0000788784,2017,26008,
PANW,0001327567,2012,3877049710,
PEG,0000788784,2018,26233,
PEG,0000788784,2019,29761200000,
PEG,0000788784,2020,29383200000,
NC,0000789933,2010,902500772,
NC,0000789933,2011,747931881,
NC,0000789933,2012,508826376,
NC,0000789933,2013,504051302,
NC,0000789933,2014,450542389,
NC,0000789933,2015,295441991,
NC,0000789933,2016,617370329,
NC,0000789933,2017,257149500,
NC,0000789933,2018,234723600,
NC,0000789933,2019,326592420,
NC,0000789933,2020,184783800,
NC,0000789933,2021,259328340,
NC,0000789933,2022,277856000,
HOG,0000793952,2019,5670301358,
HOG,0000793952,2020,5612558158,
HOG,0000793952,2021,5788017909,
HOG,0000793952,2022,6067885491,
KBH,0000795266,2020,3071698084,
KBH,0000795266,2021,3946118531,
KBH,0000795266,2022,2675094208,
FISV,0000798354,2015,18785124540,
FISV,0000798354,2017,23870239438,
FISV,0000798354,2020,81145513581,
FISV,0000798354,2021,74551051903,
FISV,0000798354,2022,61391294668,
OI,0000812074,2024,2237433220,
CDNS,0000813672,2013,4013692690,
CDNS,0000813672,2015,5490526720,
CDNS,0000813672,2016,7013656780,
FICO,0000814547,2013,1922970080,
FICO,0000814547,2014,1765789700,
FICO,0000814547,2015,2644005000,
FICO,0000814547,2016,3854191650,
FICO,0000814547,2017,4249141500,
FICO,0000814547,2018,6631378250,
FICO,0000814547,2019,8785082880,
FICO,0000814547,2020,12376856480,
FICO,0000814547,2021,10970134240,
FICO,0000814547,2022,10363699540,
TDC,0000816761,2020,2444736000,
TDC,0000816761,2021,4552784000,
TDC,0000816761,2022,3403026000,
TDC,0000816761,2023,4259629000,
TDC,0000816761,2024,2962365000,
COHR,0000820318,2023,7070178389,
COHR,0000820318,2024,10264993780,
FCX,0000831259,2015,22128285385,
FCX,0000831259,2016,8662800616,
FCX,0000831259,2017,22215493182,
FCX,0000831259,2018,28232972488,
FCX,0000831259,2019,16867045421,
FCX,0000831259,2020,16105793929,
FCX,0000831259,2021,39247708802,
FCX,0000831259,2022,54146950867,
FCX,0000831259,2023,63837552403,
FCX,0000831259,2024,56931693607,
SSP,0000832428,2010,577099628,
SSP,0000832428,2011,458309609,
SSP,0000832428,2012,593544068,
SSP,0000832428,2013,1227524997,
SSP,0000832428,2014,1259240727,
JCI,0000833444,2011,21468170080,
JCI,0000833444,2012,12728055202,
JCI,0000833444,2013,17113840031,
JCI,0000833444,2016,42649427226,
JCI,0000833444,2017,38303755147,
JCI,0000833444,2018,29542164951,
CRH,0000849395,2022,29927664049,
CRH,0000849395,2023,50799375398,
CRH,0000849395,2024,66489246068,
CSCO,0000858877,2010,130460850000,
CSCO,0000858877,2011,86796950000,
CSCO,0000858877,2012,83125620000,
CSCO,0000858877,2013,137419500000,
CSCO,0000858877,2014,132628790000,
CSCO,0000858877,2015,144414000000,
TYL,0000860731,2016,4421920520,
TYL,0000860731,2017,5762845440,
TYL,0000860731,2018,7865215520,
TYL,0000860731,2019,8265161120,
REGN,0000872589,2011,5027061496,
REGN,0000872589,2012,9368847787,
VRTX,0000875320,2009,8568072736,
VRTX,0000875320,2010,7129409849,
VRTX,0000875320,2011,6950985674,
VRTX,0000875320,2012,9104319769,
INCY,0000879169,2016,18935864363,
VRTS,0000883237,2010,283645119,
FOSL,0000883569,2022,223415125,
FOSL,0000883569,2023,76631049,
FOSL,0000883569,2024,100650011,
RCL,0000884887,2009,5405091520,
RCL,0000884887,2010,10106222000,
RCL,0000884887,2011,10209318746,
RCL,0000884887,2012,0,
RCL,0000884887,2013,7804606167,
BIIB,0000875045,2013,66071337240,
KSS,0000885639,2021,9027677578,
KSS,0000885639,2022,6943911678,
KSS,0000885639,2023,2995646353,
KSS,0000885639,2024,2899103151,
BSX,0000885725,2009,13571100000,
BSX,0000885725,2010,11512305448,
FCN,0000887936,2009,2215812600,
FCN,0000887936,2010,1720248320,
FCN,0000887936,2011,1759751280,
FCN,0000887936,2012,1788865360,
FCN,0000887936,2013,1426483566,
FCN,0000887936,2014,1590822030,
FCN,0000887936,2015,1429170440,
FCN,0000887936,2016,1895027960,
MTCH,0000891103,2009,2838513923,
MTCH,0000891103,2010,3050057487,
MTCH,0000891103,2011,3695769854,
MTCH,0000891103,2012,4074297827,
MTCH,0000891103,2013,5730906692,
MTCH,0000891103,2014,5063334623,
MTCH,0000891103,2015,3935866982,
EXE,0000895126,2021,4548762983,
EXE,0000895126,2022,7798765434,
EXE,0000895126,2023,11304340180,
EXE,0000895126,2024,10213763589,
SANM,0000897723,2010,957461220,
SANM,0000897723,2011,539303120,
SANM,0000897723,2012,694713850,
SANM,0000897723,2013,1476043620,
SANM,0000897723,2014,1774591200,
SANM,0000897723,2015,1668099460,
SANM,0000897723,2016,2079192570,
SANM,0000897723,2017,2662317600,
JBL,0000898293,2015,3716517116,
JBL,0000898293,2016,3962497622,
JBL,0000898293,2017,5571761922,
JBL,0000898293,2018,4865226364,
JBL,0000898293,2019,4422922148,
JBL,0000898293,2020,5133781726,
JBL,0000898293,2021,8926967637,
JBL,0000898293,2022,8170286994,
COST,0000909832,2016,71723309320,
COST,0000909832,2017,69183160960,
COST,0000909832,2018,102155001570,
URBN,0000912615,2010,5321387772,
URBN,0000912615,2018,3692358654,
URBN,0000912615,2019,3412245741,
URBN,0000912615,2020,2508206464,
URBN,0000912615,2021,2683092469,
URBN,0000912615,2022,2769499584,
URBN,0000912615,2023,2524829620,
URBN,0000912615,2024,3525925836,
EMN,0000915389,2013,17361090826,
EMN,0000915389,2014,16405253820,
EMN,0000915389,2015,14642916570,
EMN,0000915389,2016,16373788596,
PENN,0000921738,2022,7956610106,
PENN,0000921738,2023,4908864019,
PENN,0000921738,2024,2836582986,
AIV,0000922864,2024,1239439371,
AIV,0000922864,2025,855808715,
DLTR,0000935703,2010,6501219340,
DLTR,0000935703,2011,6291850678,
WAB,0000943452,2009,1947606304,
WAB,0000943452,2010,2536291556,
WAB,0000943452,2011,3353847882,
WAB,0000943452,2012,8351960995,
WAB,0000943452,2013,7123231838,
AEE,0001002910,2014,11191138000,
PCG,0001004980,2016,30803819183,
ON,0001097864,2014,4397433172,
PCG,0001004980,2017,23076504531,
PCG,0001004980,2018,12358044362,
PCG,0001004980,2019,5752803375,
PCG,0001004980,2020,24729096266,
PCG,0001004980,2021,24102762556,
FDS,0001013237,2009,2572569600,
FDS,0001013237,2010,3385065200,
FDS,0001013237,2011,3960334500,
FDS,0001013237,2012,4085623330,
AWK,0001410636,2013,7538296540,
FDS,0001013237,2013,4434211400,
FDS,0001013237,2014,5324428200,
FDS,0001013237,2015,6524780640,
FE,0001031296,2011,18526988159,
FE,0001031296,2012,17481928624,
FE,0001031296,2013,13806369876,
FE,0001031296,2014,16418789204,
FE,0001031296,2015,13439571397,
FE,0001031296,2016,13699400431,
FE,0001031296,2017,13636130479,
FE,0001031296,2018,19222425148,
FE,0001031296,2019,26275697989,
FE,0001031296,2020,16624827685,
FE,0001031296,2021,23717159315,
FE,0001031296,2022,23995171288,
FE,0001031296,2023,21055135617,
FE,0001031296,2024,22937635106,
EQ,0001746466,2018,141790086,
EQ,0001746466,2019,58898711,
EQ,0001746466,2020,132429096,
EQ,0001746466,2021,111047868,
TMC,0001798562,2021,466721474,
TMC,0001798562,2022,205445341,
TMC,0001798562,2023,337214581,
DYN,0001818794,2020,946608054,
DYN,0001818794,2021,613159940,
DYN,0001818794,2022,644827093,
DYN,0001818794,2023,817534282,
DYN,0001818794,2024,2410626899,
TE,0001992243,2023,261248350,
INGR,0001046257,2024,8871794640,
ED,0001047862,2010,1089360234,
ED,0001047862,2011,1363183686,
ED,0001047862,2012,1220558148,
ED,0001047862,2013,1214844336,
MAR,0001048286,2022,46245234000,
MAR,0001048286,2023,65519669762,
MAR,0001048286,2024,77174806787,
FFIV,0001048695,2009,3104019750,
CSGP,0001057352,2012,2533460760,
CTSH,0001058290,2018,36627960000,
CTSH,0001058290,2019,33986960000,
CTSH,0001058290,2020,43433500000,
CTSH,0001058290,2021,46578000000,
CTSH,0001058290,2022,29109710000,
CTSH,0001058290,2023,37613940000,
LKQ,0001065696,2012,6283809906,
LKQ,0001065696,2013,9896493580,
LKQ,0001065696,2014,8533088659,
LKQ,0001065696,2015,9054168998,
LII,0001069202,2023,9747915299,
CNC,0001071739,2012,2145499168,
CNC,0001071739,2013,6522138278,
CNC,0001071739,2014,12299310252,
CNC,0001071739,2015,7919771580,
LKQ,0001065696,2016,9426246863,
CHTR,0001091667,2013,14516263697,
CHTR,0001091667,2014,18661387848,
CHTR,0001091667,2015,20587549407,
ON,0001097864,2010,4315328869,
ON,0001097864,2011,3483914178,
ON,0001097864,2015,4037990089,
ON,0001097864,2016,5345696258,
ON,0001097864,2017,8901974982,
ON,0001097864,2018,6832403088,
ON,0001097864,2019,10027802748,
ON,0001097864,2020,13479609247,
ON,0001097864,2021,29373553799,
EW,0001099800,2009,4933080000,
EW,0001099800,2010,9296577000,
EXC,0001109357,2009,32244310277,
EXC,0001109357,2010,27559216970,
EXC,0001109357,2011,36346905164,
EXC,0001109357,2012,25421254241,
EXC,0001109357,2013,23481214476,
EXC,0001109357,2014,31882582354,
EXC,0001109357,2015,25546286903,
EXC,0001109357,2016,32793955824,
EXC,0001109357,2017,37965009161,
GPN,0001123360,2012,3336859097,
GPN,0001123360,2013,3617435708,
GPN,0001123360,2014,4720057284,
GPN,0001123360,2015,13627610221,
BBBY,0001130713,2020,2051580960,
BBBY,0001130713,2021,2538787230,
BBBY,0001130713,2022,870251360,
BBBY,0001130713,2023,1257513660,
BBBY,0001130713,2024,261630170,
FTI,0001681459,2024,12241620000,
STX,0001137789,2010,6492925580,
STX,0001137789,2011,6946645629,
STX,0001137789,2012,9793893741,
WTW,0001140536,2014,7422234344,
WTW,0001140536,2015,8570150896,
WTW,0001140536,2016,15578899990,
WTW,0001140536,2017,17359758592,
ELV,0001156039,2010,21478121783,
ELV,0001156039,2011,22483440050,
ELV,0001156039,2012,18563246572,
AAP,0001158449,2015,11586613440,
AAP,0001158449,2023,3632017360,
AAP,0001158449,2024,2643600000,
AAP,0001158449,2026,3342841406,
NBR,0001163739,2015,4113918705,
NBR,0001163739,2016,1937459015,
CMCSA,0001166691,2009,34783607011,
CMCSA,0001166691,2010,61691638694,
CMCSA,0001166691,2011,65107716018,
CMCSA,0001166691,2012,100049913964,
ARES,0001176948,2018,1806360807,
ARES,0001176948,2019,4113023705,
ARES,0001176948,2020,12215647019,
ARES,0001176948,2021,23604997306,
GTE,0001273441,2009,1257502139,
GTE,0001273441,2010,1935548682,
GTE,0001273441,2017,1040015813,
GTE,0001273441,2018,839961489,
MKTX,0001278021,2016,5515931423,
MKTX,0001278021,2017,7589983488,
MKTX,0001278021,2018,7953690861,
MPWR,0001280452,2010,579241305,
MPWR,0001280452,2011,509758302,
MPWR,0001280452,2012,794794,
MPWR,0001280452,2013,1327166060,
MPWR,0001280452,2014,1931503680,
TMUS,0001283699,2009,2691186937,
TMUS,0001283699,2010,4487674752,
TMUS,0001283699,2011,3146156229,
CE,0001306830,2009,4612408843,
TSLA,0001318605,2019,378589102500,
CBOE,0001374310,2010,2188936440,
CBOE,0001374310,2011,2295563366,
CBOE,0001374310,2012,2571023781,
BR,0001383312,2009,2321200000,
BR,0001383312,2010,2461260000,
BR,0001383312,2011,2977459000,
BR,0001383312,2012,2654496000,
BR,0001383312,2013,3163020000,
BR,0001383312,2014,4975980000,
BR,0001383312,2015,5911182000,
BR,0001383312,2016,7713160000,
BR,0001383312,2017,8802740000,
TRGP,0001389170,2016,10357279837,
TRGP,0001389170,2017,10534593172,
VEEV,0001393052,2020,21668371560,
AWK,0001410636,2014,9565324600,
NXPI,0001413447,2020,36507461000,
KDP,0001418135,2009,7191286030,
KDP,0001418135,2010,7873595245,
KDP,0001418135,2011,8374901836,
KDP,0001418135,2012,9069829586,
KDP,0001418135,2013,9645584187,
KDP,0001418135,2014,13831207649,
KDP,0001418135,2015,17506828639,
KDP,0001418135,2016,16603476165,
KDP,0001418135,2017,76723808365,
KDP,0001418135,2018,36048427800,
KDP,0001418135,2019,40728374230,
KDP,0001418135,2020,45032341632,
KDP,0001418135,2021,52271873601,
BNL,0001424182,2022,3016907940,
BNL,0001424182,2023,3230713080,
BNL,0001424182,2024,2991608360,
AR,0001433270,2013,12802837500,
AR,0001433270,2014,10634867232,
AR,0001433270,2015,6039384800,
AR,0001433270,2016,7446841050,
AR,0001433270,2017,6011201000,
AR,0001433270,2018,2897697660,
AR,0001433270,2019,843431850,
AR,0001433270,2020,1464262400,
AR,0001433270,2021,5493775000,
AR,0001433270,2022,9215155410,
AR,0001433270,2023,6884377920,
AR,0001433270,2024,10906333250,
WBD,0001437107,2009,12973371211,
WBD,0001437107,2010,3787684586,
WBD,0001437107,2011,16428966271,
WBD,0001437107,2012,23868476917,
WBD,0001437107,2013,32279959207,
WBD,0001437107,2020,18023910000,
WBD,0001437107,2021,3978260000,
RIG,0001451505,2009,26597337430,
RIG,0001451505,2010,22179297928,
RIG,0001451505,2011,13429044393,
RIG,0001451505,2012,16055504510,
RIG,0001451505,2017,4178414449,
RIG,0001451505,2018,4230966080,
RIG,0001451505,2019,4209675053,
RIG,0001451505,2020,1420974038,
RIG,0001451505,2021,1809194725,
RIG,0001451505,2022,3291811227,
RIG,0001451505,2023,5137345872,
RIG,0001451505,2024,3284365395,
ENPH,0001463101,2012,149124400,
ENPH,0001463101,2013,267059820,
ENPH,0001463101,2014,625273240,
ENPH,0001463101,2015,160831710,
ENPH,0001463101,2016,62891690,
ENPH,0001463101,2017,207052740,
ENPH,0001463101,2018,506275550,
ENPH,0001463101,2019,3216838170,
ENPH,0001463101,2020,22628962140,
TT,0001466258,2009,11458816646,
TT,0001466258,2010,15454499624,
TT,0001466258,2011,15651635138,
TT,0001466258,2012,10390320059,
TT,0001466258,2013,15227730293,
TT,0001466258,2014,15806345513,
TT,0001466258,2015,17421352018,
TT,0001466258,2016,13076118065,
TT,0001466258,2017,20241691512,
TT,0001466258,2018,24139301336,
TT,0001466258,2019,24478412148,
TT,0001466258,2020,31762171725,
TT,0001466258,2021,34035696925,
TT,0001466258,2022,42577197000,
TT,0001466258,2023,61389630000,
TT,0001466258,2024,91968150000,
ACN,0001467373,2009,20559237534,
ACN,0001467373,2010,23320430564,
GM,0001467858,2010,55295049746,
GM,0001467858,2011,31717022148,
GM,0001467858,2012,39392548755,
H,0001468174,2010,7967511552,
H,0001468174,2011,6352192308,
H,0001468174,2012,6364724396,
H,0001468174,2013,7841632238,
H,0001468174,2014,9220349327,
H,0001468174,2015,6715155093,
H,0001468174,2016,7345743740,
H,0001468174,2017,9180506876,
NXPI,0001413447,2019,35894446560,
H,0001468174,2018,7656316039,
H,0001468174,2019,9382803259,
H,0001468174,2020,7523410504,
H,0001468174,2021,9970793774,
H,0001468174,2022,9867533306,
H,0001468174,2023,13674927835,
H,0001468174,2024,15665233565,
GNRC,0001474735,2011,1896308320,
GNRC,0001474735,2012,2343234388,
GNRC,0001474735,2013,2365170635,
GNRC,0001474735,2014,3807657700,
GNRC,0001474735,2015,3473344069,
GNRC,0001474735,2016,2259794613,
GNRC,0001474735,2017,2537654899,
GNRC,0001474735,2018,2847661964,
GNRC,0001474735,2019,3276716212,
GNRC,0001474735,2020,7274100456,
IQV,0001478242,2013,6008069370,
IQV,0001478242,2014,7307494246,
IQV,0001478242,2015,8198004000,
IQV,0001478242,2016,18883215000,
OM,0001484612,2020,2428318480,
OM,0001484612,2021,2177337690,
OM,0001484612,2022,1251366300,
OM,0001484612,2023,272214970,
OM,0001484612,2024,3918300,
LYB,0001489393,2011,18629457800,
HII,0001501585,2011,2023782402,
HII,0001501585,2012,2149664000,
HII,0001501585,2013,4383487000,
HII,0001501585,2014,5431818000,
HII,0001501585,2015,5949265000,
HII,0001501585,2016,8509578000,
HII,0001501585,2017,10630070000,
XYZ,0001512673,2015,2231818820,
XYZ,0001512673,2016,4655394650,
XYZ,0001512673,2017,13151856480,
XYZ,0001512673,2018,22757451790,
XYZ,0001512673,2019,26587937440,
XYZ,0001512673,2020,96441942640,
XYZ,0001512673,2021,74041352320,
XYZ,0001512673,2022,36381155160,
XYZ,0001512673,2023,47095011600,
XYZ,0001512673,2024,52438235070,
CHRS,0001512762,2014,542770201,
CHRS,0001512762,2015,895568323,
CHRS,0001512762,2016,1289499788,
CHRS,0001512762,2019,1266951731,
CHRS,0001512762,2020,1260281988,
CHRS,0001512762,2021,1227804332,
CHRS,0001512762,2022,624504007,
CHRS,0001512762,2023,373676816,
CHRS,0001512762,2024,159548076,
NCLH,0001513761,2013,7277037260,
NCLH,0001513761,2014,10643998907,
NCLH,0001513761,2015,13349976639,
NCLH,0001513761,2016,9664686299,
APTV,0001521332,2011,7070377850,
APTV,0001521332,2012,12060183030,
APTV,0001521332,2013,18423162341,
APTV,0001521332,2014,21206572550,
APTV,0001521332,2015,23850827073,
APTV,0001521332,2016,18170348316,
TRIP,0001526520,2019,3784794264,
TRIP,0001526520,2020,3509162869,
TRIP,0001526520,2021,3429636074,
TRIP,0001526520,2022,2302283694,
TRIP,0001526520,2023,2688698566,
TRIP,0001526520,2024,1881620989,
CG,0001527166,2012,1125646005,
CG,0001527166,2013,1757968322,
CG,0001527166,2014,1863427830,
CG,0001527166,2015,1255983925,
CG,0001527166,2016,1290317003,
CG,0001527166,2017,2292304885,
CG,0001527166,2018,1697006477,
CG,0001527166,2019,3780328084,
CG,0001527166,2020,11114686909,
CG,0001527166,2021,19509696392,
CG,0001527166,2022,10810991716,
CG,0001527166,2023,14702361939,
CG,0001527166,2024,18034201580,
CPRI,0001530721,2012,8979355460,
CPRI,0001530721,2013,11440595830,
CPRI,0001530721,2014,18945261545,
CPRI,0001530721,2015,13371018106,
CPRI,0001530721,2016,10051894530,
CPRI,0001530721,2017,5938807215,
CPRI,0001530721,2018,9293277107,
CPRI,0001530721,2019,6905153000,
CPRI,0001530721,2020,1743796892,
CPRI,0001530721,2021,7591230952,
CPRI,0001530721,2022,7281691656,
CPRI,0001530721,2023,5515311115,
CPRI,0001530721,2024,5283322420,
CRWD,0001535527,2020,0,
CRWD,0001535527,2021,46991744800,
CRWD,0001535527,2022,41030930880,
CRWD,0001535527,2023,24689420100,
CRWD,0001535527,2024,69801322500,
FANG,0001539838,2016,9109945970,
FANG,0001539838,2017,12393620236,
UBER,0001543151,2019,51054092940,
UBER,0001543151,2020,94339494000,
UBER,0001543151,2021,81734819880,
UBER,0001543151,2022,49595668780,
ETN,0001551182,2010,34056605000,
ETN,0001551182,2011,14556432000,
ETN,0001551182,2012,25502526000,
ETN,0001551182,2013,36164612000,
ABNB,0001559720,2022,54463500000,
ETN,0001551182,2014,31798484000,
ETN,0001551182,2015,23875952000,
ETN,0001551182,2016,30150246000,
ETN,0001551182,2017,34756499000,
ETN,0001551182,2018,29084376000,
ETN,0001551182,2019,39147776000,
ETN,0001551182,2020,47827734000,
ETN,0001551182,2021,68920616000,
ETN,0001551182,2022,62434710000,
ETN,0001551182,2023,96183508000,
ETN,0001551182,2024,130391723000,
SUN,0001552275,2015,3460555615,
SUN,0001552275,2016,2649687976,
SUN,0001552275,2017,2342640172,
SUN,0001552275,2018,2249298242,
SUN,0001552275,2019,2540325188,
SUN,0001552275,2020,2398631744,
SUN,0001552275,2021,3417008396,
SUN,0001552275,2022,3622928203,
SUN,0001552275,2023,5059776572,
SUN,0001552275,2024,7007973564,
ABNB,0001559720,2020,41691200000,
ABNB,0001559720,2021,102557840000,
DDOG,0001561550,2019,0,
DDOG,0001561550,2020,29566454000,
DDOG,0001561550,2021,55044539280,
DDOG,0001561550,2022,23182635000,
DDOG,0001561550,2023,39331125540,
DDOG,0001561550,2024,48035617080,
AMH,0001562401,2016,4909533325,
AMH,0001562401,2017,5771323041,
AMH,0001562401,2018,5828763925,
AMH,0001562401,2019,7847677555,
AMH,0001562401,2020,9198395910,
NWSA,0001564708,2013,8829750000,
NWSA,0001564708,2016,6589810000,
NWSA,0001564708,2017,7965180000,
NWSA,0001564708,2018,9031850000,
NWSA,0001564708,2019,7887603000,
NWSA,0001564708,2020,6972494000,
NWSA,0001564708,2021,15214608000,
NWSA,0001564708,2022,9184410000,
FOXA,0001754301,2020,16521120000,
NWSA,0001564708,2023,11239800000,
NWSA,0001564708,2024,15747984000,
PD,0001568100,2020,1814145353,
PD,0001568100,2021,4038860522,
PD,0001568100,2022,2864761708,
PD,0001568100,2023,2716212609,
PD,0001568100,2024,2196016541,
DELL,0001571996,2017,50064253582,
DELL,0001571996,2018,54522011126,
DELL,0001571996,2019,35698316279,
DELL,0001571996,2020,36236106359,
DELL,0001571996,2021,54886109835,
DELL,0001571996,2022,42573680000,
DELL,0001571996,2023,30243840000,
DELL,0001571996,2024,60855600000,
MMI,0001578732,2013,545353365,
MMI,0001578732,2014,1227538196,
MMI,0001578732,2015,1089732728,
MMI,0001578732,2016,1012214148,
MMI,0001578732,2017,1251376499,
MMI,0001578732,2018,1332500549,
MMI,0001578732,2019,1458456514,
MMI,0001578732,2020,1466935566,
MMI,0001578732,2021,2042569515,
MMI,0001578732,2022,1352363619,
MMI,0001578732,2023,1677857301,
MMI,0001578732,2024,1486660785,
S,0001583708,2022,7788791334,
S,0001583708,2023,4192045172,
S,0001583708,2024,7903950765,
PRGO,0001585364,2013,11361900000,
PRGO,0001585364,2014,19173407220,
PRGO,0001585364,2015,27823811712,
PRGO,0001585364,2016,18521310934,
PRGO,0001585364,2017,12107033617,
PRGO,0001585364,2018,12428565024,
PRGO,0001585364,2019,6649627997,
PRGO,0001585364,2020,8148560843,
PRGO,0001585364,2021,5371760937,
PRGO,0001585364,2022,4591923000,
PRGO,0001585364,2023,4360390000,
PRGO,0001585364,2024,3509415000,
HLT,0001585689,2013,21907691849,
HLT,0001585689,2014,25688846182,
HLT,0001585689,2015,7043869642,
HLT,0001585689,2016,8958102182,
CZR,0001590895,2014,188028192,
CZR,0001590895,2015,514996119,
CZR,0001590895,2016,798442361,
CZR,0001590895,2017,2546780773,
CZR,0001590895,2018,2795957540,
CZR,0001590895,2019,4626222138,
CZR,0001590895,2020,15451830201,
PAYC,0001590955,2014,1417417150,
PAYC,0001590955,2015,2149420821,
PAYC,0001590955,2016,2607988191,
PAYC,0001590955,2017,4642156069,
PAYC,0001590955,2018,7013568650,
PAYC,0001590955,2019,15266061600,
PAYC,0001590955,2020,26112462750,
AM,0001623925,2024,7234477980,
PAYC,0001590955,2021,24086002280,
PAYC,0001590955,2022,17956708770,
PAYC,0001590955,2023,11679680000,
PAYC,0001590955,2024,11457823000,
ANET,0001596532,2014,3981481280,
ANET,0001596532,2015,5303394880,
ANET,0001596532,2016,6852352146,
ANET,0001596532,2017,17363718445,
KEYS,0001601046,2015,5623600000,
KEYS,0001601046,2016,6259472394,
KEYS,0001601046,2017,7993291577,
KEYS,0001601046,2018,11185325552,
QRVO,0001604778,2015,11817397520,
FG,0001934850,2022,2529462179,
AM,0001623925,2019,3673878780,
AM,0001623925,2020,3674886690,
AM,0001623925,2021,4622151600,
AM,0001623925,2022,5162982630,
AM,0001623925,2023,6010803890,
AM,0001623925,2025,8510932127,
LITE,0001633978,2016,1409081095,
LITE,0001633978,2017,3507211676,
LITE,0001633978,2018,3635546037,
LITE,0001633978,2019,4094062260,
LITE,0001633978,2020,5717363000,
LITE,0001633978,2021,6093310000,
LITE,0001633978,2022,5291760000,
LITE,0001633978,2023,3766872000,
MRNA,0001682852,2018,5020759264,
LITE,0001633978,2024,3457468000,
HPE,0001645590,2015,25893738194,
FCPT,0001650132,2015,1032646599,
FCPT,0001650132,2016,1229631390,
FCPT,0001650132,2017,1576167867,
FCPT,0001650132,2018,1786945979,
FCPT,0001650132,2019,1973882405,
FCPT,0001650132,2020,2258797738,
FCPT,0001650132,2021,2361011772,
TTD,0001671933,2021,43698625640,
FCPT,0001650132,2022,2220575007,
FCPT,0001650132,2023,2317922168,
FCPT,0001650132,2024,2709253730,
GOOG,0001652044,2014,358042045763,
GOOG,0001652044,2015,521614650240,
GOOG,0001652044,2016,533553763260,
GOOG,0001652044,2017,727020931200,
GOOG,0001652044,2018,720324749160,
GOOG,0001652044,2019,920317661700,
GOOG,0001652044,2020,1182907917360,
GOOG,0001652044,2021,38316918780000,
GOOG,0001652044,2022,1140091770000,
GOOG,0001652044,2023,1755987800000,
GOOG,0001652044,2024,2325462840000,
DD,0001666700,2015,58177535826,
DD,0001666700,2016,63405477310,
DD,0001666700,2017,55586123143,
DD,0001666700,2018,41935975814,
DD,0001666700,2019,47415888264,
DD,0001666700,2020,52209238119,
DD,0001666700,2021,37838426998,
DD,0001666700,2022,41796829674,
DD,0001666700,2023,35003268017,
DD,0001666700,2024,27911244754,
TTD,0001671933,2022,21829385710,
TTD,0001671933,2023,35207221560,
TTD,0001671933,2024,57693008870,
VRT,0001674101,2018,1158967159,
VRT,0001674101,2019,1304429364,
VRT,0001674101,2020,6385599506,
VRT,0001674101,2021,9383772369,
VRT,0001674101,2022,5154858313,
VRT,0001674101,2023,18337319714,
VRT,0001674101,2024,43251778486,
ASH,0001674862,2014,8015707885,
ASH,0001674862,2015,6741539196,
ASH,0001674862,2016,7188899256,
ASH,0001674862,2017,4054180000,
ASH,0001674862,2018,5199320000,
ASH,0001674862,2019,4623000000,
ASH,0001674862,2020,4326120000,
ASH,0001674862,2021,5457093572,
ASH,0001674862,2022,5681158638,
ASH,0001674862,2023,3928042459,
ASH,0001674862,2024,3984035700,
LW,0001679273,2017,6670053940,
LW,0001679273,2018,9578681512,
COIN,0001679788,2021,44749996030,
COIN,0001679788,2022,7867692460,
COIN,0001679788,2023,41009640320,
MRNA,0001682852,2019,6582663427,
MRNA,0001682852,2020,41683530000,
BHF,0001685040,2019,4159451018,
BHF,0001685040,2020,3193701630,
BHF,0001685040,2021,4033669730,
BHF,0001685040,2022,3500616546,
BHF,0001685040,2023,3360597547,
BHF,0001685040,2024,2816539514,
INVH,0001687229,2017,12236910957,
INVH,0001687229,2018,10454611378,
INVH,0001687229,2019,16233032468,
INVH,0001687229,2020,16843394680,
INVH,0001687229,2021,27251400159,
DXC,0001688568,2016,4738851009,
DXC,0001688568,2017,9688308734,
DXC,0001688568,2024,3526374757,
CVNA,0001690820,2019,4312266350,
CVNA,0001690820,2020,15565548740,
CVNA,0001690820,2021,19193370950,
CVNA,0001690820,2022,477924720,
CVNA,0001690820,2023,5787559620,
CVNA,0001690820,2024,24879875840,
VST,0001692819,2017,7848266053,
VST,0001692819,2018,10892682996,
VICI,0001705696,2019,11778671158,
VST,0001692819,2019,11212179572,
VST,0001692819,2020,9619753758,
VST,0001692819,2021,10680783034,
VST,0001692819,2022,9042312984,
VST,0001692819,2023,13538124256,
IR,0001699150,2017,6657675756,
IR,0001699150,2018,4052573535,
IR,0001699150,2019,7521811490,
IR,0001699150,2020,19072682978,
IR,0001699150,2021,25229670757,
IR,0001699150,2022,21167400348,
IR,0001699150,2023,31194887452,
IR,0001699150,2024,36444531946,
DEC,0001922446,2024,850917379,
BKR,0001701605,2023,32015152540,
BKR,0001701605,2024,30506865255,
ADT,0001703056,2018,4608957533,
ADT,0001703056,2019,5976222809,
ADT,0001703056,2020,6052457058,
ADT,0001703056,2021,6990988781,
ADT,0001703056,2022,8285145483,
ADT,0001703056,2023,6286819323,
ADT,0001703056,2024,6327928879,
ADT,0001703056,2025,6618050441,
VICI,0001705696,2018,7600822188,
VICI,0001705696,2020,13685077911,
VICI,0001705696,2021,18937446390,
LIN,0001707925,2017,44278851480,
LIN,0001707925,2018,85391583945,
LIN,0001707925,2019,113769617818,
LIN,0001707925,2020,137893341337,
LIN,0001707925,2021,176222316912,
STE,0001757898,2019,10820711510,
LIN,0001707925,2022,161808041798,
LIN,0001707925,2023,162875697138,
LIN,0001707925,2024,194956603160,
EVRG,0001711269,2017,7524000000,
DIS,0001744489,2018,175293060000,
DIS,0001744489,2019,268052673540,
DIS,0001744489,2020,260528796824,
DIS,0001744489,2021,285971810299,
DIS,0001744489,2022,169794000000,
DIS,0001744489,2023,145890000000,
DIS,0001744489,2024,182419000000,
BEAM,0001745999,2021,5449953278,
BEAM,0001745999,2022,2787656728,
BEAM,0001745999,2023,2222036541,
BEAM,0001745999,2024,2074100111,
EQ,0001746466,2023,25383421,
EQ,0001746466,2024,26668172,
AMCR,0001748790,2018,12149550000,
AMCR,0001748790,2019,15836342508,
AMCR,0001748790,2020,17049394112,
AMCR,0001748790,2021,19675110140,
AMCR,0001748790,2022,19789069899,
AMCR,0001748790,2023,13731721888,
AMCR,0001748790,2024,15407358640,
APP,0001751008,2021,35355923074,
APP,0001751008,2022,3936889882,
APP,0001751008,2023,13544485473,
APP,0001751008,2024,110115800860,
FOXA,0001754301,2019,22753440000,
FOXA,0001754301,2021,22092350000,
FOXA,0001754301,2022,18331200000,
FOXA,0001754301,2023,18054000000,
FOXA,0001754301,2024,16497600000,
STE,0001757898,2018,7911979920,
XRX,0001770450,2018,4537350480,
XRX,0001770450,2021,3608680160,
XRX,0001770450,2022,2274402600,
XRX,0001770450,2023,2257229520,
XRX,0001770450,2024,1048987050,
ADCT,0001771910,2022,309667304,
ADCT,0001771910,2025,437286198,
HOOD,0001783879,2021,0,
HOOD,0001783879,2022,7152048395,
HOOD,0001783879,2023,11349526576,
HOOD,0001783879,2024,32830276193,
VNT,0001786842,2021,5199516000,
VNT,0001786842,2022,3015480000,
VNT,0001786842,2023,5331065000,
VNT,0001786842,2024,5444971000,
VTRS,0001792044,2019,2010,
VTRS,0001792044,2020,1686,
VTRS,0001792044,2021,16377118219,
VTRS,0001792044,2022,12595809894,
VTRS,0001792044,2023,11186746329,
VTRS,0001792044,2024,13752150708,
DASH,0001792789,2020,8906172500,
DASH,0001792789,2021,50156518300,
DASH,0001792789,2022,18132382660,
DASH,0001792789,2023,38858627720,
DASH,0001792789,2024,69037680250,
MIR,0001809987,2021,196312500,
MIR,0001809987,2022,1197394890,
MIR,0001809987,2023,192187500,
MIR,0001809987,2024,3577092950,
TPL,0001811074,2019,6059262639,
TPL,0001811074,2020,5638726963,
TPL,0001811074,2021,9672114921,
TPL,0001811074,2022,18040441582,
TPL,0001811074,2023,36178434891,
ASO,0001817358,2021,1958951000,
ASO,0001817358,2022,3279409978,
ASO,0001817358,2023,4269007218,
ASO,0001817358,2024,4794083293,
OGN,0001821825,2023,3686126920,
OGN,0001821825,2024,3846361080,
RYAN,0001849253,2021,10452936029,
RYAN,0001849253,2022,10778158671,
RYAN,0001849253,2023,11194823531,
RYAN,0001849253,2024,16803882608,
APO,0001858681,2021,17134597859,
APO,0001858681,2022,36377918033,
APO,0001858681,2023,52909827633,
NE,0001895262,2021,1493562000,
NE,0001895262,2022,2082432000,
NE,0001895262,2023,6779663800,
NE,0001895262,2024,4990926725,
GEHC,0001932393,2022,5838,
FG,0001934850,2023,5811278532,
FG,0001934850,2024,5254295455,
CR,0001944013,2023,6724462996,
CR,0001944013,2024,8693787546,
TKO,0001973266,2023,6755478190,
TKO,0001973266,2024,11559294476,
LB,0001995807,2024,1502300067,
BG,0001996862,2021,13165196624,
BG,0001996862,2022,14837021282,
BG,0001996862,2023,15021802868,
BG,0001996862,2024,13147147402,
SW,0002005951,2023,10625060697,
SW,0002005951,2024,28031127897,
SEG,0002009684,2024,173939346,
AMTM,0002011286,2024,6245566781,
PSKY,0002041610,2024,6945440000,
BLK,0002012383,2023,120552360073,
BLK,0002012383,2024,158838552584,
FTI,0001681459,2015,29,
CPWR,0000827099,2019,3544586,
CPWR,0000827099,2020,3694300,
CPWR,0000827099,2021,1098534,
CPWR,0000827099,2016,660367,
EP,0000887396,2010,2414620,
EP,0000887396,2011,2053542,
EP,0000887396,2013,381530,
CHRS,0001512762,2017,526596110,
BEAM,0001745999,2020,4674231092,
EQ,0001746466,2022,36478998,
TE,0001992243,2024,402294240,
USBC,0001074828,2019,26998282,
CPWR,0000827099,2010,656463,
CPWR,0000827099,2013,240328,
CPWR,0000827099,2014,240328,
CPWR,0000827099,2015,8545,
USBC,0001074828,2022,88125593,
