index,id,cik,company_name,entry_date,entry_year,founded_year,age_at_entry,episodes,re_entry,spac_shell,sic,sector,sector_basis,sub_industry,provisional_class,adjudicated_class,adjudication_source_url,final_class,coarse_class
S&P500,ABT,0000001800,Abbott Laboratories,1996-01-02,1996,1888.0,108.0,1,False,False,2834.0,Health Care,index_list_gics,Health Care Equipment,founding_member,,,founding_member,founding_member
S&P500,ACS,0000002135,AFFILIATED COMPUTER SERVICES INC,2004-04-02,2004,1988.0,16.0,1,False,False,7374.0,Information Technology,sic4,,established,,,established,established
S&P500,AMD,0000002488,Advanced Micro Devices,1996-01-02,1996,1969.0,27.0,2,True,False,3674.0,Information Technology,index_list_gics,Semiconductors,founding_member,,,founding_member,founding_member
S&P500,APD,0000002969,Air Products,1996-01-02,1996,1940.0,56.0,1,False,False,2810.0,Materials,index_list_gics,Industrial Gases,founding_member,,,founding_member,founding_member
S&P500,ABS,0000003333,ALBERTSONS INC /DE/,1996-01-02,1996,1939.0,57.0,1,False,False,5411.0,Consumer Staples,sic4,,founding_member,,,founding_member,founding_member
S&P500,IKN,0000003370,IKON OFFICE SOLUTIONS INC,1996-01-02,1996,1952.0,44.0,1,False,False,5045.0,Industrials,sic2,,founding_member,,,founding_member,founding_member
S&P500,AYE,0000003673,"ALLEGHENY ENERGY, INC",2000-12-11,2000,1907.0,93.0,1,False,False,4911.0,Utilities,sic2,,established,,,established,established
S&P500,SWKS,0000004127,Skyworks Solutions,2015-03-12,2015,1962.0,53.0,1,False,False,3674.0,Information Technology,index_list_gics,Semiconductors,established,,,established,established
S&P500,ARNC,0000004281,Howmet Aerospace,1996-01-02,1996,1888.0,108.0,2,True,False,3350.0,Industrials,index_list_gics,Aerospace & Defense,founding_member,,,founding_member,founding_member
S&P500,AL,0000004285,ALCAN INC,1996-01-02,1996,1902.0,94.0,1,False,False,3330.0,Materials,sic2,,founding_member,,,founding_member,founding_member
S&P500,AZA.A,0000004310,ALZA CORP,1996-01-02,1996,1968.0,28.0,1,False,False,2834.0,Health Care,sic4,,founding_member,,,founding_member,founding_member
S&P500,HES,0000004447,HESS CORP,1996-01-02,1996,1933.0,63.0,1,False,False,2911.0,Energy,sic3,,founding_member,,,founding_member,founding_member
S&P500,AEP,0000004904,American Electric Power,1996-01-02,1996,1906.0,90.0,1,False,False,4911.0,Utilities,index_list_gics,Electric Utilities,founding_member,,,founding_member,founding_member
S&P500,AXP,0000004962,American Express,1996-01-02,1996,1850.0,146.0,1,False,False,6199.0,Financials,index_list_gics,Consumer Finance,founding_member,,,founding_member,founding_member
S&P500,AFL,0000004977,Aflac,1999-05-28,1999,1955.0,44.0,1,False,False,6321.0,Financials,index_list_gics,Life & Health Insurance,established,,,established,established
S&P500,WYE,0000005187,WYETH,1996-01-02,1996,1860.0,136.0,1,False,False,2834.0,Health Care,sic4,,founding_member,,,founding_member,founding_member
S&P500,AIG,0000005272,American International Group,1996-01-02,1996,1919.0,77.0,1,False,False,6331.0,Financials,index_list_gics,Multi-line Insurance,founding_member,,,founding_member,founding_member
S&P500,UNM,0000005513,Unum Group,1996-01-02,1996,1848.0,148.0,1,False,False,6321.0,Financials,sic2,,founding_member,,,founding_member,founding_member
S&P500,AAL,0000006201,American Airlines Group Inc.,1996-01-02,1996,1926.0,70.0,3,True,False,4512.0,Industrials,sic2,,founding_member,,,founding_member,founding_member
S&P500,ADI,0000006281,Analog Devices,1999-10-12,1999,1965.0,34.0,1,False,False,3674.0,Information Technology,index_list_gics,Semiconductors,established,,,established,established
S&P500,AMAT,0000006951,Applied Materials,1996-01-02,1996,1967.0,29.0,1,False,False,3674.0,Information Technology,index_list_gics,Semiconductor Materials & Equipment,founding_member,,,founding_member,founding_member
S&P500,ADM,0000007084,Archer Daniels Midland,1996-01-02,1996,1902.0,94.0,1,False,False,2070.0,Consumer Staples,index_list_gics,Agricultural Products & Services,founding_member,,,founding_member,founding_member
S&P500,SWN,0000007332,SOUTHWESTERN ENERGY CO,2008-06-06,2008,1929.0,79.0,1,False,False,1311.0,Energy,sic3,,established,,,established,established
S&P500,ACKH,0000007431,ARMSTRONG WORLD INDUSTRIES INC,1996-01-02,1996,1860.0,136.0,1,False,False,3089.0,Materials,sic2,,founding_member,,,founding_member,founding_member
S&P500,ADP,0000008670,Automatic Data Processing,1996-01-02,1996,1949.0,47.0,1,False,False,7374.0,Industrials,index_list_gics,Human Resource & Employment Services,founding_member,,,founding_member,founding_member
S&P500,AVY,0000008818,Avery Dennison,1996-01-02,1996,1935.0,61.0,1,False,False,2670.0,Materials,index_list_gics,Paper & Plastic Packaging Products & Materials,founding_member,,,founding_member,founding_member
S&P500,AVP,0000008868,AVON PRODUCTS INC,1996-01-02,1996,1886.0,110.0,1,False,False,2844.0,Consumer Staples,sic4,,founding_member,,,founding_member,founding_member
S&P500,BLL,0000009389,Ball Corporation,1996-01-02,1996,1880.0,116.0,2,True,False,3411.0,Materials,index_list_gics,"Metal, Glass & Plastic Containers",founding_member,,,founding_member,founding_member
S&P500,BK,0000009626,BANK OF NEW YORK CO INC,1996-01-02,1996,1784.0,212.0,1,False,False,6022.0,Financials,sic2,,founding_member,,,founding_member,founding_member
S&P500,BCR,0000009892,BARD C R INC /NJ/,1996-01-02,1996,1907.0,89.0,1,False,False,3841.0,Health Care,sic4,,founding_member,,,founding_member,founding_member
S&P500,BRL,0000010081,BARR PHARMACEUTICALS INC,2006-02-27,2006,1970.0,36.0,1,False,False,2834.0,Health Care,sic4,,established,,,established,established
S&P500,BOL,0000010427,BAUSCH & LOMB INC,1996-01-02,1996,1853.0,143.0,1,False,False,3851.0,Health Care,sic4,,founding_member,,,founding_member,founding_member
S&P500,BAX,0000010456,Baxter International,1996-01-02,1996,1931.0,65.0,1,False,False,3841.0,Health Care,index_list_gics,Health Care Equipment,founding_member,,,founding_member,founding_member
S&P500,BDX,0000010795,Becton Dickinson,1996-01-02,1996,1897.0,99.0,1,False,False,3841.0,Health Care,index_list_gics,Health Care Equipment,founding_member,,,founding_member,founding_member
S&P500,BMS,0000011199,"Amcor Flexibles North America, Inc.",1996-01-02,1996,1858.0,138.0,1,False,False,2670.0,Materials,sic2,,founding_member,,,founding_member,founding_member
S&P500,WRB,0000011544,W. R. Berkley Corporation,2019-12-05,2019,1967.0,52.0,1,False,False,6331.0,Financials,index_list_gics,Property & Casualty Insurance,established,,,established,established
S&P500,BIO,0000012208,"BIO-RAD LABORATORIES, INC.",2020-06-22,2020,1952.0,68.0,1,False,False,3826.0,Health Care,sic4,,established,,,established,established
S&P500,BDK,0000012355,BLACK & DECKER CORP,1996-01-02,1996,1910.0,86.0,1,False,False,3540.0,Industrials,sic2,,founding_member,,,founding_member,founding_member
S&P500,HRB,0000012659,H&R BLOCK INC,1996-01-02,1996,1955.0,41.0,1,False,False,7200.0,Consumer Discretionary,sic2,,founding_member,,,founding_member,founding_member
S&P500,BA,0000012927,Boeing,1996-01-02,1996,1916.0,80.0,1,False,False,3721.0,Industrials,index_list_gics,Aerospace & Defense,founding_member,,,founding_member,founding_member
S&P500,OMX,0000012978,MAPLEBY HOLDINGS MERGER Corp,1996-01-02,1996,1988.0,8.0,1,False,False,5110.0,Industrials,sic2,,founding_member,,,founding_member,founding_member
S&P500,BGG,0000014195,BRIGGS & STRATTON CORP,1996-01-02,1996,1908.0,88.0,1,False,False,3510.0,Industrials,sic2,,founding_member,,,founding_member,founding_member
S&P500,BMY,0000014272,Bristol Myers Squibb,1996-01-02,1996,1887.0,109.0,1,False,False,2834.0,Health Care,index_list_gics,Pharmaceuticals,founding_member,,,founding_member,founding_member
S&P500,BF.B,0000014693,Brown–Forman,1996-01-02,1996,1870.0,126.0,1,False,False,2080.0,Consumer Staples,index_list_gics,Distillers & Vintners,founding_member,,,founding_member,founding_member
S&P500,CAL,0000014707,CALERES INC,1996-01-02,1996,1878.0,118.0,1,False,False,3140.0,Consumer Discretionary,sic2,,founding_member,,,founding_member,founding_member
S&P500,BC,0000014930,BRUNSWICK CORP,1996-01-02,1996,1845.0,151.0,1,False,False,3510.0,Industrials,sic2,,founding_member,,,founding_member,founding_member
S&P500,CPB,0000016732,Campbell's Company (The),1996-01-02,1996,1869.0,127.0,1,False,False,2000.0,Consumer Staples,index_list_gics,Packaged Foods & Meats,founding_member,,,founding_member,founding_member
S&P500,STZ,0000016918,Constellation Brands,2005-07-05,2005,1945.0,60.0,1,False,False,2080.0,Consumer Staples,index_list_gics,Distillers & Vintners,established,,,established,established
S&P500,CAT,0000018230,Caterpillar Inc.,1996-01-02,1996,1925.0,71.0,1,False,False,3531.0,Industrials,index_list_gics,Construction Machinery & Heavy Transportation Equipment,founding_member,,,founding_member,founding_member
S&P500,SNV,0000018349,SYNOVUS FINANCIAL CORP,1997-12-01,1997,1888.0,109.0,1,False,False,6021.0,Financials,sic2,,established,,,established,established
S&P500,CTX,0000018532,CENTEX LLC,1996-01-02,1996,1950.0,46.0,1,False,False,1531.0,Consumer Discretionary,sic4,,founding_member,,,founding_member,founding_member
S&P500,CBSS,0000018568,COMPASS BANCSHARES INC,2004-12-20,2004,1964.0,40.0,1,False,False,6021.0,Financials,sic2,,established,,,established,established
S&P500,CTL,0000018926,"Lumen Technologies, Inc.",1999-03-25,1999,1930.0,69.0,2,True,False,4813.0,Communication Services,sic3,,re_entry,,,re_entry,re_entry
S&P500,JPM,0000019617,JPMorgan Chase,1996-01-02,1996,1799.0,197.0,1,False,False,6021.0,Financials,index_list_gics,Diversified Banks,founding_member,,,founding_member,founding_member
S&P500,CINF,0000020286,Cincinnati Financial,1997-12-18,1997,1950.0,47.0,1,False,False,6331.0,Financials,index_list_gics,Property & Casualty Insurance,established,,,established,established
S&P500,CIT.A,0000020388,CIT GROUP INC,2000-07-17,2000,1908.0,92.0,1,False,False,6172.0,Financials,sic2,,established,,,established,established
S&P500,FTR,0000020520,"Frontier Communications Parent, Inc.",2001-02-27,2001,1935.0,66.0,1,False,False,4813.0,Communication Services,sic3,,established,,,established,established
S&P500,CLX,0000021076,Clorox,1996-01-02,1996,1913.0,83.0,1,False,False,2842.0,Consumer Staples,index_list_gics,Household Products,founding_member,,,founding_member,founding_member
S&P500,CGP,0000021267,EL PASO CGP CO LLC,1996-01-02,1996,1955.0,41.0,1,False,False,4922.0,Energy,sic4,,founding_member,,,founding_member,founding_member
S&P500,KO,0000021344,Coca-Cola Company (The),1996-01-02,1996,1886.0,110.0,1,False,False,2080.0,Consumer Staples,index_list_gics,Soft Drinks & Non-alcoholic Beverages,founding_member,,,founding_member,founding_member
S&P500,CL,0000021665,Colgate-Palmolive,1996-01-02,1996,1806.0,190.0,1,False,False,2844.0,Consumer Staples,index_list_gics,Household Products,founding_member,,,founding_member,founding_member
S&P500,CAG,0000023217,Conagra Brands,1996-01-02,1996,1919.0,77.0,1,False,False,2000.0,Consumer Staples,index_list_gics,Packaged Foods & Meats,founding_member,,,founding_member,founding_member
S&P500,HSH,0000023666,Hillshire Brands Co,1996-01-02,1996,1939.0,57.0,1,False,False,2000.0,Consumer Staples,sic2,,founding_member,,,founding_member,founding_member
S&P500,CNG,0000023738,CONSOLIDATED NATURAL GAS CO/VA,1996-01-02,1996,1942.0,54.0,1,False,False,4923.0,Energy,sic3,,founding_member,,,founding_member,founding_member
S&P500,CTB,0000024491,COOPER TIRE & RUBBER CO,1996-01-02,1996,1914.0,82.0,1,False,False,3011.0,Materials,sic2,,founding_member,,,founding_member,founding_member
S&P500,TAP,0000024545,Molson Coors Beverage Company,1996-01-02,1996,1786.0,210.0,1,False,False,2082.0,Consumer Staples,index_list_gics,Brewers,founding_member,,,founding_member,founding_member
S&P500,GLW,0000024741,Corning Inc.,1996-01-02,1996,1851.0,145.0,1,False,False,3357.0,Information Technology,index_list_gics,Electronic Components,founding_member,,,founding_member,founding_member
S&P500,CFC,0000025191,COUNTRYWIDE FINANCIAL CORP,1997-06-18,1997,1969.0,28.0,1,False,False,6035.0,Financials,sic2,,established,,,established,established
S&P500,CMI,0000026172,Cummins,1996-01-02,1996,1919.0,77.0,1,False,False,3510.0,Industrials,index_list_gics,Construction Machinery & Heavy Transportation Equipment,founding_member,,,founding_member,founding_member
S&P500,DCNAQ,0000026780,DANA Inc,1996-01-02,1996,1904.0,92.0,1,False,False,3714.0,Consumer Discretionary,sic4,,founding_member,,,founding_member,founding_member
S&P500,TGT,0000027419,Target Corporation,1996-01-02,1996,1902.0,94.0,1,False,False,5331.0,Consumer Staples,index_list_gics,Consumer Staples Merchandise Retail,founding_member,,,founding_member,founding_member
S&P500,DALRQ,0000027904,Delta Air Lines,1996-01-02,1996,1925.0,71.0,2,True,False,4512.0,Industrials,index_list_gics,Passenger Airlines,founding_member,,,founding_member,founding_member
S&P500,DLX,0000027996,DELUXE CORP,1996-01-02,1996,1915.0,81.0,1,False,False,2780.0,Communication Services,sic2,,founding_member,,,founding_member,founding_member
S&P500,CMA,0000028412,COMERICA INC,1996-01-02,1996,1849.0,147.0,1,False,False,6021.0,Financials,sic2,,founding_member,,,founding_member,founding_member
S&P500,DDS,0000028917,"DILLARD'S, INC.",1996-01-02,1996,1938.0,58.0,1,False,False,5311.0,Consumer Discretionary,sic2,,founding_member,,,founding_member,founding_member
S&P500,DG,0000029534,Dollar General,1998-07-16,1998,1939.0,59.0,2,True,False,5331.0,Consumer Staples,index_list_gics,Consumer Staples Merchandise Retail,re_entry,,,re_entry,re_entry
S&P500,RRD,0000029669,RR Donnelley & Sons Co,1996-01-02,1996,1864.0,132.0,1,False,False,2750.0,Communication Services,sic2,,founding_member,,,founding_member,founding_member
S&P500,DOV,0000029905,Dover Corporation,1996-01-02,1996,1955.0,41.0,1,False,False,3530.0,Industrials,index_list_gics,Industrial Machinery & Supplies & Components,founding_member,,,founding_member,founding_member
S&P500,DJ,0000029924,DOW JONES & CO INC,1996-01-02,1996,1882.0,114.0,1,False,False,2711.0,Communication Services,sic2,,founding_member,,,founding_member,founding_member
S&P500,OMC,0000029989,Omnicom Group,1997-12-24,1997,1986.0,11.0,1,False,False,7311.0,Communication Services,index_list_gics,Advertising,genuinely_new_provisional,merger,https://en.wikipedia.org/wiki/Omnicom_Group,merger,corporate_action
S&P500,FLS,0000030625,FLOWSERVE CORP,2008-10-02,2008,1790.0,218.0,1,False,False,3561.0,Industrials,sic2,,established,,,established,established
S&P500,WEN,0000030697,Wendy's Co,1996-01-02,1996,1969.0,27.0,1,False,False,5810.0,Consumer Discretionary,sic2,,founding_member,,,founding_member,founding_member
S&P500,EKDKQ,0000031235,EASTMAN KODAK CO,1996-01-02,1996,1881.0,115.0,1,False,False,3861.0,Health Care,sic2,,founding_member,,,founding_member,founding_member
S&P500,ECL,0000031462,Ecolab,1996-01-02,1996,1923.0,73.0,1,False,False,2840.0,Materials,index_list_gics,Specialty Chemicals,founding_member,,,founding_member,founding_member
S&P500,PKI,0000031791,Revvity,1996-01-02,1996,1937.0,59.0,2,True,False,3826.0,Health Care,index_list_gics,Health Care Equipment,founding_member,,,founding_member,founding_member
S&P500,EMR,0000032604,Emerson Electric,1996-01-02,1996,1890.0,106.0,1,False,False,3600.0,Industrials,index_list_gics,Electrical Components & Equipment,founding_member,,,founding_member,founding_member
S&P500,EFX,0000033185,Equifax,1997-06-19,1997,1899.0,98.0,1,False,False,7320.0,Industrials,index_list_gics,Research & Consulting Services,established,,,established,established
S&P500,EQT,0000033213,EQT Corporation,2008-12-19,2008,1888.0,120.0,2,True,False,1311.0,Energy,index_list_gics,Oil & Gas Exploration & Production,re_entry,,,re_entry,re_entry
S&P500,XOM,0000034088,ExxonMobil,1996-01-02,1996,1882.0,114.0,1,False,False,2911.0,Energy,index_list_gics,Integrated Oil & Gas,founding_member,,,founding_member,founding_member
S&P500,FDO,0000034408,FAMILY DOLLAR STORES INC,2001-08-06,2001,1959.0,42.0,1,False,False,5331.0,Consumer Staples,sic4,,established,,,established,established
S&P500,FRT,0000034903,Federal Realty Investment Trust,2016-02-01,2016,1962.0,54.0,1,False,False,6798.0,Real Estate,index_list_gics,Retail REITs,established,,,established,established
S&P500,FITB,0000035527,Fifth Third Bancorp,1996-03-08,1996,1858.0,138.0,1,False,False,6022.0,Financials,index_list_gics,Regional Banks,founding_member,,,founding_member,founding_member
S&P500,USB,0000036104,U.S. Bancorp,1996-01-02,1996,1863.0,133.0,1,False,False,6021.0,Financials,index_list_gics,Diversified Banks,founding_member,,,founding_member,founding_member
S&P500,MTB,0000036270,M&T Bank,2004-02-27,2004,1856.0,148.0,1,False,False,6022.0,Financials,index_list_gics,Regional Banks,established,,,established,established
S&P500,FHN,0000036966,FIRST HORIZON CORP,2002-05-06,2002,1864.0,138.0,1,False,False,6021.0,Financials,sic2,,established,,,established,established
S&P500,MEE,0000037748,"Alpha Appalachia Holdings, Inc.",1996-01-02,1996,1920.0,76.0,2,True,False,1221.0,Energy,sic2,,founding_member,,,founding_member,founding_member
S&P500,FMC,0000037785,FMC CORP,1996-01-02,1996,1883.0,113.0,2,True,False,2800.0,Materials,sic2,,founding_member,,,founding_member,founding_member
S&P500,F,0000037996,Ford Motor Company,1996-01-02,1996,1903.0,93.0,1,False,False,3711.0,Consumer Discretionary,index_list_gics,Automobile Manufacturers,founding_member,,,founding_member,founding_member
S&P500,FRX,0000038074,"Forest Laboratories, LLC",2000-11-22,2000,1956.0,44.0,1,False,False,2834.0,Health Care,sic4,,established,,,established,established
S&P500,FWLT,0000038321,FOSTER WHEELER CORP,1996-01-02,1996,1927.0,69.0,1,False,False,1600.0,Industrials,sic2,,founding_member,,,founding_member,founding_member
S&P500,BEN,0000038777,Franklin Resources,1998-04-29,1998,1947.0,51.0,1,False,False,6282.0,Financials,index_list_gics,Asset Management & Custody Banks,established,,,established,established
S&P500,TGNA,0000039899,TEGNA INC,1996-01-02,1996,1906.0,90.0,1,False,False,4833.0,Communication Services,sic3,,founding_member,,,founding_member,founding_member
S&P500,GPS,0000039911,GAP INC,1996-01-02,1996,1969.0,27.0,1,False,False,5651.0,Consumer Discretionary,sic2,,founding_member,,,founding_member,founding_member
S&P500,GD,0000040533,General Dynamics,1996-01-02,1996,1899.0,97.0,1,False,False,3730.0,Industrials,index_list_gics,Aerospace & Defense,founding_member,,,founding_member,founding_member
S&P500,GE,0000040545,GE Aerospace,1996-01-02,1996,1892.0,104.0,1,False,False,3600.0,Industrials,index_list_gics,Aerospace & Defense,founding_member,,,founding_member,founding_member
S&P500,GIS,0000040704,General Mills,1996-01-02,1996,1856.0,140.0,1,False,False,2040.0,Consumer Staples,index_list_gics,Packaged Foods & Meats,founding_member,,,founding_member,founding_member
S&P500,MTLQQ,0000040730,Motors Liquidation Co,1996-01-02,1996,1908.0,88.0,1,False,False,3711.0,Consumer Discretionary,sic4,,founding_member,,,founding_member,founding_member
S&P500,GPU,0000040779,GPU INC /PA/,1996-01-02,1996,1946.0,50.0,1,False,False,4911.0,Utilities,sic2,,founding_member,,,founding_member,founding_member
S&P500,GPC,0000040987,Genuine Parts Company,1996-01-02,1996,1925.0,71.0,1,False,False,5013.0,Consumer Discretionary,index_list_gics,Distributors,founding_member,,,founding_member,founding_member
S&P500,GDW,0000042293,GOLDEN WEST FINANCIAL CORP /DE/,1996-01-02,1996,1963.0,33.0,1,False,False,6035.0,Financials,sic2,,founding_member,,,founding_member,founding_member
S&P500,GR,0000042542,GOODRICH CORP,1996-01-02,1996,1870.0,126.0,1,False,False,3760.0,Industrials,sic2,,founding_member,,,founding_member,founding_member
S&P500,GT,0000042582,GOODYEAR TIRE & RUBBER CO /OH/,1996-01-02,1996,1898.0,98.0,1,False,False,3011.0,Materials,sic2,,founding_member,,,founding_member,founding_member
S&P500,GAPTQ,0000043300,GREAT ATLANTIC & PACIFIC TEA CO INC,1996-01-02,1996,1859.0,137.0,1,False,False,5411.0,Consumer Staples,sic4,,founding_member,,,founding_member,founding_member
S&P500,GLK,0000043362,GREAT LAKES CHEMICAL CORP,1996-01-02,1996,1936.0,60.0,1,False,False,2890.0,Materials,sic2,,founding_member,,,founding_member,founding_member
S&P500,HAL,0000045012,Halliburton,1996-01-02,1996,1919.0,77.0,1,False,False,1389.0,Energy,index_list_gics,Oil & Gas Equipment & Services,founding_member,,,founding_member,founding_member
S&P500,HAS,0000046080,Hasbro,1996-01-02,1996,1923.0,73.0,1,False,False,3944.0,Consumer Discretionary,index_list_gics,Leisure Products,founding_member,,,founding_member,founding_member
S&P500,HNZ,0000046640,Kraft Heinz Foods Co,1996-01-02,1996,1869.0,127.0,1,False,False,2030.0,Consumer Staples,sic2,,founding_member,,,founding_member,founding_member
S&P500,HP,0000046765,"Helmerich & Payne, Inc.",1996-01-02,1996,1920.0,76.0,2,True,False,1381.0,Energy,sic3,,founding_member,,,founding_member,founding_member
S&P500,HPC,0000046989,HERCULES INC,1996-01-02,1996,1912.0,84.0,1,False,False,2890.0,Materials,sic2,,founding_member,,,founding_member,founding_member
S&P500,HSY,0000047111,Hershey Company (The),1996-01-02,1996,1894.0,102.0,1,False,False,2060.0,Consumer Staples,index_list_gics,Packaged Foods & Meats,founding_member,,,founding_member,founding_member
S&P500,HPQ,0000047217,HP Inc.,1996-01-02,1996,1939.0,57.0,1,False,False,3570.0,Information Technology,index_list_gics,"Technology Hardware, Storage & Peripherals",founding_member,,,founding_member,founding_member
S&P500,HFC,0000048039,HollyFrontier Corp,2018-06-18,2018,1947.0,71.0,1,False,False,2911.0,Energy,sic3,,established,,,established,established
S&P500,HRL,0000048465,Hormel Foods,2009-03-04,2009,1891.0,118.0,1,False,False,2011.0,Consumer Staples,index_list_gics,Packaged Foods & Meats,established,,,established,established
S&P500,HUBB,0000048898,Hubbell Incorporated,2023-10-18,2023,1888.0,135.0,1,False,False,3670.0,Industrials,index_list_gics,Industrial Machinery & Supplies & Components,established,,,established,established
S&P500,HUM,0000049071,Humana,1996-01-02,1996,1961.0,35.0,1,False,False,6324.0,Health Care,index_list_gics,Managed Health Care,founding_member,,,founding_member,founding_member
S&P500,HBAN,0000049196,Huntington Bancshares,1997-08-06,1997,1866.0,131.0,1,False,False,6021.0,Financials,index_list_gics,Regional Banks,established,,,established,established
S&P500,ITW,0000049826,Illinois Tool Works,1996-01-02,1996,1912.0,84.0,1,False,False,3560.0,Industrials,index_list_gics,Industrial Machinery & Supplies & Components,founding_member,,,founding_member,founding_member
S&P500,INCLF,0000049996,INCO LTD,1996-01-02,1996,1902.0,94.0,1,False,False,3330.0,Materials,sic2,,founding_member,,,founding_member,founding_member
S&P500,ANDV,0000050104,ANDEAVOR LLC,2007-09-27,2007,1968.0,39.0,1,False,False,2911.0,Energy,sic3,,established,,,established,established
S&P500,FBF,0000050341,FLEETBOSTON FINANCIAL CORP,1996-01-02,1996,,,1,False,False,6021.0,Financials,sic2,,founding_member,,,founding_member,founding_member
S&P500,INTC,0000050863,Intel,1996-01-02,1996,1968.0,28.0,1,False,False,3674.0,Information Technology,index_list_gics,Semiconductors,founding_member,,,founding_member,founding_member
S&P500,IBM,0000051143,IBM,1996-01-02,1996,1911.0,85.0,1,False,False,3570.0,Information Technology,index_list_gics,IT Consulting & Other Services,founding_member,,,founding_member,founding_member
S&P500,IFF,0000051253,International Flavors & Fragrances,1996-01-02,1996,1889.0,107.0,1,False,False,2860.0,Materials,index_list_gics,Specialty Chemicals,founding_member,,,founding_member,founding_member
S&P500,NAV,0000051303,NAVISTAR FINANCIAL CORP,1996-01-02,1996,1902.0,94.0,1,False,False,6159.0,Financials,sic2,,founding_member,,,founding_member,founding_member
S&P500,MKG,0000051396,MALLINCKRODT INC /MO,1996-01-02,1996,1867.0,129.0,1,False,False,2835.0,Health Care,sic4,,founding_member,,,founding_member,founding_member
S&P500,IP,0000051434,International Paper,1996-01-02,1996,1898.0,98.0,1,False,False,2621.0,Materials,index_list_gics,Paper & Plastic Packaging Products & Materials,founding_member,,,founding_member,founding_member
S&P500,IPG,0000051644,"INTERPUBLIC GROUP OF COMPANIES, INC.",1996-01-02,1996,1902.0,94.0,1,False,False,7311.0,Communication Services,sic4,,founding_member,,,founding_member,founding_member
S&P500,JEC,0000052988,Jacobs Solutions,2007-10-26,2007,1947.0,60.0,2,True,False,1600.0,Industrials,index_list_gics,Construction & Engineering,re_entry,,,re_entry,re_entry
S&P500,JP,0000053347,JEFFERSON PILOT CORP,1996-01-02,1996,1907.0,89.0,1,False,False,6311.0,Financials,sic2,,founding_member,,,founding_member,founding_member
S&P500,JOS,0000054050,JOSTENS INC,1996-01-02,1996,1905.0,91.0,1,False,False,3911.0,Consumer Discretionary,sic2,,founding_member,,,founding_member,founding_member
S&P500,KSU,0000054480,KANSAS CITY SOUTHERN,1999-04-05,1999,1887.0,112.0,2,True,False,4011.0,Industrials,sic2,,re_entry,,,re_entry,re_entry
S&P500,K,0000055067,KELLANOVA,1996-01-02,1996,1906.0,90.0,1,False,False,2040.0,Consumer Staples,sic2,,founding_member,,,founding_member,founding_member
S&P500,KMB,0000055785,Kimberly-Clark,1996-01-02,1996,1872.0,124.0,1,False,False,2670.0,Consumer Staples,index_list_gics,Household Products,founding_member,,,founding_member,founding_member
S&P500,KM,0000056824,KMART CORP,1996-01-02,1996,1899.0,97.0,1,False,False,5331.0,Consumer Staples,sic4,,founding_member,,,founding_member,founding_member
S&P500,KR,0000056873,Kroger,1996-01-02,1996,1883.0,113.0,1,False,False,5411.0,Consumer Staples,index_list_gics,Food Retail,founding_member,,,founding_member,founding_member
S&P500,LEG,0000058492,LEGGETT & PLATT INC,1999-10-18,1999,1883.0,116.0,1,False,False,2510.0,Consumer Discretionary,sic2,,established,,,established,established
S&P500,LLY,0000059478,Lilly (Eli),1996-01-02,1996,1876.0,120.0,1,False,False,2834.0,Health Care,index_list_gics,Pharmaceuticals,founding_member,,,founding_member,founding_member
S&P500,LNC,0000059558,LINCOLN NATIONAL CORP,1996-01-02,1996,1905.0,91.0,1,False,False,6311.0,Financials,sic2,,founding_member,,,founding_member,founding_member
S&P500,L,0000060086,Loews Corporation,1996-01-02,1996,1959.0,37.0,1,False,False,6331.0,Financials,index_list_gics,Multi-line Insurance,founding_member,,,founding_member,founding_member
S&P500,LPX,0000060519,LOUISIANA-PACIFIC CORP,1996-01-02,1996,1972.0,24.0,1,False,False,2400.0,Industrials,sic2,,founding_member,,,founding_member,founding_member
S&P500,LOW,0000060667,Lowe's,1996-01-02,1996,1921.0,75.0,1,False,False,5211.0,Consumer Discretionary,index_list_gics,Home Improvement Retail,founding_member,,,founding_member,founding_member
S&P500,MTW,0000061986,MANITOWOC CO INC,2007-11-16,2007,1902.0,105.0,1,False,False,3531.0,Industrials,sic2,,established,,,established,established
S&P500,MMC,0000062709,Marsh McLennan,1996-01-02,1996,1905.0,91.0,2,True,False,6411.0,Financials,index_list_gics,Insurance Brokers,founding_member,,,founding_member,founding_member
S&P500,MAS,0000062996,Masco,1996-01-02,1996,1929.0,67.0,1,False,False,3430.0,Industrials,index_list_gics,Building Products,founding_member,,,founding_member,founding_member
S&P500,MAT,0000063276,MATTEL INC /DE/,1996-01-02,1996,1945.0,51.0,1,False,False,3942.0,Consumer Discretionary,sic2,,founding_member,,,founding_member,founding_member
S&P500,MAY,0000063416,MAY DEPARTMENT STORES CO,1996-01-02,1996,1877.0,119.0,1,False,False,5311.0,Consumer Discretionary,sic2,,founding_member,,,founding_member,founding_member
S&P500,MYG,0000063541,MAYTAG CORP,1996-01-02,1996,1893.0,103.0,1,False,False,3630.0,Consumer Discretionary,sic4,,founding_member,,,founding_member,founding_member
S&P500,MKC,0000063754,McCormick & Company,2003-03-21,2003,1889.0,114.0,1,False,False,2090.0,Consumer Staples,index_list_gics,Packaged Foods & Meats,established,,,established,established
S&P500,MCD,0000063908,McDonald's,1996-01-02,1996,1940.0,56.0,1,False,False,5812.0,Consumer Discretionary,index_list_gics,Restaurants,founding_member,,,founding_member,founding_member
S&P500,SPGI,0000064040,S&P Global,1996-01-02,1996,1917.0,79.0,1,False,False,7320.0,Financials,index_list_gics,Financial Exchanges & Data,founding_member,,,founding_member,founding_member
S&P500,MEA,0000064394,MEAD CORP,1996-01-02,1996,1846.0,150.0,1,False,False,2631.0,Materials,sic2,,founding_member,,,founding_member,founding_member
S&P500,MEL,0000064782,MELLON FINANCIAL CORP,1996-01-02,1996,1869.0,127.0,1,False,False,6021.0,Financials,sic2,,founding_member,,,founding_member,founding_member
S&P500,CVS,0000064803,CVS Health,1996-01-02,1996,1996.0,0.0,1,False,False,5912.0,Health Care,index_list_gics,Health Care Services,founding_member,,,founding_member,founding_member
S&P500,MDP,0000065011,"Hawkeye Acquisition, Inc.",1996-01-02,1996,1902.0,94.0,1,False,False,2721.0,Communication Services,sic2,,founding_member,,,founding_member,founding_member
S&P500,MER,0000065100,"MERRILL LYNCH & CO., INC.",1996-01-02,1996,1914.0,82.0,1,False,False,6211.0,Financials,sic2,,founding_member,,,founding_member,founding_member
S&P500,AT,0000065873,ALLTEL CORP,1996-01-02,1996,1943.0,53.0,1,False,False,4812.0,Communication Services,sic3,,founding_member,,,founding_member,founding_member
S&P500,ETR,0000065984,Entergy,1996-01-02,1996,1913.0,83.0,1,False,False,4911.0,Utilities,index_list_gics,Electric Utilities,founding_member,,,founding_member,founding_member
S&P500,MIL,0000066479,MILLIPORE CORP /MA,1996-01-02,1996,1954.0,42.0,1,False,False,3826.0,Health Care,sic4,,founding_member,,,founding_member,founding_member
S&P500,MMM,0000066740,3M,1996-01-02,1996,1902.0,94.0,1,False,False,3841.0,Industrials,index_list_gics,Industrial Conglomerates,founding_member,,,founding_member,founding_member
S&P500,MOLX,0000067472,MOLEX INC,1999-12-01,1999,1938.0,61.0,1,False,False,3678.0,Information Technology,sic4,,established,,,established,established
S&P500,PHA,0000067686,PHARMACIA CORP /DE/,1996-01-02,1996,1911.0,85.0,1,False,False,2800.0,Materials,sic2,,founding_member,,,founding_member,founding_member
S&P500,MSI,0000068505,Motorola Solutions,1996-01-02,1996,1928.0,68.0,1,False,False,3663.0,Information Technology,index_list_gics,Communications Equipment,founding_member,,,founding_member,founding_member
S&P500,USW,0000068622,QWEST CORP,1996-01-02,1996,1983.0,13.0,1,False,False,4813.0,Communication Services,sic3,,founding_member,,,founding_member,founding_member
S&P500,MYL,0000069499,MYLAN INC.,2004-04-23,2004,1961.0,43.0,1,False,False,2834.0,Health Care,sic4,,established,,,established,established
S&P500,NCC,0000069970,NATIONAL CITY CORP,1996-01-02,1996,1845.0,151.0,1,False,False,6021.0,Financials,sic2,,founding_member,,,founding_member,founding_member
S&P500,THC,0000070318,TENET HEALTHCARE CORP,1996-01-02,1996,1969.0,27.0,1,False,False,8062.0,Health Care,sic4,,founding_member,,,founding_member,founding_member
S&P500,NSM,0000070530,NATIONAL SEMICONDUCTOR CORP,1996-01-02,1996,1959.0,37.0,1,False,False,3674.0,Information Technology,sic4,,founding_member,,,founding_member,founding_member
S&P500,NSI,0000070538,NATIONAL SERVICE INDUSTRIES INC,1996-01-02,1996,1919.0,77.0,1,False,False,7200.0,Consumer Discretionary,sic2,,founding_member,,,founding_member,founding_member
S&P500,BAC,0000070858,Bank of America,1996-01-02,1996,1904.0,92.0,1,False,False,6021.0,Financials,index_list_gics,Diversified Banks,founding_member,,,founding_member,founding_member
S&P500,NCR,0000070866,NCR Voyix Corp,2000-01-04,2000,1884.0,116.0,1,False,False,3578.0,Information Technology,sic4,,established,,,established,established
S&P500,NYT,0000071691,NEW YORK TIMES CO,1996-01-02,1996,1851.0,145.0,1,False,False,2711.0,Communication Services,sic2,,founding_member,,,founding_member,founding_member
S&P500,NMK,0000071932,NIAGARA MOHAWK POWER CORP /NY/,1996-01-02,1996,1929.0,67.0,1,False,False,4931.0,Utilities,sic3,,founding_member,,,founding_member,founding_member
S&P500,NBL,0000072207,NOBLE ENERGY INC,2007-10-08,2007,1932.0,75.0,1,False,False,1311.0,Energy,sic3,,established,,,established,established
S&P500,NDSN,0000072331,Nordson Corporation,2022-02-15,2022,1935.0,87.0,1,False,False,3569.0,Industrials,index_list_gics,Industrial Machinery & Supplies & Components,established,,,established,established
S&P500,JWN,0000072333,NORDSTROM INC,1996-01-02,1996,1901.0,95.0,1,False,False,5651.0,Consumer Discretionary,sic2,,founding_member,,,founding_member,founding_member
S&P500,ES,0000072741,Eversource Energy,2009-03-17,2009,1966.0,43.0,1,False,False,4911.0,Utilities,index_list_gics,Electric Utilities,established,,,established,established
S&P500,XEL,0000072903,Xcel Energy,1996-01-02,1996,1909.0,87.0,1,False,False,4931.0,Utilities,index_list_gics,Multi-Utilities,founding_member,,,founding_member,founding_member
S&P500,NRTLQ,0000072911,NORTEL NETWORKS CORP,1996-01-02,1996,1895.0,101.0,1,False,False,3661.0,Information Technology,sic4,,founding_member,,,founding_member,founding_member
S&P500,WFC,0000072971,Wells Fargo,1996-01-02,1996,1852.0,144.0,1,False,False,6021.0,Financials,index_list_gics,Diversified Banks,founding_member,,,founding_member,founding_member
S&P500,NTRS,0000073124,Northern Trust,1998-01-30,1998,1889.0,109.0,1,False,False,6022.0,Financials,index_list_gics,Asset Management & Custody Banks,established,,,established,established
S&P500,NUE,0000073309,Nucor,1996-01-02,1996,1940.0,56.0,1,False,False,3312.0,Materials,index_list_gics,Steel,founding_member,,,founding_member,founding_member
S&P500,TOS,0000074091,TOSCO CORP,1999-09-20,1999,1955.0,44.0,1,False,False,2911.0,Energy,sic3,,established,,,established,established
S&P500,UDR,0000074208,"UDR, Inc.",2016-03-07,2016,1972.0,44.0,1,False,False,6798.0,Real Estate,index_list_gics,Multi-Family Residential REITs,established,,,established,established
S&P500,OWENQ,0000075234,"OWENS CORNING SALES, LLC",1996-01-02,1996,1938.0,58.0,1,False,False,3290.0,Materials,sic2,,founding_member,,,founding_member,founding_member
S&P500,PCAR,0000075362,Paccar,1996-01-02,1996,1905.0,91.0,1,False,False,3711.0,Industrials,index_list_gics,Construction Machinery & Heavy Transportation Equipment,founding_member,,,founding_member,founding_member
S&P500,PKG,0000075677,Packaging Corporation of America,2017-07-26,2017,1959.0,58.0,1,False,False,2650.0,Materials,index_list_gics,Paper & Plastic Packaging Products & Materials,established,,,established,established
S&P500,PLL,0000075829,PALL CORP,1996-01-02,1996,1946.0,50.0,1,False,False,3569.0,Industrials,sic2,,founding_member,,,founding_member,founding_member
S&P500,PH,0000076334,Parker Hannifin,1996-01-02,1996,1917.0,79.0,1,False,False,3490.0,Industrials,index_list_gics,Industrial Machinery & Supplies & Components,founding_member,,,founding_member,founding_member
S&P500,PNR,0000077360,Pentair,2012-10-01,2012,1966.0,46.0,1,False,False,3550.0,Industrials,index_list_gics,Industrial Machinery & Supplies & Components,established,,,established,established
S&P500,PGL,0000077385,PEOPLES ENERGY CORP,1996-01-02,1996,1849.0,147.0,1,False,False,4924.0,Energy,sic3,,founding_member,,,founding_member,founding_member
S&P500,PBY,0000077449,PEP BOYS MANNY MOE & JACK,1996-01-02,1996,1921.0,75.0,1,False,False,5531.0,Consumer Discretionary,sic2,,founding_member,,,founding_member,founding_member
S&P500,PEP,0000077476,PepsiCo,1996-01-02,1996,1898.0,98.0,1,False,False,2080.0,Consumer Staples,index_list_gics,Soft Drinks & Non-alcoholic Beverages,founding_member,,,founding_member,founding_member
S&P500,ABI,0000077551,APPLIED BIOSYSTEMS INC.,1996-01-02,1996,1937.0,59.0,1,False,False,3826.0,Health Care,sic4,,founding_member,,,founding_member,founding_member
S&P500,PFE,0000078003,Pfizer,1996-01-02,1996,1849.0,147.0,1,False,False,2834.0,Health Care,index_list_gics,Pharmaceuticals,founding_member,,,founding_member,founding_member
S&P500,PVH,0000078239,PVH CORP. /DE/,2013-02-14,2013,1881.0,132.0,1,False,False,2320.0,Consumer Discretionary,sic2,,established,,,established,established
S&P500,PBI,0000078814,PITNEY BOWES INC /DE/,1996-01-02,1996,1920.0,76.0,1,False,False,3579.0,Information Technology,sic4,,founding_member,,,founding_member,founding_member
S&P500,BCO,0000078890,BRINKS CO,1996-01-02,1996,1859.0,137.0,1,False,False,4731.0,Industrials,sic2,,founding_member,,,founding_member,founding_member
S&P500,BRO,0000079282,Brown & Brown,2021-09-20,2021,1939.0,82.0,1,False,False,6411.0,Financials,index_list_gics,Insurance Brokers,established,,,established,established
S&P500,PRD,0000079326,PRIMARY PDC INC,1996-01-02,1996,1937.0,59.0,1,False,False,3861.0,Health Care,sic2,,founding_member,,,founding_member,founding_member
S&P500,PCH,0000079716,POTLATCH CORP (OLD),1996-01-02,1996,1903.0,93.0,1,False,False,2621.0,Materials,sic2,,founding_member,,,founding_member,founding_member
S&P500,PPG,0000079879,PPG Industries,1996-01-02,1996,1883.0,113.0,1,False,False,2851.0,Materials,index_list_gics,Specialty Chemicals,founding_member,,,founding_member,founding_member
S&P500,PCP,0000079958,PRECISION CASTPARTS CORP,2007-06-01,2007,1953.0,54.0,1,False,False,3320.0,Materials,sic2,,established,,,established,established
S&P500,PG,0000080424,Procter & Gamble,1996-01-02,1996,1837.0,159.0,1,False,False,2840.0,Consumer Staples,index_list_gics,Personal Care Products,founding_member,,,founding_member,founding_member
S&P500,PGR,0000080661,Progressive Corporation,1997-08-04,1997,1937.0,60.0,1,False,False,6331.0,Financials,index_list_gics,Property & Casualty Insurance,established,,,established,established
S&P500,RAD,0000084129,"NEW RITE AID, LLC",1996-01-02,1996,1962.0,34.0,1,False,False,5912.0,Consumer Staples,sic4,,founding_member,,,founding_member,founding_member
S&P500,ROH,0000084792,ROHM & HAAS CO,1996-01-02,1996,1909.0,87.0,1,False,False,2821.0,Materials,sic2,,founding_member,,,founding_member,founding_member
S&P500,ROL,0000084839,"Rollins, Inc.",2018-10-01,2018,1948.0,70.0,1,False,False,7340.0,Industrials,index_list_gics,Environmental & Facilities Services,established,,,established,established
S&P500,RDC,0000085408,ROWAN COMPANIES PLC,1996-01-02,1996,1923.0,73.0,1,False,False,1381.0,Energy,sic3,,founding_member,,,founding_member,founding_member
S&P500,RML,0000085812,RUSSELL CORP,1996-01-02,1996,1902.0,94.0,1,False,False,2253.0,Consumer Discretionary,sic2,,founding_member,,,founding_member,founding_member
S&P500,R,0000085961,RYDER SYSTEM INC,1996-01-02,1996,1933.0,63.0,1,False,False,7510.0,Consumer Discretionary,sic2,,founding_member,,,founding_member,founding_member
S&P500,SAF,0000086104,SAFECO CORP,1996-01-02,1996,1923.0,73.0,1,False,False,6331.0,Financials,sic2,,founding_member,,,founding_member,founding_member
S&P500,SWY,0000086144,SAFEWAY INC,1998-11-13,1998,1915.0,83.0,1,False,False,5411.0,Consumer Staples,sic4,,established,,,established,established
S&P500,TRV,0000086312,Travelers Companies (The),1996-01-02,1996,1853.0,143.0,1,False,False,6331.0,Financials,index_list_gics,Property & Casualty Insurance,founding_member,,,founding_member,founding_member
S&P500,SLB,0000087347,Schlumberger,1996-01-02,1996,1926.0,70.0,1,False,False,1389.0,Energy,index_list_gics,Oil & Gas Equipment & Services,founding_member,,,founding_member,founding_member
S&P500,SFA,0000087777,SCIENTIFIC ATLANTA INC,1996-01-02,1996,1951.0,45.0,1,False,False,3663.0,Information Technology,sic4,,founding_member,,,founding_member,founding_member
S&P500,SCI,0000089089,SERVICE CORP INTERNATIONAL,1996-01-02,1996,1962.0,34.0,1,False,False,7200.0,Consumer Discretionary,sic2,,founding_member,,,founding_member,founding_member
S&P500,SHW,0000089800,Sherwin-Williams,1996-01-02,1996,1866.0,130.0,1,False,False,5200.0,Materials,index_list_gics,Specialty Chemicals,founding_member,,,founding_member,founding_member
S&P500,SIAL,0000090185,SIGMA ALDRICH CORP,1996-01-02,1996,1975.0,21.0,1,False,False,5160.0,Industrials,sic2,,founding_member,,,founding_member,founding_member
S&P500,AOS,0000091142,A. O. Smith,2017-07-26,2017,1874.0,143.0,1,False,False,3630.0,Industrials,index_list_gics,Building Products,established,,,established,established
S&P500,SJM,0000091419,J.M. Smucker Company (The),2008-11-06,2008,1897.0,111.0,1,False,False,2033.0,Consumer Staples,index_list_gics,Packaged Foods & Meats,established,,,established,established
S&P500,SNA,0000091440,Snap-on,1996-01-02,1996,1920.0,76.0,1,False,False,3420.0,Industrials,index_list_gics,Industrial Machinery & Supplies & Components,founding_member,,,founding_member,founding_member
S&P500,KEY,0000091576,KeyCorp,1996-01-02,1996,1825.0,171.0,1,False,False,6021.0,Financials,index_list_gics,Regional Banks,founding_member,,,founding_member,founding_member
S&P500,SO,0000092122,Southern Company,1996-01-02,1996,1945.0,51.0,1,False,False,4911.0,Utilities,index_list_gics,Electric Utilities,founding_member,,,founding_member,founding_member
S&P500,TFC,0000092230,Truist Financial,2019-12-09,2019,1872.0,147.0,1,False,False,6021.0,Financials,index_list_gics,Diversified Banks,established,,,established,established
S&P500,LUV,0000092380,Southwest Airlines,1996-01-02,1996,1967.0,29.0,1,False,False,4512.0,Industrials,index_list_gics,Passenger Airlines,founding_member,,,founding_member,founding_member
S&P500,SMI,0000093102,SPRINGS INDUSTRIES INC,1996-01-02,1996,1887.0,109.0,1,False,False,2211.0,Consumer Discretionary,sic2,,founding_member,,,founding_member,founding_member
S&P500,CVX,0000093410,Chevron Corporation,1996-01-02,1996,1879.0,117.0,1,False,False,2911.0,Energy,index_list_gics,Integrated Oil & Gas,founding_member,,,founding_member,founding_member
S&P500,SWK,0000093556,Stanley Black & Decker,1996-01-02,1996,1843.0,153.0,1,False,False,3420.0,Industrials,index_list_gics,Industrial Machinery & Supplies & Components,founding_member,,,founding_member,founding_member
S&P500,STT,0000093751,State Street Corporation,1997-08-18,1997,1792.0,205.0,1,False,False,6022.0,Financials,index_list_gics,Asset Management & Custody Banks,established,,,established,established
S&P500,SVU,0000095521,SUPERVALU INC,1996-01-02,1996,1926.0,70.0,1,False,False,5141.0,Consumer Staples,sic4,,founding_member,,,founding_member,founding_member
S&P500,SYY,0000096021,Sysco,1996-01-02,1996,1969.0,27.0,1,False,False,5140.0,Consumer Staples,index_list_gics,Food Distributors,founding_member,,,founding_member,founding_member
S&P500,JEF,0000096223,Jefferies Financial Group Inc.,2007-08-27,2007,1962.0,45.0,1,False,False,6211.0,Financials,sic2,,established,,,established,established
S&P500,RSHCQ,0000096289,RS Legacy Corp,1996-01-02,1996,1921.0,75.0,1,False,False,5731.0,Consumer Discretionary,sic2,,founding_member,,,founding_member,founding_member
S&P500,TEK,0000096879,TEKTRONIX INC,1996-01-02,1996,1946.0,50.0,1,False,False,3825.0,Information Technology,sic4,,founding_member,,,founding_member,founding_member
S&P500,TFX,0000096943,TELEFLEX INC,2019-01-18,2019,1943.0,76.0,1,False,False,3841.0,Health Care,sic4,,established,,,established,established
S&P500,TER,0000097210,Teradyne,1999-11-15,1999,1960.0,39.0,2,True,False,3825.0,Information Technology,index_list_gics,Semiconductor Materials & Equipment,re_entry,,,re_entry,re_entry
S&P500,TEX,0000097216,TEREX CORP,2006-12-20,2006,1933.0,73.0,1,False,False,3537.0,Industrials,sic2,,established,,,established,established
S&P500,TXN,0000097476,Texas Instruments,1996-01-02,1996,1930.0,66.0,1,False,False,3674.0,Information Technology,index_list_gics,Semiconductors,founding_member,,,founding_member,founding_member
S&P500,TMO,0000097745,Thermo Fisher Scientific,1997-01-02,1997,1956.0,41.0,1,False,False,3829.0,Health Care,index_list_gics,Life Sciences Tools & Services,established,,,established,established
S&P500,TNB,0000097854,THOMAS & BETTS CORP,1996-01-02,1996,1898.0,98.0,1,False,False,3640.0,Information Technology,sic2,,founding_member,,,founding_member,founding_member
S&P500,TIF,0000098246,TIFFANY & CO,2000-06-21,2000,1837.0,163.0,1,False,False,5944.0,Consumer Discretionary,sic2,,established,,,established,established
S&P500,TKR,0000098362,TIMKEN CO,1996-01-02,1996,1899.0,97.0,1,False,False,3562.0,Industrials,sic2,,founding_member,,,founding_member,founding_member
S&P500,TRW,0000100030,NORTHROP GRUMMAN SPACE & MISSION SYSTEMS CORP,1996-01-02,1996,1901.0,95.0,1,False,False,3714.0,Consumer Discretionary,sic4,,founding_member,,,founding_member,founding_member
S&P500,TSN,0000100493,Tyson Foods,2005-08-11,2005,1935.0,70.0,1,False,False,2015.0,Consumer Staples,index_list_gics,Packaged Foods & Meats,established,,,established,established
S&P500,UAWGQ,0000100517,United Airlines Holdings,1996-01-02,1996,1967.0,29.0,2,True,False,4512.0,Industrials,index_list_gics,Passenger Airlines,founding_member,,,founding_member,founding_member
S&P500,UNP,0000100885,Union Pacific Corporation,1996-01-02,1996,1862.0,134.0,1,False,False,4011.0,Industrials,index_list_gics,Rail Transportation,founding_member,,,founding_member,founding_member
S&P500,MRO,0000101778,MARATHON OIL CORP,1996-01-02,1996,1887.0,109.0,1,False,False,1311.0,Energy,sic3,,founding_member,,,founding_member,founding_member
S&P500,UTX,0000101829,RTX Corporation,1996-01-02,1996,1934.0,62.0,2,True,False,3724.0,Industrials,index_list_gics,Aerospace & Defense,founding_member,,,founding_member,founding_member
S&P500,PCS,0000101830,SPRINT LLC,1998-11-24,1998,1994.0,4.0,1,False,False,4813.0,Communication Services,sic3,,genuinely_new_provisional,spin_off,https://en.wikipedia.org/wiki/Sprint_Corporation,spin_off,corporate_action
S&P500,VFC,0000103379,V F CORP,1996-01-02,1996,1899.0,97.0,1,False,False,2320.0,Consumer Discretionary,sic2,,founding_member,,,founding_member,founding_member
S&P500,WMT,0000104169,Walmart,1996-01-02,1996,1962.0,34.0,1,False,False,5331.0,Consumer Staples,index_list_gics,Consumer Staples Merchandise Retail,founding_member,,,founding_member,founding_member
S&P500,WBA,0000104207,WALGREEN CO,1996-01-02,1996,1901.0,95.0,1,False,False,5912.0,Consumer Staples,sic4,,founding_member,,,founding_member,founding_member
S&P500,CCTYQ,0000104599,CIRCUIT CITY STORES INC,1996-01-02,1996,1949.0,47.0,1,False,False,5731.0,Consumer Discretionary,sic2,,founding_member,,,founding_member,founding_member
S&P500,GHC,0000104889,Graham Holdings Co,2007-12-31,2007,1877.0,130.0,1,False,False,8200.0,Consumer Discretionary,sic4,,established,,,established,established
S&P500,EME,0000105634,Emcor,2025-09-22,2025,1994.0,31.0,1,False,False,1731.0,Industrials,index_list_gics,Construction & Engineering,established,,,established,established
S&P500,WST,0000105770,West Pharmaceutical Services,2020-05-22,2020,1923.0,97.0,1,False,False,3841.0,Health Care,index_list_gics,Health Care Supplies,established,,,established,established
S&P500,WDC,0000106040,Western Digital,2009-07-01,2009,1970.0,39.0,1,False,False,3572.0,Information Technology,index_list_gics,"Technology Hardware, Storage & Peripherals",established,,,established,established
S&P500,WY,0000106535,Weyerhaeuser,1996-01-02,1996,1900.0,96.0,1,False,False,6798.0,Real Estate,index_list_gics,Timber REITs,founding_member,,,founding_member,founding_member
S&P500,WHR,0000106640,WHIRLPOOL CORP /DE/,1996-01-02,1996,1911.0,85.0,1,False,False,3630.0,Consumer Discretionary,sic4,,founding_member,,,founding_member,founding_member
S&P500,WLL,0000107189,WILLAMETTE INDUSTRIES INC,1996-01-02,1996,1980.0,16.0,1,False,False,2621.0,Materials,sic2,,founding_member,,,founding_member,founding_member
S&P500,WMB,0000107263,Williams Companies,1996-01-02,1996,1908.0,88.0,1,False,False,4922.0,Energy,index_list_gics,Oil & Gas Storage & Transportation,founding_member,,,founding_member,founding_member
S&P500,WNDXQ,0000107681,WINN DIXIE STORES INC,1996-01-02,1996,1925.0,71.0,1,False,False,5411.0,Consumer Staples,sic4,,founding_member,,,founding_member,founding_member
S&P500,WOR,0000108516,"WORTHINGTON ENTERPRISES, INC.",1996-01-02,1996,1955.0,41.0,1,False,False,3310.0,Materials,sic2,,founding_member,,,founding_member,founding_member
S&P500,WWY,0000108601,WRIGLEY WM JR CO,1996-01-02,1996,1891.0,105.0,1,False,False,2060.0,Consumer Staples,sic2,,founding_member,,,founding_member,founding_member
S&P500,TJX,0000109198,TJX Companies,1996-01-02,1996,1962.0,34.0,1,False,False,5651.0,Consumer Discretionary,index_list_gics,Apparel Retail,founding_member,,,founding_member,founding_member
S&P500,ZION,0000109380,"ZIONS BANCORPORATION, NATIONAL ASSOCIATION /UT/",2001-06-25,2001,1873.0,128.0,1,False,False,6021.0,Financials,sic2,,established,,,established,established
S&P500,AIT,0000109563,APPLIED INDUSTRIAL TECHNOLOGIES INC,1996-01-02,1996,1923.0,73.0,1,False,False,5080.0,Industrials,sic2,,founding_member,,,founding_member,founding_member
S&P500,CEN,0000109758,ARBITRON INC,1996-01-02,1996,1949.0,47.0,1,False,False,8700.0,Industrials,sic2,,founding_member,,,founding_member,founding_member
S&P500,JNJ,0000200406,Johnson & Johnson,1996-01-02,1996,1886.0,110.0,1,False,False,2834.0,Health Care,index_list_gics,Pharmaceuticals,founding_member,,,founding_member,founding_member
S&P500,HRS,0000202058,L3Harris,1996-01-02,1996,1895.0,101.0,3,True,False,3812.0,Industrials,index_list_gics,Aerospace & Defense,founding_member,,,founding_member,founding_member
S&P500,STJ,0000203077,"ST JUDE MEDICAL, LLC",1996-01-02,1996,1976.0,20.0,1,False,False,3845.0,Health Care,sic4,,founding_member,,,founding_member,founding_member
S&P500,VAR,0000203527,VARIAN MEDICAL SYSTEMS INC,2007-02-12,2007,1948.0,59.0,1,False,False,3845.0,Health Care,sic4,,established,,,established,established
S&P500,KRI,0000205520,KNIGHT RIDDER INC,1996-01-02,1996,1974.0,22.0,1,False,False,2711.0,Communication Services,sic2,,founding_member,,,founding_member,founding_member
S&P500,ITT,0000216228,ITT INC.,1996-01-02,1996,1920.0,76.0,1,False,False,3561.0,Industrials,sic2,,founding_member,,,founding_member,founding_member
S&P500,TXT,0000217346,Textron,1996-01-02,1996,1923.0,73.0,1,False,False,3720.0,Industrials,index_list_gics,Aerospace & Defense,founding_member,,,founding_member,founding_member
S&P500,GWW,0000277135,W. W. Grainger,1996-01-02,1996,1927.0,69.0,1,False,False,5000.0,Industrials,index_list_gics,Industrial Machinery & Supplies & Components,founding_member,,,founding_member,founding_member
S&P500,CSX,0000277948,CSX Corporation,1996-01-02,1996,1978.0,18.0,1,False,False,4011.0,Industrials,index_list_gics,Rail Transportation,founding_member,,,founding_member,founding_member
S&P500,SBL,0000278352,SYMBOL TECHNOLOGIES INC,2000-12-11,2000,1973.0,27.0,1,False,False,3577.0,Information Technology,sic4,,established,,,established,established
S&P500,MRK,0000310158,Merck & Co.,1996-01-02,1996,1891.0,105.0,1,False,False,2834.0,Health Care,index_list_gics,Pharmaceuticals,founding_member,,,founding_member,founding_member
S&P500,FNMA,0000310522,FEDERAL NATIONAL MORTGAGE ASSOCIATION FANNIE MAE,1996-01-02,1996,1938.0,58.0,1,False,False,6111.0,Financials,sic2,,founding_member,,,founding_member,founding_member
S&P500,SYK,0000310764,Stryker Corporation,2000-12-12,2000,1941.0,59.0,1,False,False,3841.0,Health Care,index_list_gics,Health Care Equipment,established,,,established,established
S&P500,GRN,0000312070,BARCLAYS BANK PLC,1996-01-02,1996,1690.0,306.0,1,False,False,6029.0,,,,founding_member,,,founding_member,founding_member
S&P500,DHR,0000313616,Danaher Corporation,1998-11-18,1998,1969.0,29.0,1,False,False,3823.0,Health Care,index_list_gics,Life Sciences Tools & Services,established,,,established,established
S&P500,CHD,0000313927,Church & Dwight,2015-12-29,2015,1846.0,169.0,1,False,False,2840.0,Consumer Staples,index_list_gics,Household Products,established,,,established,established
S&P500,ESV,0000314808,Valaris Ltd,2007-01-04,2007,1975.0,32.0,2,True,False,1381.0,Energy,sic3,,re_entry,,,re_entry,re_entry
S&P500,DE,0000315189,Deere & Company,1996-01-02,1996,1837.0,159.0,1,False,False,3523.0,Industrials,index_list_gics,Agricultural & Farm Machinery,founding_member,,,founding_member,founding_member
S&P500,RHI,0000315213,ROBERT HALF INC.,2000-12-05,2000,1948.0,52.0,1,False,False,7363.0,Industrials,sic4,,established,,,established,established
S&P500,AON,0000315293,Aon plc,1996-04-23,1996,1982.0,14.0,1,False,False,6411.0,Financials,index_list_gics,Insurance Brokers,founding_member,,,founding_member,founding_member
S&P500,RRC,0000315852,RANGE RESOURCES CORP,2007-12-21,2007,1976.0,31.0,1,False,False,1311.0,Energy,sic3,,established,,,established,established
S&P500,HOT,0000316206,"STARWOOD HOTELS & RESORTS WORLDWIDE, LLC",2000-11-17,2000,1969.0,31.0,1,False,False,7011.0,Consumer Discretionary,sic2,,established,,,established,established
S&P500,SCHW,0000316709,Charles Schwab Corporation,1997-06-02,1997,1971.0,26.0,1,False,False,6211.0,Financials,index_list_gics,Investment Banking & Brokerage,established,,,established,established
S&P500,ANDW,0000317093,ANDREW CORP,1996-01-02,1996,1937.0,59.0,1,False,False,3357.0,Materials,sic2,,founding_member,,,founding_member,founding_member
S&P500,TLAB,0000317771,TELLABS INC,1996-01-02,1996,1974.0,22.0,1,False,False,3661.0,Information Technology,sic4,,founding_member,,,founding_member,founding_member
S&P500,AMGN,0000318154,Amgen,1996-01-02,1996,1980.0,16.0,1,False,False,2836.0,Health Care,index_list_gics,Biotechnology,founding_member,,,founding_member,founding_member
S&P500,KLAC,0000319201,KLA Corporation,1997-09-15,1997,1975.0,22.0,1,False,False,3827.0,Information Technology,index_list_gics,Semiconductor Materials & Equipment,established,,,established,established
S&P500,NKE,0000320187,"Nike, Inc.",1996-01-02,1996,1964.0,32.0,1,False,False,3021.0,Consumer Discretionary,index_list_gics,"Apparel, Accessories & Luxury Goods",founding_member,,,founding_member,founding_member
S&P500,AAPL,0000320193,Apple Inc.,1996-01-02,1996,1976.0,20.0,1,False,False,3571.0,Information Technology,index_list_gics,"Technology Hardware, Storage & Peripherals",founding_member,,,founding_member,founding_member
S&P500,TMK,0000320335,Globe Life,1996-01-02,1996,1900.0,96.0,2,True,False,6311.0,Financials,index_list_gics,Life & Health Insurance,founding_member,,,founding_member,founding_member
S&P500,AN,0000350698,"AUTONATION, INC.",1996-01-02,1996,1996.0,0.0,2,True,False,5500.0,Consumer Discretionary,sic2,,founding_member,,,founding_member,founding_member
S&P500,BMET,0000351346,BIOMET INC,1996-01-02,1996,1977.0,19.0,1,False,False,3842.0,Health Care,sic4,,founding_member,,,founding_member,founding_member
S&P500,KATE,0000352363,Kate Spade & Co,1996-01-02,1996,1976.0,20.0,1,False,False,2330.0,Consumer Discretionary,sic2,,founding_member,,,founding_member,founding_member
S&P500,NFB,0000352510,NORTH FORK BANCORPORATION INC,2002-07-17,2002,1905.0,97.0,1,False,False,6022.0,Financials,sic2,,established,,,established,established
S&P500,LNT,0000352541,Alliant Energy,2016-07-01,2016,1917.0,99.0,1,False,False,4931.0,Utilities,index_list_gics,Electric Utilities,established,,,established,established
S&P500,UHS,0000352915,Universal Health Services,2014-09-22,2014,1979.0,35.0,1,False,False,8062.0,Health Care,index_list_gics,Health Care Facilities,established,,,established,established
S&P500,IGT,0000353944,INTERNATIONAL GAME TECHNOLOGY,2001-09-04,2001,1975.0,26.0,1,False,False,3990.0,Consumer Discretionary,sic2,,established,,,established,established
S&P500,AJG,0000354190,Arthur J. Gallagher & Co.,2016-05-31,2016,1927.0,89.0,1,False,False,6411.0,Financials,index_list_gics,Insurance Brokers,established,,,established,established
S&P500,FLIR,0000354908,"Teledyne FLIR, LLC",2009-01-02,2009,1978.0,31.0,1,False,False,3812.0,Industrials,sic4,,established,,,established,established
S&P500,HD,0000354950,Home Depot (The),1996-01-02,1996,1978.0,18.0,1,False,False,5211.0,Consumer Discretionary,index_list_gics,Home Improvement Retail,founding_member,,,founding_member,founding_member
S&P500,HI,0000354964,HSBC Finance Corp,1996-01-02,1996,1878.0,118.0,1,False,False,6141.0,Financials,sic2,,founding_member,,,founding_member,founding_member
S&P500,CA,0000356028,"CA, INC.",1996-01-02,1996,1976.0,20.0,1,False,False,7372.0,Information Technology,sic4,,founding_member,,,founding_member,founding_member
S&P500,BBWI,0000701985,"Bath & Body Works, Inc.",2021-08-03,2021,1990.0,31.0,1,False,False,5990.0,Consumer Discretionary,sic2,,established,,,established,established
S&P500,NSC,0000702165,Norfolk Southern,1996-01-02,1996,1980.0,16.0,1,False,False,4011.0,Industrials,index_list_gics,Rail Transportation,founding_member,,,founding_member,founding_member
S&P500,LSI,0000703360,LSI CORP,1996-01-02,1996,1980.0,16.0,1,False,False,3674.0,Information Technology,sic4,,founding_member,,,founding_member,founding_member
S&P500,LM,0000704051,"LEGG MASON, INC.",2006-04-24,2006,1899.0,107.0,1,False,False,6282.0,Financials,sic2,,established,,,established,established
S&P500,CHIR,0000706539,CHIRON CORP,2000-11-24,2000,1981.0,19.0,1,False,False,2834.0,Health Care,sic4,,established,,,established,established
S&P500,LRCX,0000707549,Lam Research,2012-06-05,2012,1980.0,32.0,1,False,False,3559.0,Information Technology,index_list_gics,Semiconductor Materials & Equipment,established,,,established,established
S&P500,MDR,0000708819,MCDERMOTT INTERNATIONAL INC,1996-01-02,1996,1923.0,73.0,1,False,False,3443.0,Industrials,sic2,,founding_member,,,founding_member,founding_member
S&P500,JAVA,0000709519,"SUN MICROSYSTEMS, INC.",1996-01-02,1996,1982.0,14.0,1,False,False,3571.0,Information Technology,sic4,,founding_member,,,founding_member,founding_member
S&P500,SXCL,0000709804,Steel Excel Inc.,1999-10-01,1999,,,1,False,False,1389.0,Energy,sic3,,unknown_age,,,unknown_age,unknown_age
S&P500,AMCC,0000711065,APPLIED MICRO CIRCUITS CORP,2001-01-02,2001,1979.0,22.0,1,False,False,3674.0,Information Technology,sic4,,established,,,established,established
S&P500,COO,0000711404,Cooper Companies (The),2016-09-23,2016,1958.0,58.0,1,False,False,3851.0,Health Care,index_list_gics,Health Care Supplies,established,,,established,established
S&P500,EA,0000712515,Electronic Arts,2002-07-22,2002,1982.0,20.0,1,False,False,7372.0,Communication Services,index_list_gics,Interactive Home Entertainment,established,,,established,established
S&P500,PNC,0000713676,PNC Financial Services,1996-01-02,1996,1845.0,151.0,1,False,False,6021.0,Financials,index_list_gics,Diversified Banks,founding_member,,,founding_member,founding_member
S&P500,CPQ,0000714154,COMPAQ COMPUTER CORP,1996-01-02,1996,1982.0,14.0,1,False,False,3570.0,Information Technology,sic4,,founding_member,,,founding_member,founding_member
S&P500,BGEN,0000714655,BIOGEN IDEC MA INC,2000-01-31,2000,1978.0,22.0,1,False,False,2836.0,Health Care,sic4,,established,,,established,established
S&P500,CBH,0000715096,COMMERCE BANCORP INC /NJ/,2006-06-06,2006,1973.0,33.0,1,False,False,6021.0,Financials,sic2,,established,,,established,established
S&P500,D,0000715957,Dominion Energy,1996-01-02,1996,1983.0,13.0,1,False,False,4911.0,Utilities,index_list_gics,Multi-Utilities,founding_member,,,founding_member,founding_member
S&P500,MZIAQ,0000716823,MI 2009 Inc.,1996-01-02,1996,1981.0,15.0,1,False,False,3559.0,Industrials,sic2,,founding_member,,,founding_member,founding_member
S&P500,MUR,0000717423,MURPHY OIL CORP,2005-08-15,2005,1944.0,61.0,1,False,False,1311.0,Energy,sic3,,established,,,established,established
S&P500,ATVI,0000718877,"Activision Blizzard, Inc.",2015-08-31,2015,1979.0,36.0,1,False,False,7372.0,Information Technology,sic4,,established,,,established,established
S&P500,IMNX,0000719529,IMMUNEX CORP /DE/,2001-09-21,2001,1981.0,20.0,1,False,False,2836.0,Health Care,sic4,,established,,,established,established
S&P500,SIVB,0000719739,SVB FINANCIAL GROUP,2018-03-19,2018,1983.0,35.0,1,False,False,6022.0,Financials,sic2,,established,,,established,established
S&P500,WSM,0000719955,"Williams-Sonoma, Inc.",2025-03-24,2025,1956.0,69.0,1,False,False,5700.0,Consumer Discretionary,index_list_gics,Homefurnishing Retail,established,,,established,established
S&P500,RJF,0000720005,Raymond James Financial,2017-03-20,2017,1962.0,55.0,1,False,False,6211.0,Financials,index_list_gics,Investment Banking & Brokerage,established,,,established,established
S&P500,SII,0000721083,SPROTT INC.,2006-10-02,2006,1981.0,25.0,1,False,False,6199.0,Industrials,sic2,,established,,,established,established
S&P500,CAH,0000721371,Cardinal Health,1997-05-27,1997,1971.0,26.0,1,False,False,5122.0,Health Care,index_list_gics,Health Care Distributors,established,,,established,established
S&P500,TSS,0000721683,TOTAL SYSTEM SERVICES INC,2008-01-02,2008,,,1,False,False,7389.0,Industrials,sic4,,unknown_age,,,unknown_age,unknown_age
S&P500,RATL,0000722056,RATIONAL SOFTWARE CORP,2002-02-01,2002,1981.0,21.0,1,False,False,7372.0,Information Technology,sic4,,established,,,established,established
S&P500,MU,0000723125,Micron Technology,1996-01-02,1996,1978.0,18.0,1,False,False,3674.0,Information Technology,index_list_gics,Semiconductors,founding_member,,,founding_member,founding_member
S&P500,CTAS,0000723254,Cintas,2001-03-01,2001,1929.0,72.0,1,False,False,2320.0,Industrials,index_list_gics,Diversified Support Services,established,,,established,established
S&P500,WCOEQ,0000723527,MCI INC,1996-04-01,1996,1983.0,13.0,1,False,False,4813.0,Communication Services,sic3,,founding_member,,,founding_member,founding_member
S&P500,PAYX,0000723531,Paychex,1998-10-01,1998,1971.0,27.0,1,False,False,8700.0,Industrials,index_list_gics,Human Resource & Employment Services,established,,,established,established
S&P500,CAR,0000723612,"AVIS BUDGET GROUP, INC.",1996-01-02,1996,1946.0,50.0,1,False,False,7510.0,Consumer Discretionary,sic2,,founding_member,,,founding_member,founding_member
S&P500,TRB,0000726513,TRIBUNE MEDIA CO,1996-01-02,1996,1847.0,149.0,1,False,False,4833.0,Communication Services,sic3,,founding_member,,,founding_member,founding_member
S&P500,O,0000726728,Realty Income,2015-04-07,2015,1969.0,46.0,1,False,False,6798.0,Real Estate,index_list_gics,Retail REITs,established,,,established,established
S&P500,CASY,0000726958,Casey's,2026-04-09,2026,1967.0,59.0,1,False,False,5500.0,Consumer Staples,index_list_gics,Food Retail,established,,,established,established
S&P500,JBHT,0000728535,J.B. Hunt,2015-07-01,2015,1961.0,54.0,1,False,False,4213.0,Industrials,index_list_gics,Cargo Ground Transportation,established,,,established,established
S&P500,ATGE,0000730464,Covista Inc.,2009-06-09,2009,1931.0,78.0,1,False,False,8200.0,Consumer Discretionary,sic4,,established,,,established,established
S&P500,UNH,0000731766,UnitedHealth Group,1996-01-02,1996,1977.0,19.0,1,False,False,6324.0,Health Care,index_list_gics,Managed Health Care,founding_member,,,founding_member,founding_member
S&P500,ATO,0000731802,Atmos Energy,2019-02-15,2019,1906.0,113.0,1,False,False,4924.0,Utilities,index_list_gics,Gas Utilities,established,,,established,established
S&P500,TIN,0000731939,TEMPLE INLAND INC,1996-01-02,1996,1893.0,103.0,1,False,False,2631.0,Materials,sic2,,founding_member,,,founding_member,founding_member
S&P500,GENZ,0000732485,GENZYME CORP,2001-12-14,2001,1981.0,20.0,1,False,False,2836.0,Health Care,sic4,,established,,,established,established
S&P500,VZ,0000732712,Verizon,1996-01-02,1996,1983.0,13.0,1,False,False,4813.0,Communication Services,index_list_gics,Integrated Telecommunication Services,founding_member,,,founding_member,founding_member
S&P500,BLS,0000732713,BELLSOUTH CORP,1996-01-02,1996,1983.0,13.0,1,False,False,4813.0,Communication Services,sic3,,founding_member,,,founding_member,founding_member
S&P500,T,0000732717,AT&T,1996-01-02,1996,1885.0,111.0,1,False,False,4813.0,Communication Services,index_list_gics,Integrated Telecommunication Services,founding_member,,,founding_member,founding_member
S&P500,JHF,0000736260,HANCOCK JOHN FINANCIAL SERVICES INC,2001-06-29,2001,1862.0,139.0,1,False,False,6311.0,Financials,sic2,,established,,,established,established
S&P500,COMS,0000738076,3COM CORP,1996-01-02,1996,1979.0,17.0,1,False,False,3576.0,Information Technology,sic4,,founding_member,,,founding_member,founding_member
S&P500,VTR,0000740260,Ventas,2009-03-04,2009,1983.0,26.0,1,False,False,6798.0,Real Estate,index_list_gics,Health Care REITs,established,spin_off,https://en.wikipedia.org/wiki/Ventas,spin_off,corporate_action
S&P500,MXIM,0000743316,MAXIM INTEGRATED PRODUCTS INC,2000-05-10,2000,1983.0,17.0,2,True,False,3674.0,Information Technology,sic4,,re_entry,,,re_entry,re_entry
S&P500,HM,0000743872,HOMESTAKE MINING CO /DE/,1996-01-02,1996,1877.0,119.0,1,False,False,1040.0,Materials,sic2,,founding_member,,,founding_member,founding_member
S&P500,XLNX,0000743988,XILINX INC,1999-11-08,1999,1984.0,15.0,1,False,False,3674.0,Information Technology,sic4,,established,,,established,established
S&P500,ROST,0000745732,Ross Stores,2009-12-21,2009,1982.0,27.0,1,False,False,5651.0,Consumer Discretionary,index_list_gics,Apparel Retail,established,,,established,established
S&P500,EXPD,0000746515,Expeditors International,2007-10-10,2007,1979.0,28.0,1,False,False,4731.0,Industrials,index_list_gics,Air Freight & Logistics,established,,,established,established
S&P500,UIS,0000746838,UNISYS CORP,1996-01-02,1996,,,1,False,False,7373.0,Information Technology,sic4,,founding_member,,,founding_member,founding_member
S&P500,IT,0000749251,Gartner,2017-04-05,2017,1979.0,38.0,1,False,False,8741.0,Information Technology,index_list_gics,IT Consulting & Other Services,established,,,established,established
S&P500,STR,0000751652,DOMINION QUESTAR CORP,2006-12-01,2006,1922.0,84.0,1,False,False,4923.0,Energy,sic3,,established,,,established,established
S&P500,NEE,0000753308,NextEra Energy,1996-01-02,1996,1925.0,71.0,1,False,False,4911.0,Utilities,index_list_gics,Multi-Utilities,founding_member,,,founding_member,founding_member
S&P500,SCG,0000754737,SCANA CORP,2009-01-02,2009,1924.0,85.0,1,False,False,4931.0,Utilities,sic3,,established,,,established,established
S&P500,NOVL,0000758004,NOVELL INC,1996-01-02,1996,1980.0,16.0,1,False,False,7372.0,Information Technology,sic4,,founding_member,,,founding_member,founding_member
S&P500,CFG,0000759944,Citizens Financial Group,2016-02-01,2016,1828.0,188.0,1,False,False,6022.0,Financials,index_list_gics,Regional Banks,established,,,established,established
S&P500,CLF,0000764065,CLEVELAND-CLIFFS INC.,2009-12-21,2009,1847.0,162.0,1,False,False,1000.0,Materials,sic2,,established,,,established,established
S&P500,MO,0000764180,Altria,1996-01-02,1996,1985.0,11.0,1,False,False,2111.0,Consumer Staples,index_list_gics,Tobacco,founding_member,,,founding_member,founding_member
S&P500,BBY,0000764478,Best Buy,1999-06-30,1999,1966.0,33.0,1,False,False,5731.0,Consumer Discretionary,index_list_gics,Computer & Electronics Retail,established,,,established,established
S&P500,PNW,0000764622,Pinnacle West Capital,1999-10-04,1999,1985.0,14.0,1,False,False,4911.0,Utilities,index_list_gics,Multi-Utilities,established,,,established,established
S&P500,LDG,0000764762,LONGS DRUG STORES CORP,1996-01-02,1996,1938.0,58.0,1,False,False,5912.0,Consumer Staples,sic4,,founding_member,,,founding_member,founding_member
S&P500,HCP,0000765880,Healthpeak Properties,2008-03-31,2008,1985.0,23.0,3,True,False,6798.0,Real Estate,index_list_gics,Health Care REITs,re_entry,,,re_entry,re_entry
S&P500,ALK,0000766421,"ALASKA AIR GROUP, INC.",2016-05-13,2016,1932.0,84.0,1,False,False,4512.0,Industrials,sic2,,established,,,established,established
S&P500,WELL,0000766704,Welltower,2009-01-30,2009,1970.0,39.0,1,False,False,6798.0,Real Estate,index_list_gics,Health Care REITs,established,,,established,established
S&P500,PMCS,0000767920,PMC SIERRA INC,2001-08-03,2001,1984.0,17.0,1,False,False,3674.0,Information Technology,sic4,,established,,,established,established
S&P500,ALTR,0000768251,ALTERA CORP,2000-04-18,2000,1983.0,17.0,1,False,False,3674.0,Information Technology,sic4,,established,,,established,established
S&P500,BIG,0000768835,FORMER BL STORES INC,1998-01-20,1998,1967.0,31.0,1,False,False,5331.0,Consumer Staples,sic4,,established,,,established,established
S&P500,ADSK,0000769397,Autodesk,1996-01-02,1996,1982.0,14.0,1,False,False,7372.0,Information Technology,index_list_gics,Application Software,founding_member,,,founding_member,founding_member
S&P500,RBK,0000770949,REEBOK INTERNATIONAL LTD,1996-01-02,1996,1958.0,38.0,1,False,False,3021.0,Consumer Discretionary,sic4,,founding_member,,,founding_member,founding_member
S&P500,FLTWQ,0000771298,FRUIT OF THE LOOM INC /DE/,1996-01-02,1996,1851.0,145.0,1,False,False,2250.0,Consumer Discretionary,sic2,,founding_member,,,founding_member,founding_member
S&P500,HON,0000773840,Honeywell,1996-01-02,1996,1906.0,90.0,1,False,False,3724.0,Industrials,index_list_gics,Industrial Conglomerates,founding_member,,,founding_member,founding_member
S&P500,APC,0000773910,ARKO Petroleum Corp.,1997-07-28,1997,2003.0,-6.0,1,False,False,5172.0,Energy,sic3,,historical_unmatched,,,historical_unmatched,historical_no_ch_number
S&P500,BSC,0000777001,BEAR STEARNS COMPANIES INC,1998-07-01,1998,1923.0,75.0,1,False,False,6211.0,Financials,sic2,,established,,,established,established
S&P500,JKHY,0000779152,Jack Henry & Associates,2018-11-13,2018,1976.0,42.0,1,False,False,7373.0,Financials,index_list_gics,Transaction & Payment Processing Services,established,,,established,established
S&P500,DRE,0000783280,DUKE REALTY CORP,2017-07-26,2017,1972.0,45.0,1,False,False,6798.0,Real Estate,sic4,,established,,,established,established
S&P500,WEC,0000783325,WEC Energy Group,2008-10-31,2008,1896.0,112.0,1,False,False,4931.0,Utilities,index_list_gics,Electric Utilities,established,,,established,established
S&P500,EHC,0000785161,Encompass Health Corp,1997-01-08,1997,1984.0,13.0,1,False,False,8060.0,Health Care,sic4,,established,,,established,established
S&P500,PEG,0000788784,Public Service Enterprise Group,1996-01-02,1996,1903.0,93.0,1,False,False,4931.0,Utilities,index_list_gics,Electric Utilities,founding_member,,,founding_member,founding_member
S&P500,MSFT,0000789019,Microsoft,1996-01-02,1996,1975.0,21.0,1,False,False,7372.0,Information Technology,index_list_gics,Systems Software,founding_member,,,founding_member,founding_member
S&P500,SDS,0000789388,SUNGARD DATA SYSTEMS INC,2002-07-22,2002,1983.0,19.0,1,False,False,7374.0,Information Technology,sic4,,established,,,established,established
S&P500,MGM,0000789570,MGM Resorts,2017-07-26,2017,1986.0,31.0,1,False,False,7011.0,Consumer Discretionary,index_list_gics,Casinos & Gaming,established,,,established,established
S&P500,NC,0000789933,NACCO INDUSTRIES INC,1996-01-02,1996,1913.0,83.0,1,False,False,1221.0,Energy,sic2,,founding_member,,,founding_member,founding_member
S&P500,EMC,0000790070,EMC CORP,1996-03-28,1996,1979.0,17.0,1,False,False,3572.0,Information Technology,sic4,,founding_member,,,founding_member,founding_member
S&P500,SPLS,0000791519,STAPLES INC,1998-10-07,1998,1986.0,12.0,1,False,False,5940.0,Consumer Discretionary,sic2,,genuinely_new_provisional,genuinely_new,https://en.wikipedia.org/wiki/Staples_Inc.,genuinely_new,genuinely_new_verified
S&P500,LLTC,0000791907,LINEAR TECHNOLOGY CORP /CA/,2000-04-03,2000,1981.0,19.0,1,False,False,3674.0,Information Technology,sic4,,established,,,established,established
S&P500,HMA,0000792985,"HEALTH MANAGEMENT ASSOCIATES, INC",2001-11-07,2001,1977.0,24.0,1,False,False,8062.0,Health Care,sic4,,established,,,established,established
S&P500,HOG,0000793952,"HARLEY-DAVIDSON, INC.",2000-01-31,2000,1903.0,97.0,1,False,False,3751.0,Consumer Discretionary,sic4,,established,,,established,established
S&P500,LVLT,0000794323,"Level 3 Parent, LLC",2014-11-05,2014,1985.0,29.0,1,False,False,4813.0,Communication Services,sic3,,established,,,established,established
S&P500,M,0000794367,"Macy's, Inc.",1996-01-02,1996,1929.0,67.0,1,False,False,5311.0,Consumer Discretionary,sic2,,founding_member,,,founding_member,founding_member
S&P500,KBH,0000795266,KB HOME,1996-01-02,1996,1957.0,39.0,1,False,False,1531.0,Consumer Discretionary,sic4,,founding_member,,,founding_member,founding_member
S&P500,ADBE,0000796343,Adobe Inc.,1997-05-06,1997,1982.0,15.0,1,False,False,7372.0,Information Technology,index_list_gics,Application Software,established,,,established,established
S&P500,OXY,0000797468,Occidental Petroleum,1996-01-02,1996,1920.0,76.0,1,False,False,1311.0,Energy,index_list_gics,Oil & Gas Exploration & Production,founding_member,,,founding_member,founding_member
S&P500,FISV,0000798354,Fiserv,2001-04-02,2001,1984.0,17.0,3,True,False,7389.0,Financials,index_list_gics,Transaction & Payment Processing Services,re_entry,,,re_entry,re_entry
S&P500,CSR,0000798359,CENTERSPACE,1996-01-02,1996,,,1,False,False,6798.0,Real Estate,sic4,,founding_member,,,founding_member,founding_member
S&P500,ODP,0000800240,ODP Corp,1999-06-24,1999,1986.0,13.0,1,False,False,5940.0,Consumer Discretionary,sic2,,established,,,established,established
S&P500,HAR,0000800459,HARMAN INTERNATIONAL INDUSTRIES INC /DE/,2006-02-01,2006,1980.0,26.0,1,False,False,3651.0,Consumer Discretionary,sic4,,established,,,established,established
S&P500,JOY,0000801898,JOY GLOBAL INC,2011-02-28,2011,1884.0,127.0,1,False,False,3532.0,Industrials,sic2,,established,,,established,established
S&P500,SGID,0000802301,"Graphics Properties Holdings, Inc.",1996-01-02,1996,1981.0,15.0,1,False,False,3571.0,Information Technology,sic4,,founding_member,,,founding_member,founding_member
S&P500,CMVT,0000803014,COMVERSE TECHNOLOGY INC/NY/,1999-10-27,1999,,,1,False,False,3661.0,Information Technology,sic4,,unknown_age,,,unknown_age,unknown_age
S&P500,ARG,0000804212,AIRGAS INC,2009-09-09,2009,1982.0,27.0,1,False,False,5084.0,Industrials,sic2,,established,,,established,established
S&P500,QCOM,0000804328,Qualcomm,1999-07-22,1999,1985.0,14.0,1,False,False,3663.0,Information Technology,index_list_gics,Semiconductors,established,,,established,established
S&P500,CERN,0000804753,CERNER Corp,2010-04-30,2010,1979.0,31.0,1,False,False,7373.0,Information Technology,sic4,,established,,,established,established
S&P500,LEHMQ,0000806085,LEHMAN BROTHERS HOLDINGS INC. PLAN TRUST,1998-01-12,1998,1850.0,148.0,1,False,False,6211.0,Financials,sic2,,established,,,established,established
S&P500,BHGE,0000808362,Baker Hughes Holdings LLC,1996-01-02,1996,1907.0,89.0,1,False,False,3533.0,Industrials,sic2,,founding_member,,,founding_member,founding_member
S&P500,CMS,0000811156,CMS Energy,1999-05-03,1999,1886.0,113.0,1,False,False,4931.0,Utilities,index_list_gics,Multi-Utilities,established,,,established,established
S&P500,UST,0000811669,UST INC,1996-01-02,1996,1822.0,174.0,1,False,False,2100.0,Consumer Staples,sic2,,founding_member,,,founding_member,founding_member
S&P500,SOV,0000811830,"Santander Holdings USA, Inc.",2004-07-01,2004,,,1,False,False,6021.0,Financials,sic2,,unknown_age,,,unknown_age,unknown_age
S&P500,OI,0000812074,"O-I Glass, Inc. /DE/",1997-08-04,1997,1903.0,94.0,2,True,False,3221.0,Materials,sic2,,re_entry,,,re_entry,re_entry
S&P500,CDNS,0000813672,Cadence Design Systems,2017-09-18,2017,1988.0,29.0,1,False,False,7372.0,Information Technology,index_list_gics,Application Software,established,,,established,established
S&P500,CBS,0000813828,Paramount Global,1996-01-02,1996,1927.0,69.0,3,True,False,4833.0,Communication Services,sic3,,founding_member,,,founding_member,founding_member
S&P500,NWL,0000814453,NEWELL BRANDS INC.,1996-01-02,1996,1903.0,93.0,1,False,False,3089.0,Materials,sic2,,founding_member,,,founding_member,founding_member
S&P500,FICO,0000814547,Fair Isaac,2023-03-20,2023,1956.0,67.0,1,False,False,7389.0,Information Technology,index_list_gics,Application Software,established,,,established,established
S&P500,MBI,0000814585,MBIA INC,1996-12-03,1996,1973.0,23.0,1,False,False,6351.0,Financials,sic2,,founding_member,,,founding_member,founding_member
S&P500,ABMD,0000815094,ABIOMED INC,2018-05-31,2018,1981.0,37.0,1,False,False,3841.0,Health Care,sic4,,established,,,established,established
S&P500,CCL,0000815097,Carnival Corporation,1998-12-22,1998,1972.0,26.0,1,False,False,4400.0,Consumer Discretionary,index_list_gics,"Hotels, Resorts & Cruise Lines",established,,,established,established
S&P500,FAST,0000815556,Fastenal,2008-09-15,2008,1967.0,41.0,1,False,False,5200.0,Industrials,index_list_gics,Trading Companies & Distributors,established,,,established,established
S&P500,CELG,0000816284,CELGENE CORP /DE/,2006-11-06,2006,1986.0,20.0,1,False,False,2834.0,Health Care,sic4,,established,,,established,established
S&P500,TDC,0000816761,TERADATA CORP /DE/,2007-10-01,2007,1979.0,28.0,1,False,False,7372.0,Information Technology,sic4,,established,,,established,established
S&P500,ACAS,0000817473,"AMERICAN CAPITAL, LTD",2007-07-09,2007,1986.0,21.0,1,False,False,,,,,established,,,established,established
S&P500,XRAY,0000818479,DENTSPLY SIRONA Inc.,2008-11-14,2008,1889.0,119.0,1,False,False,3843.0,Health Care,sic4,,established,,,established,established
S&P500,AMP,0000820027,Ameriprise Financial,1996-01-02,1996,1894.0,102.0,2,True,False,6282.0,Financials,index_list_gics,Asset Management & Custody Banks,founding_member,,,founding_member,founding_member
S&P500,APH,0000820313,Amphenol,2008-09-30,2008,1932.0,76.0,1,False,False,3678.0,Information Technology,index_list_gics,Electronic Components,established,,,established,established
S&P500,COHR,0000820318,Coherent Corp.,2026-03-23,2026,1971.0,55.0,1,False,False,3827.0,Information Technology,index_list_gics,Electronic Components,established,,,established,established
S&P500,EOG,0000821189,EOG Resources,2000-11-02,2000,1985.0,15.0,1,False,False,1311.0,Energy,index_list_gics,Oil & Gas Exploration & Production,established,spin_off,https://en.wikipedia.org/wiki/EOG_Resources,spin_off,corporate_action
S&P500,PHM,0000822416,PulteGroup,1996-01-02,1996,1950.0,46.0,1,False,False,1531.0,Consumer Discretionary,index_list_gics,Homebuilding,founding_member,,,founding_member,founding_member
S&P500,WM,0000823768,Waste Management,1998-07-17,1998,1968.0,30.0,1,False,False,4953.0,Industrials,index_list_gics,Environmental & Facilities Services,established,,,established,established
S&P500,NXTL,0000824169,NEXTEL COMMUNICATIONS INC,1998-04-01,1998,1987.0,11.0,1,False,False,4812.0,Communication Services,sic3,,genuinely_new_provisional,genuinely_new,https://en.wikipedia.org/wiki/Nextel_Communications,genuinely_new,genuinely_new_verified
S&P500,EIX,0000827052,Edison International,1996-01-02,1996,1886.0,110.0,1,False,False,4911.0,Utilities,index_list_gics,Electric Utilities,founding_member,,,founding_member,founding_member
S&P500,MCHP,0000827054,Microchip Technology,2007-09-07,2007,1989.0,18.0,1,False,False,3674.0,Information Technology,index_list_gics,Semiconductors,established,,,established,established
S&P500,SBUX,0000829224,Starbucks,2000-06-08,2000,1971.0,29.0,1,False,False,5810.0,Consumer Discretionary,index_list_gics,Restaurants,established,,,established,established
S&P500,C,0000831001,Citigroup,1996-01-02,1996,1998.0,-2.0,1,False,False,6021.0,Financials,index_list_gics,Diversified Banks,founding_member,,,founding_member,founding_member
S&P500,FCX,0000831259,Freeport-McMoRan,1996-01-02,1996,1912.0,84.0,1,False,False,1000.0,Materials,index_list_gics,Copper,founding_member,,,founding_member,founding_member
S&P500,IEX,0000832101,IDEX Corporation,2019-08-09,2019,1988.0,31.0,1,False,False,3561.0,Industrials,index_list_gics,Industrial Machinery & Supplies & Components,established,,,established,established
S&P500,SSP,0000832428,E.W. SCRIPPS Co,2005-12-20,2005,1878.0,127.0,1,False,False,4833.0,Communication Services,sic3,,established,,,established,established
S&P500,SIG,0000832988,SIGNET JEWELERS LTD,2015-07-29,2015,1949.0,66.0,1,False,False,5944.0,Consumer Discretionary,sic2,,established,,,established,established
S&P500,JCI,0000833444,Johnson Controls,1996-01-02,1996,1885.0,111.0,1,False,False,3585.0,Industrials,index_list_gics,Building Products,founding_member,,,founding_member,founding_member
S&P500,SLR,0000835541,SOLECTRON CORP,1998-12-31,1998,,,1,False,False,3672.0,Information Technology,sic4,,unknown_age,,,unknown_age,unknown_age
S&P500,BMC,0000835729,BMC SOFTWARE INC,1998-10-01,1998,1980.0,18.0,1,False,False,7372.0,Information Technology,sic4,,established,,,established,established
S&P500,APCC,0000835910,AMERICAN POWER CONVERSION CORP,2000-06-01,2000,1981.0,19.0,1,False,False,3620.0,Industrials,sic4,,established,,,established,established
S&P500,NVLS,0000836106,NOVELLUS SYSTEMS INC,2000-06-19,2000,1984.0,16.0,1,False,False,3559.0,Industrials,sic2,,established,,,established,established
S&P500,TECH,0000842023,Bio-Techne,2021-08-30,2021,1976.0,45.0,1,False,False,2836.0,Health Care,index_list_gics,Life Sciences Tools & Services,established,,,established,established
S&P500,AW,0000848865,"Allied Waste Industries, LLC",1999-08-02,1999,1987.0,12.0,1,False,False,4953.0,Industrials,sic4,,genuinely_new_provisional,merger,https://en.wikipedia.org/wiki/Allied_Waste_Industries,merger,corporate_action
S&P500,PCL,0000849213,PLUM CREEK TIMBER CO INC,2002-01-17,2002,1989.0,13.0,1,False,False,6798.0,Real Estate,sic4,,established,,,established,established
S&P500,CRH,0000849395,CRH plc,2025-12-22,2025,1970.0,55.0,1,False,False,3241.0,Materials,index_list_gics,Construction Materials,established,,,established,established
S&P500,SYMC,0000849399,Gen Digital,2003-03-31,2003,1982.0,21.0,3,True,False,7372.0,Information Technology,index_list_gics,Systems Software,re_entry,,,re_entry,re_entry
S&P500,FL,0000850209,"FOOT LOCKER, INC.",1996-01-02,1996,1879.0,117.0,2,True,False,5661.0,Consumer Discretionary,sic2,,founding_member,,,founding_member,founding_member
S&P500,AGN,0000850693,ALLERGAN INC,1996-01-02,1996,1948.0,48.0,1,False,False,2834.0,Health Care,sic4,,founding_member,,,founding_member,founding_member
S&P500,MHK,0000851968,MOHAWK INDUSTRIES INC,2013-12-23,2013,1878.0,135.0,1,False,False,2273.0,Consumer Discretionary,sic2,,established,,,established,established
S&P500,PTC,0000857005,PTC Inc.,1997-04-03,1997,1985.0,12.0,2,True,False,7372.0,Information Technology,index_list_gics,Application Software,re_entry,,,re_entry,re_entry
S&P500,HET,0000858339,"CAESARS HOLDINGS, INC.",1996-01-02,1996,1937.0,59.0,1,False,False,7011.0,Consumer Discretionary,sic2,,founding_member,,,founding_member,founding_member
S&P500,COG,0000858470,Coterra Energy Inc.,2008-06-23,2008,1989.0,19.0,2,True,False,1311.0,Energy,sic3,,re_entry,,,re_entry,re_entry
S&P500,CSCO,0000858877,Cisco,1996-01-02,1996,1984.0,12.0,1,False,False,3576.0,Information Technology,index_list_gics,Communications Equipment,founding_member,,,founding_member,founding_member
S&P500,CPWR,0000859014,Ocean Thermal Energy Corp,1999-01-04,1999,1998.0,1.0,1,False,False,4931.0,Information Technology,sic4,,very_new_adjudicate,,,very_new_adjudicate,very_new_adjudicate
S&P500,HOLX,0000859737,HOLOGIC INC,2016-03-30,2016,1985.0,31.0,1,False,False,3844.0,Health Care,sic4,,established,,,established,established
S&P500,HCA,0000860730,HCA Healthcare,1996-01-02,1996,1968.0,28.0,2,True,False,8062.0,Health Care,index_list_gics,Health Care Facilities,founding_member,,,founding_member,founding_member
S&P500,TYL,0000860731,Tyler Technologies,2020-06-22,2020,1966.0,54.0,1,False,False,7372.0,Information Technology,index_list_gics,Application Software,established,,,established,established
S&P500,SRCL,0000861878,STERICYCLE INC,2008-11-19,2008,1989.0,19.0,1,False,False,4955.0,Utilities,sic3,,established,,,established,established
S&P500,PETM,0000863157,PETSMART INC,2012-10-05,2012,1986.0,26.0,1,False,False,5990.0,Consumer Discretionary,sic2,,established,,,established,established
S&P500,BJS,0000864328,BJ SERVICES CO LLC,2002-05-15,2002,1872.0,130.0,1,False,False,1389.0,Energy,sic3,,established,,,established,established
S&P500,TRMB,0000864749,Trimble Inc.,2021-01-21,2021,1978.0,43.0,1,False,False,3829.0,Information Technology,index_list_gics,Application Software,established,,,established,established
S&P500,WFM,0000865436,WHOLE FOODS MARKET INC,2006-01-03,2006,1980.0,26.0,1,False,False,5411.0,Consumer Staples,sic4,,established,,,established,established
S&P500,MNST,0000865752,Monster Beverage,2012-06-29,2012,1935.0,77.0,1,False,False,2086.0,Consumer Staples,index_list_gics,Soft Drinks & Non-alcoholic Beverages,established,reincorporation_rename,https://en.wikipedia.org/wiki/Monster_Beverage,reincorporation_rename,corporate_action
S&P500,AZO,0000866787,AutoZone,1997-01-02,1997,1979.0,18.0,1,False,False,5531.0,Consumer Discretionary,index_list_gics,Automotive Retail,established,,,established,established
S&P500,MERQ,0000867058,MERCURY INTERACTIVE CORP,2000-06-29,2000,1989.0,11.0,1,False,False,7372.0,Information Technology,sic4,,genuinely_new_provisional,genuinely_new,https://en.wikipedia.org/wiki/Mercury_Interactive,genuinely_new,genuinely_new_verified
S&P500,XTO,0000868809,XTO ENERGY INC,2004-12-29,2004,1986.0,18.0,1,False,False,1311.0,Energy,sic3,,established,,,established,established
S&P500,KRB,0000870517,MBNA CORP,1996-01-02,1996,1982.0,14.0,1,False,False,6021.0,Financials,sic2,,founding_member,,,founding_member,founding_member
S&P500,REGN,0000872589,Regeneron Pharmaceuticals,2013-05-01,2013,1988.0,25.0,1,False,False,2834.0,Health Care,index_list_gics,Biotechnology,established,,,established,established
S&P500,CEPH,0000873364,CEPHALON INC,2008-11-17,2008,1987.0,21.0,1,False,False,2834.0,Health Care,sic4,,established,,,established,established
S&P500,MEDI,0000873591,MEDIMMUNE INC /DE,2000-06-16,2000,1988.0,12.0,1,False,False,2836.0,Health Care,sic4,,genuinely_new_provisional,genuinely_new,https://en.wikipedia.org/wiki/MedImmune,genuinely_new,genuinely_new_verified
S&P500,JNY,0000874016,JONES GROUP INC,2001-12-17,2001,1970.0,31.0,1,False,False,2330.0,Consumer Discretionary,sic2,,established,,,established,established
S&P500,ABKFQ,0000874501,OCTAVE SPECIALTY GROUP INC,2000-12-11,2000,1971.0,29.0,1,False,False,6351.0,Financials,sic2,,established,,,established,established
S&P500,IDXX,0000874716,Idexx Laboratories,2017-01-05,2017,1983.0,34.0,1,False,False,2835.0,Health Care,index_list_gics,Health Care Equipment,established,,,established,established
S&P500,AES,0000874761,AES Corporation,1998-10-02,1998,1981.0,17.0,1,False,False,4991.0,Utilities,index_list_gics,Independent Power Producers & Energy Traders,established,,,established,established
S&P500,HIG,0000874766,Hartford (The),1996-01-02,1996,1810.0,186.0,1,False,False,6331.0,Financials,index_list_gics,Property & Casualty Insurance,founding_member,,,founding_member,founding_member
S&P500,BIIB,0000875045,Biogen,2003-11-13,2003,1978.0,25.0,1,False,False,2836.0,Health Care,index_list_gics,Biotechnology,established,,,established,established
S&P500,XL,0000875159,XL GROUP LTD,2001-09-04,2001,1986.0,15.0,1,False,False,6331.0,Financials,sic2,,established,,,established,established
S&P500,VRTX,0000875320,Vertex Pharmaceuticals,2013-09-23,2013,1989.0,24.0,1,False,False,2834.0,Health Care,index_list_gics,Biotechnology,established,,,established,established
S&P500,PSFT,0000875570,PEOPLESOFT INC,1998-10-02,1998,1987.0,11.0,1,False,False,7372.0,Information Technology,sic4,,genuinely_new_provisional,genuinely_new,https://en.wikipedia.org/wiki/PeopleSoft,genuinely_new,genuinely_new_verified
S&P500,MTG,0000876437,MGIC INVESTMENT CORP,1996-07-19,1996,1957.0,39.0,1,False,False,6351.0,Financials,sic2,,founding_member,,,founding_member,founding_member
S&P500,ZBRA,0000877212,Zebra Technologies,2019-12-23,2019,1969.0,50.0,1,False,False,3560.0,Information Technology,index_list_gics,Electronic Equipment & Instruments,established,,,established,established
S&P500,CTXS,0000877890,CITRIX SYSTEMS INC,1999-12-01,1999,1989.0,10.0,1,False,False,7372.0,Information Technology,sic4,,genuinely_new_provisional,genuinely_new,https://en.wikipedia.org/wiki/Citrix_Systems,genuinely_new,genuinely_new_verified
S&P500,HCR,0000878736,MANOR CARE INC,1998-09-28,1998,1959.0,39.0,1,False,False,8051.0,Health Care,sic4,,established,,,established,established
S&P500,ODFL,0000878927,Old Dominion,2019-12-09,2019,1934.0,85.0,1,False,False,4213.0,Industrials,index_list_gics,Cargo Ground Transportation,established,,,established,established
S&P500,KIM,0000879101,Kimco Realty,2006-04-03,2006,1958.0,48.0,1,False,False,6798.0,Real Estate,index_list_gics,Retail REITs,established,,,established,established
S&P500,INCY,0000879169,Incyte,2017-02-28,2017,1991.0,26.0,1,False,False,8731.0,Health Care,index_list_gics,Biotechnology,established,,,established,established
S&P500,FSH,0000880430,FISHER SCIENTIFIC INTERNATIONAL INC,2004-08-03,2004,1902.0,102.0,1,False,False,5040.0,Industrials,sic2,,established,,,established,established
S&P500,VTSS,0000880446,VITESSE SEMICONDUCTOR CORP,2000-12-12,2000,1984.0,16.0,1,False,False,3674.0,Information Technology,sic4,,established,,,established,established
S&P500,GILD,0000882095,Gilead Sciences,2004-07-01,2004,1987.0,17.0,1,False,False,2836.0,Health Care,index_list_gics,Biotechnology,established,,,established,established
S&P500,DHI,0000882184,D. R. Horton,2005-07-05,2005,1978.0,27.0,1,False,False,1531.0,Consumer Discretionary,index_list_gics,Homebuilding,established,,,established,established
S&P500,ROP,0000882835,Roper Technologies,2009-12-23,2009,1981.0,28.0,1,False,False,3823.0,Information Technology,index_list_gics,Electronic Equipment & Instruments,established,,,established,established
S&P500,VRTS,0000883237,"VIRTUS INVESTMENT PARTNERS, INC.",2000-04-03,2000,1995.0,5.0,1,False,False,6282.0,Financials,sic2,,genuinely_new_provisional,genuinely_new,https://en.wikipedia.org/wiki/Veritas_Software,genuinely_new,genuinely_new_verified
S&P500,SNPS,0000883241,Synopsys,2017-03-16,2017,1986.0,31.0,1,False,False,7372.0,Information Technology,index_list_gics,Application Software,established,,,established,established
S&P500,FOSL,0000883569,"Fossil Group, Inc.",2012-04-04,2012,1984.0,28.0,1,False,False,3873.0,Health Care,sic2,,established,,,established,established
S&P500,FDC,0000883980,FIRST DATA CORP,1996-01-02,1996,1971.0,25.0,1,False,False,7389.0,Industrials,sic4,,founding_member,,,founding_member,founding_member
S&P500,RCL,0000884887,Royal Caribbean Group,2014-12-05,2014,1968.0,46.0,1,False,False,4400.0,Consumer Discretionary,index_list_gics,"Hotels, Resorts & Cruise Lines",established,,,established,established
S&P500,PX,0000884905,LINDE INC,1996-01-02,1996,1907.0,89.0,1,False,False,2810.0,Materials,sic2,,founding_member,,,founding_member,founding_member
S&P500,KSS,0000885639,KOHLS Corp,1998-08-14,1998,1962.0,36.0,1,False,False,5311.0,Consumer Discretionary,sic2,,established,,,established,established
S&P500,ESRX,0000885721,EXPRESS SCRIPTS INC,2003-09-26,2003,1986.0,17.0,1,False,False,5912.0,Consumer Staples,sic4,,established,,,established,established
S&P500,BSX,0000885725,Boston Scientific,1996-01-02,1996,1979.0,17.0,1,False,False,3841.0,Health Care,index_list_gics,Health Care Equipment,founding_member,,,founding_member,founding_member
S&P500,GS,0000886982,Goldman Sachs,2002-07-22,2002,1869.0,133.0,1,False,False,6211.0,Financials,index_list_gics,Investment Banking & Brokerage,established,,,established,established
S&P500,FCN,0000887936,"FTI CONSULTING, INC",1996-01-02,1996,1982.0,14.0,1,False,False,8742.0,Industrials,sic4,,founding_member,,,founding_member,founding_member
S&P500,CCU,0000888746,UNITED BREWERIES CO INC,1997-09-02,1997,1902.0,95.0,1,False,False,2082.0,,,,established,,,established,established
S&P500,MFE,0000890801,"McAfee, Inc.",2008-12-23,2008,1987.0,21.0,1,False,False,7372.0,Information Technology,sic4,,established,,,established,established
S&P500,PDCO,0000891024,"PATTERSON COMPANIES, INC.",2005-10-11,2005,1877.0,128.0,1,False,False,5047.0,Industrials,sic2,,established,,,established,established
S&P500,MTCH,0000891103,"Match Group, Inc.",2021-09-20,2021,1995.0,26.0,1,False,False,7370.0,Information Technology,sic4,,established,,,established,established
S&P500,MD,0000893949,"Pediatrix Medical Group, Inc.",1996-01-02,1996,1979.0,17.0,1,False,False,8060.0,Health Care,sic4,,founding_member,,,founding_member,founding_member
S&P500,DDR,0000894315,SITE Centers Corp.,2007-03-23,2007,1965.0,42.0,1,False,False,6798.0,Real Estate,sic4,,established,,,established,established
S&P500,CHK,0000895126,Expand Energy,2006-03-03,2006,1989.0,17.0,2,True,False,1311.0,Energy,index_list_gics,Oil & Gas Exploration & Production,re_entry,,,re_entry,re_entry
S&P500,MS,0000895421,Morgan Stanley,1996-01-02,1996,1935.0,61.0,1,False,False,6211.0,Financials,index_list_gics,Investment Banking & Brokerage,founding_member,,,founding_member,founding_member
S&P500,GTW,0000895812,GATEWAY INC,1998-04-27,1998,1985.0,13.0,1,False,False,3571.0,Information Technology,sic4,,established,,,established,established
S&P500,CB,0000896159,Chubb Limited,1996-01-02,1996,1985.0,11.0,1,False,False,6331.0,Financials,index_list_gics,Property & Casualty Insurance,founding_member,,,founding_member,founding_member
S&P500,INTU,0000896878,Intuit,2000-12-11,2000,1983.0,17.0,1,False,False,7372.0,Information Technology,index_list_gics,Application Software,established,,,established,established
S&P500,SANM,0000897723,SANMINA CORP,2000-06-21,2000,1980.0,20.0,1,False,False,3672.0,Information Technology,sic4,,established,,,established,established
S&P500,ORLY,0000898173,O’Reilly Automotive,2009-03-27,2009,1957.0,52.0,1,False,False,5531.0,Consumer Discretionary,index_list_gics,Automotive Retail,established,,,established,established
S&P500,JBL,0000898293,Jabil,2001-01-30,2001,1966.0,35.0,2,True,False,3672.0,Information Technology,index_list_gics,Electronic Manufacturing Services,re_entry,,,re_entry,re_entry
S&P500,ALL,0000899051,Allstate,1996-01-02,1996,1931.0,65.0,1,False,False,6331.0,Financials,index_list_gics,Property & Casualty Insurance,founding_member,,,founding_member,founding_member
S&P500,CIN,0000899652,CINERGY CORP,1996-01-02,1996,1994.0,2.0,1,False,False,4931.0,Utilities,sic3,,founding_member,,,founding_member,founding_member
S&P500,VNO,0000899689,VORNADO REALTY TRUST,2005-08-12,2005,1982.0,23.0,1,False,False,6798.0,Real Estate,sic4,,established,,,established,established
S&P500,ALXN,0000899866,"ALEXION PHARMACEUTICALS, INC.",2012-05-25,2012,1992.0,20.0,1,False,False,2834.0,Health Care,sic4,,established,,,established,established
S&P500,CPRT,0000900075,Copart,2018-07-02,2018,1982.0,36.0,1,False,False,5500.0,Industrials,index_list_gics,Diversified Support Services,established,,,established,established
S&P500,EQR,0000906107,Equity Residential,2001-12-03,2001,1969.0,32.0,1,False,False,6798.0,Real Estate,index_list_gics,Multi-Family Residential REITs,established,,,established,established
S&P500,NVR,0000906163,"NVR, Inc.",2019-09-26,2019,1980.0,39.0,1,False,False,1531.0,Consumer Discretionary,index_list_gics,Homebuilding,established,,,established,established
S&P500,CPT,0000906345,Camden Property Trust,2022-04-04,2022,1981.0,41.0,1,False,False,6798.0,Real Estate,index_list_gics,Multi-Family Residential REITs,established,,,established,established
S&P500,NKTR,0000906709,NEKTAR THERAPEUTICS,2018-03-19,2018,1990.0,28.0,1,False,False,2834.0,Health Care,sic4,,established,,,established,established
S&P500,BWA,0000908255,BORGWARNER INC,2011-12-19,2011,1880.0,131.0,1,False,False,3714.0,Consumer Discretionary,sic4,,established,,,established,established
S&P500,COST,0000909832,Costco,1996-01-02,1996,1976.0,20.0,1,False,False,5331.0,Consumer Staples,index_list_gics,Consumer Staples Merchandise Retail,founding_member,,,founding_member,founding_member
S&P500,GMCR,0000909954,"KEURIG GREEN MOUNTAIN, INC.",2014-03-24,2014,1979.0,35.0,1,False,False,2090.0,Consumer Staples,sic2,,established,,,established,established
S&P500,DECK,0000910521,Deckers Brands,2024-03-18,2024,1973.0,51.0,1,False,False,3021.0,Consumer Discretionary,index_list_gics,Footwear,established,,,established,established
S&P500,REG,0000910606,Regency Centers,2017-03-02,2017,1963.0,54.0,1,False,False,6798.0,Real Estate,index_list_gics,Retail REITs,established,,,established,established
S&P500,VIAV,0000912093,VIAVI SOLUTIONS INC.,2000-07-27,2000,1979.0,21.0,1,False,False,3674.0,Information Technology,sic4,,established,,,established,established
S&P500,MAC,0000912242,MACERICH CO,2013-05-09,2013,1964.0,49.0,1,False,False,6798.0,Real Estate,sic4,,established,,,established,established
S&P500,MAA,0000912595,Mid-America Apartment Communities,2016-12-02,2016,1977.0,39.0,1,False,False,6798.0,Real Estate,index_list_gics,Multi-Family Residential REITs,established,,,established,established
S&P500,URBN,0000912615,URBAN OUTFITTERS INC,2010-02-08,2010,1970.0,40.0,1,False,False,5651.0,Consumer Discretionary,sic2,,established,,,established,established
S&P500,NFX,0000912750,NEWFIELD EXPLORATION CO /DE/,2010-12-20,2010,1988.0,22.0,1,False,False,1311.0,Energy,sic3,,established,,,established,established
S&P500,FRO,0000913290,Frontline plc,1997-01-02,1997,1985.0,12.0,1,False,False,4412.0,,,,genuinely_new_provisional,reincorporation_rename,https://en.wikipedia.org/wiki/Frontline_(shipping_company),reincorporation_rename,corporate_action
S&P500,IVZ,0000914208,Invesco,2008-08-21,2008,1935.0,73.0,1,False,False,6282.0,Financials,index_list_gics,Asset Management & Custody Banks,established,,,established,established
S&P500,EMN,0000915389,EASTMAN CHEMICAL CO,1996-01-02,1996,1920.0,76.0,1,False,False,2821.0,Materials,sic2,,founding_member,,,founding_member,founding_member
S&P500,AVB,0000915912,AvalonBay Communities,2007-01-10,2007,1978.0,29.0,1,False,False,6798.0,Real Estate,index_list_gics,Multi-Family Residential REITs,established,,,established,established
S&P500,ALB,0000915913,Albemarle Corporation,2016-07-01,2016,1994.0,22.0,1,False,False,2821.0,Materials,index_list_gics,Specialty Chemicals,established,,,established,established
S&P500,MLM,0000916076,Martin Marietta Materials,2014-07-02,2014,1993.0,21.0,1,False,False,1400.0,Materials,index_list_gics,Construction Materials,established,,,established,established
S&P500,TSCO,0000916365,Tractor Supply,2014-01-24,2014,1938.0,76.0,1,False,False,5200.0,Consumer Discretionary,index_list_gics,Other Specialty Retail,established,,,established,established
S&P500,CPNLQ,0000916457,CALPINE CORP,2000-12-01,2000,1984.0,16.0,1,False,False,4911.0,Utilities,sic2,,established,,,established,established
S&P500,TEG,0000916863,"INTEGRYS HOLDING, INC.",2007-02-22,2007,2007.0,0.0,1,False,False,4931.0,Utilities,sic3,,very_new_adjudicate,merger,https://en.wikipedia.org/wiki/Integrys_Energy_Group,merger,corporate_action
S&P500,AKS,0000918160,Cleveland-Cliffs Steel Holding Corp,2008-07-01,2008,1899.0,109.0,1,False,False,3312.0,Materials,sic2,,established,,,established,established
S&P500,QLGC,0000918386,QLOGIC CORP,2000-12-12,2000,1992.0,8.0,1,False,False,3576.0,Information Technology,sic4,,genuinely_new_provisional,spin_off,https://en.wikipedia.org/wiki/QLogic,spin_off,corporate_action
S&P500,QTRN,0000919623,QUINTILES TRANSNATIONAL CORP,1999-11-16,1999,1982.0,17.0,1,False,False,8731.0,Health Care,sic4,,established,,,established,established
S&P500,LH,0000920148,Labcorp,2004-11-01,2004,1978.0,26.0,1,False,False,8071.0,Health Care,index_list_gics,Health Care Services,established,,,established,established
S&P500,BVSN,0000920448,BROADVISION INC,2000-11-06,2000,1993.0,7.0,1,False,False,7372.0,Information Technology,sic4,,genuinely_new_provisional,genuinely_new,https://en.wikipedia.org/wiki/BroadVision,genuinely_new,genuinely_new_verified
S&P500,ESS,0000920522,Essex Property Trust,2014-04-02,2014,1971.0,43.0,1,False,False,6798.0,Real Estate,index_list_gics,Multi-Family Residential REITs,established,,,established,established
S&P500,LEN,0000920760,Lennar,2005-10-04,2005,1954.0,51.0,1,False,False,1520.0,Consumer Discretionary,index_list_gics,Homebuilding,established,,,established,established
S&P500,PENN,0000921738,"PENN Entertainment, Inc.",2021-03-22,2021,1968.0,53.0,1,False,False,7011.0,Consumer Discretionary,sic2,,established,,,established,established
S&P500,HCBK,0000921847,HUDSON CITY BANCORP INC,2007-02-15,2007,1868.0,139.0,1,False,False,6036.0,Financials,sic2,,established,,,established,established
S&P500,PPL,0000922224,PPL Corporation,1996-01-02,1996,1920.0,76.0,1,False,False,4911.0,Utilities,index_list_gics,Electric Utilities,founding_member,,,founding_member,founding_member
S&P500,ERIE,0000922621,Erie Indemnity,2024-09-23,2024,1925.0,99.0,1,False,False,6411.0,Financials,index_list_gics,Insurance Brokers,established,,,established,established
S&P500,AIV,0000922864,APARTMENT INVESTMENT & MANAGEMENT CO,2003-03-14,2003,1975.0,28.0,1,False,False,6798.0,Real Estate,sic4,,established,,,established,established
S&P500,DVA,0000927066,DaVita,2008-07-31,2008,1979.0,29.0,1,False,False,8090.0,Health Care,index_list_gics,Health Care Services,established,,,established,established
S&P500,COF,0000927628,Capital One,1998-07-01,1998,1994.0,4.0,1,False,False,6021.0,Financials,index_list_gics,Consumer Finance,genuinely_new_provisional,spin_off,https://en.wikipedia.org/wiki/Capital_One,spin_off,corporate_action
S&P500,MCK,0000927653,McKesson Corporation,1999-01-13,1999,1833.0,166.0,1,False,False,5122.0,Health Care,index_list_gics,Health Care Distributors,established,,,established,established
S&P500,APOL,0000929887,APOLLO EDUCATION GROUP INC,2002-05-15,2002,1973.0,29.0,1,False,False,8200.0,Consumer Discretionary,sic4,,established,,,established,established
S&P500,GDT,0000929987,GUIDANT CORP,1996-12-19,1996,1994.0,2.0,1,False,False,3841.0,Health Care,sic4,,founding_member,,,founding_member,founding_member
S&P500,DF,0000931336,DEAN FOODS CO,2006-04-03,2006,1925.0,81.0,1,False,False,2020.0,Consumer Staples,sic2,,established,,,established,established
S&P500,WAMUQ,0000933136,"Maverick Merger Sub 2, LLC",1997-07-02,1997,1889.0,108.0,1,False,False,6199.0,Financials,sic2,,established,,,established,established
S&P500,BNI,0000934612,"BURLINGTON NORTHERN SANTA FE, LLC",1996-01-02,1996,1849.0,147.0,1,False,False,4011.0,Industrials,sic2,,founding_member,,,founding_member,founding_member
S&P500,DLTR,0000935703,Dollar Tree,2011-12-19,2011,1986.0,25.0,1,False,False,5331.0,Consumer Staples,index_list_gics,Consumer Staples Merchandise Retail,established,,,established,established
S&P500,DTE,0000936340,DTE Energy,1996-01-02,1996,1995.0,1.0,1,False,False,4911.0,Utilities,index_list_gics,Multi-Utilities,founding_member,,,founding_member,founding_member
S&P500,CIEN,0000936395,Ciena,2001-08-30,2001,1992.0,9.0,2,True,False,3661.0,Information Technology,index_list_gics,Communications Equipment,re_entry,,,re_entry,re_entry
S&P500,LMT,0000936468,Lockheed Martin,1996-01-02,1996,1995.0,1.0,1,False,False,3760.0,Industrials,index_list_gics,Aerospace & Defense,founding_member,,,founding_member,founding_member
S&P500,DRI,0000940944,Darden Restaurants,1996-01-02,1996,1938.0,58.0,1,False,False,5812.0,Consumer Discretionary,index_list_gics,Restaurants,founding_member,,,founding_member,founding_member
S&P500,CAM,0000941548,CAMERON INTERNATIONAL CORP,2008-01-29,2008,1920.0,88.0,1,False,False,3533.0,Industrials,sic2,,established,,,established,established
S&P500,WAB,0000943452,Wabtec,2019-02-27,2019,1869.0,150.0,1,False,False,3743.0,Industrials,index_list_gics,Construction Machinery & Heavy Transportation Equipment,established,,,established,established
S&P500,RMD,0000943819,ResMed,2017-07-26,2017,1989.0,28.0,1,False,False,3841.0,Health Care,index_list_gics,Health Care Equipment,established,,,established,established
S&P500,DTV,0000944868,DIRECTV GROUP INC,2006-12-04,2006,1994.0,12.0,1,False,False,4899.0,Communication Services,sic3,,genuinely_new_provisional,reincorporation_rename,https://en.wikipedia.org/wiki/Hughes_Electronics,reincorporation_rename,corporate_action
S&P500,SUNEQ,0000945436,"SUNEDISON, INC.",2007-05-31,2007,1959.0,48.0,1,False,False,3674.0,Information Technology,sic4,,established,,,established,established
S&P500,DNR,0000945764,DENBURY INC,2009-04-02,2009,1951.0,58.0,1,False,False,1311.0,Energy,sic3,,established,,,established,established
S&P500,POOL,0000945841,Pool Corporation,2020-10-07,2020,1993.0,27.0,1,False,False,5090.0,Consumer Discretionary,index_list_gics,Distributors,established,,,established,established
S&P500,TTWO,0000946581,Take-Two Interactive,2018-03-19,2018,1993.0,25.0,1,False,False,7372.0,Communication Services,index_list_gics,Interactive Home Entertainment,established,,,established,established
S&P500,ACGL,0000947484,Arch Capital Group,2022-11-01,2022,1995.0,27.0,1,False,False,6331.0,Financials,index_list_gics,Property & Casualty Insurance,established,,,established,established
S&P500,DO,0000949039,"DIAMOND OFFSHORE DRILLING, INC.",2009-02-26,2009,,,1,False,False,1381.0,Energy,sic3,,unknown_age,,,unknown_age,unknown_age
S&P500,HSIC,0001000228,Henry Schein,2015-03-18,2015,1932.0,83.0,1,False,False,5047.0,Health Care,index_list_gics,Health Care Distributors,established,,,established,established
S&P500,WAT,0001000697,Waters Corporation,2002-01-02,2002,1958.0,44.0,1,False,False,3826.0,Health Care,index_list_gics,Life Sciences Tools & Services,established,,,established,established
S&P500,CMX,0001000736,CAREMARK RX INC,2004-03-25,2004,1979.0,25.0,1,False,False,5912.0,Consumer Staples,sic4,,established,,,established,established
S&P500,DISH,0001001082,DISH Network CORP,2017-03-13,2017,1980.0,37.0,1,False,False,4841.0,Communication Services,sic3,,established,,,established,established
S&P500,EL,0001001250,Estée Lauder Companies (The),2006-01-05,2006,1946.0,60.0,1,False,False,2844.0,Consumer Staples,index_list_gics,Personal Care Products,established,,,established,established
S&P500,LXK,0001001288,LEXMARK INTERNATIONAL INC /KY/,1999-08-13,1999,1991.0,8.0,1,False,False,3570.0,Information Technology,sic4,,genuinely_new_provisional,spin_off,https://en.wikipedia.org/wiki/Lexmark,spin_off,corporate_action
S&P500,NTAP,0001002047,NetApp,1999-06-25,1999,1992.0,7.0,1,False,False,3572.0,Information Technology,index_list_gics,"Technology Hardware, Storage & Peripherals",genuinely_new_provisional,genuinely_new,https://en.wikipedia.org/wiki/NetApp,genuinely_new,genuinely_new_verified
S&P500,AEE,0001002910,Ameren,1996-01-02,1996,1902.0,94.0,1,False,False,4931.0,Utilities,index_list_gics,Multi-Utilities,founding_member,,,founding_member,founding_member
S&P500,GAS,0001004155,SOUTHERN CO GAS,1996-01-02,1996,1856.0,140.0,2,True,False,4924.0,Energy,sic3,,founding_member,,,founding_member,founding_member
S&P500,AMG,0001004434,"AFFILIATED MANAGERS GROUP, INC.",2014-07-01,2014,1993.0,21.0,1,False,False,6282.0,Financials,sic2,,established,,,established,established
S&P500,PCG,0001004980,PG&E Corporation,1996-01-02,1996,1905.0,91.0,2,True,False,4931.0,Utilities,index_list_gics,Multi-Utilities,founding_member,,,founding_member,founding_member
S&P500,TOY,0001005414,TOYS R US INC,1996-01-02,1996,1948.0,48.0,1,False,False,5945.0,Consumer Discretionary,sic2,,founding_member,,,founding_member,founding_member
S&P500,SEBL,0001006835,SIEBEL SYSTEMS INC,2000-05-05,2000,1993.0,7.0,1,False,False,7372.0,,,,genuinely_new_provisional,genuinely_new,https://en.wikipedia.org/wiki/Siebel_Systems,genuinely_new,genuinely_new_verified
S&P500,EDS,0001007456,ELECTRONIC DATA SYSTEMS CORP /DE/,1998-08-11,1998,1962.0,36.0,1,False,False,7370.0,Information Technology,sic4,,established,,,established,established
S&P500,TUP,0001008654,TUPPERWARE BRANDS CORP,1996-05-31,1996,1938.0,58.0,1,False,False,3089.0,Materials,sic2,,founding_member,,,founding_member,founding_member
S&P500,SAPE,0001008817,SAPIENT CORP,2000-05-05,2000,1990.0,10.0,1,False,False,7373.0,Information Technology,sic4,,genuinely_new_provisional,genuinely_new,https://en.wikipedia.org/wiki/Sapient,genuinely_new,genuinely_new_verified
S&P500,AABA,0001011006,ALTABA INC.,1999-12-08,1999,1994.0,5.0,1,False,False,,Financials,company_override,,genuinely_new_provisional,genuinely_new,https://en.wikipedia.org/wiki/Yahoo!,genuinely_new,genuinely_new_verified
S&P500,TIE,0001011657,TITANIUM METALS CORP,2007-10-29,2007,1950.0,57.0,1,False,False,3341.0,Materials,sic2,,established,,,established,established
S&P500,SEE,0001012100,SEALED AIR CORP/DE,1998-04-01,1998,1960.0,38.0,1,False,False,2820.0,Materials,sic2,,established,,,established,established
S&P500,WLP,0001013220,WELLPOINT HEALTH NETWORKS INC /DE/,1999-06-09,1999,,,1,False,False,6324.0,Health Care,sic4,,unknown_age,,,unknown_age,unknown_age
S&P500,FDS,0001013237,FactSet,2021-12-20,2021,1978.0,43.0,1,False,False,7370.0,Financials,index_list_gics,Financial Exchanges & Data,established,,,established,established
S&P500,ANSS,0001013462,ANSYS INC,2017-06-19,2017,1970.0,47.0,1,False,False,7372.0,Information Technology,sic4,,established,,,established,established
S&P500,NRG,0001013871,NRG Energy,2010-01-29,2010,1992.0,18.0,1,False,False,4911.0,Utilities,index_list_gics,Independent Power Producers & Energy Traders,established,,,established,established
S&P500,VRSN,0001014473,Verisign,2006-02-01,2006,1995.0,11.0,1,False,False,7371.0,Information Technology,index_list_gics,Internet Services & Infrastructure,genuinely_new_provisional,genuinely_new,https://en.wikipedia.org/wiki/Verisign,genuinely_new,genuinely_new_verified
S&P500,ETFC,0001015780,E TRADE FINANCIAL CORP,2004-04-01,2004,1982.0,22.0,1,False,False,6035.0,Financials,sic2,,established,,,established,established
S&P500,UVN,0001017008,UNIVISION COMMUNICATIONS INC,2001-02-07,2001,1962.0,39.0,1,False,False,4833.0,Communication Services,sic3,,established,,,established,established
S&P500,AMZN,0001018724,Amazon,2005-11-21,2005,1994.0,11.0,1,False,False,5961.0,Consumer Discretionary,index_list_gics,Broadline Retail,genuinely_new_provisional,genuinely_new,https://en.wikipedia.org/wiki/Amazon_(company),genuinely_new,genuinely_new_verified
S&P500,ANF,0001018840,ABERCROMBIE & FITCH CO /DE/,2007-03-29,2007,1892.0,115.0,1,False,False,5651.0,Consumer Discretionary,sic2,,established,,,established,established
S&P500,ATI,0001018963,ATI INC,1996-01-02,1996,1996.0,0.0,1,False,False,3317.0,Materials,sic2,,founding_member,,,founding_member,founding_member
S&P500,TSG,0001020265,SABRE HOLDINGS CORP,2000-03-16,2000,2001.0,-1.0,1,False,False,4700.0,Industrials,sic2,,historical_unmatched,,,historical_unmatched,historical_no_ch_number
S&P500,MWW,0001020416,"MONSTER WORLDWIDE, INC.",2001-06-04,2001,1967.0,34.0,1,False,False,7363.0,Industrials,sic4,,established,,,established,established
S&P500,IRM,0001020569,Iron Mountain,2009-01-06,2009,1951.0,58.0,1,False,False,6798.0,Real Estate,index_list_gics,Other Specialized REITs,established,,,established,established
S&P500,NOV,0001021860,NOV Inc.,2005-03-14,2005,1862.0,143.0,1,False,False,3533.0,Industrials,sic2,,established,,,established,established
S&P500,DGX,0001022079,Quest Diagnostics,2002-12-12,2002,1967.0,35.0,1,False,False,8071.0,Health Care,index_list_gics,Health Care Services,established,,,established,established
S&P500,STLD,0001022671,Steel Dynamics,2022-12-22,2022,1993.0,29.0,1,False,False,3312.0,Materials,index_list_gics,Steel,established,,,established,established
S&P500,TXU,0001023291,Energy Future Holdings Corp /TX/,1996-01-02,1996,1912.0,84.0,1,False,False,4911.0,Utilities,sic2,,founding_member,,,founding_member,founding_member
S&P500,COTY,0001024305,COTY INC.,2016-10-03,2016,1904.0,112.0,1,False,False,2844.0,Consumer Staples,sic4,,established,,,established,established
S&P500,ENRNQ,0001024401,ENRON CORP/OR/,1996-01-02,1996,1985.0,11.0,1,False,False,6200.0,Financials,sic2,,founding_member,,,founding_member,founding_member
S&P500,ROK,0001024478,Rockwell Automation,1996-01-02,1996,1903.0,93.0,1,False,False,3829.0,Industrials,index_list_gics,Electrical Components & Equipment,founding_member,,,founding_member,founding_member
S&P500,FMCC,0001026214,FEDERAL HOME LOAN MORTGAGE CORP,1996-01-02,1996,1970.0,26.0,1,False,False,6111.0,Financials,sic2,,founding_member,,,founding_member,founding_member
S&P500,FE,0001031296,FirstEnergy,1996-01-02,1996,1996.0,0.0,1,False,False,4911.0,Utilities,index_list_gics,Electric Utilities,founding_member,,,founding_member,founding_member
S&P500,SLM,0001032033,SLM Corp,1998-07-01,1998,1972.0,26.0,1,False,False,6141.0,Financials,sic2,,established,,,established,established
S&P500,SRE,0001032208,Sempra,1998-06-29,1998,1998.0,0.0,1,False,False,4932.0,Utilities,index_list_gics,Multi-Utilities,very_new_adjudicate,merger,https://www.fundinguniverse.com/company-histories/sempra-energy-history/,merger,corporate_action
S&P500,SBAC,0001034054,SBA Communications,2017-09-01,2017,1989.0,28.0,1,False,False,6798.0,Real Estate,index_list_gics,Telecom Tower REITs,established,,,established,established
S&P500,VLO,0001035002,Valero Energy,2004-04-29,2004,1980.0,24.0,1,False,False,2911.0,Energy,index_list_gics,Oil & Gas Refining & Marketing,established,,,established,established
S&P500,ISRG,0001035267,Intuitive Surgical,2008-06-02,2008,1995.0,13.0,1,False,False,3842.0,Health Care,index_list_gics,Health Care Equipment,established,,,established,established
S&P500,ARE,0001035443,Alexandria Real Estate Equities,2017-03-20,2017,1994.0,23.0,1,False,False,6798.0,Real Estate,index_list_gics,Office REITs,established,,,established,established
S&P500,PVN,0001035713,PROVIDIAN FINANCIAL CORP,1996-01-02,1996,1981.0,15.0,1,False,False,6021.0,Financials,sic2,,founding_member,,,founding_member,founding_member
S&P500,FIX,0001035983,Comfort Systems USA,2025-12-22,2025,1996.0,29.0,1,False,False,1731.0,Industrials,index_list_gics,Construction & Engineering,established,,,established,established
S&P500,RL,0001037038,Ralph Lauren Corporation,2007-02-02,2007,1967.0,40.0,1,False,False,2320.0,Consumer Discretionary,index_list_gics,"Apparel, Accessories & Luxury Goods",established,,,established,established
S&P500,BXP,0001037540,"BXP, Inc.",2006-04-03,2006,1970.0,36.0,1,False,False,6798.0,Real Estate,index_list_gics,Office REITs,established,,,established,established
S&P500,MTD,0001037646,Mettler Toledo,2016-09-06,2016,1945.0,71.0,1,False,False,3826.0,Health Care,index_list_gics,Life Sciences Tools & Services,established,,,established,established
S&P500,AME,0001037868,Ametek,2013-09-23,2013,1930.0,83.0,1,False,False,3823.0,Industrials,index_list_gics,Electrical Components & Equipment,established,,,established,established
S&P500,EOP,0001038339,EQUITY OFFICE PROPERTIES TRUST,2001-10-10,2001,1976.0,25.0,1,False,False,6798.0,Real Estate,sic4,,established,,,established,established
S&P500,PXD,0001038357,PIONEER NATURAL RESOURCES CO,2008-09-24,2008,1997.0,11.0,1,False,False,1311.0,Energy,sic3,,genuinely_new_provisional,merger,https://en.wikipedia.org/wiki/Pioneer_Natural_Resources,merger,corporate_action
S&P500,OKE,0001039684,Oneok,1996-01-02,1996,1906.0,90.0,2,True,False,4923.0,Energy,index_list_gics,Oil & Gas Storage & Transportation,founding_member,,,founding_member,founding_member
S&P500,SLG,0001040971,SL GREEN REALTY CORP,2015-03-23,2015,1997.0,18.0,1,False,False,6798.0,Real Estate,sic4,,established,,,established,established
S&P500,YUM,0001041061,Yum! Brands,1997-10-07,1997,1997.0,0.0,1,False,False,5812.0,Consumer Discretionary,index_list_gics,Restaurants,very_new_adjudicate,spin_off,https://en.wikipedia.org/wiki/Yum!_Brands,spin_off,corporate_action
S&P500,PWER,0001042825,POWER ONE INC,2000-10-23,2000,,,1,False,False,3679.0,Information Technology,sic4,,unknown_age,,,unknown_age,unknown_age
S&P500,CHRW,0001043277,C.H. Robinson,2007-03-02,2007,1905.0,102.0,1,False,False,4731.0,Industrials,index_list_gics,Air Freight & Logistics,established,,,established,established
S&P500,JNPR,0001043604,JUNIPER NETWORKS INC,2006-06-02,2006,1996.0,10.0,1,False,False,3576.0,Information Technology,sic4,,genuinely_new_provisional,genuinely_new,https://en.wikipedia.org/wiki/Juniper_Networks,genuinely_new,genuinely_new_verified
S&P500,GRA,0001045309,W R GRACE & CO,1996-01-02,1996,1854.0,142.0,1,False,False,2800.0,Materials,sic2,,founding_member,,,founding_member,founding_member
S&P500,PLD,0001045609,Prologis,2003-07-17,2003,1983.0,20.0,1,False,False,6798.0,Real Estate,index_list_gics,Industrial REITs,established,,,established,established
S&P500,NVDA,0001045810,Nvidia,2001-11-30,2001,1993.0,8.0,1,False,False,3674.0,Information Technology,index_list_gics,Semiconductors,genuinely_new_provisional,genuinely_new,https://en.wikipedia.org/wiki/Nvidia,genuinely_new,genuinely_new_verified
S&P500,INGR,0001046257,Ingredion Inc,1996-01-02,1996,1906.0,90.0,1,False,False,2040.0,Consumer Staples,sic2,,founding_member,,,founding_member,founding_member
S&P500,RTN,0001047122,RAYTHEON CO/,1996-01-02,1996,1922.0,74.0,1,False,False,3812.0,Industrials,sic4,,founding_member,,,founding_member,founding_member
S&P500,ED,0001047862,Consolidated Edison,1996-01-02,1996,1823.0,173.0,1,False,False,4931.0,Utilities,index_list_gics,Multi-Utilities,founding_member,,,founding_member,founding_member
S&P500,MAR,0001048286,Marriott International,1998-05-21,1998,1927.0,71.0,1,False,False,7011.0,Consumer Discretionary,index_list_gics,"Hotels, Resorts & Cruise Lines",established,,,established,established
S&P500,FFIV,0001048695,"F5, Inc.",2010-12-20,2010,1996.0,14.0,1,False,False,3576.0,Information Technology,index_list_gics,Communications Equipment,established,,,established,established
S&P500,FDX,0001048911,FedEx,1996-01-02,1996,1971.0,25.0,1,False,False,4513.0,Industrials,index_list_gics,Air Freight & Logistics,founding_member,,,founding_member,founding_member
S&P500,PWR,0001050915,Quanta Services,2009-07-01,2009,1997.0,12.0,1,False,False,1731.0,Industrials,index_list_gics,Construction & Engineering,genuinely_new_provisional,genuinely_new,https://en.wikipedia.org/wiki/Quanta_Services,genuinely_new,genuinely_new_verified
S&P500,CCI,0001051470,Crown Castle,1996-01-02,1996,1994.0,2.0,2,True,False,6798.0,Real Estate,index_list_gics,Telecom Tower REITs,founding_member,,,founding_member,founding_member
S&P500,CVC,0001053112,CABLEVISION SYSTEMS CORP /NY,2010-12-20,2010,1973.0,37.0,1,False,False,4841.0,Communication Services,sic3,,established,,,established,established
S&P500,AMT,0001053507,American Tower,2007-11-19,2007,1995.0,12.0,1,False,False,6798.0,Real Estate,index_list_gics,Telecom Tower REITs,genuinely_new_provisional,spin_off,https://en.wikipedia.org/wiki/American_Tower,spin_off,corporate_action
S&P500,BRCM,0001054374,BROADCOM CORP,2000-07-03,2000,1991.0,9.0,1,False,False,3674.0,Information Technology,sic4,,genuinely_new_provisional,genuinely_new,https://en.wikipedia.org/wiki/Broadcom_Corporation,genuinely_new,genuinely_new_verified
S&P500,CVH,0001054833,COVENTRY HEALTH CARE INC,2005-08-30,2005,1986.0,19.0,1,False,False,6324.0,Health Care,sic4,,established,,,established,established
S&P500,LLL,0001056239,L 3 COMMUNICATIONS HOLDINGS INC,2004-12-01,2004,1997.0,7.0,1,False,False,3663.0,Information Technology,sic4,,genuinely_new_provisional,ipo_established,https://en.wikipedia.org/wiki/L3_Technologies,ipo_established,corporate_action
S&P500,FII,0001056288,"FEDERATED HERMES, INC.",2003-04-16,2003,1955.0,48.0,1,False,False,6282.0,Financials,sic2,,established,,,established,established
S&P500,CSGP,0001057352,CoStar Group,2022-09-19,2022,1987.0,35.0,1,False,False,7389.0,Real Estate,index_list_gics,Real Estate Services,established,,,established,established
S&P500,RX,0001058083,IMS HEALTH INC,1996-11-04,1996,1954.0,42.0,1,False,False,7374.0,Information Technology,sic4,,founding_member,,,founding_member,founding_member
S&P500,CMG,0001058090,Chipotle Mexican Grill,2011-04-28,2011,1993.0,18.0,1,False,False,5812.0,Consumer Discretionary,index_list_gics,Restaurants,established,,,established,established
S&P500,CTSH,0001058290,Cognizant,2006-11-17,2006,1994.0,12.0,1,False,False,7371.0,Information Technology,index_list_gics,IT Consulting & Other Services,genuinely_new_provisional,spin_off,https://en.wikipedia.org/wiki/Cognizant,spin_off,corporate_action
S&P500,MCO,0001059556,Moody's Corporation,1996-01-02,1996,1909.0,87.0,1,False,False,7320.0,Financials,index_list_gics,Financial Exchanges & Data,founding_member,,,founding_member,founding_member
S&P500,RSG,0001060391,Republic Services,2008-12-05,2008,1981.0,27.0,1,False,False,4953.0,Industrials,index_list_gics,Environmental & Facilities Services,established,merger,https://en.wikipedia.org/wiki/Republic_Services,merger,corporate_action
S&P500,GX,0001061322,GLOBAL CROSSING LTD,1999-09-29,1999,1997.0,2.0,1,False,False,4813.0,Communication Services,sic3,,very_new_adjudicate,genuinely_new,https://en.wikipedia.org/wiki/Global_Crossing,genuinely_new,genuinely_new_verified
S&P500,CVG,0001062047,CONCENTRIX CVG Corp,2000-06-13,2000,1998.0,2.0,1,False,False,7373.0,Information Technology,sic4,,very_new_adjudicate,spin_off,https://en.wikipedia.org/wiki/Convergys,spin_off,corporate_action
S&P500,KSE,0001062379,KEYSPAN CORP,2000-08-21,2000,1895.0,105.0,1,False,False,4924.0,Energy,sic3,,established,,,established,established
S&P500,SPG,0001063761,Simon Property Group,2002-06-26,2002,1993.0,9.0,1,False,False,6798.0,Real Estate,index_list_gics,Retail REITs,genuinely_new_provisional,,,genuinely_new_provisional,genuinely_new_provisional
S&P500,BTUUQ,0001064728,PEABODY ENERGY CORP,2006-11-20,2006,1883.0,123.0,1,False,False,1221.0,Energy,sic2,,established,,,established,established
S&P500,EBAY,0001065088,eBay Inc.,2002-07-22,2002,1995.0,7.0,1,False,False,7389.0,Consumer Discretionary,index_list_gics,Broadline Retail,genuinely_new_provisional,genuinely_new,https://en.wikipedia.org/wiki/EBay,genuinely_new,genuinely_new_verified
S&P500,NFLX,0001065280,Netflix,2010-12-20,2010,1997.0,13.0,1,False,False,7841.0,Communication Services,index_list_gics,Movies & Entertainment,established,,,established,established
S&P500,LKQ,0001065696,LKQ CORP,2016-05-23,2016,1998.0,18.0,1,False,False,5010.0,Industrials,sic2,,established,,,established,established
S&P500,JNS,0001065865,JANUS CAPITAL GROUP INC,2000-07-13,2000,1969.0,31.0,1,False,False,6282.0,Financials,sic2,,established,,,established,established
S&P500,EP,0001066107,EMPIRE PETROLEUM CORP,1999-10-26,1999,1983.0,16.0,1,False,False,1311.0,Energy,sic4,,established,,,established,established
S&P500,COC.B,0001066806,CONOCOPHILLIPS HOLDING CO,1999-08-09,1999,,,1,False,False,2911.0,Energy,sic3,,unknown_age,,,unknown_age,unknown_age
S&P500,ONE,0001067092,BANK ONE CORP,1996-01-02,1996,1968.0,28.0,1,False,False,6021.0,Financials,sic2,,founding_member,,,founding_member,founding_member
S&P500,URI,0001067701,United Rentals,2014-09-22,2014,1997.0,17.0,1,False,False,7359.0,Industrials,index_list_gics,Trading Companies & Distributors,established,,,established,established
S&P500,BRK.B,0001067983,Berkshire Hathaway,2010-02-16,2010,1839.0,171.0,1,False,False,6331.0,Financials,index_list_gics,Multi-Sector Holdings,established,,,established,established
S&P500,AXON,0001069183,Axon Enterprise,2023-05-04,2023,1993.0,30.0,1,False,False,3480.0,Industrials,index_list_gics,Aerospace & Defense,established,,,established,established
S&P500,LII,0001069202,Lennox International,2024-12-23,2024,1895.0,129.0,1,False,False,3585.0,Industrials,index_list_gics,Building Products,established,,,established,established
S&P500,CNXT,0001069353,CONEXANT SYSTEMS INC,2000-01-31,2000,1999.0,1.0,1,False,False,3674.0,Information Technology,sic4,,very_new_adjudicate,spin_off,https://en.wikipedia.org/wiki/Conexant,spin_off,corporate_action
S&P500,CNX,0001070412,CNX Resources Corp,2006-06-28,2006,1860.0,146.0,1,False,False,1311.0,Energy,sic3,,established,,,established,established
S&P500,HST,0001070750,Host Hotels & Resorts,2007-03-20,2007,1993.0,14.0,1,False,False,6798.0,Real Estate,index_list_gics,Hotel & Resort REITs,established,,,established,established
S&P500,CNC,0001071739,Centene Corporation,1997-01-15,1997,1984.0,13.0,2,True,False,6324.0,Health Care,index_list_gics,Managed Health Care,re_entry,,,re_entry,re_entry
S&P500,DPHIQ,0001072342,DELPHI CORP,1999-05-28,1999,1994.0,5.0,1,False,False,3714.0,Consumer Discretionary,sic4,,genuinely_new_provisional,spin_off,https://en.wikipedia.org/wiki/Delphi_Technologies,spin_off,corporate_action
S&P500,USBC,0001074828,"USBC, Inc.",1996-01-02,1996,,,1,False,False,6199.0,Financials,sic2,,founding_member,,,founding_member,founding_member
S&P500,BKNG,0001075531,Booking Holdings,2009-11-06,2009,1996.0,13.0,1,False,False,4700.0,Consumer Discretionary,index_list_gics,"Hotels, Resorts & Cruise Lines",established,,,established,established
S&P500,PBG,0001076405,PEPSI BOTTLING GROUP INC,2001-05-14,2001,1999.0,2.0,1,False,False,2080.0,Consumer Staples,sic2,,very_new_adjudicate,spin_off,https://en.wikipedia.org/wiki/Pepsi_Bottling_Group,spin_off,corporate_action
S&P500,AKAM,0001086222,Akamai Technologies,2007-07-12,2007,1998.0,9.0,1,False,False,7389.0,Information Technology,index_list_gics,Internet Services & Infrastructure,genuinely_new_provisional,genuinely_new,https://en.wikipedia.org/wiki/Akamai_Technologies,genuinely_new,genuinely_new_verified
S&P500,RHT,0001087423,RED HAT INC,2009-07-27,2009,1993.0,16.0,1,False,False,7370.0,Information Technology,sic4,,established,,,established,established
S&P500,PTV,0001089976,PACTIV LLC,1999-11-05,1999,,,1,False,False,2673.0,Materials,sic2,,unknown_age,,,unknown_age,unknown_age
S&P500,DVN,0001090012,Devon Energy,2000-08-30,2000,1971.0,29.0,1,False,False,1311.0,Energy,index_list_gics,Oil & Gas Exploration & Production,established,,,established,established
S&P500,UPS,0001090727,United Parcel Service,2002-07-22,2002,1907.0,95.0,1,False,False,4210.0,Industrials,index_list_gics,Air Freight & Logistics,established,,,established,established
S&P500,A,0001090872,Agilent Technologies,2000-06-05,2000,1999.0,1.0,1,False,False,3826.0,Health Care,index_list_gics,Life Sciences Tools & Services,very_new_adjudicate,spin_off,https://en.wikipedia.org/wiki/Agilent_Technologies,spin_off,corporate_action
S&P500,CHTR,0001091667,Charter Communications,2016-09-08,2016,1993.0,23.0,1,False,False,4841.0,Communication Services,index_list_gics,Cable & Satellite,established,,,established,established
S&P500,DXCM,0001093557,Dexcom,2020-05-12,2020,1999.0,21.0,1,False,False,3841.0,Health Care,index_list_gics,Health Care Equipment,established,,,established,established
S&P500,PGN,0001094093,PROGRESS ENERGY INC,1996-01-02,1996,,,1,False,False,4911.0,Utilities,sic2,,founding_member,,,founding_member,founding_member
S&P500,TDY,0001094285,Teledyne Technologies,2020-06-22,2020,1960.0,60.0,1,False,False,3812.0,Information Technology,index_list_gics,Electronic Equipment & Instruments,established,,,established,established
S&P500,RE,0001095073,Everest Group,2017-06-19,2017,1973.0,44.0,2,True,False,6331.0,Financials,index_list_gics,Reinsurance,re_entry,,,re_entry,re_entry
S&P500,ALGN,0001097149,Align Technology,2017-06-19,2017,1997.0,20.0,1,False,False,3842.0,Health Care,index_list_gics,Health Care Supplies,established,,,established,established
S&P500,ON,0001097864,ON Semiconductor,2022-06-21,2022,1999.0,23.0,1,False,False,3674.0,Information Technology,index_list_gics,Semiconductors,established,,,established,established
S&P500,MET,0001099219,MetLife,2000-12-11,2000,1868.0,132.0,1,False,False,6311.0,Financials,index_list_gics,Life & Health Insurance,established,,,established,established
S&P500,EW,0001099800,Edwards Lifesciences,2011-04-01,2011,1958.0,53.0,1,False,False,3842.0,Health Care,index_list_gics,Health Care Equipment,established,,,established,established
S&P500,PALM,0001100389,PALM INC,2000-07-28,2000,1992.0,8.0,1,False,False,3575.0,Information Technology,sic4,,genuinely_new_provisional,spin_off,"https://en.wikipedia.org/wiki/Palm,_Inc.",spin_off,corporate_action
S&P500,CRL,0001100682,Charles River Laboratories,2021-05-14,2021,1947.0,74.0,1,False,False,8731.0,Health Care,index_list_gics,Life Sciences Tools & Services,established,,,established,established
S&P500,ADS,0001101215,"BREAD FINANCIAL HOLDINGS, INC.",2013-12-23,2013,1983.0,30.0,1,False,False,6141.0,Financials,sic2,,established,,,established,established
S&P500,EQIX,0001101239,Equinix,2015-03-23,2015,1998.0,17.0,1,False,False,6798.0,Real Estate,index_list_gics,Data Center REITs,established,,,established,established
S&P500,MDLZ,0001103982,Mondelez International,2007-04-02,2007,2012.0,-5.0,1,False,False,2000.0,Consumer Staples,index_list_gics,Packaged Foods & Meats,historical_unmatched,,,historical_unmatched,historical_no_ch_number
S&P500,TWX,0001105705,"WARNER MEDIA, LLC",1996-01-02,1996,1922.0,74.0,1,False,False,4841.0,Communication Services,sic3,,founding_member,,,founding_member,founding_member
S&P500,BBT,0001108134,Beacon Financial Corp,1997-12-04,1997,,,1,False,False,6036.0,Financials,sic2,,unknown_age,,,unknown_age,unknown_age
S&P500,CRM,0001108524,Salesforce,2008-09-15,2008,1999.0,9.0,1,False,False,7372.0,Information Technology,index_list_gics,Application Software,genuinely_new_provisional,genuinely_new,https://en.wikipedia.org/wiki/Salesforce,genuinely_new,genuinely_new_verified
S&P500,QEP,0001108827,"QEP RESOURCES, INC.",2010-07-01,2010,,,1,False,False,1311.0,Energy,sic3,,unknown_age,spin_off,https://en.wikipedia.org/wiki/QEP_Resources,spin_off,corporate_action
S&P500,EXC,0001109357,Exelon,1996-01-02,1996,2000.0,-4.0,1,False,False,4931.0,Utilities,index_list_gics,Electric Utilities,founding_member,,,founding_member,founding_member
S&P500,MON,0001110783,MONSANTO CO /NEW/,2002-08-14,2002,1901.0,101.0,1,False,False,2870.0,Materials,sic2,,established,,,established,established
S&P500,ILMN,0001110803,"ILLUMINA, INC.",2015-11-19,2015,1998.0,17.0,1,False,False,3826.0,Health Care,sic4,,established,,,established,established
S&P500,VSTNQ,0001111335,VISTEON CORP,2000-06-29,2000,2000.0,0.0,1,False,False,3714.0,Consumer Discretionary,sic4,,very_new_adjudicate,spin_off,https://en.wikipedia.org/wiki/Visteon,spin_off,corporate_action
S&P500,NI,0001111711,NiSource,2000-11-02,2000,1912.0,88.0,1,False,False,4931.0,Utilities,index_list_gics,Multi-Utilities,established,,,established,established
S&P500,IPGP,0001111928,IPG PHOTONICS CORP,2018-03-07,2018,1990.0,28.0,1,False,False,3674.0,Information Technology,sic4,,established,,,established,established
S&P500,TROW,0001113169,T. Rowe Price,1999-10-13,1999,1937.0,62.0,1,False,False,6282.0,Financials,index_list_gics,Asset Management & Custody Banks,established,,,established,established
S&P500,DNB,0001115222,DUN & BRADSTREET CORP/NW,2008-12-02,2008,1841.0,167.0,1,False,False,7320.0,Financials,sic4,,established,,,established,established
S&P500,TPR,0001116132,"Tapestry, Inc.",2004-09-01,2004,1941.0,63.0,1,False,False,3100.0,Consumer Discretionary,index_list_gics,"Apparel, Accessories & Luxury Goods",established,,,established,established
S&P500,AV,0001116521,AVAYA INC,2000-10-02,2000,2000.0,0.0,1,False,False,3661.0,Information Technology,sic4,,very_new_adjudicate,spin_off,https://en.wikipedia.org/wiki/Avaya,spin_off,corporate_action
S&P500,NDAQ,0001120193,"Nasdaq, Inc.",2008-10-22,2008,1971.0,37.0,1,False,False,6200.0,Financials,index_list_gics,Financial Exchanges & Data,established,,,established,established
S&P500,GRMN,0001121788,Garmin,2012-12-12,2012,1989.0,23.0,1,False,False,3812.0,Consumer Discretionary,index_list_gics,Consumer Electronics,established,,,established,established
S&P500,AET,0001122304,AETNA INC /PA/,1996-01-02,1996,1853.0,143.0,1,False,False,6324.0,Health Care,sic4,,founding_member,,,founding_member,founding_member
S&P500,GPN,0001123360,Global Payments,2016-04-25,2016,2000.0,16.0,1,False,False,7389.0,Financials,index_list_gics,Transaction & Payment Processing Services,established,,,established,established
S&P500,FLR,0001124198,FLUOR CORP,2000-12-22,2000,1912.0,88.0,1,False,False,1600.0,Industrials,sic2,,established,,,established,established
S&P500,PFG,0001126328,Principal Financial Group,2002-07-22,2002,1879.0,123.0,1,False,False,6321.0,Financials,index_list_gics,Life & Health Insurance,established,,,established,established
S&P500,CNP,0001130310,CenterPoint Energy,1996-01-02,1996,1882.0,114.0,1,False,False,4911.0,Utilities,index_list_gics,Multi-Utilities,founding_member,,,founding_member,founding_member
S&P500,BBBY,0001130713,"BED BATH & BEYOND, INC.",1999-10-01,1999,1971.0,28.0,1,False,False,5961.0,Consumer Discretionary,sic4,,established,,,established,established
S&P500,NOC,0001133421,Northrop Grumman,1996-01-02,1996,1939.0,57.0,1,False,False,3812.0,Industrials,index_list_gics,Aerospace & Defense,founding_member,,,founding_member,founding_member
S&P500,POM,0001135971,POMDOCTOR Ltd,2007-11-09,2007,,,1,False,False,5900.0,Utilities,sic3,,unknown_age,,,unknown_age,unknown_age
S&P500,ZBH,0001136869,Zimmer Biomet,2001-08-07,2001,1927.0,74.0,1,False,False,3842.0,Health Care,index_list_gics,Health Care Equipment,established,,,established,established
S&P500,FIS,0001136893,Fidelity National Information Services,2006-11-10,2006,1968.0,38.0,1,False,False,7389.0,Financials,index_list_gics,Transaction & Payment Processing Services,established,,,established,established
S&P500,COL,0001137411,ROCKWELL COLLINS INC,2001-07-02,2001,1933.0,68.0,1,False,False,3728.0,Industrials,sic4,,established,,,established,established
S&P500,PRU,0001137774,Prudential Financial,2002-07-22,2002,1875.0,127.0,1,False,False,6311.0,Financials,index_list_gics,Life & Health Insurance,established,,,established,established
S&P500,STX,0001137789,Seagate Technology,2012-07-02,2012,1979.0,33.0,1,False,False,3572.0,Information Technology,index_list_gics,"Technology Hardware, Storage & Peripherals",established,,,established,established
S&P500,CBRE,0001138118,CBRE Group,2006-11-10,2006,1906.0,100.0,1,False,False,6500.0,Real Estate,index_list_gics,Real Estate Services,established,,,established,established
S&P500,AWE,0001138234,"NEW CINGULAR WIRELESS SERVICES, INC.",2001-07-09,2001,1966.0,35.0,1,False,False,4812.0,Communication Services,sic3,,established,,,established,established
S&P500,WLTW,0001140536,Willis Towers Watson,2016-01-05,2016,2016.0,0.0,2,True,False,6411.0,Financials,index_list_gics,Insurance Brokers,re_entry,merger,https://en.wikipedia.org/wiki/Willis_Towers_Watson,merger,corporate_action
S&P500,ABC,0001140859,Cencora,2001-08-30,2001,1947.0,54.0,2,True,False,5122.0,Health Care,index_list_gics,Health Care Distributors,re_entry,,,re_entry,re_entry
S&P500,KMG,0001141185,KERR MCGEE CORP /DE,1996-01-02,1996,1929.0,67.0,1,False,False,1311.0,Energy,sic3,,founding_member,,,founding_member,founding_member
S&P500,MA,0001141391,Mastercard,2008-07-18,2008,1966.0,42.0,1,False,False,7389.0,Financials,index_list_gics,Transaction & Payment Processing Services,established,,,established,established
S&P500,CBE,0001141982,Cooper Industries plc,1996-01-02,1996,1833.0,163.0,2,True,False,3670.0,Information Technology,sic4,,founding_member,,,founding_member,founding_member
S&P500,AYI,0001144215,ACUITY INC. (DE),2016-05-03,2016,1919.0,97.0,1,False,False,3640.0,Information Technology,sic2,,established,,,established,established
S&P500,PODD,0001145197,Insulet Corporation,2023-03-15,2023,2000.0,23.0,1,False,False,3841.0,Health Care,index_list_gics,Health Care Equipment,established,,,established,established
S&P500,ANTM,0001156039,Elevance Health,2002-07-25,2002,1946.0,56.0,2,True,False,6324.0,Health Care,index_list_gics,Managed Health Care,re_entry,,,re_entry,re_entry
S&P500,CME,0001156375,CME Group,2006-08-11,2006,1848.0,158.0,1,False,False,6200.0,Financials,index_list_gics,Financial Exchanges & Data,established,,,established,established
S&P500,ASN,0001156826,ARCHSTONE SMITH TRUST,2004-12-20,2004,,,1,False,False,6798.0,Real Estate,sic4,,unknown_age,merger,https://en.wikipedia.org/wiki/Archstone,merger,corporate_action
S&P500,AAP,0001158449,ADVANCE AUTO PARTS INC,2015-07-09,2015,1932.0,83.0,1,False,False,5531.0,Consumer Discretionary,sic2,,established,,,established,established
S&P500,MWV,0001159297,MEADWESTVACO Corp,1996-01-02,1996,1846.0,150.0,1,False,False,2621.0,Materials,sic2,,founding_member,,,founding_member,founding_member
S&P500,COP,0001163165,ConocoPhillips,1996-01-02,1996,2002.0,-6.0,1,False,False,2911.0,Energy,index_list_gics,Oil & Gas Exploration & Production,founding_member,,,founding_member,founding_member
S&P500,X,0001163302,UNITED STATES STEEL CORP,1996-01-02,1996,1901.0,95.0,1,False,False,3312.0,Materials,sic2,,founding_member,,,founding_member,founding_member
S&P500,NBR,0001163739,NABORS INDUSTRIES LTD,2000-10-18,2000,1952.0,48.0,1,False,False,1381.0,Energy,sic3,,established,,,established,established
S&P500,NEM,0001164727,Newmont,1996-01-02,1996,1921.0,75.0,1,False,False,1040.0,Materials,index_list_gics,Gold,founding_member,,,founding_member,founding_member
S&P500,JCP,0001166126,"Old COPPER Company, Inc.",1996-01-02,1996,1902.0,94.0,1,False,False,5311.0,Consumer Discretionary,sic2,,founding_member,,,founding_member,founding_member
S&P500,TEN,0001166663,TSAKOS ENERGY NAVIGATION LTD,1996-01-02,1996,1993.0,3.0,1,False,False,4412.0,,,,founding_member,,,founding_member,founding_member
S&P500,CMCSA,0001166691,Comcast,1996-01-02,1996,1963.0,33.0,2,True,False,4841.0,Communication Services,index_list_gics,Cable & Satellite,founding_member,,,founding_member,founding_member
S&P500,XEC,0001168054,CIMAREX ENERGY CO,2014-06-20,2014,2002.0,12.0,1,False,False,1311.0,Energy,sic3,,genuinely_new_provisional,spin_off,https://en.wikipedia.org/wiki/Cimarex_Energy,spin_off,corporate_action
S&P500,KMX,0001170010,CARMAX INC,2010-06-28,2010,1993.0,17.0,1,False,False,5500.0,Consumer Discretionary,sic2,,established,,,established,established
S&P500,WFT,0001170565,WEATHERFORD INTERNATIONAL LTD,2005-07-22,2005,,,1,False,False,1381.0,Energy,sic3,,unknown_age,,,unknown_age,unknown_age
S&P500,MHS,0001170650,MEDCO HEALTH SOLUTIONS INC,2003-08-20,2003,1983.0,20.0,1,False,False,5912.0,Consumer Staples,sic4,,established,,,established,established
S&P500,CITGQ,0001171825,CIT GROUP INC,2004-10-27,2004,1908.0,96.0,1,False,False,6021.0,Financials,sic2,,established,,,established,established
S&P500,WYNN,0001174922,Wynn Resorts,2008-11-14,2008,2002.0,6.0,1,False,False,7011.0,Consumer Discretionary,index_list_gics,Casinos & Gaming,genuinely_new_provisional,genuinely_new,https://en.wikipedia.org/wiki/Wynn_Resorts,genuinely_new,genuinely_new_verified
S&P500,FLT,0001175454,Corpay,2018-06-20,2018,2000.0,18.0,2,True,False,7389.0,Financials,index_list_gics,Transaction & Payment Processing Services,re_entry,,,re_entry,re_entry
S&P500,ARES,0001176948,Ares Management,2025-12-11,2025,1977.0,48.0,1,False,False,6282.0,Financials,index_list_gics,Asset Management & Custody Banks,established,,,established,established
S&P500,MOH,0001179929,"MOLINA HEALTHCARE, INC.",2022-03-02,2022,1980.0,42.0,1,False,False,6324.0,Health Care,sic4,,established,,,established,established
S&P500,CCK,0001219601,"CROWN HOLDINGS, INC.",1996-01-02,1996,1892.0,104.0,1,False,False,3411.0,Industrials,sic2,,founding_member,,,founding_member,founding_member
S&P500,GLD,0001222333,SPDR GOLD TRUST,1996-01-02,1996,2004.0,-8.0,1,False,False,6221.0,Financials,sic2,,founding_member,,,founding_member,founding_member
S&P500,TDG,0001260221,TransDigm Group,2016-06-03,2016,1993.0,23.0,1,False,False,3728.0,Industrials,index_list_gics,Aerospace & Defense,established,,,established,established
S&P500,FTNT,0001262039,Fortinet,2018-10-11,2018,2000.0,18.0,1,False,False,3577.0,Information Technology,index_list_gics,Systems Software,established,,,established,established
S&P500,AIZ,0001267238,Assurant,2007-04-10,2007,1892.0,115.0,1,False,False,6399.0,Financials,index_list_gics,Multi-line Insurance,established,,,established,established
S&P500,FSL,0001272547,FREESCALE SEMICONDUCTOR INC,2004-12-03,2004,2004.0,0.0,1,False,False,3674.0,Information Technology,sic4,,very_new_adjudicate,spin_off,https://en.wikipedia.org/wiki/Freescale_Semiconductor,spin_off,corporate_action
S&P500,GTE,0001273441,GRAN TIERRA ENERGY INC.,1996-01-02,1996,2005.0,-9.0,1,False,False,1311.0,Energy,sic3,,founding_member,,,founding_member,founding_member
S&P500,HSP,0001274057,HOSPIRA INC,2004-05-03,2004,2004.0,0.0,1,False,False,2834.0,Health Care,sic4,,very_new_adjudicate,spin_off,https://en.wikipedia.org/wiki/Hospira,spin_off,corporate_action
S&P500,FSLR,0001274494,First Solar,2009-10-16,2009,1999.0,10.0,2,True,False,3674.0,Information Technology,index_list_gics,Semiconductors,re_entry,,,re_entry,re_entry
S&P500,RAI,0001275283,REYNOLDS AMERICAN INC,2002-09-04,2002,1875.0,127.0,1,False,False,2111.0,Consumer Staples,sic2,,established,,,established,established
S&P500,GNW,0001276520,GENWORTH FINANCIAL INC,2005-12-02,2005,1871.0,134.0,1,False,False,6311.0,Financials,sic2,,established,,,established,established
S&P500,MKTX,0001278021,MARKETAXESS HOLDINGS INC,2019-07-01,2019,2000.0,19.0,1,False,False,6211.0,Financials,sic2,,established,,,established,established
S&P500,WCG,0001279363,"WELLCARE HEALTH PLANS, INC.",2018-09-17,2018,1985.0,33.0,1,False,False,6324.0,Health Care,sic4,,established,,,established,established
S&P500,MPWR,0001280452,Monolithic Power Systems,2021-02-12,2021,1997.0,24.0,1,False,False,3674.0,Information Technology,index_list_gics,Semiconductors,established,,,established,established
S&P500,RF,0001281761,Regions Financial Corporation,1998-08-28,1998,1971.0,27.0,1,False,False,6021.0,Financials,index_list_gics,Regional Banks,established,,,established,established
S&P500,WIN,0001282266,"WINDSTREAM HOLDINGS, INC.",2006-07-18,2006,2006.0,0.0,1,False,False,4813.0,Communication Services,sic3,,very_new_adjudicate,spin_off,https://en.wikipedia.org/wiki/Windstream_Holdings,spin_off,corporate_action
S&P500,TMUS,0001283699,T-Mobile US,2009-06-30,2009,1994.0,15.0,2,True,False,4812.0,Communication Services,index_list_gics,Wireless Telecommunication Services,re_entry,,,re_entry,re_entry
S&P500,MOS,0001285785,Mosaic Company (The),2011-09-26,2011,2004.0,7.0,1,False,False,2870.0,Materials,index_list_gics,Fertilizers & Agricultural Chemicals,genuinely_new_provisional,merger,https://en.wikipedia.org/wiki/The_Mosaic_Company,merger,corporate_action
S&P500,DPZ,0001286681,Domino's,2020-05-12,2020,1960.0,60.0,1,False,False,5140.0,Consumer Discretionary,index_list_gics,Restaurants,established,,,established,established
S&P500,ENS,0001289308,EnerSys,1996-01-02,1996,1999.0,-3.0,1,False,False,3690.0,Industrials,sic4,,founding_member,,,founding_member,founding_member
S&P500,EXR,0001289490,Extra Space Storage,2016-01-19,2016,1977.0,39.0,1,False,False,6798.0,Real Estate,index_list_gics,Self-Storage REITs,established,,,established,established
S&P500,DLR,0001297996,Digital Realty,2016-05-18,2016,2004.0,12.0,1,False,False,6798.0,Real Estate,index_list_gics,Data Center REITs,genuinely_new_provisional,ipo_established,https://en.wikipedia.org/wiki/Digital_Realty,ipo_established,corporate_action
S&P500,LVS,0001300514,Las Vegas Sands,2019-10-03,2019,1988.0,31.0,1,False,False,7011.0,Consumer Discretionary,index_list_gics,Casinos & Gaming,established,,,established,established
S&P500,ANRZQ,0001301063,"Alpha Natural Resources, Inc.",2011-06-02,2011,2002.0,9.0,1,False,False,1221.0,Energy,sic2,,genuinely_new_provisional,merger,https://en.wikipedia.org/wiki/Alpha_Natural_Resources,merger,corporate_action
S&P500,CE,0001306830,Celanese Corp,2001-04-02,2001,1918.0,83.0,2,True,False,2820.0,Materials,sic2,,re_entry,,,re_entry,re_entry
S&P500,SHLD,0001310067,SEARS HOLDINGS CORP,2005-03-28,2005,1892.0,113.0,1,False,False,5311.0,Consumer Discretionary,sic2,,established,,,established,established
S&P500,BLDR,0001316835,Builders FirstSource,2023-10-18,2023,1998.0,25.0,1,False,False,5211.0,Industrials,index_list_gics,Building Products,established,,,established,established
S&P500,TSLA,0001318605,"Tesla, Inc.",2020-12-21,2020,2003.0,17.0,1,False,False,3711.0,Consumer Discretionary,index_list_gics,Automobile Manufacturers,established,,,established,established
S&P500,FMY,0001319183,FIRST TRUST MORTGAGE INCOME FUND,1998-07-10,1998,2005.0,-7.0,1,False,False,,,,,historical_unmatched,,,historical_unmatched,historical_no_ch_number
S&P500,PLTR,0001321655,Palantir Technologies,2024-09-23,2024,2003.0,21.0,1,False,False,7372.0,Information Technology,index_list_gics,Application Software,established,,,established,established
S&P500,CF,0001324404,CF Industries,2000-06-19,2000,1946.0,54.0,2,True,False,2870.0,Materials,index_list_gics,Fertilizers & Agricultural Chemicals,re_entry,,,re_entry,re_entry
S&P500,EXPE,0001324424,Expedia Group,2007-10-02,2007,1996.0,11.0,1,False,False,4700.0,Consumer Discretionary,index_list_gics,"Hotels, Resorts & Cruise Lines",genuinely_new_provisional,spin_off,https://en.wikipedia.org/wiki/Expedia_Group,spin_off,corporate_action
S&P500,DUK,0001326160,Duke Energy,1996-01-02,1996,1904.0,92.0,1,False,False,4931.0,Utilities,index_list_gics,Electric Utilities,founding_member,,,founding_member,founding_member
S&P500,GME,0001326380,GameStop Corp.,2007-12-14,2007,1984.0,23.0,1,False,False,5734.0,Consumer Discretionary,sic2,,established,,,established,established
S&P500,FB,0001326801,Meta Platforms,2013-12-23,2013,2004.0,9.0,2,True,False,7370.0,Communication Services,index_list_gics,Interactive Media & Services,re_entry,genuinely_new,https://en.wikipedia.org/wiki/Meta_Platforms,genuinely_new,genuinely_new_verified
S&P500,PANW,0001327567,Palo Alto Networks,2023-06-20,2023,2005.0,18.0,1,False,False,3577.0,Information Technology,index_list_gics,Systems Software,established,,,established,established
S&P500,WDAY,0001327811,"Workday, Inc.",2024-12-23,2024,2005.0,19.0,1,False,False,7374.0,Information Technology,index_list_gics,Application Software,established,,,established,established
S&P500,LYV,0001335258,Live Nation Entertainment,2019-12-23,2019,2005.0,14.0,1,False,False,7900.0,Communication Services,index_list_gics,Movies & Entertainment,established,merger,https://en.wikipedia.org/wiki/Live_Nation_Entertainment,merger,corporate_action
S&P500,UAA,0001336917,"Under Armour, Inc.",2014-05-01,2014,1996.0,18.0,2,True,False,2300.0,Consumer Discretionary,sic2,,re_entry,,,re_entry,re_entry
S&P500,LDOS,0001336920,Leidos,2009-12-21,2009,1969.0,40.0,2,True,False,7373.0,Industrials,index_list_gics,Diversified Support Services,re_entry,,,re_entry,re_entry
S&P500,VIAB,0001339947,Viacom Inc.,2006-01-03,2006,1952.0,54.0,1,False,False,4841.0,Communication Services,sic3,,established,,,established,established
S&P500,ORCL,0001341439,Oracle Corporation,1996-01-02,1996,1977.0,19.0,1,False,False,7372.0,Information Technology,index_list_gics,Application Software,founding_member,,,founding_member,founding_member
S&P500,TX,0001342874,Ternium S.A.,1996-01-02,1996,2005.0,-9.0,1,False,False,3312.0,,,,founding_member,,,founding_member,founding_member
S&P500,PAC,0001347557,Pacific Airport Group,1996-01-02,1996,1998.0,-2.0,1,False,False,4581.0,,,,founding_member,,,founding_member,founding_member
S&P500,EPAM,0001352010,"EPAM Systems, Inc.",2021-12-14,2021,1993.0,28.0,1,False,False,7371.0,Information Technology,sic4,,established,,,established,established
S&P500,CXO,0001358071,CONCHO RESOURCES INC,2016-02-22,2016,2004.0,12.0,1,False,False,1311.0,Energy,sic3,,genuinely_new_provisional,genuinely_new,https://en.wikipedia.org/wiki/Concho_Resources,genuinely_new,genuinely_new_verified
S&P500,HBI,0001359841,Hanesbrands Inc.,2015-03-23,2015,1901.0,114.0,1,False,False,5600.0,Consumer Discretionary,sic2,,established,,,established,established
S&P500,WYND,0001361658,Travel & Leisure Co.,2006-08-01,2006,,,1,False,False,7011.0,Consumer Discretionary,sic2,,unknown_age,spin_off,https://en.wikipedia.org/wiki/Wyndham_Worldwide,spin_off,corporate_action
S&P500,WU,0001365135,Western Union CO,2006-10-02,2006,1851.0,155.0,1,False,False,7389.0,Industrials,sic4,,established,,,established,established
S&P500,NYX,0001368007,NYSE Euronext,2007-10-25,2007,1792.0,215.0,1,False,False,6200.0,Financials,sic2,,established,,,established,established
S&P500,ETSY,0001370637,ETSY INC,2020-09-21,2020,2005.0,15.0,1,False,False,7389.0,Consumer Discretionary,company_override,,established,,,established,established
S&P500,NOW,0001373715,ServiceNow,2019-11-21,2019,2003.0,16.0,1,False,False,7372.0,Information Technology,index_list_gics,Systems Software,established,,,established,established
S&P500,SE,0001373835,Sea Ltd,2007-01-03,2007,2009.0,-2.0,1,False,False,7380.0,Energy,sic3,,historical_unmatched,,,historical_unmatched,historical_no_ch_number
S&P500,CBOE,0001374310,Cboe Global Markets,2017-03-01,2017,1973.0,44.0,1,False,False,6200.0,Financials,index_list_gics,Financial Exchanges & Data,established,,,established,established
S&P500,SMCI,0001375365,Supermicro,2024-03-18,2024,1993.0,31.0,1,False,False,3571.0,Information Technology,index_list_gics,"Technology Hardware, Storage & Peripherals",established,,,established,established
S&P500,TWC,0001377013,"SPECTRUM MANAGEMENT HOLDING COMPANY, LLC",2009-03-30,2009,,,1,False,False,4841.0,Communication Services,sic3,,unknown_age,,,unknown_age,unknown_age
S&P500,PBCT,0001378946,"People's United Financial, Inc.",2008-11-13,2008,1842.0,166.0,1,False,False,6035.0,Financials,sic2,,established,,,established,established
S&P500,IBKR,0001381197,Interactive Brokers,2025-08-28,2025,1977.0,48.0,1,False,False,6211.0,Financials,index_list_gics,Investment Banking & Brokerage,established,,,established,established
S&P500,BR,0001383312,Broadridge Financial Solutions,1996-01-02,1996,1962.0,34.0,2,True,False,7389.0,Industrials,index_list_gics,Data Processing & Outsourced Services,founding_member,,,founding_member,founding_member
S&P500,TEL,0001385157,TE Connectivity,2007-07-02,2007,2007.0,0.0,2,True,False,5065.0,Information Technology,index_list_gics,Electronic Manufacturing Services,re_entry,,,re_entry,re_entry
S&P500,COV,0001385187,Covidien plc,1996-01-02,1996,2007.0,-11.0,3,True,False,3841.0,Health Care,sic4,,founding_member,,,founding_member,founding_member
S&P500,TRGP,0001389170,Targa Resources,2022-10-12,2022,2005.0,17.0,1,False,False,4922.0,Energy,index_list_gics,Oil & Gas Storage & Transportation,established,,,established,established
S&P500,BNY,0001390777,BNY Mellon,2026-05-21,2026,1784.0,242.0,1,False,False,6022.0,Financials,index_list_gics,Asset Management & Custody Banks,established,,,established,established
S&P500,VEEV,0001393052,Veeva Systems,2026-05-07,2026,2007.0,19.0,1,False,False,7372.0,Health Care,index_list_gics,Health Care Technology,established,,,established,established
S&P500,PSA,0001393311,Public Storage,2005-08-19,2005,1972.0,33.0,1,False,False,6798.0,Real Estate,index_list_gics,Self-Storage REITs,established,,,established,established
S&P500,DFS,0001393612,Discover Financial Services,2007-07-02,2007,1985.0,22.0,1,False,False,6141.0,Financials,sic2,,established,,,established,established
S&P500,BX,0001393818,Blackstone Inc.,2023-09-18,2023,1985.0,38.0,1,False,False,6282.0,Financials,index_list_gics,Asset Management & Custody Banks,established,,,established,established
S&P500,VMC,0001396009,Vulcan Materials Company,1999-07-01,1999,1909.0,90.0,1,False,False,1400.0,Materials,index_list_gics,Construction Materials,established,,,established,established
S&P500,LULU,0001397187,Lululemon Athletica,2023-10-18,2023,1998.0,25.0,1,False,False,2300.0,Consumer Discretionary,index_list_gics,"Apparel, Accessories & Luxury Goods",established,,,established,established
S&P500,G,0001398659,Genpact LTD,1996-01-02,1996,1997.0,-1.0,1,False,False,8742.0,Industrials,sic4,,founding_member,,,founding_member,founding_member
S&P500,MI,0001399315,NFT Ltd,2002-02-11,2002,1847.0,155.0,1,False,False,6199.0,Financials,sic2,,established,,,established,established
S&P500,CDW,0001402057,CDW Corporation,2019-09-23,2019,1984.0,35.0,1,False,False,5961.0,Information Technology,index_list_gics,Technology Distributors,established,,,established,established
S&P500,V,0001403161,Visa Inc.,2009-12-21,2009,1958.0,51.0,1,False,False,7389.0,Financials,index_list_gics,Transaction & Payment Processing Services,established,,,established,established
S&P500,ULTA,0001403568,Ulta Beauty,2016-04-18,2016,1990.0,26.0,1,False,False,5990.0,Consumer Discretionary,index_list_gics,Other Specialty Retail,established,,,established,established
S&P500,KKR,0001404912,KKR & Co.,2024-06-24,2024,1976.0,48.0,1,False,False,6282.0,Financials,index_list_gics,Asset Management & Custody Banks,established,,,established,established
S&P500,MSCI,0001408198,MSCI Inc.,2018-04-04,2018,1969.0,49.0,1,False,False,7389.0,Financials,index_list_gics,Financial Exchanges & Data,established,,,established,established
S&P500,AWK,0001410636,American Water Works,2016-03-04,2016,1886.0,130.0,1,False,False,4941.0,Utilities,index_list_gics,Water Utilities,established,,,established,established
S&P500,PM,0001413329,Philip Morris International,2008-03-31,2008,1847.0,161.0,1,False,False,2111.0,Consumer Staples,index_list_gics,Tobacco,established,spin_off,https://en.wikipedia.org/wiki/Philip_Morris_International,spin_off,corporate_action
S&P500,NXPI,0001413447,NXP Semiconductors,2021-03-22,2021,1953.0,68.0,1,False,False,3674.0,Information Technology,index_list_gics,Semiconductors,established,,,established,established
S&P500,SATS,0001415404,EchoStar,2026-03-23,2026,2007.0,19.0,1,False,False,4899.0,Communication Services,index_list_gics,Wireless Telecommunication Services,established,,,established,established
S&P500,TWTR,0001418091,"TWITTER, INC.",2018-06-07,2018,2006.0,12.0,1,False,False,7370.0,Communication Services,company_override,,genuinely_new_provisional,genuinely_new,"https://en.wikipedia.org/wiki/Twitter,_Inc.",genuinely_new,genuinely_new_verified
S&P500,KDP,0001418135,Keurig Dr Pepper,2008-10-07,2008,1981.0,27.0,2,True,False,2080.0,Consumer Staples,index_list_gics,Soft Drinks & Non-alcoholic Beverages,re_entry,,,re_entry,re_entry
S&P500,SEDG,0001419612,"SOLAREDGE TECHNOLOGIES, INC.",2021-12-20,2021,2006.0,15.0,1,False,False,3674.0,Information Technology,sic4,,established,,,established,established
S&P500,BNL,0001424182,"Broadstone Net Lease, Inc.",1996-01-02,1996,2007.0,-11.0,1,False,False,6798.0,Real Estate,sic4,,founding_member,,,founding_member,founding_member
S&P500,LO,0001424847,"LORILLARD, LLC",2008-06-11,2008,1760.0,248.0,1,False,False,2111.0,Consumer Staples,sic2,,established,,,established,established
S&P500,SNI,0001430602,"Scripps Networks Interactive, Inc.",2008-07-01,2008,2008.0,0.0,1,False,False,4841.0,Communication Services,sic3,,very_new_adjudicate,spin_off,https://en.wikipedia.org/wiki/Scripps_Networks_Interactive,spin_off,corporate_action
S&P500,AR,0001433270,ANTERO RESOURCES Corp,1996-01-02,1996,2002.0,-6.0,1,False,False,1311.0,Energy,sic3,,founding_member,,,founding_member,founding_member
S&P500,SB,0001434754,"SAFE BULKERS, INC.",1996-01-02,1996,2007.0,-11.0,1,False,False,4412.0,,,,founding_member,,,founding_member,founding_member
S&P500,WBD,0001437107,Warner Bros. Discovery,2022-04-11,2022,1923.0,99.0,1,False,False,4841.0,Communication Services,index_list_gics,Broadcasting,established,merger,https://en.wikipedia.org/wiki/Warner_Bros._Discovery,merger,corporate_action
S&P500,CCB,0001437958,COASTAL FINANCIAL CORP,1996-01-02,1996,1997.0,-1.0,1,False,False,6022.0,Financials,sic2,,founding_member,,,founding_member,founding_member
S&P500,GNT,0001438893,"GAMCO Natural Resources, Gold & Income Trust",1996-03-13,1996,2008.0,-12.0,1,False,False,,,,,founding_member,,,founding_member,founding_member
S&P500,VRSK,0001442145,Verisk Analytics,2015-10-08,2015,1971.0,44.0,1,False,False,7374.0,Industrials,index_list_gics,Research & Consulting Services,established,,,established,established
S&P500,EC,0001444406,ECOPETROL S.A.,1996-01-02,1996,1951.0,45.0,1,False,False,1311.0,,,,founding_member,,,founding_member,founding_member
S&P500,RIG,0001451505,Transocean Ltd.,1999-12-31,1999,1953.0,46.0,2,True,False,1381.0,Energy,sic3,,re_entry,,,re_entry,re_entry
S&P500,MJN,0001452575,Mead Johnson Nutrition Co,2009-12-21,2009,1905.0,104.0,1,False,False,2000.0,Consumer Staples,sic2,,established,,,established,established
S&P500,CFN,0001457543,CAREFUSION Corp,2009-09-01,2009,2009.0,0.0,1,False,False,3841.0,Health Care,sic4,,very_new_adjudicate,spin_off,https://en.wikipedia.org/wiki/CareFusion,spin_off,corporate_action
S&P500,ENPH,0001463101,"Enphase Energy, Inc.",2021-01-07,2021,2006.0,15.0,1,False,False,3674.0,Information Technology,sic4,,established,,,established,established
S&P500,TT,0001466258,Trane Technologies,2002-05-13,2002,1871.0,131.0,2,True,False,3822.0,Industrials,index_list_gics,Building Products,re_entry,,,re_entry,re_entry
S&P500,ACN,0001467373,Accenture,2011-07-06,2011,1989.0,22.0,1,False,False,7389.0,Information Technology,index_list_gics,IT Consulting & Other Services,established,,,established,established
S&P500,GM,0001467858,General Motors,2013-06-07,2013,1908.0,105.0,1,False,False,3711.0,Consumer Discretionary,index_list_gics,Automobile Manufacturers,established,,,established,established
S&P500,H,0001468174,Hyatt Hotels Corp,1996-01-02,1996,1957.0,39.0,2,True,False,7011.0,Consumer Discretionary,sic2,,founding_member,,,founding_member,founding_member
S&P500,GNRC,0001474735,Generac,2021-03-22,2021,1959.0,62.0,1,False,False,3621.0,Industrials,index_list_gics,Electrical Components & Equipment,established,,,established,established
S&P500,IQV,0001478242,IQVIA,2017-08-29,2017,1982.0,35.0,1,False,False,8731.0,Health Care,index_list_gics,Life Sciences Tools & Services,established,,,established,established
S&P500,OM,0001484612,"Outset Medical, Inc.",1996-01-02,1996,2003.0,-7.0,1,False,False,3845.0,Health Care,sic4,,founding_member,,,founding_member,founding_member
S&P500,LYB,0001489393,LyondellBasell,2012-09-05,2012,2007.0,5.0,1,False,False,2860.0,Materials,index_list_gics,Specialty Chemicals,genuinely_new_provisional,merger,https://en.wikipedia.org/wiki/LyondellBasell,merger,corporate_action
S&P500,CCE,0001491675,"COCA-COLA EUROPEAN PARTNERS US, LLC",1998-10-08,1998,1986.0,12.0,1,False,False,2086.0,Consumer Staples,sic2,,genuinely_new_provisional,spin_off,https://en.wikipedia.org/wiki/Coca-Cola_Enterprises,spin_off,corporate_action
S&P500,NLSN,0001492633,Nielsen Holdings plc,2013-07-09,2013,1923.0,90.0,1,False,False,7389.0,Industrials,sic4,,established,,,established,established
S&P500,GGP,0001496048,Brookfield Property REIT Inc.,2007-07-02,2007,1954.0,53.0,2,True,False,6798.0,Real Estate,sic4,,re_entry,,,re_entry,re_entry
S&P500,HII,0001501585,Huntington Ingalls Industries,2018-01-03,2018,2011.0,7.0,1,False,False,3730.0,Industrials,index_list_gics,Aerospace & Defense,genuinely_new_provisional,spin_off,https://en.wikipedia.org/wiki/Huntington_Ingalls_Industries,spin_off,corporate_action
S&P500,KMI,0001506307,Kinder Morgan,2000-12-12,2000,1997.0,3.0,2,True,False,4922.0,Energy,index_list_gics,Oil & Gas Storage & Transportation,re_entry,,,re_entry,re_entry
S&P500,MPC,0001510295,Marathon Petroleum,2011-07-01,2011,1887.0,124.0,1,False,False,2911.0,Energy,index_list_gics,Oil & Gas Refining & Marketing,established,spin_off,https://en.wikipedia.org/wiki/Marathon_Petroleum,spin_off,corporate_action
S&P500,XYZ,0001512673,"Block, Inc.",2025-07-23,2025,2009.0,16.0,1,False,False,7372.0,Financials,index_list_gics,Transaction & Payment Processing Services,established,,,established,established
S&P500,CHRS,0001512762,"Coherus Oncology, Inc.",1996-01-02,1996,2010.0,-14.0,1,False,False,2836.0,Health Care,sic4,,founding_member,,,founding_member,founding_member
S&P500,NCLH,0001513761,Norwegian Cruise Line Holdings,2017-10-13,2017,1966.0,51.0,1,False,False,4400.0,Consumer Discretionary,index_list_gics,"Hotels, Resorts & Cruise Lines",established,ipo_established,https://en.wikipedia.org/wiki/Norwegian_Cruise_Line,ipo_established,corporate_action
S&P500,WPX,0001518832,"WPX ENERGY, INC.",2012-01-03,2012,2011.0,1.0,1,False,False,1311.0,Energy,sic3,,very_new_adjudicate,spin_off,https://en.wikipedia.org/wiki/WPX_Energy,spin_off,corporate_action
S&P500,FBHS,0001519751,"Fortune Brands Innovations, Inc.",2016-06-24,2016,2011.0,5.0,1,False,False,2430.0,Industrials,sic2,,genuinely_new_provisional,spin_off,https://en.wikipedia.org/wiki/Fortune_Brands_Home_%26_Security,spin_off,corporate_action
S&P500,APTV,0001521332,Aptiv,2012-12-24,2012,1994.0,18.0,1,False,False,3714.0,Consumer Discretionary,index_list_gics,Automotive Parts & Equipment,established,,,established,established
S&P500,XYL,0001524472,Xylem Inc.,2011-11-01,2011,2011.0,0.0,1,False,False,3561.0,Industrials,index_list_gics,Industrial Machinery & Supplies & Components,very_new_adjudicate,spin_off,https://en.wikipedia.org/wiki/Xylem_Inc.,spin_off,corporate_action
S&P500,TRIP,0001526520,"TripAdvisor, Inc.",2011-12-21,2011,2000.0,11.0,1,False,False,7370.0,Consumer Discretionary,company_override,,genuinely_new_provisional,spin_off,https://en.wikipedia.org/wiki/Tripadvisor,spin_off,corporate_action
S&P500,CG,0001527166,Carlyle Group Inc.,1996-01-02,1996,1987.0,9.0,1,False,False,6282.0,Financials,sic2,,founding_member,,,founding_member,founding_member
S&P500,CPRI,0001530721,Capri Holdings Ltd,2016-01-04,2016,1981.0,35.0,1,False,False,3100.0,Consumer Discretionary,sic2,,established,,,established,established
S&P500,PSX,0001534701,Phillips 66,2012-05-01,2012,1917.0,95.0,1,False,False,2911.0,Energy,index_list_gics,Oil & Gas Refining & Marketing,established,spin_off,https://en.wikipedia.org/wiki/Phillips_66,spin_off,corporate_action
S&P500,CRWD,0001535527,CrowdStrike,2024-06-24,2024,2011.0,13.0,1,False,False,7372.0,Information Technology,index_list_gics,Systems Software,established,,,established,established
S&P500,FANG,0001539838,Diamondback Energy,2018-12-03,2018,2007.0,11.0,1,False,False,1311.0,Energy,index_list_gics,Oil & Gas Exploration & Production,genuinely_new_provisional,genuinely_new,https://en.wikipedia.org/wiki/Diamondback_Energy,genuinely_new,genuinely_new_verified
S&P500,UBER,0001543151,Uber,2023-10-18,2023,2009.0,14.0,1,False,False,7389.0,Industrials,index_list_gics,Passenger Ground Transportation,established,,,established,established
S&P500,KRFT,0001545158,"Kraft Foods Group, Inc.",2012-10-02,2012,1903.0,109.0,1,False,False,2000.0,Consumer Staples,sic2,,established,,,established,established
S&P500,ABBV,0001551152,AbbVie,2013-01-02,2013,2013.0,0.0,1,False,False,2834.0,Health Care,index_list_gics,Biotechnology,very_new_adjudicate,spin_off,https://en.wikipedia.org/wiki/AbbVie,spin_off,corporate_action
S&P500,ETN,0001551182,Eaton Corporation,1996-01-02,1996,1911.0,85.0,1,False,False,3590.0,Industrials,index_list_gics,Electrical Components & Equipment,founding_member,,,founding_member,founding_member
S&P500,SUN,0001552275,Sunoco LP,1996-01-02,1996,1886.0,110.0,1,False,False,2911.0,Energy,sic3,,founding_member,,,founding_member,founding_member
S&P500,ZTS,0001555280,Zoetis,2013-06-24,2013,1952.0,61.0,1,False,False,2834.0,Health Care,index_list_gics,Pharmaceuticals,established,,,established,established
S&P500,ABNB,0001559720,Airbnb,2023-09-18,2023,2008.0,15.0,1,False,False,7340.0,Consumer Discretionary,index_list_gics,"Hotels, Resorts & Cruise Lines",established,,,established,established
S&P500,DDOG,0001561550,Datadog,2025-07-09,2025,2010.0,15.0,1,False,False,7372.0,Information Technology,index_list_gics,Application Software,established,,,established,established
S&P500,AMH,0001562401,American Homes 4 Rent,1996-01-02,1996,2012.0,-16.0,1,False,False,6798.0,Real Estate,sic4,,founding_member,,,founding_member,founding_member
S&P500,NWSA,0001564708,News Corp (Class B),2013-07-01,2013,2013.0,0.0,2,True,False,2711.0,Communication Services,index_list_gics,Publishing,re_entry,,,re_entry,re_entry
S&P500,MNK,0001567892,Keenova Therapeutics plc,2014-08-19,2014,1867.0,147.0,1,False,False,2834.0,Health Care,sic4,,established,,,established,established
S&P500,PD,0001568100,"PagerDuty, Inc.",1996-01-02,1996,2009.0,-13.0,1,False,False,7372.0,Information Technology,sic4,,founding_member,,,founding_member,founding_member
S&P500,ICE,0001571949,Intercontinental Exchange,2007-09-26,2007,2000.0,7.0,1,False,False,6200.0,Financials,index_list_gics,Financial Exchanges & Data,genuinely_new_provisional,genuinely_new,https://www.ice.com/about/history,genuinely_new,genuinely_new_verified
S&P500,DELL,0001571996,Dell Technologies,1996-09-06,1996,2013.0,-17.0,2,True,False,3571.0,Information Technology,index_list_gics,"Technology Hardware, Storage & Peripherals",founding_member,,,founding_member,founding_member
S&P500,ASC,0001577437,Ardmore Shipping Corp,1996-01-02,1996,2010.0,-14.0,1,False,False,4412.0,,,,founding_member,,,founding_member,founding_member
S&P500,MMI,0001578732,"Marcus & Millichap, Inc.",2011-01-04,2011,1971.0,40.0,1,False,False,6531.0,Real Estate,sic4,,established,,,established,established
S&P500,ALLE,0001579241,Allegion,2013-12-02,2013,1908.0,105.0,1,False,False,7381.0,Industrials,index_list_gics,Building Products,established,,,established,established
S&P500,S,0001583708,"SentinelOne, Inc.",1996-01-02,1996,2013.0,-17.0,1,False,False,7372.0,Information Technology,sic4,,founding_member,,,founding_member,founding_member
S&P500,GP,0001584547,GREENPOWER MOTOR Co INC.,1996-01-02,1996,2010.0,-14.0,1,False,False,3713.0,,,,founding_member,,,founding_member,founding_member
S&P500,PRGO,0001585364,PERRIGO Co plc,2011-12-19,2011,1887.0,124.0,1,False,False,2834.0,Health Care,sic4,,established,,,established,established
S&P500,HLT,0001585689,Hilton Worldwide,1996-01-02,1996,1919.0,77.0,2,True,False,7011.0,Consumer Discretionary,index_list_gics,"Hotels, Resorts & Cruise Lines",founding_member,,,founding_member,founding_member
S&P500,CZR,0001590895,"Caesars Entertainment, Inc.",2021-03-22,2021,1937.0,84.0,1,False,False,7011.0,Consumer Discretionary,sic2,,established,,,established,established
S&P500,PAYC,0001590955,"Paycom Software, Inc.",2020-01-28,2020,1998.0,22.0,1,False,False,7372.0,Information Technology,sic4,,established,,,established,established
S&P500,ENDP,0001593034,Endo International plc,2015-01-27,2015,,,1,False,False,2834.0,Health Care,sic4,,unknown_age,,,unknown_age,unknown_age
S&P500,NAVI,0001593538,NAVIENT CORP,2014-05-01,2014,2014.0,0.0,1,False,False,6211.0,Financials,sic2,,very_new_adjudicate,spin_off,https://en.wikipedia.org/wiki/Navient,spin_off,corporate_action
S&P500,WB,0001595761,WEIBO Corp,1996-01-02,1996,2009.0,-13.0,1,False,False,7370.0,,,,founding_member,,,founding_member,founding_member
S&P500,ANET,0001596532,Arista Networks,2018-08-28,2018,2004.0,14.0,1,False,False,3576.0,Information Technology,index_list_gics,Communications Equipment,established,,,established,established
S&P500,CTLT,0001596783,"Catalent, Inc.",2020-09-21,2020,1933.0,87.0,1,False,False,2834.0,Health Care,sic4,,established,,,established,established
S&P500,INFO,0001598014,IHS Markit Ltd.,2017-06-02,2017,1959.0,58.0,1,False,False,7370.0,Information Technology,sic4,,established,,,established,established
S&P500,KEYS,0001601046,Keysight Technologies,2018-11-06,2018,1939.0,79.0,1,False,False,3823.0,Information Technology,index_list_gics,Electronic Equipment & Instruments,established,spin_off,https://en.wikipedia.org/wiki/Keysight,spin_off,corporate_action
S&P500,SYF,0001601712,Synchrony Financial,2015-11-18,2015,2003.0,12.0,1,False,False,6199.0,Financials,index_list_gics,Consumer Finance,genuinely_new_provisional,spin_off,https://en.wikipedia.org/wiki/Synchrony_Financial,spin_off,corporate_action
S&P500,QRVO,0001604778,"Qorvo, Inc.",2015-06-12,2015,2015.0,0.0,1,False,False,3674.0,Information Technology,sic4,,very_new_adjudicate,merger,https://en.wikipedia.org/wiki/Qorvo,merger,corporate_action
S&P500,GDDY,0001609711,GoDaddy,2024-06-24,2024,1997.0,27.0,1,False,False,7373.0,Information Technology,index_list_gics,Internet Services & Infrastructure,established,,,established,established
S&P500,ASND,0001612042,Ascendis Pharma A/S,1998-06-12,1998,2007.0,-9.0,1,False,False,2834.0,,,,historical_unmatched,,,historical_unmatched,historical_no_ch_number
S&P500,MDT,0001613103,Medtronic,1996-01-02,1996,1949.0,47.0,1,False,False,3845.0,Health Care,index_list_gics,Health Care Equipment,founding_member,,,founding_member,founding_member
S&P500,BXLT,0001620546,Baxalta Inc,2015-07-01,2015,2015.0,0.0,1,False,False,2834.0,Health Care,sic4,,very_new_adjudicate,spin_off,https://en.wikipedia.org/wiki/Baxalta,spin_off,corporate_action
S&P500,AM,0001623925,Antero Midstream Corp,1996-01-02,1996,2013.0,-17.0,1,False,False,4922.0,Energy,sic4,,founding_member,,,founding_member,founding_member
S&P500,CPGX,0001629995,"Columbia Pipeline Group, Inc.",2015-07-02,2015,2014.0,1.0,1,False,False,4922.0,Energy,sic4,,very_new_adjudicate,spin_off,https://en.wikipedia.org/wiki/Columbia_Pipeline_Group,spin_off,corporate_action
S&P500,PYPL,0001633917,PayPal,2015-07-20,2015,1998.0,17.0,1,False,False,7389.0,Financials,index_list_gics,Transaction & Payment Processing Services,established,,,established,established
S&P500,LITE,0001633978,Lumentum,2026-03-23,2026,2015.0,11.0,1,False,False,3669.0,Information Technology,index_list_gics,Communications Equipment,genuinely_new_provisional,spin_off,https://en.wikipedia.org/wiki/Lumentum,spin_off,corporate_action
S&P500,ACV,0001636289,Virtus Diversified Income & Convertible Fund,1996-01-02,1996,2015.0,-19.0,1,False,False,,,,,founding_member,,,founding_member,founding_member
S&P500,KHC,0001637459,Kraft Heinz,2015-07-06,2015,1869.0,146.0,1,False,False,2030.0,Consumer Staples,index_list_gics,Packaged Foods & Meats,established,merger,https://en.wikipedia.org/wiki/Kraft_Heinz,merger,corporate_action
S&P500,HPE,0001645590,Hewlett Packard Enterprise,2015-11-02,2015,2015.0,0.0,1,False,False,3570.0,Information Technology,index_list_gics,"Technology Hardware, Storage & Peripherals",very_new_adjudicate,spin_off,https://en.wikipedia.org/wiki/Hewlett_Packard_Enterprise,spin_off,corporate_action
S&P500,CSRA,0001646383,CSRA Inc.,2015-11-30,2015,2015.0,0.0,1,False,False,7373.0,Information Technology,sic4,,very_new_adjudicate,merger,https://en.wikipedia.org/wiki/CSRA_Inc.,merger,corporate_action
S&P500,CCEP,0001650107,COCA-COLA EUROPACIFIC PARTNERS plc,2016-01-04,2016,2016.0,0.0,1,False,False,2086.0,,,,very_new_adjudicate,merger,https://en.wikipedia.org/wiki/Coca-Cola_Europacific_Partners,merger,corporate_action
S&P500,FCPT,0001650132,"Four Corners Property Trust, Inc.",2015-11-10,2015,2015.0,0.0,1,False,False,6798.0,Real Estate,sic4,,very_new_adjudicate,spin_off,https://en.wikipedia.org/wiki/Four_Corners_Property_Trust,spin_off,corporate_action
S&P500,GOOGL,0001652044,Alphabet Inc. (Class C),2006-04-03,2006,1998.0,8.0,2,True,False,7370.0,Communication Services,index_list_gics,Interactive Media & Services,re_entry,,,re_entry,re_entry
S&P500,FTV,0001659166,Fortive,2016-07-05,2016,2015.0,1.0,1,False,False,3823.0,Industrials,index_list_gics,Industrial Machinery & Supplies & Components,very_new_adjudicate,spin_off,https://en.wikipedia.org/wiki/Fortive,spin_off,corporate_action
S&P500,DD,0001666700,DuPont,1996-01-02,1996,1802.0,194.0,3,True,False,2821.0,Materials,index_list_gics,Specialty Chemicals,founding_member,,,founding_member,founding_member
S&P500,BUD,0001668717,Anheuser-Busch InBev SA/NV,1996-01-02,1996,1852.0,144.0,1,False,False,2082.0,,,,founding_member,,,founding_member,founding_member
S&P500,TTD,0001671933,Trade Desk (The),2025-07-18,2025,2009.0,16.0,1,False,False,7370.0,Communication Services,index_list_gics,Advertising,established,,,established,established
S&P500,VRT,0001674101,Vertiv,2026-03-23,2026,2016.0,10.0,1,False,False,3679.0,Industrials,index_list_gics,Electrical Components & Equipment,genuinely_new_provisional,ipo_established,https://en.wikipedia.org/wiki/Vertiv,ipo_established,corporate_action
S&P500,ASH,0001674862,ASHLAND INC.,1996-01-02,1996,1924.0,72.0,1,False,False,5160.0,Industrials,sic2,,founding_member,,,founding_member,founding_member
S&P500,EVHC,0001678531,Envision Healthcare Corp,2016-12-02,2016,1972.0,44.0,1,False,False,8011.0,Health Care,sic4,,established,,,established,established
S&P500,LW,0001679273,"Lamb Weston Holdings, Inc.",2018-12-03,2018,1950.0,68.0,1,False,False,2030.0,Consumer Staples,sic2,,established,,,established,established
S&P500,COIN,0001679788,Coinbase,2025-05-19,2025,2012.0,13.0,1,False,False,6199.0,Financials,index_list_gics,Financial Exchanges & Data,established,,,established,established
S&P500,FTI,0001681459,TechnipFMC plc,2009-06-05,2009,1883.0,126.0,1,False,False,3533.0,Industrials,sic2,,established,,,established,established
S&P500,MRNA,0001682852,Moderna,2021-07-21,2021,2010.0,11.0,1,False,False,2836.0,Health Care,index_list_gics,Biotechnology,genuinely_new_provisional,genuinely_new,https://en.wikipedia.org/wiki/Moderna,genuinely_new,genuinely_new_verified
S&P500,BHF,0001685040,"Brighthouse Financial, Inc.",2017-08-07,2017,2017.0,0.0,1,False,False,6311.0,Financials,sic2,,very_new_adjudicate,spin_off,https://en.wikipedia.org/wiki/Brighthouse_Financial,spin_off,corporate_action
S&P500,INVH,0001687229,Invitation Homes,2022-09-19,2022,2012.0,10.0,1,False,False,6510.0,Real Estate,index_list_gics,Single-Family Residential REITs,genuinely_new_provisional,ipo_established,https://en.wikipedia.org/wiki/Invitation_Homes,ipo_established,corporate_action
S&P500,DXC,0001688568,DXC Technology Co,1996-01-02,1996,1959.0,37.0,2,True,False,7374.0,Information Technology,sic4,,founding_member,,,founding_member,founding_member
S&P500,CVNA,0001690820,Carvana,2025-12-22,2025,2012.0,13.0,1,False,False,5500.0,Consumer Discretionary,index_list_gics,Automotive Retail,established,,,established,established
S&P500,VST,0001692819,Vistra Corp.,2024-05-08,2024,2016.0,8.0,1,False,False,4911.0,Utilities,index_list_gics,Electric Utilities,genuinely_new_provisional,reincorporation_rename,https://en.wikipedia.org/wiki/Vistra_Corp.,reincorporation_rename,corporate_action
S&P500,IR,0001699150,Ingersoll Rand,1996-01-02,1996,1859.0,137.0,2,True,False,3560.0,Industrials,index_list_gics,Industrial Machinery & Supplies & Components,founding_member,,,founding_member,founding_member
S&P500,BKR,0001701605,Baker Hughes,2019-10-18,2019,2016.0,3.0,1,False,False,3533.0,Energy,index_list_gics,Oil & Gas Equipment & Services,very_new_adjudicate,merger,https://en.wikipedia.org/wiki/Baker_Hughes,merger,corporate_action
S&P500,ADT,0001703056,ADT Inc.,2012-10-02,2012,1874.0,138.0,1,False,False,7381.0,Industrials,sic4,,established,,,established,established
S&P500,VICI,0001705696,Vici Properties,2022-06-08,2022,2016.0,6.0,1,False,False,6798.0,Real Estate,index_list_gics,Hotel & Resort REITs,genuinely_new_provisional,spin_off,https://en.wikipedia.org/wiki/Vici_Properties,spin_off,corporate_action
S&P500,LIN,0001707925,Linde plc,2018-11-06,2018,1879.0,139.0,1,False,False,2810.0,Materials,index_list_gics,Industrial Gases,established,,,established,established
S&P500,GFS.A,0001709048,GLOBALFOUNDRIES Inc.,1996-01-02,1996,2009.0,-13.0,1,False,False,3674.0,,,,founding_member,,,founding_member,founding_member
S&P500,EVRG,0001711269,Evergy,2018-06-05,2018,1909.0,109.0,1,False,False,4931.0,Utilities,index_list_gics,Electric Utilities,established,,,established,established
S&P500,CDAY,0001725057,"Dayforce, Inc.",2021-09-20,2021,1992.0,29.0,2,True,False,7372.0,Information Technology,sic4,,re_entry,,,re_entry,re_entry
S&P500,AVGO,0001730168,Broadcom,2014-05-08,2014,1961.0,53.0,1,False,False,3674.0,Information Technology,index_list_gics,Semiconductors,established,,,established,established
S&P500,WRK,0001732845,WestRock Co,2015-07-02,2015,2015.0,0.0,1,False,False,2650.0,Materials,sic2,,very_new_adjudicate,merger,https://en.wikipedia.org/wiki/WestRock,merger,corporate_action
S&P500,CI,0001739940,Cigna,1996-01-02,1996,1982.0,14.0,1,False,False,6324.0,Health Care,index_list_gics,Health Care Services,founding_member,,,founding_member,founding_member
S&P500,DIS,0001744489,Walt Disney Company (The),1996-01-02,1996,1923.0,73.0,1,False,False,7990.0,Communication Services,index_list_gics,Movies & Entertainment,founding_member,,,founding_member,founding_member
S&P500,BEAM,0001745999,Beam Therapeutics Inc.,1996-01-02,1996,2017.0,-21.0,1,False,False,2836.0,Health Care,sic4,,founding_member,,,founding_member,founding_member
S&P500,EQ,0001746466,"Equillium, Inc.",2006-05-18,2006,2017.0,-11.0,1,False,False,2834.0,Health Care,sic4,,historical_unmatched,,,historical_unmatched,historical_no_ch_number
S&P500,AMCR,0001748790,Amcor,2019-06-07,2019,1860.0,159.0,1,False,False,3990.0,Materials,index_list_gics,Paper & Plastic Packaging Products & Materials,established,merger,https://en.wikipedia.org/wiki/Amcor,merger,corporate_action
S&P500,APP,0001751008,AppLovin,2025-09-22,2025,2012.0,13.0,1,False,False,7370.0,Information Technology,index_list_gics,Application Software,established,,,established,established
S&P500,DOW,0001751788,Dow Inc.,1996-01-02,1996,1897.0,99.0,2,True,False,2821.0,Materials,index_list_gics,Commodity Chemicals,founding_member,,,founding_member,founding_member
S&P500,FOXA,0001754301,Fox Corporation (Class B),2004-12-20,2004,2018.0,-14.0,2,True,False,4833.0,Communication Services,index_list_gics,Broadcasting,historical_unmatched,,,historical_unmatched,historical_no_ch_number
S&P500,CTVA,0001755672,Corteva,2019-06-03,2019,2019.0,0.0,1,False,False,100.0,Materials,index_list_gics,Fertilizers & Agricultural Chemicals,very_new_adjudicate,spin_off,https://en.wikipedia.org/wiki/Corteva,spin_off,corporate_action
S&P500,STE,0001757898,Steris,2019-12-23,2019,1985.0,34.0,1,False,False,3842.0,Health Care,index_list_gics,Health Care Equipment,established,,,established,established
S&P500,XRX,0001770450,Xerox Holdings Corp,1996-01-02,1996,1906.0,90.0,1,False,False,3577.0,Information Technology,sic4,,founding_member,,,founding_member,founding_member
S&P500,ADCT,0001771910,ADC Therapeutics SA,1999-08-02,1999,2011.0,-12.0,1,False,False,2834.0,Health Care,sic4,,historical_unmatched,,,historical_unmatched,historical_no_ch_number
S&P500,UCL,0001775898,uCloudlink Group Inc.,1996-01-02,1996,2014.0,-18.0,1,False,False,4899.0,,,,founding_member,,,founding_member,founding_member
S&P500,SGP,0001778922,"SpyGlass Pharma, Inc.",1996-01-02,1996,2019.0,-23.0,1,False,False,3841.0,Health Care,sic4,,founding_member,,,founding_member,founding_member
S&P500,OTIS,0001781335,Otis Worldwide,2020-04-03,2020,1853.0,167.0,1,False,False,3600.0,Industrials,index_list_gics,Industrial Machinery & Supplies & Components,established,spin_off,https://en.wikipedia.org/wiki/Otis_Worldwide,spin_off,corporate_action
S&P500,CARR,0001783180,Carrier Global,2020-04-03,2020,1915.0,105.0,1,False,False,3585.0,Industrials,index_list_gics,Building Products,established,spin_off,https://en.wikipedia.org/wiki/Carrier_Global,spin_off,corporate_action
S&P500,HOOD,0001783879,Robinhood Markets,2025-09-22,2025,2013.0,12.0,1,False,False,6211.0,Financials,index_list_gics,Investment Banking & Brokerage,genuinely_new_provisional,genuinely_new,https://en.wikipedia.org/wiki/Robinhood_Markets,genuinely_new,genuinely_new_verified
S&P500,VNT,0001786842,Vontier Corp,2020-10-12,2020,2020.0,0.0,1,False,False,3824.0,Industrials,sic4,,very_new_adjudicate,spin_off,https://en.wikipedia.org/wiki/Vontier,spin_off,corporate_action
S&P500,LIFE,0001788451,Ethos Technologies Inc.,2008-11-24,2008,,,1,False,False,6411.0,Financials,sic2,,unknown_age,,,unknown_age,unknown_age
S&P500,VTRS,0001792044,Viatris,2020-11-17,2020,1961.0,59.0,1,False,False,2834.0,Health Care,index_list_gics,Pharmaceuticals,established,,,established,established
S&P500,DASH,0001792789,DoorDash,2025-03-24,2025,2012.0,13.0,1,False,False,7389.0,Consumer Discretionary,index_list_gics,Specialized Consumer Services,established,,,established,established
S&P500,TMC.A,0001798562,TMC the metals Co Inc.,1996-01-02,1996,2011.0,-15.0,2,True,False,1000.0,Materials,sic2,,founding_member,,,founding_member,founding_member
S&P500,IAC,0001800227,People Inc,2006-12-01,2006,,,1,False,False,7370.0,Communication Services,company_override,,unknown_age,,,unknown_age,unknown_age
S&P500,UPC,0001809616,Universe Pharmaceuticals INC,1998-10-01,1998,1998.0,0.0,1,False,False,2834.0,,,,very_new_adjudicate,ipo_established,https://en.wikipedia.org/wiki/Union_Planters_Corporation,ipo_established,corporate_action
S&P500,MIR,0001809987,"Mirion Technologies, Inc.",1997-08-07,1997,,,2,True,False,3829.0,Industrials,sic4,,unknown_age,,,unknown_age,unknown_age
S&P500,TPL,0001811074,Texas Pacific Land Corporation,2024-11-26,2024,1888.0,136.0,1,False,False,6792.0,Energy,index_list_gics,Oil & Gas Exploration & Production,established,,,established,established
S&P500,ABX,0001814287,"Abacus Global Management, Inc.",1996-01-02,1996,2004.0,-8.0,1,False,False,6282.0,Financials,sic2,,founding_member,,,founding_member,founding_member
S&P500,LU,0001816007,Lufax Holding Ltd,1996-10-01,1996,2011.0,-15.0,1,False,False,6199.0,,,,founding_member,,,founding_member,founding_member
S&P500,ASO,0001817358,"Academy Sports & Outdoors, Inc.",1999-03-10,1999,1938.0,61.0,1,False,False,5940.0,Consumer Discretionary,sic2,,established,,,established,established
S&P500,DYN,0001818794,"Dyne Therapeutics, Inc.",2000-10-03,2000,2017.0,-17.0,1,False,False,2834.0,Health Care,sic4,,historical_unmatched,,,historical_unmatched,historical_no_ch_number
S&P500,UK,0001821424,Ucommune International Ltd,1996-01-02,1996,2015.0,-19.0,1,False,False,7389.0,,,,founding_member,,,founding_member,founding_member
S&P500,OGN,0001821825,Organon & Co.,2021-06-04,2021,1923.0,98.0,1,False,False,2834.0,Health Care,sic4,,established,,,established,established
S&P500,APA,0001841666,APA Corporation,1997-07-28,1997,1954.0,43.0,1,False,False,1311.0,Energy,index_list_gics,Oil & Gas Exploration & Production,established,,,established,established
S&P500,RYAN,0001849253,"RYAN SPECIALTY HOLDINGS, INC.",1996-01-02,1996,2010.0,-14.0,1,False,False,6411.0,Financials,sic2,,founding_member,,,founding_member,founding_member
S&P500,APO,0001858681,Apollo Global Management,2024-12-23,2024,1990.0,34.0,1,False,False,6282.0,Financials,index_list_gics,Asset Management & Custody Banks,established,,,established,established
S&P500,CEG,0001868275,Constellation Energy,1996-01-02,1996,1999.0,-3.0,2,True,False,4911.0,Utilities,index_list_gics,Electric Utilities,founding_member,,,founding_member,founding_member
S&P500,STI,0001881551,Solidion Technology Inc.,1996-01-02,1996,,,1,False,False,3690.0,Industrials,sic4,,founding_member,,,founding_member,founding_member
S&P500,NE,0001895262,Noble Corp plc,2001-01-16,2001,1921.0,80.0,2,True,False,1381.0,Energy,sic3,,re_entry,,,re_entry,re_entry
S&P500,MOB,0001898643,Mobilicom Ltd,1996-01-02,1996,,,1,False,False,3721.0,,,,founding_member,,,founding_member,founding_member
S&P500,DEC,0001922446,Diversified Energy Co,1996-01-02,1996,2001.0,-5.0,1,False,False,1311.0,Energy,sic3,,founding_member,,,founding_member,founding_member
S&P500,GEHC,0001932393,GE HealthCare,2023-01-04,2023,1994.0,29.0,1,False,False,3844.0,Health Care,index_list_gics,Health Care Equipment,established,,,established,established
S&P500,FG,0001934850,"F&G Annuities & Life, Inc.",1996-01-02,1996,1959.0,37.0,1,False,False,6311.0,Financials,sic2,,founding_member,,,founding_member,founding_member
S&P500,WAI,0001938865,Top KingWin Ltd,1996-01-02,1996,,,1,False,False,7389.0,,,,founding_member,,,founding_member,founding_member
S&P500,CR,0001944013,Crane Co,1996-01-02,1996,1855.0,141.0,1,False,False,3490.0,Industrials,sic2,,founding_member,,,founding_member,founding_member
S&P500,KVUE,0001944048,Kenvue,2023-08-25,2023,1886.0,137.0,1,False,False,2844.0,Consumer Staples,index_list_gics,Personal Care Products,established,spin_off,https://en.wikipedia.org/wiki/Kenvue,spin_off,corporate_action
S&P500,SOLV,0001964738,Solventum,2024-04-03,2024,2023.0,1.0,1,False,False,3841.0,Health Care,index_list_gics,Health Care Technology,very_new_adjudicate,spin_off,https://en.wikipedia.org/wiki/Solventum,spin_off,corporate_action
S&P500,ECO,0001964954,Okeanis Eco Tankers Corp.,1996-01-02,1996,2018.0,-22.0,1,False,False,4412.0,,,,founding_member,,,founding_member,founding_member
S&P500,VLTO,0001967680,Veralto,2023-10-02,2023,2022.0,1.0,1,False,False,3825.0,Industrials,index_list_gics,Environmental & Facilities Services,very_new_adjudicate,spin_off,https://en.wikipedia.org/wiki/Veralto,spin_off,corporate_action
S&P500,TKO,0001973266,TKO Group Holdings,2025-03-24,2025,2023.0,2.0,1,False,False,7900.0,Communication Services,index_list_gics,Movies & Entertainment,very_new_adjudicate,merger,https://en.wikipedia.org/wiki/TKO_Group_Holdings,merger,corporate_action
S&P500,MNR,0001980088,MACH NATURAL RESOURCES LP,1996-01-02,1996,2017.0,-21.0,1,False,False,1311.0,Energy,sic3,,founding_member,,,founding_member,founding_member
S&P500,AS,0001988894,"Amer Sports, Inc.",1996-01-02,1996,1950.0,46.0,1,False,False,2300.0,,,,founding_member,,,founding_member,founding_member
S&P500,TE,0001992243,T1 Energy Inc.,2001-10-10,2001,2018.0,-17.0,1,False,False,3674.0,Information Technology,sic4,,historical_unmatched,,,historical_unmatched,historical_no_ch_number
S&P500,SNT,0001993727,Senstar Technologies Corp,1996-01-02,1996,1969.0,27.0,1,False,False,3669.0,,,,founding_member,,,founding_member,founding_member
S&P500,LB,0001995807,LandBridge Co LLC,1996-01-02,1996,2021.0,-25.0,1,False,False,6792.0,Energy,sic4,,founding_member,,,founding_member,founding_member
S&P500,GEV,0001996810,GE Vernova,2024-04-03,2024,2023.0,1.0,1,False,False,3600.0,Industrials,index_list_gics,Heavy Electrical Equipment,very_new_adjudicate,spin_off,https://en.wikipedia.org/wiki/GE_Vernova,spin_off,corporate_action
S&P500,BG,0001996862,Bunge Global,2023-03-15,2023,1818.0,205.0,1,False,False,2070.0,Consumer Staples,index_list_gics,Agricultural Products & Services,established,,,established,established
S&P500,SW,0002005951,Smurfit Westrock,2024-07-08,2024,1934.0,90.0,1,False,False,2650.0,Materials,index_list_gics,Paper & Plastic Packaging Products & Materials,established,,,established,established
S&P500,SEG,0002009684,Seaport Entertainment Group Inc.,1996-08-16,1996,2024.0,-28.0,1,False,False,7990.0,Communication Services,sic4,,founding_member,,,founding_member,founding_member
S&P500,AMTM,0002011286,"Amentum Holdings, Inc.",2024-09-30,2024,2020.0,4.0,1,False,False,7389.0,Industrials,sic4,,genuinely_new_provisional,merger,https://www.jacobs.com/newsroom/press-release/jacobs-spin-off-and-merge-its-critical-mission-solutions,merger,corporate_action
S&P500,BLK,0002012383,BlackRock,2011-04-04,2011,1988.0,23.0,1,False,False,6211.0,Financials,index_list_gics,Asset Management & Custody Banks,established,,,established,established
S&P500,CHA,0002013649,Chagee Holdings Ltd.,1996-01-02,1996,2017.0,-21.0,1,False,False,5810.0,,,,founding_member,,,founding_member,founding_member
S&P500,SNDK,0002023554,Sandisk,2006-04-20,2006,1988.0,18.0,2,True,False,3572.0,Information Technology,index_list_gics,"Technology Hardware, Storage & Peripherals",re_entry,,,re_entry,re_entry
S&P500,PMI,0002030617,"Picard Medical, Inc.",1996-01-02,1996,2001.0,-5.0,1,False,False,3841.0,Health Care,sic4,,founding_member,,,founding_member,founding_member
S&P500,RAL,0002041385,Ralliant Corp,1996-01-02,1996,1894.0,102.0,1,False,False,3823.0,Industrials,sic4,,founding_member,,,founding_member,founding_member
S&P500,PSKY,0002041610,Paramount Skydance Corporation,2025-08-08,2025,1912.0,113.0,1,False,False,4833.0,Communication Services,index_list_gics,Movies & Entertainment,established,merger,https://en.wikipedia.org/wiki/Paramount_Skydance,merger,corporate_action
S&P500,ETS,0002053641,Elite Express Holding Inc.,1996-01-02,1996,,,1,False,False,4210.0,Industrials,sic2,,founding_member,,,founding_member,founding_member
S&P500,KG,0002055116,Kestrel Group Ltd,2000-10-03,2000,2022.0,-22.0,1,False,False,6331.0,Financials,sic2,,historical_unmatched,,,historical_unmatched,historical_no_ch_number
S&P500,Q,0002058873,Qnity Electronics,2000-07-06,2000,2024.0,-24.0,2,True,False,3674.0,Information Technology,index_list_gics,Semiconductor Materials & Equipment,historical_unmatched,,,historical_unmatched,historical_no_ch_number
S&P500,SOLS,0002064953,Solstice Advanced Materials Inc.,2025-10-30,2025,2025.0,0.0,1,False,False,2800.0,Materials,sic2,,very_new_adjudicate,spin_off,https://en.wikipedia.org/wiki/Honeywell,spin_off,corporate_action
S&P500,FDXF,0002082247,FedEx Freight,2026-06-01,2026,1982.0,44.0,1,False,False,4513.0,,,Cargo Ground Transportation,established,,,established,established
S&P500,VAT,0002109801,"VARSAL TECH, INC.",1996-01-02,1996,,,1,False,False,2800.0,,,,founding_member,,,founding_member,founding_member
S&P500,AFS.A,,,1998-04-08,1998,,,1,False,False,,,,,unknown_age,,,unknown_age,unknown_age
S&P500,AGC,,,1996-01-02,1996,,,1,False,False,,,,,founding_member,,,founding_member,founding_member
S&P500,AHM,,,1996-01-02,1996,,,1,False,False,,,,,founding_member,,,founding_member,founding_member
S&P500,ANV,,,1996-01-02,1996,,,1,False,False,,,,,founding_member,,,founding_member,founding_member
S&P500,ARC,,,1996-01-02,1996,,,1,False,False,,,,,founding_member,,,founding_member,founding_member
S&P500,BAY,,,1996-02-12,1996,,,1,False,False,,,,,founding_member,,,founding_member,founding_member
S&P500,BBI,,,1996-01-02,1996,,,1,False,False,,,,,founding_member,,,founding_member,founding_member
S&P500,BEV,,,1996-01-02,1996,,,1,False,False,,,,,founding_member,,,founding_member,founding_member
S&P500,BFI,,,1996-01-02,1996,,,1,False,False,,,,,founding_member,,,founding_member,founding_member
S&P500,BFO,,,1996-01-02,1996,,,1,False,False,,,,,founding_member,,,founding_member,founding_member
S&P500,BHMSQ,,,1996-01-02,1996,,,1,False,False,,,,,founding_member,,,founding_member,founding_member
S&P500,BKB,,,1996-01-02,1996,,,1,False,False,,,,,founding_member,,,founding_member,founding_member
S&P500,BLY,,,1996-01-02,1996,,,1,False,False,,,,,founding_member,,,founding_member,founding_member
S&P500,BMGCA,,,1996-07-22,1996,,,1,False,False,,,,,founding_member,,,founding_member,founding_member
S&P500,BOAT,,,1996-01-02,1996,,,1,False,False,,,,,founding_member,,,founding_member,founding_member
S&P500,BT,,,1996-01-02,1996,,,1,False,False,,,,,founding_member,,,founding_member,founding_member
S&P500,CBB,,,1996-01-02,1996,,,1,False,False,,,,,founding_member,,,founding_member,founding_member
S&P500,CFL,,,1996-01-02,1996,,,1,False,False,,,,,founding_member,,,founding_member,founding_member
S&P500,CMB,,,1996-01-02,1996,,,1,False,False,,,,,founding_member,,,founding_member,founding_member
S&P500,CNW,,,1996-01-02,1996,,,1,False,False,,,,,founding_member,,,founding_member,founding_member
S&P500,CRR,,,1996-01-02,1996,,,1,False,False,,,,,founding_member,,,founding_member,founding_member
S&P500,CSE,,,1996-01-22,1996,,,1,False,False,,,,,founding_member,,,founding_member,founding_member
S&P500,CYM,,,1996-01-02,1996,,,1,False,False,,,,,founding_member,,,founding_member,founding_member
S&P500,CYR,,,1996-01-02,1996,,,1,False,False,,,,,founding_member,,,founding_member,founding_member
S&P500,DGN,,,1996-01-02,1996,,,1,False,False,,,,,founding_member,,,founding_member,founding_member
S&P500,DI,,,1996-01-02,1996,,,1,False,False,,,,,founding_member,,,founding_member,founding_member
S&P500,DIGI,,,1996-01-02,1996,,,1,False,False,,,,,founding_member,,,founding_member,founding_member
S&P500,DISCA,,,2010-03-01,2010,,,1,False,False,,,,,unknown_age,,,unknown_age,unknown_age
S&P500,DISCK,,,2014-08-07,2014,,,1,False,False,,,,,unknown_age,,,unknown_age,unknown_age
S&P500,DWD,,,1996-01-02,1996,,,1,False,False,,,,,founding_member,,,founding_member,founding_member
S&P500,ECH,,,1996-01-02,1996,,,1,False,False,,,,,founding_member,,,founding_member,founding_member
S&P500,EFU,,,1996-01-02,1996,,,1,False,False,,,,,founding_member,,,founding_member,founding_member
S&P500,FBO,,,1996-01-02,1996,,,1,False,False,,,,,founding_member,,,founding_member,founding_member
S&P500,FJ,,,1996-01-02,1996,,,1,False,False,,,,,founding_member,,,founding_member,founding_member
S&P500,FLMIQ,,,1996-01-02,1996,,,1,False,False,,,,,founding_member,,,founding_member,founding_member
S&P500,FPC,,,1999-06-22,1999,,,1,False,False,,,,,unknown_age,,,unknown_age,unknown_age
S&P500,FRC,,,2019-01-02,2019,,,1,False,False,,,,,unknown_age,,,unknown_age,unknown_age
S&P500,FTL.A,,,1996-01-02,1996,,,1,False,False,,,,,founding_member,,,founding_member,founding_member
S&P500,GIDL,,,1996-01-02,1996,,,1,False,False,,,,,founding_member,,,founding_member,founding_member
S&P500,GSX,,,1996-01-02,1996,,,1,False,False,,,,,founding_member,,,founding_member,founding_member
S&P500,GWF,,,1996-01-02,1996,,,1,False,False,,,,,founding_member,,,founding_member,founding_member
S&P500,HBOC,,,1997-10-23,1997,,,1,False,False,,,,,unknown_age,,,unknown_age,unknown_age
S&P500,HDLM,,,1996-01-02,1996,,,1,False,False,,,,,founding_member,,,founding_member,founding_member
S&P500,HFS,,,1996-08-16,1996,,,1,False,False,,,,,founding_member,,,founding_member,founding_member
S&P500,HPH,,,1996-01-02,1996,,,1,False,False,,,,,founding_member,,,founding_member,founding_member
S&P500,I,,,1996-01-02,1996,,,1,False,False,,,,,founding_member,,,founding_member,founding_member
S&P500,JH,,,1996-01-02,1996,,,1,False,False,,,,,founding_member,,,founding_member,founding_member
S&P500,KORS,,,2013-11-13,2013,,,1,False,False,,,,,unknown_age,,,unknown_age,unknown_age
S&P500,KWP,,,1996-01-02,1996,,,1,False,False,,,,,founding_member,,,founding_member,founding_member
S&P500,LDW.B,,,1996-01-02,1996,,,1,False,False,,,,,founding_member,,,founding_member,founding_member
S&P500,LLX,,,1996-01-02,1996,,,1,False,False,,,,,founding_member,,,founding_member,founding_member
S&P500,LOR,,,1996-01-02,1996,,,1,False,False,,,,,founding_member,,,founding_member,founding_member
S&P500,LUB,,,1996-01-02,1996,,,1,False,False,,,,,founding_member,,,founding_member,founding_member
S&P500,MCIC,,,1996-01-02,1996,,,1,False,False,,,,,founding_member,,,founding_member,founding_member
S&P500,MII,,,1996-01-02,1996,,,1,False,False,,,,,founding_member,,,founding_member,founding_member
S&P500,MST,,,1996-01-02,1996,,,1,False,False,,,,,founding_member,,,founding_member,founding_member
S&P500,MTL,,,1998-02-23,1998,,,1,False,False,,,,,unknown_age,,,unknown_age,unknown_age
S&P500,MWI,,,1996-01-02,1996,,,1,False,False,,,,,founding_member,,,founding_member,founding_member
S&P500,NAE,,,1996-01-02,1996,,,1,False,False,,,,,founding_member,,,founding_member,founding_member
S&P500,NCE,,,1998-11-03,1998,,,1,False,False,,,,,unknown_age,,,unknown_age,unknown_age
S&P500,NGH,,,1998-09-16,1998,,,1,False,False,,,,,unknown_age,,,unknown_age,unknown_age
S&P500,NLC,,,1996-01-02,1996,,,1,False,False,,,,,founding_member,,,founding_member,founding_member
S&P500,NLV,,,1996-04-01,1996,,,1,False,False,,,,,founding_member,,,founding_member,founding_member
S&P500,NYN,,,1996-01-02,1996,,,1,False,False,,,,,founding_member,,,founding_member,founding_member
S&P500,OAT,,,1996-01-02,1996,,,1,False,False,,,,,founding_member,,,founding_member,founding_member
S&P500,OK,,,1999-12-02,1999,,,1,False,False,,,,,unknown_age,,,unknown_age,unknown_age
S&P500,ORX,,,1996-01-02,1996,,,1,False,False,,,,,founding_member,,,founding_member,founding_member
S&P500,PAS,,,1996-01-02,1996,,,1,False,False,,,,,founding_member,,,founding_member,founding_member
S&P500,PDG,,,1996-01-02,1996,,,1,False,False,,,,,founding_member,,,founding_member,founding_member
S&P500,PEL,,,1996-01-02,1996,,,1,False,False,,,,,founding_member,,,founding_member,founding_member
S&P500,PET,,,1996-01-02,1996,,,1,False,False,,,,,founding_member,,,founding_member,founding_member
S&P500,PHB,,,1996-01-02,1996,,,1,False,False,,,,,founding_member,,,founding_member,founding_member
S&P500,PNU,,,1996-01-02,1996,,,1,False,False,,,,,founding_member,,,founding_member,founding_member
S&P500,PPW,,,1996-01-02,1996,,,1,False,False,,,,,founding_member,,,founding_member,founding_member
S&P500,PVT,,,1998-08-31,1998,,,1,False,False,,,,,unknown_age,,,unknown_age,unknown_age
S&P500,PWJ,,,1999-06-04,1999,,,1,False,False,,,,,unknown_age,,,unknown_age,unknown_age
S&P500,PZE,,,1996-01-02,1996,,,1,False,False,,,,,founding_member,,,founding_member,founding_member
S&P500,RBD,,,1996-01-02,1996,,,1,False,False,,,,,founding_member,,,founding_member,founding_member
S&P500,RDS.A,,,1996-01-02,1996,,,1,False,False,,,,,founding_member,,,founding_member,founding_member
S&P500,RLM,,,1996-01-02,1996,,,1,False,False,,,,,founding_member,,,founding_member,founding_member
S&P500,RNB,,,1996-01-02,1996,,,1,False,False,,,,,founding_member,,,founding_member,founding_member
S&P500,RYC,,,1996-01-02,1996,,,1,False,False,,,,,founding_member,,,founding_member,founding_member
S&P500,RYI,,,1996-01-02,1996,,,1,False,False,,,,,founding_member,,,founding_member,founding_member
S&P500,SAI,,,1997-07-17,1997,,,1,False,False,,,,,unknown_age,,,unknown_age,unknown_age
S&P500,SBNY,,,2021-12-20,2021,,,1,False,False,,,,,unknown_age,,,unknown_age,unknown_age
S&P500,SFS,,,1996-01-02,1996,,,1,False,False,,,,,founding_member,,,founding_member,founding_member
S&P500,SHN,,,1996-01-02,1996,,,1,False,False,,,,,founding_member,,,founding_member,founding_member
S&P500,SK,,,1996-01-02,1996,,,1,False,False,,,,,founding_member,,,founding_member,founding_member
S&P500,SMS,,,1996-01-02,1996,,,1,False,False,,,,,founding_member,,,founding_member,founding_member
S&P500,SOTR,,,1999-03-01,1999,,,1,False,False,,,,,unknown_age,,,unknown_age,unknown_age
S&P500,SRR,,,1996-01-02,1996,,,1,False,False,,,,,founding_member,,,founding_member,founding_member
S&P500,STO,,,1996-01-02,1996,,,1,False,False,,,,,founding_member,,,founding_member,founding_member
S&P500,SUB,,,1998-01-28,1998,,,1,False,False,,,,,unknown_age,,,unknown_age,unknown_age
S&P500,TA,,,1996-01-02,1996,,,1,False,False,,,,,founding_member,,,founding_member,founding_member
S&P500,TCOMA,,,1996-01-02,1996,,,1,False,False,,,,,founding_member,,,founding_member,founding_member
S&P500,TDM,,,1996-01-02,1996,,,1,False,False,,,,,founding_member,,,founding_member,founding_member
S&P500,THY,,,1996-01-02,1996,,,1,False,False,,,,,founding_member,,,founding_member,founding_member
S&P500,UCC,,,1996-01-02,1996,,,1,False,False,,,,,founding_member,,,founding_member,founding_member
S&P500,UCM,,,1996-01-02,1996,,,1,False,False,,,,,founding_member,,,founding_member,founding_member
S&P500,UMG,,,1996-01-02,1996,,,1,False,False,,,,,founding_member,,,founding_member,founding_member
S&P500,UN,,,1996-01-02,1996,,,1,False,False,,,,,founding_member,,,founding_member,founding_member
S&P500,UPR,,,1996-10-16,1996,,,1,False,False,,,,,founding_member,,,founding_member,founding_member
S&P500,USH,,,1996-01-02,1996,,,1,False,False,,,,,founding_member,,,founding_member,founding_member
S&P500,USHC,,,1996-01-02,1996,,,1,False,False,,,,,founding_member,,,founding_member,founding_member
S&P500,USS,,,1996-01-02,1996,,,1,False,False,,,,,founding_member,,,founding_member,founding_member
S&P500,VO,,,1996-01-02,1996,,,1,False,False,,,,,founding_member,,,founding_member,founding_member
S&P500,WLA,,,1996-01-02,1996,,,1,False,False,,,,,founding_member,,,founding_member,founding_member
S&P500,WMX,,,1996-01-02,1996,,,1,False,False,,,,,founding_member,,,founding_member,founding_member
S&P500,YNR,,,2000-01-06,2000,,,1,False,False,,,,,unknown_age,,,unknown_age,unknown_age
S&P500,YRCW,,,1996-01-02,1996,,,1,False,False,,,,,founding_member,,,founding_member,founding_member
