symbol,cik,company_name,founded_year,founded_month,founded_source_url,legal_entity_founded_year,confidence
A,1090872.0,Agilent Technologies,1999.0,,https://www.agilent.com/about/companyinfo/history/index.html,,verified
AABA,1011006.0,,1994.0,January,https://en.wikipedia.org/wiki/History_of_Yahoo,,verified
AAL,6201.0,American Airlines Group Inc.,1926.0,,https://en.wikipedia.org/wiki/American_Airlines,1982.0,business_kept_holdco_separated
AAMRQ,6201.0,AMR Corporation,1926.0,,https://en.wikipedia.org/wiki/AMR_Corporation,1982.0,business_kept_holdco_separated
AAP,1158449.0,ADVANCE AUTO PARTS INC,1932.0,,https://www.sec.gov/Archives/edgar/vprr/0203/02031447.pdf,,verified
AAPL,320193.0,Apple Inc.,1976.0,April,https://en.wikipedia.org/wiki/Apple_Inc.,,corrected_earlier
ABBV,1551152.0,AbbVie,2013.0,,https://www.abbvie.com/content/dam/abbvie-dotcom/uploads/PDFs/AbbVie_Corporate_Presentation.pdf,,verified
ABC,1140859.0,,1888.0,,https://www.fundinguniverse.com/company-histories/bergen-brunswig-corporation-history/,1969.0,business_kept_holdco_separated
ABI,77551.0,Applied Biosystems (Perkin-Elmer),1937.0,,https://en.wikipedia.org/wiki/PerkinElmer,,verified
ABKFQ,874501.0,,1971.0,,https://en.wikipedia.org/wiki/Ambac,,verified
ABMD,815094.0,,1981.0,,https://en.wikipedia.org/wiki/Abiomed,,verified
ABNB,1559720.0,Airbnb,2008.0,,https://en.wikipedia.org/wiki/Airbnb,,verified
ABS,3333.0,Albertsons Inc.,1939.0,July,https://en.wikipedia.org/wiki/Albertsons,,verified
ABT,1800.0,Abbott Laboratories,1888.0,,https://en.wikipedia.org/wiki/Abbott_Laboratories,,verified
ABX,1814287.0,"Abacus Global Management, Inc.",2004.0,,https://stockanalysis.com/stocks/abx/company/,2020.0,business_kept_holdco_separated
ACAS,817473.0,,1986.0,,https://en.wikipedia.org/wiki/American_Capital,,verified
ACGL,947484.0,Arch Capital Group,1995.0,,,2000.0,business_kept_holdco_separated
ACKH,7431.0,Armstrong World Industries,1860.0,,https://www.armstrong.com/en-us/about-us/our-history.html,,verified
ACN,1467373.0,Accenture,1989.0,,https://en.wikipedia.org/wiki/Accenture,,verified
ACS,2135.0,,1988.0,,https://en.wikipedia.org/wiki/Affiliated_Computer_Services,,verified
ACV,1636289.0,Virtus Diversified Income & Convertible Fund,2015.0,March,https://www.sec.gov/Archives/edgar/data/1636289/000119312521111476/d42258dncsr.htm,,verified
ADBE,796343.0,Adobe Inc.,1982.0,December,https://en.wikipedia.org/wiki/Adobe_Inc.,,verified
ADCT,1771910.0,ADC Therapeutics SA,2011.0,June,https://www.sec.gov/Archives/edgar/data/1771910/000162828023008056/R8.htm,,verified
ADI,6281.0,Analog Devices,1965.0,,https://www.analog.com/media/en/other/about-ADI/Ten-Facts-to-Know-About-Analog-Devices.pdf,,verified
ADM,7084.0,Archer Daniels Midland,1902.0,,https://en.wikipedia.org/wiki/Archer_Daniels_Midland,,verified
ADP,8670.0,Automatic Data Processing,1949.0,,https://www.sec.gov/Archives/edgar/data/8670/000000867016000053/q4fy1610kinq4fy16.htm,,verified
ADS,1101215.0,,1983.0,April,https://en.wikipedia.org/wiki/Bread_Financial,,corrected_earlier
ADSK,769397.0,Autodesk,1982.0,,https://en.wikipedia.org/wiki/Autodesk,,verified
ADT,1703056.0,ADT Inc.,1874.0,August,https://en.wikipedia.org/wiki/ADT_Inc.,,verified
AEE,1002910.0,Ameren,1902.0,,,1997.0,business_kept_holdco_separated
AEP,4904.0,American Electric Power,1906.0,,https://en.wikipedia.org/wiki/American_Electric_Power,,verified
AES,874761.0,AES Corporation,1981.0,January,https://en.wikipedia.org/wiki/AES_Corporation,,verified
AET,1122304.0,Aetna Inc.,1853.0,May,https://en.wikipedia.org/wiki/Aetna,,verified
AFL,4977.0,Aflac,1955.0,,https://en.wikipedia.org/wiki/Aflac,,verified
AFS.A,,,1897.0,,https://en.wikipedia.org/wiki/AmerUs,1994.0,business_kept_holdco_separated
AGC,,American General Corporation,1926.0,May,https://www.tshaonline.org/handbook/entries/american-general-corporation,,verified
AGN,850693.0,Allergan Inc.,1948.0,,https://en.wikipedia.org/wiki/Allergan,,verified
AHM,,H. F. Ahmanson & Co.,1927.0,,https://en.wikipedia.org/wiki/H._F._Ahmanson_%26_Co.,,verified
AIG,5272.0,American International Group,1919.0,December,https://en.wikipedia.org/wiki/American_International_Group,,verified
AIT,109563.0,APPLIED INDUSTRIAL TECHNOLOGIES INC,1923.0,,https://en.wikipedia.org/wiki/Applied_Industrial_Technologies,,verified
AIV,922864.0,APARTMENT INVESTMENT & MANAGEMENT CO,1975.0,,https://en.wikipedia.org/wiki/Aimco,,verified
AIZ,1267238.0,Assurant,1892.0,,https://www.forbes.com/companies/assurant/,,verified
AJG,354190.0,Arthur J. Gallagher & Co.,1927.0,October,https://www.ajg.com/us/-/media/files/us/about-us/gallagher-sustainability-report.pdf,,verified
AKAM,1086222.0,Akamai Technologies,1998.0,August,https://www.akamai.com/company/leadership/executive-team/tom-leighton,,verified
AKS,918160.0,,1899.0,,https://en.wikipedia.org/wiki/AK_Steel,,verified
AL,4285.0,Alcan Inc.,1902.0,,https://en.wikipedia.org/wiki/Alcan,,verified
ALB,915913.0,Albemarle Corporation,1994.0,February,https://en.wikipedia.org/wiki/Albemarle_Corporation,,verified
ALGN,1097149.0,Align Technology,1997.0,,https://en.wikipedia.org/wiki/Align_Technology,,verified
ALK,766421.0,"ALASKA AIR GROUP, INC.",1932.0,April,https://en.wikipedia.org/wiki/Alaska_Airlines,,verified
ALL,899051.0,Allstate,1931.0,,https://en.wikipedia.org/wiki/Allstate,,verified
ALLE,1579241.0,Allegion,1908.0,,,2013.0,business_kept_holdco_separated
ALTR,768251.0,,1983.0,,https://en.wikipedia.org/wiki/Altera,,verified
ALXN,899866.0,,1992.0,,https://en.wikipedia.org/wiki/Alexion_Pharmaceuticals,,verified
AM,1623925.0,Antero Midstream Corp,2013.0,,https://www.sec.gov/Archives/edgar/data/1623925/000130817926000332/am014930-def14a.htm,,verified
AMAT,6951.0,Applied Materials,1967.0,,https://ir.appliedmaterials.com/static-files/5b4abd79-db7d-4a46-93e9-57f475623cf1,,verified
AMCC,711065.0,,1979.0,,https://en.wikipedia.org/wiki/Applied_Micro_Circuits_Corporation,,verified
AMCR,1748790.0,Amcor,1860.0,,https://en.wikipedia.org/wiki/Amcor,1896.0,business_kept_holdco_separated
AMD,2488.0,Advanced Micro Devices,1969.0,,https://www.amd.com/content/dam/amd/en/documents/corporate/cr/amd-cr2019-global.pdf,,verified
AME,1037868.0,Ametek,1930.0,,https://en.wikipedia.org/wiki/Ametek,,verified
AMG,1004434.0,"AFFILIATED MANAGERS GROUP, INC.",1993.0,December,https://en.wikipedia.org/wiki/Affiliated_Managers_Group,,verified
AMGN,318154.0,Amgen,1980.0,April,https://www.amgen.com/about/amgen-history,,verified
AMH,1562401.0,American Homes 4 Rent,2012.0,October,https://www.sec.gov/Archives/edgar/data/1562401/000156240118000029/amh12311710k.htm,,verified
AMP,820027.0,Ameriprise Financial,1894.0,,https://www.ameriprise.com/about/our-company,,verified
AMT,1053507.0,American Tower,1995.0,,https://en.wikipedia.org/wiki/American_Tower,,verified
AMTM,2011286.0,"Amentum Holdings, Inc.",2020.0,February,https://en.wikipedia.org/wiki/Amentum_Holdings,,verified
AMZN,1018724.0,Amazon,1994.0,,https://www.investopedia.com/amazon-stock-amzn-5094245,,verified
AN,350698.0,"AUTONATION, INC.",1996.0,,https://en.wikipedia.org/wiki/AutoNation,,verified
ANDV,50104.0,,1968.0,,https://en.wikipedia.org/wiki/Tesoro_Corporation,,verified
ANDW,317093.0,Andrew Corporation,1937.0,January,https://en.wikipedia.org/wiki/Andrew_Corporation,,verified
ANET,1596532.0,Arista Networks,2004.0,,,2008.0,business_kept_holdco_separated
ANF,1018840.0,ABERCROMBIE & FITCH CO /DE/,1892.0,,https://en.wikipedia.org/wiki/Abercrombie_%26_Fitch,,verified
ANRZQ,1301063.0,,2002.0,,https://en.wikipedia.org/wiki/Alpha_Natural_Resources,,verified
ANSS,1013462.0,,1970.0,,https://en.wikipedia.org/wiki/Ansys,,verified
ANTM,1156039.0,,1946.0,,https://en.wikipedia.org/wiki/Elevance_Health,,verified
ANV,,Allied Nevada Gold Corp,2006.0,September,https://www.sec.gov/Archives/edgar/data/1376610/000119312508008886/ds1.htm,,verified
AON,315293.0,Aon plc,1982.0,,https://en.wikipedia.org/wiki/Aon_(company),,verified
AOS,91142.0,A. O. Smith,1874.0,,https://en.wikipedia.org/wiki/A._O._Smith,,corrected_earlier
APA,1841666.0,APA Corporation,1954.0,,,2021.0,business_kept_holdco_separated
APC,2080921.0,ARKO Petroleum Corp.,2003.0,,https://simplywall.st/stocks/us/retail/nasdaq-apc/arko-petroleum/information,2025.0,business_kept_holdco_separated
APCC,835910.0,,1981.0,,https://www.sec.gov/Archives/edgar/data/835910/000104746905006806/a2153699z10-k.htm,,verified
APD,2969.0,Air Products,1940.0,,https://www.sec.gov/Archives/edgar/data/2969/000000296925000055/apd-20250930.htm,,verified
APH,820313.0,Amphenol,1932.0,,https://www.amphenol.com/docs/annual-report,,verified
APO,1858681.0,Apollo Global Management,1990.0,,https://www.apollo.com/content/dam/apolloaem/documents/governance/Apollo%20Impact%20Platform%20Disclosure%20Statement%20October%202023%20.pdf,,verified
APOL,929887.0,,1973.0,,https://en.wikipedia.org/wiki/Apollo_Education_Group,,corrected_earlier
APP,1751008.0,AppLovin,2012.0,,https://www.applovin.com/en/about,,verified
APTV,1521332.0,Aptiv,1994.0,,https://en.wikipedia.org/wiki/Aptiv,,verified
AR,1433270.0,ANTERO RESOURCES Corp,2002.0,,https://en.wikipedia.org/wiki/Antero_Resources,,verified
ARC,,Atlantic Richfield (ARCO),1966.0,January,https://en.wikipedia.org/wiki/ARCO,,verified
ARE,1035443.0,Alexandria Real Estate Equities,1994.0,,https://en.wikipedia.org/wiki/Alexandria_Real_Estate_Equities,,verified
ARES,1176948.0,Ares Management,1977.0,,,1997.0,business_kept_holdco_separated
ARG,804212.0,,1982.0,,https://en.wikipedia.org/wiki/Airgas,,verified
ARNC,4281.0,Arconic (formerly Alcoa),1888.0,,https://en.wikipedia.org/wiki/Alcoa,,verified
AS,1988894.0,"Amer Sports, Inc.",1950.0,,https://en.wikipedia.org/wiki/Amer_Sports,,verified
ASC,1577437.0,Ardmore Shipping Corp,2010.0,,https://stockanalysis.com/stocks/asc/company/,2013.0,business_kept_holdco_separated
ASH,1674862.0,ASHLAND INC.,1924.0,,https://en.wikipedia.org/wiki/Ashland_Global,,verified
ASN,1156826.0,,,,,,unresolved_blank
ASND,1612042.0,Ascendis Pharma A/S,2007.0,,https://ascendispharma.com/about-us/,,verified
ASO,1817358.0,"Academy Sports & Outdoors, Inc.",1938.0,,https://en.wikipedia.org/wiki/Academy_Sports_+_Outdoors,,verified
AT,65873.0,Alltel Corp,1943.0,,https://en.wikipedia.org/wiki/Alltel,,verified
ATGE,730464.0,,1931.0,,https://en.wikipedia.org/wiki/DeVry_University,,verified
ATI,1018963.0,ATI INC,1996.0,,https://en.wikipedia.org/wiki/Allegheny_Technologies,,verified
ATO,731802.0,Atmos Energy,1906.0,,,1983.0,business_kept_holdco_separated
ATVI,718877.0,,1979.0,October,https://en.wikipedia.org/wiki/Activision,,verified
AV,1116521.0,,2000.0,,https://en.wikipedia.org/wiki/Avaya,,verified
AVB,915912.0,AvalonBay Communities,1978.0,,https://www.sec.gov/Archives/edgar/data/915912/000091591225000010/avb-20241231.htm,,verified
AVGO,1730168.0,Broadcom,1961.0,,,2018.0,business_kept_holdco_separated
AVP,8868.0,Avon Products,1886.0,,https://en.wikipedia.org/wiki/Avon_Products,,verified
AVY,8818.0,Avery Dennison,1935.0,,https://en.wikipedia.org/wiki/Avery_Dennison,,verified
AW,848865.0,,1987.0,,https://www.fundinguniverse.com/company-histories/allied-waste-industries-inc-history/,,verified
AWE,1138234.0,,1966.0,,https://en.wikipedia.org/wiki/McCaw_Cellular_Communications,,corrected_earlier
AWK,1410636.0,American Water Works,1886.0,,https://en.wikipedia.org/wiki/American_Water_Works,,verified
AXON,1069183.0,Axon Enterprise,1993.0,September,https://www.axon.com/news/about/founders-day,,verified
AXP,4962.0,American Express,1850.0,,https://en.wikipedia.org/wiki/American_Express,,verified
AYE,3673.0,,1907.0,January,https://en.wikipedia.org/wiki/Allegheny_Energy,,verified
AYI,1144215.0,ACUITY INC. (DE),1919.0,,https://en.wikipedia.org/wiki/Acuity_Brands,,verified
AZA.A,4310.0,ALZA Corporation,1968.0,,https://en.wikipedia.org/wiki/Alza,,verified
AZO,866787.0,AutoZone,1979.0,,https://www.autozone.com/company/about-autozone/company-culture/history,,verified
BA,12927.0,Boeing,1916.0,,https://www.boeing.com/features/2026/02/how-william-boeings-foresight-kept-the-company-close-to-dc,,verified
BAC,70858.0,Bank of America,1904.0,October,https://en.wikipedia.org/wiki/Bank_of_America_(1904%E2%80%931998),,verified
BALL,9389.0,Ball Corporation,1880.0,,https://investors.ball.com/sec-filings/all-sec-filings/content/0001104659-26-017410/ball-20251231x10k.htm,,verified
BAX,10456.0,Baxter International,1931.0,October,https://www.baxter.com/sites/g/files/ebysai746/files/2022-05/Certificate_of_Incorporation_2022.pdf,,verified
BAY,,Bay Networks,1994.0,July,https://en.wikipedia.org/wiki/Bay_Networks,,verified
BBBY,1130713.0,"BED BATH & BEYOND, INC.",1971.0,,https://s7d9.scene7.com/is/content/BedBathandBeyond/PDF/2015_Corporate_Responsibility_Report.pdf,,verified
BBI,,Blockbuster Inc.,1985.0,,https://en.wikipedia.org/wiki/Blockbuster_(retailer),,verified
BBT,1108134.0,Beacon Financial Corp,,,,,unresolved_blank
BBWI,701985.0,"Bath & Body Works, Inc.",1990.0,,https://en.wikipedia.org/wiki/Bath_%26_Body_Works,,verified
BBY,764478.0,Best Buy,1966.0,,https://partners.bestbuy.com/-/credit-app-data-and-trade,,verified
BC,14930.0,BRUNSWICK CORP,1845.0,September,https://en.wikipedia.org/wiki/Brunswick_Corporation,,verified
BCO,78890.0,BRINKS CO,1859.0,,https://en.wikipedia.org/wiki/Brink%27s,,verified
BCR,9892.0,"C.R. Bard, Inc.",1907.0,,https://en.wikipedia.org/wiki/Bard_(company),,verified
BDK,12355.0,Black & Decker,1910.0,,https://en.wikipedia.org/wiki/Black%2BDecker,,verified
BDX,10795.0,Becton Dickinson,1897.0,,https://www.bd.com/content/dam/bd-assets/bd-com/en-us/document/policy/code-of-conduct/code-of-conduct-english.pdf,,verified
BEAM,1745999.0,Beam Therapeutics Inc.,2017.0,,https://en.wikipedia.org/wiki/Beam_Therapeutics,,verified
BEN,38777.0,Franklin Resources,1947.0,,https://investors.franklinresources.com/news-center/press-releases/press-release-details/2022/Franklin-Templeton-to-Celebrate-Its-75th-Anniversary-with-New-York-Stock-Exchange-Bell-Ringing-on-November-15-2022/default.aspx,,verified
BEV,,Beverly Enterprises Inc.,1964.0,,https://www.encyclopedia.com/social-sciences-and-law/economics-business-and-labor/businesses-and-occupations/beverly-enterprises-inc,,verified
BF.B,14693.0,Brown–Forman,1870.0,,https://www.brown-forman.com/about/history,,verified
BFI,,Browning-Ferris Industries,1967.0,,https://www.fundinguniverse.com/company-histories/browning-ferris-industries-inc-history/,1970.0,business_kept_holdco_separated
BFO,,Bestfoods (CPC International),1906.0,January,https://www.fundinguniverse.com/company-histories/bestfoods-history/,,verified
BG,1996862.0,Bunge Global,1818.0,,https://www.bunge.com/we-are-bunge/our-history,,verified
BGEN,714655.0,,1978.0,,https://en.wikipedia.org/wiki/Biogen,,verified
BGG,14195.0,Briggs & Stratton,1908.0,,https://en.wikipedia.org/wiki/Briggs_%26_Stratton,,verified
BHF,1685040.0,"Brighthouse Financial, Inc.",2017.0,,https://en.wikipedia.org/wiki/Brighthouse_Financial,,verified
BHGE,808362.0,Baker Hughes (a GE Company),1907.0,,https://en.wikipedia.org/wiki/Baker_Hughes,2016.0,business_kept_holdco_separated
BHMSQ,,Bethlehem Steel Corporation,1857.0,,https://en.wikipedia.org/wiki/Bethlehem_Steel,1904.0,business_kept_holdco_separated
BIG,768835.0,,1967.0,,https://en.wikipedia.org/wiki/Big_Lots,,verified
BIIB,875045.0,Biogen,1978.0,,https://www.biogen.com/company/history.html,,verified
BIO,12208.0,"BIO-RAD LABORATORIES, INC.",1952.0,,https://en.wikipedia.org/wiki/Bio-Rad_Laboratories,,verified
BJS,864328.0,,1872.0,,https://en.wikipedia.org/wiki/BJ_Energy_Solutions,,verified
BK,9626.0,Bank of New York Mellon,1784.0,,https://en.wikipedia.org/wiki/BNY,2007.0,business_kept_holdco_separated
BKB,,BankBoston,1784.0,February,https://en.wikipedia.org/wiki/BankBoston,,verified
BKNG,1075531.0,Booking Holdings,1996.0,,,1998.0,business_kept_holdco_separated
BKR,1701605.0,Baker Hughes,2016.0,October,https://www.sec.gov/Archives/edgar/data/1701605/000170160524000111/ex31fourthamendedandrestat.htm,,corrected_earlier
BLDR,1316835.0,Builders FirstSource,1998.0,,https://www.bldr.com/who-we-are,,verified
BLK,2012383.0,BlackRock,1988.0,,https://www.blackrock.com/uk/literature/annual-report/blackrock-life-limited-solvency-and-financial-condition-report-31-december-2024.pdf,,verified
BLL,9389.0,Ball Corporation,1880.0,,https://en.wikipedia.org/wiki/Ball_Corporation,,verified
BLS,732713.0,BellSouth Corporation,1983.0,December,https://en.wikipedia.org/wiki/BellSouth,,verified
BLY,,Bally Manufacturing Corporation,1932.0,January,https://en.wikipedia.org/wiki/Bally_Manufacturing,,verified
BMC,835729.0,,1980.0,,https://en.wikipedia.org/wiki/BMC_Software,,verified
BMET,351346.0,"Biomet, Inc.",1977.0,,https://en.wikipedia.org/wiki/Biomet,,verified
BMGCA,,,,,,,unresolved_blank
BMS,11199.0,"Bemis Company, Inc.",1858.0,,https://en.wikipedia.org/wiki/Bemis_Company,,verified
BMY,14272.0,Bristol Myers Squibb,1887.0,,https://en.wikipedia.org/wiki/Bristol_Myers_Squibb,,verified
BNI,934612.0,Burlington Northern Santa Fe,1849.0,,https://en.wikipedia.org/wiki/BNSF_Railway,1996.0,business_kept_holdco_separated
BNL,1424182.0,"Broadstone Net Lease, Inc.",2007.0,October,https://broadstone.com/wp-content/uploads/2026/02/Latest_10-K.pdf,,verified
BNY,1390777.0,BNY Mellon,1784.0,February,https://www.bny.com/assets/wealth/pdf-library/240-history-timeline.pdf,,verified
BOAT,,"Boatmen's Bancshares, Inc.",1847.0,,https://en.wikipedia.org/wiki/Boatmen%27s_Bancshares,,verified
BOL,10427.0,Bausch & Lomb,1853.0,,https://en.wikipedia.org/wiki/Bausch_%26_Lomb,,verified
BR,1383312.0,Broadridge Financial Solutions,1962.0,,https://www.broadridge.com/about/history,,verified
BRCM,1054374.0,,1991.0,,https://www.britannica.com/money/Broadcom-Inc,,verified
BRK.B,1067983.0,Berkshire Hathaway,1839.0,,,1998.0,business_kept_holdco_separated
BRL,10081.0,,1970.0,,https://en.wikipedia.org/wiki/Barr_Pharmaceuticals,,verified
BRO,79282.0,Brown & Brown,1939.0,,https://www.sec.gov/Archives/edgar/data/79282/000095017025049525/bro-ex99_1.htm,,verified
BSC,777001.0,,1923.0,May,https://en.wikipedia.org/wiki/Bear_Stearns,,verified
BSX,885725.0,Boston Scientific,1979.0,,https://www.sec.gov/Archives/edgar/data/929987/000134100406000325/gdt425.htm,,verified
BT,,Bankers Trust,1903.0,,https://en.wikipedia.org/wiki/Bankers_Trust,,verified
BTUUQ,1064728.0,,1883.0,,https://www.encyclopedia.com/books/politics-and-business-magazines/peabody-energy-corporation,,verified
BUD,1668717.0,Anheuser-Busch InBev SA/NV,1852.0,,https://en.wikipedia.org/wiki/Anheuser-Busch,,verified
BVSN,920448.0,,1993.0,May,https://en.wikipedia.org/wiki/BroadVision,,verified
BWA,908255.0,BORGWARNER INC,1880.0,,https://en.wikipedia.org/wiki/BorgWarner,1928.0,business_kept_holdco_separated
BX,1393818.0,Blackstone Inc.,1985.0,,https://ir.blackstone.com/files/doc_financials/annual_reports/BX_07AR_online.pdf,,verified
BXLT,1620546.0,,2015.0,July,https://en.wikipedia.org/wiki/Baxalta,,verified
BXP,1037540.0,"BXP, Inc.",1970.0,,https://www.bxp.com/wp-content/uploads/2021/02/2016_Sustainability_Report.pdf,,verified
C,831001.0,Citigroup,1998.0,,https://www.citigroup.com/rcs/citigpa/storage/public/ar12c_en.pdf,,verified
CA,356028.0,"CA, Inc. (Computer Associates)",1976.0,,https://en.wikipedia.org/wiki/CA_Technologies,,verified
CAG,23217.0,Conagra Brands,1919.0,,https://www.sec.gov/Archives/edgar/data/23217/000110465904022554/a04-7990_110k.htm,,verified
CAH,721371.0,Cardinal Health,1971.0,,https://newsroom.cardinalhealth.com/2021-01-07-Cardinal-Health-celebrates-50th-anniversary%2C-launches-year-of-service,,verified
CAL,14707.0,CALERES INC,1878.0,,https://en.wikipedia.org/wiki/Caleres,,verified
CAM,941548.0,,1920.0,,https://en.wikipedia.org/wiki/Cameron_International,,verified
CAR,723612.0,"AVIS BUDGET GROUP, INC.",1946.0,,https://en.wikipedia.org/wiki/Avis_Car_Rental,,verified
CARR,1783180.0,Carrier Global,1915.0,June,https://en.wikipedia.org/wiki/Carrier_Global,,verified
CASY,726958.0,Casey's,1967.0,,https://www.sec.gov/Archives/edgar/data/726958/000072695819000078/casy-2019430x10k.htm,,verified
CAT,18230.0,Caterpillar Inc.,1925.0,,,1986.0,business_kept_holdco_separated
CB,896159.0,Chubb Limited,1985.0,,https://www.sec.gov/Archives/edgar/data/896159/000089615926000005/cb-20251231.htm,,verified
CBB,,Cincinnati Bell Inc.,1873.0,July,https://en.wikipedia.org/wiki/Cincinnati_Bell,,verified
CBE,1141982.0,Cooper Industries,1833.0,,https://en.wikipedia.org/wiki/Cooper_Industries,,verified
CBH,715096.0,,1973.0,,https://en.wikipedia.org/wiki/Commerce_Bancorp,,verified
CBOE,1374310.0,Cboe Global Markets,1973.0,,,2006.0,business_kept_holdco_separated
CBRE,1138118.0,CBRE Group,1906.0,,https://mediaassets.cbre.com/-/media/project/cbre/dotcom/asiapacific/japan-emerald/about-us/culture-and-history/cbre_japan_history_2020_en.pdf,,verified
CBS,813828.0,CBS Corporation,1927.0,January,https://en.wikipedia.org/wiki/CBS,,verified
CBSS,18568.0,,1964.0,,https://en.wikipedia.org/wiki/Compass_Bancshares,1970.0,business_kept_holdco_separated
CCB,1437958.0,COASTAL FINANCIAL CORP,1997.0,,https://www.cbinsights.com/company/coastal-financial,2003.0,business_kept_holdco_separated
CCE,1491675.0,,1986.0,,https://en.wikipedia.org/wiki/Coca-Cola_Enterprises,,verified
CCEP,1650107.0,COCA-COLA EUROPACIFIC PARTNERS plc,2016.0,May,https://en.wikipedia.org/wiki/Coca-Cola_Europacific_Partners,,verified
CCI,1051470.0,Crown Castle,1994.0,,https://www.crowncastle.com/sustainability/resources/environmental-data-tables-2024.pdf,,verified
CCK,1219601.0,"CROWN HOLDINGS, INC.",1892.0,,https://en.wikipedia.org/wiki/Crown_Holdings,,verified
CCL,815097.0,Carnival Corporation,1972.0,,https://www.sec.gov/Archives/edgar/data/815097/000081509720000003/a2019form10-kfrontpart.htm,,verified
CCTYQ,104599.0,"Circuit City Stores, Inc.",1949.0,,https://en.wikipedia.org/wiki/Circuit_City,,verified
CCU,888746.0,UNITED BREWERIES CO INC,1902.0,,https://en.wikipedia.org/wiki/Compa%C3%B1%C3%ADa_de_las_Cervecer%C3%ADas_Unidas,,verified
CDAY,1725057.0,,1957.0,,https://en.wikipedia.org/wiki/Dayforce,1992.0,business_kept_holdco_separated
CDNS,813672.0,Cadence Design Systems,1988.0,,https://login.cadence.com/content/dam/cadence-www/global/en_US/documents/company/cadence-fact-sheet.pdf,,verified
CDW,1402057.0,CDW Corporation,1984.0,,https://webobjects.cdw.com/webobjects/downloads/investor/annualreports/2006.pdf,,verified
CE,1306830.0,Celanese Corp,1918.0,,https://en.wikipedia.org/wiki/Celanese,,verified
CEG,1868275.0,Constellation Energy,1999.0,,,2022.0,business_kept_holdco_separated
CELG,816284.0,,1986.0,,https://en.wikipedia.org/wiki/Celgene,,verified
CEN,109758.0,Arbitron Inc.,1949.0,,https://en.wikipedia.org/wiki/Nielsen_Audio,,verified
CEPH,873364.0,,1987.0,,https://en.wikipedia.org/wiki/Cephalon_(company),,verified
CERN,804753.0,,1979.0,,https://www.linkedin.com/company/cerner-corporation,,verified
CF,1324404.0,CF Industries,1946.0,,https://www.cfindustries.com/globalassets/cf-industries/media/documents/reports/annual-reports/ar2008.pdf,,verified
CFC,25191.0,,1969.0,,https://en.wikipedia.org/wiki/Bank_of_America_Home_Loans,,verified
CFG,759944.0,Citizens Financial Group,1828.0,,https://investor.citizensbank.com/about-us/our-company.html,,verified
CFL,,,,,,,unresolved_blank
CFN,1457543.0,,2009.0,,https://en.wikipedia.org/wiki/CareFusion,,verified
CG,1527166.0,Carlyle Group Inc.,1987.0,,https://en.wikipedia.org/wiki/The_Carlyle_Group,,verified
CGP,21267.0,Coastal Corporation,1955.0,,https://en.wikipedia.org/wiki/Coastal_Corporation,,verified
CHA,2013649.0,Chagee Holdings Ltd.,2017.0,June,https://en.wikipedia.org/wiki/Chagee,,verified
CHD,313927.0,Church & Dwight,1846.0,,https://churchdwight.com/investors/company-profile.aspx,,corrected_earlier
CHIR,706539.0,,1981.0,,https://en.wikipedia.org/wiki/Chiron_Corporation,,verified
CHK,895126.0,,1989.0,,https://en.wikipedia.org/wiki/Expand_Energy,,verified
CHRS,1512762.0,"Coherus Oncology, Inc.",2010.0,September,https://www.sec.gov/Archives/edgar/data/1512762/000156459015001896/chrs-10k_20141231.htm,,verified
CHRW,1043277.0,C.H. Robinson,1905.0,,https://www.sec.gov/Archives/edgar/data/1043277/000104327718000007/chrw-10k2017.htm,,verified
CHTR,1091667.0,Charter Communications,1993.0,,https://www.sec.gov/Archives/edgar/data/1091667/000109166726000017/chtr-20251231.htm,,verified
CI,1739940.0,Cigna,1982.0,,https://www.thecignagroup.com/about-us/milestones,,verified
CIEN,936395.0,Ciena,1992.0,11,https://www.ciena.com/insights/articles/25-Big-Milestones-from-our-25-Years-at-Ciena.html,,verified
CIN,899652.0,Cinergy Corp,1994.0,,https://en.wikipedia.org/wiki/Cinergy,,verified
CINF,20286.0,Cincinnati Financial,1950.0,,,1968.0,business_kept_holdco_separated
CIT.A,20388.0,,1908.0,February,https://en.wikipedia.org/wiki/CIT_Group,,verified
CITGQ,1171825.0,,1908.0,February,https://en.wikipedia.org/wiki/CIT_Group,,verified
CL,21665.0,Colgate-Palmolive,1806.0,,https://www.sec.gov/Archives/edgar/data/0000021665/000002166526000013/a2025annualreportfinal.pdf,,verified
CLF,764065.0,CLEVELAND-CLIFFS INC.,1847.0,,https://en.wikipedia.org/wiki/Cleveland-Cliffs,,verified
CLX,21076.0,Clorox,1913.0,,https://www.thecloroxcompany.com/wp-content/uploads/2024/05/Clorox_Conflict_Minerals_Disclosure.pdf,,verified
CMA,28412.0,Comerica Incorporated,1849.0,August,https://en.wikipedia.org/wiki/Comerica,,verified
CMB,,Chase Manhattan Corporation,,,,,unresolved_blank
CMCSA,1166691.0,Comcast,1963.0,,https://www.cmcsa.com/static-files/3d37fe24-bb88-4d1e-a4a4-84df5a3c34ce,,verified
CMCSK,,,1963.0,,https://en.wikipedia.org/wiki/Comcast,,verified
CME,1156375.0,CME Group,1848.0,,,2001.0,business_kept_holdco_separated
CMG,1058090.0,Chipotle Mexican Grill,1993.0,,https://ir.chipotle.com/2021-07-08-Chipotle-Leverages-TikTok-Resumes-To-Help-Grow-Its-Purpose-Driven-Workforce,,verified
CMI,26172.0,Cummins,1919.0,,https://www.cummins.com/sites/default/files/files/reports/2012_2013_cummins_sustainability_report_full.pdf,,verified
CMS,811156.0,CMS Energy,1886.0,,,1987.0,business_kept_holdco_separated
CMVT,803014.0,,,,,,unresolved_blank
CMX,1000736.0,,1979.0,,https://en.wikipedia.org/wiki/CVS_Caremark,1993.0,business_kept_holdco_separated
CNC,1071739.0,Centene Corporation,1984.0,,https://www.centene.com/content/dam/centenedotcom/documents/Centene-Corporate-Responsibility-2024.pdf,,verified
CNG,23738.0,Consolidated Natural Gas Company,1942.0,,https://www.fundinguniverse.com/company-histories/consolidated-natural-gas-company-history/,,verified
CNP,1130310.0,CenterPoint Energy,1882.0,,,2002.0,business_kept_holdco_separated
CNW,,Con-way Inc.,1929.0,,https://en.wikipedia.org/wiki/Con-way,,verified
CNX,1070412.0,CNX Resources Corp,1860.0,,https://en.wikipedia.org/wiki/CNX_Resources,,verified
CNXT,1069353.0,,1999.0,January,https://en.wikipedia.org/wiki/Conexant,,verified
COC.B,1066806.0,,,,,,unresolved_blank
COF,927628.0,Capital One,1994.0,July,https://www.sec.gov/Archives/edgar/data/927628/000092838502000920/d10k.htm,,verified
COG,858470.0,,1989.0,,https://www.ogj.com/general-interest/companies/article/17247867/cabots-walen-us-sweet-gas-plays-remain-attractive,,verified
COHR,820318.0,Coherent Corp.,1971.0,,https://www.coherent.com/news/press-releases/ii-vi-changes-name-to-coherent-and-launches-new-brand,,verified
COIN,1679788.0,Coinbase,2012.0,,,2014.0,business_kept_holdco_separated
COL,1137411.0,,1933.0,,https://en.wikipedia.org/wiki/Rockwell_Collins,,verified
COMS,738076.0,3Com Corporation,1979.0,,https://en.wikipedia.org/wiki/3Com,,verified
COO,711404.0,Cooper Companies (The),1958.0,,https://www.forbes.com/companies/cooper-companies/,,verified
COP,1163165.0,ConocoPhillips,2002.0,,https://www.sec.gov/Archives/edgar/data/784977/000078497706000019/frm10k05.pdf,,verified
COR,1140859.0,Cencora,1947.0,,https://www.forbes.com/companies/cencora/,,corrected_earlier
COST,909832.0,Costco,1976.0,,,1993.0,business_kept_holdco_separated
COTY,1024305.0,COTY INC.,1904.0,,https://en.wikipedia.org/wiki/Coty,,verified
COV,1385187.0,Covidien Ltd.,2007.0,,https://en.wikipedia.org/wiki/Covidien,,verified
CPAY,1175454.0,Corpay,2000.0,,https://www.corpay.com/en-NZ/corporate-newsroom/3s8nI2cPnCdw6IAZABadBl/corpay-2024-mid-year-in-review,,verified
CPB,16732.0,Campbell's Company (The),1869.0,,https://www.thecampbellscompany.com/wp-content/uploads/2024/12/Food-for-Thought_Fall-2024_final.pdf,,verified
CPGX,1629995.0,,2014.0,September,https://www.sec.gov/Archives/edgar/data/1629995/000119312515210599/d891954dex991.htm,,corrected_earlier
CPNLQ,916457.0,,1984.0,,https://en.wikipedia.org/wiki/Calpine,,verified
CPQ,714154.0,Compaq Computer Corporation,1982.0,,https://www.britannica.com/money/Compaq,,verified
CPRI,1530721.0,Capri Holdings Ltd,1981.0,,https://en.wikipedia.org/wiki/Capri_Holdings,,verified
CPRT,900075.0,Copart,1982.0,,https://www.copart.com/content/us/en/pdfs/annual-reports/2017-copart-annual-report-c.pdf,,verified
CPT,906345.0,Camden Property Trust,1981.0,,,1993.0,business_kept_holdco_separated
CPWR,827099.0,Ocean Thermal Energy Corp,1998.0,,https://stockanalysis.com/quote/otc/CPWR/company/,,verified
CR,1944013.0,Crane Co,1855.0,,https://en.wikipedia.org/wiki/Crane_Co.,,verified
CRH,849395.0,CRH plc,1970.0,,https://www.crh.com/wp-content/uploads/2025/06/2010-csr-report-2-1-1-1-1-1-1.pdf,,verified
CRL,1100682.0,Charles River Laboratories,1947.0,,https://www.sec.gov/Archives/edgar/data/1100682/000110465923038822/tm237823d2_ars.pdf,,verified
CRM,1108524.0,Salesforce,1999.0,,https://www.sec.gov/Archives/edgar/data/1108524/000119312524140606/d753990dars.pdf,,verified
CRR,,CARBO Ceramics Inc.,,,,,unresolved_blank
CRWD,1535527.0,CrowdStrike,2011.0,,https://ir.crowdstrike.com/static-files/b0ff20ba-dc01-4d32-871f-c441cd50af31,,verified
CSCO,858877.0,Cisco,1984.0,,https://www.cisco.com/c/dam/global/en_in/about/docs/detailed_fact_sheet_new.pdf,,verified
CSE,,Case Corporation,1842.0,,https://en.wikipedia.org/wiki/Case_Corporation,,verified
CSGP,1057352.0,CoStar Group,1987.0,,https://www.forbes.com/profile/andrew-c-florance/,,verified
CSR,798359.0,CENTERSPACE,,,,,unresolved_blank
CSRA,1646383.0,,2015.0,,https://en.wikipedia.org/wiki/CSRA_Inc.,,verified
CSX,277948.0,CSX Corporation,1978.0,November,https://www.sec.gov/Archives/edgar/data/277948/000119312507032135/d10k.htm,,corrected_earlier
CTAS,723254.0,Cintas,1929.0,,https://www.cintas.com/company/company-timeline/,,verified
CTB,24491.0,Cooper Tire & Rubber Company,1914.0,,https://en.wikipedia.org/wiki/Cooper_Tire_%26_Rubber_Company,,verified
CTL,18926.0,,1930.0,,https://en.wikipedia.org/wiki/CenturyLink,,verified
CTLT,1596783.0,,1933.0,,https://en.wikipedia.org/wiki/Robert_Pauli_Scherer,,verified
CTRA,858470.0,,1989.0,,https://en.wikipedia.org/wiki/Coterra,,verified
CTSH,1058290.0,Cognizant,1994.0,,https://investors.cognizant.com/investor-resources/faq/default.aspx,,verified
CTVA,1755672.0,Corteva,2019.0,June,https://investors.corteva.com/static-files/7120ff1b-df5a-46a6-9e1c-629ba21de186,,verified
CTX,18532.0,Centex Corporation,1950.0,,https://www.sec.gov/Archives/edgar/data/18532/000095013408010152/d56906e10vk.htm,,verified
CTXS,877890.0,,1989.0,,https://en.wikipedia.org/wiki/Citrix_Systems,,verified
CVC,1053112.0,,1973.0,,https://en.wikipedia.org/wiki/Cablevision,,verified
CVG,1062047.0,,1998.0,,https://en.wikipedia.org/wiki/Convergys,,verified
CVH,1054833.0,,1986.0,,https://en.wikipedia.org/wiki/Coventry_Health_Care,,verified
CVNA,1690820.0,Carvana,2012.0,,https://investors.carvana.com/tools/viewpdf.aspx?page=%7B8DA3115C-2CA0-4F0F-B0DF-45EBE4E59F84%7D,,verified
CVS,64803.0,CVS Health,1996.0,,https://www.sec.gov/Archives/edgar/data/64803/000006480326000010/cvs-20251231.htm,,verified
CVX,93410.0,Chevron Corporation,1879.0,,https://www.chevron.com/-/media/shared-media/documents/chevron-annual-report-supplement-2020.pdf,,verified
CXO,1358071.0,,2004.0,,https://en.wikipedia.org/wiki/Concho_Resources,,verified
CYM,,Cyprus Amax Minerals Company,,,,,unresolved_blank
CYR,,"Cray Research, Inc.",1972.0,,https://en.wikipedia.org/wiki/Cray,,verified
CZR,1590895.0,"Caesars Entertainment, Inc.",1937.0,,https://en.wikipedia.org/wiki/Harrah's_Entertainment,1990.0,business_kept_holdco_separated
D,715957.0,Dominion Energy,1983.0,,https://www.sec.gov/Archives/edgar/data/715957/000119312526063120/d-20251231.htm,,verified
DAL,27904.0,Delta Air Lines,,,,,unresolved_blank
DALRQ,27904.0,"Delta Air Lines, Inc.",1925.0,March,https://en.wikipedia.org/wiki/Delta_Air_Lines,,verified
DASH,1792789.0,DoorDash,2012.0,,,2013.0,business_kept_holdco_separated
DAY,,,1992.0,,https://en.wikipedia.org/wiki/Dayforce,,verified
DCNAQ,26780.0,Dana Corporation,1904.0,,https://en.wikipedia.org/wiki/Dana_Incorporated,,verified
DD,1666700.0,DuPont,1802.0,,https://en.wikipedia.org/wiki/DuPont_(1802%E2%80%932017),,verified
DDOG,1561550.0,Datadog,2010.0,,https://investors.datadoghq.com/static-files/6ce0f496-38c7-4ceb-8fde-b7b2c1a44e01,,verified
DDR,894315.0,,1965.0,,https://en.wikipedia.org/wiki/SITE_Centers,,verified
DDS,28917.0,"DILLARD'S, INC.",1938.0,,https://en.wikipedia.org/wiki/Dillard%27s,,verified
DE,315189.0,Deere & Company,1837.0,,https://www.deere.co.uk/blueprint/servlet/en-gb/our-company/explore-john-deere/history-heritage/john-deere,,verified
DEC,1922446.0,Diversified Energy Co,2001.0,,https://en.wikipedia.org/wiki/Diversified_Energy,,verified
DECK,910521.0,Deckers Brands,1973.0,,,1993.0,business_kept_holdco_separated
DELL,1571996.0,Dell Technologies,2013.0,,https://www.sec.gov/Archives/edgar/data/1571996/000157199622000025/ex31sixtharcertofdti.htm,,corrected_earlier
DF,931336.0,,1925.0,,https://en.wikipedia.org/wiki/Dean_Foods,,verified
DFS,1393612.0,,1985.0,,https://en.wikipedia.org/wiki/Discover_Financial,,verified
DG,29534.0,Dollar General,1939.0,,https://www.sec.gov/Archives/edgar/data/29534/000110465925033066/tm255785d2_ars.pdf,,verified
DGN,,Data General Corporation,1968.0,,https://en.wikipedia.org/wiki/Data_General,,verified
DGX,1022079.0,Quest Diagnostics,1967.0,,,1990.0,business_kept_holdco_separated
DHI,882184.0,D. R. Horton,1978.0,,https://www.sec.gov/Archives/edgar/data/882184/000095013404019034/d20584e10vk.htm,,verified
DHR,313616.0,Danaher Corporation,1969.0,,https://www.sec.gov/Archives/edgar/data/313616/000119312526173731/d148579d424b5.htm,,verified
DI,,"Dresser Industries, Inc.",1880.0,,https://en.wikipedia.org/wiki/Dresser_Industries,,verified
DIGI,,Digi International Inc.,1985.0,,https://en.wikipedia.org/wiki/Digi_International,,verified
DIS,1744489.0,Walt Disney Company (The),1923.0,,https://thewaltdisneycompany.com/news/disney100-anniversary-disney-contract/,,verified
DISCA,,,1982.0,,"https://en.wikipedia.org/wiki/Discovery,_Inc.",,verified
DISCK,,,1982.0,,"https://en.wikipedia.org/wiki/Discovery,_Inc.",,verified
DISH,1001082.0,,1980.0,,https://en.wikipedia.org/wiki/Dish_Network,,verified
DJ,29924.0,"Dow Jones & Company, Inc.",1882.0,November,https://en.wikipedia.org/wiki/Dow_Jones_%26_Company,,verified
DLR,1297996.0,Digital Realty,2004.0,March,https://www.sec.gov/Archives/edgar/data/1297996/000110465926015365/dlr-20251231x10k.htm,,verified
DLTR,935703.0,Dollar Tree,1986.0,,https://corporate.dollartree.com/about/our-history,,verified
DLX,27996.0,DELUXE CORP,1915.0,,https://en.wikipedia.org/wiki/Deluxe_Corporation,,verified
DNB,1115222.0,,1841.0,July,https://en.wikipedia.org/wiki/Dun_%26_Bradstreet,,verified
DNR,945764.0,,1951.0,,https://en.wikipedia.org/wiki/Denbury_Resources,,verified
DO,949039.0,,,,,,unresolved_blank
DOC,765880.0,Healthpeak Properties,1985.0,March,https://healthpeak.com/faqs/,,verified
DOV,29905.0,Dover Corporation,1955.0,,https://investors.dovercorporation.com/faq,,verified
DOW,1751788.0,Dow Inc.,1897.0,,https://en.wikipedia.org/wiki/Dow_Chemical_Company,,verified
DPHIQ,1072342.0,,1994.0,,https://en.wikipedia.org/wiki/Aptiv,,verified
DPZ,1286681.0,Domino's,1960.0,,https://ir.dominos.com/static-files/4b72e766-b7ab-41b2-8130-3e9cb6e40405,,verified
DRE,783280.0,,1972.0,,https://en.wikipedia.org/wiki/Duke_Realty,,verified
DRI,940944.0,Darden Restaurants,1938.0,,,1995.0,business_kept_holdco_separated
DTE,936340.0,DTE Energy,1995.0,,https://www.sec.gov/Archives/edgar/data/936340/000095012405001542/k91838e10vk.htm,,verified
DTV,944868.0,,1994.0,June,https://en.wikipedia.org/wiki/DirecTV,,verified
DUK,1326160.0,Duke Energy,1904.0,,,2005.0,business_kept_holdco_separated
DVA,927066.0,DaVita,1979.0,,,1994.0,business_kept_holdco_separated
DVN,1090012.0,Devon Energy,1971.0,,https://s2.q4cdn.com/462548525/files/doc_financials/2020/ar/DVN-2021-Proxy-Statement.pdf,,verified
DWD,,"Dean Witter, Discover & Co.",1924.0,,https://www.encyclopedia.com/books/politics-and-business-magazines/dean-witter-discover-co,,verified
DWDP,,,1802.0,,https://en.wikipedia.org/wiki/DuPont,,verified
DXC,1688568.0,DXC Technology Co,1959.0,,https://en.wikipedia.org/wiki/Computer_Sciences_Corporation,2017.0,business_kept_holdco_separated
DXCM,1093557.0,Dexcom,1999.0,,https://www.sec.gov/Archives/edgar/data/1093557/000109355726000061/dxcm-20260415.htm,,verified
DYN,1818794.0,"Dyne Therapeutics, Inc.",2017.0,December,https://www.sec.gov/Archives/edgar/data/1818794/000119312526173735/fy26_ars.pdf,,corrected_earlier
EA,712515.0,Electronic Arts,1982.0,,https://media.corporate-ir.net/media_files/NSD/ERTS/custom/corpbackgroundfinal05021.pdf,,verified
EBAY,1065088.0,eBay Inc.,1995.0,,https://static.ebayinc.com/assets/Uploads/Archive/EBAY-US-Roadmap-Final.pdf,,verified
EC,1444406.0,ECOPETROL S.A.,1951.0,,https://en.wikipedia.org/wiki/Ecopetrol,,verified
ECH,,Echlin Inc.,1924.0,,https://www.fundinguniverse.com/company-histories/echlin-inc-history/,,verified
ECL,31462.0,Ecolab,1923.0,,https://www.sec.gov/Archives/edgar/vprr/1300/13001013.pdf,,verified
ECO,1964954.0,Okeanis Eco Tankers Corp.,2018.0,,https://www.okeanisecotankers.com/en/about/our-business,,verified
ED,1047862.0,Consolidated Edison,1823.0,,,1997.0,business_kept_holdco_separated
EDS,1007456.0,,1962.0,,https://en.wikipedia.org/wiki/Electronic_Data_Systems,,verified
EFU,,Eastern Enterprises,,,,,unresolved_blank
EFX,33185.0,Equifax,1899.0,,https://www.sec.gov/Archives/edgar/data/33185/000110465906013557/a06-1873_110k.htm,,verified
EG,1095073.0,Everest Group,1973.0,,,1999.0,business_kept_holdco_separated
EHC,785161.0,Encompass Health Corp,1984.0,,https://en.wikipedia.org/wiki/Encompass_Health,,verified
EIX,827052.0,Edison International,1886.0,,,1987.0,business_kept_holdco_separated
EKDKQ,31235.0,Eastman Kodak Company,1881.0,January,https://en.wikipedia.org/wiki/Kodak,,verified
EL,1001250.0,Estée Lauder Companies (The),1946.0,,https://investors.elcompanies.com/en/investors,,verified
ELV,1156039.0,Elevance Health,1946.0,,https://en.wikipedia.org/wiki/Elevance_Health,2004.0,business_kept_holdco_separated
EMC,790070.0,EMC Corporation,1979.0,,https://en.wikipedia.org/wiki/Dell_EMC,,verified
EME,105634.0,Emcor,,,,,unresolved_blank
EMN,915389.0,EASTMAN CHEMICAL CO,1920.0,,https://en.wikipedia.org/wiki/Eastman_Chemical_Company,,verified
EMR,32604.0,Emerson Electric,1890.0,,https://www.sec.gov/Archives/edgar/data/32604/000003260417000046/emr-09302017x10xk.htm,,verified
ENDP,1593034.0,,,,,,unresolved_blank
ENPH,1463101.0,"Enphase Energy, Inc.",2006.0,,https://en.wikipedia.org/wiki/Enphase_Energy,,verified
ENRNQ,1024401.0,Enron Corporation,1985.0,July,https://en.wikipedia.org/wiki/Enron,,verified
ENS,1289308.0,EnerSys,1999.0,,https://en.wikipedia.org/wiki/EnerSys,,corrected_earlier
EOG,821189.0,EOG Resources,1985.0,,https://www.sec.gov/Archives/edgar/data/821189/000082118920000010/a2019123110-k.htm,,corrected_earlier
EOP,1038339.0,,1976.0,,https://en.wikipedia.org/wiki/EQ_Office,,verified
EP,887396.0,EMPIRE PETROLEUM CORP,1983.0,,https://finance.yahoo.com/quote/EP/profile/,1985.0,business_kept_holdco_separated
EPAM,1352010.0,"EPAM Systems, Inc.",1993.0,,https://en.wikipedia.org/wiki/EPAM_Systems,,verified
EQ,1746466.0,"Equillium, Inc.",2017.0,March,https://www.sec.gov/Archives/edgar/data/1746466/000095017025052671/eq-ars-2024.pdf,,verified
EQIX,1101239.0,Equinix,1998.0,June,https://investor.equinix.com/sec-filings/proxy-filings/content/0001012870-99-004804/0001012870-99-004804.pdf,,verified
EQR,906107.0,Equity Residential,1969.0,,,1993.0,business_kept_holdco_separated
EQT,33213.0,EQT Corporation,1888.0,,,2008.0,business_kept_holdco_separated
ERIE,922621.0,Erie Indemnity,1925.0,April,https://www.sec.gov/Archives/edgar/data/922621/000110465911042663/a11-13827_1ex3d1.htm,,verified
ES,72741.0,Eversource Energy,1966.0,July,https://www.sec.gov/Archives/edgar/data/23426/000007274111000025/f2010form10kcombined.htm,,verified
ESRX,885721.0,,1986.0,,https://en.wikipedia.org/wiki/Express_Scripts,,verified
ESS,920522.0,Essex Property Trust,1971.0,,https://investors.essexapartmenthomes.com/files/doc_financials/2006/ar/2006-Annual-Report.pdf,,verified
ESV,314808.0,,1975.0,,https://en.wikipedia.org/wiki/Valaris_Limited,,verified
ETFC,1015780.0,,1982.0,,https://en.wikipedia.org/wiki/E-Trade,,verified
ETN,1551182.0,Eaton Corporation,1911.0,,https://www.sec.gov/Archives/edgar/data/1551182/000155118225000006/etn-20241231.htm,,verified
ETR,65984.0,Entergy,1913.0,,https://cdn.entergy.com/userfiles/content/about_entergy/pdfs/Entergy-fact-sheet.pdf,,verified
ETS,2053641.0,Elite Express Holding Inc.,,,,,unresolved_blank
ETSY,1370637.0,ETSY INC,2005.0,June,https://en.wikipedia.org/wiki/Etsy,,verified
EVHC,1678531.0,,1972.0,,https://en.wikipedia.org/wiki/EmCare,,verified
EVRG,1711269.0,Evergy,1909.0,,,2017.0,business_kept_holdco_separated
EW,1099800.0,Edwards Lifesciences,1958.0,,,1999.0,business_kept_holdco_separated
EXC,1109357.0,Exelon,2000.0,,https://www.sec.gov/Archives/edgar/data/1109357/000120677422000727/esc_coutersy-pdf.pdf,,verified
EXE,895126.0,Expand Energy,1989.0,,,1996.0,business_kept_holdco_separated
EXPD,746515.0,Expeditors International,1979.0,,https://www.expeditors.com/about-us/history,,verified
EXPE,1324424.0,Expedia Group,1996.0,,https://www.expedia.com/stories/top-expedia-destinations-20-years/,,verified
EXR,1289490.0,Extra Space Storage,1977.0,,https://news.extraspace.com/about-us/,,verified
F,37996.0,Ford Motor Company,1903.0,June,https://shareholder.ford.com/Information/stock/default.aspx,,verified
FANG,1539838.0,Diamondback Energy,2007.0,,,2011.0,business_kept_holdco_separated
FAST,815556.0,Fastenal,1967.0,November,https://investor.fastenal.com/news-releases/news-details/2017/Fastenal-Blue-Team-to-Ring-Nasdaq-Opening-Bell-on-November-6-2017/default.aspx,,verified
FB,,,2004.0,February,https://en.wikipedia.org/wiki/Meta_Platforms,,verified
FBF,50341.0,FleetBoston Financial Corporation,,,,,unresolved_blank
FBHS,1519751.0,,2011.0,,https://en.wikipedia.org/wiki/Fortune_Brands_Innovations,,verified
FBO,,Federal Paper Board Company,1916.0,,https://www.fundinguniverse.com/company-histories/federal-paper-board-company-inc-history/,,verified
FCN,887936.0,"FTI CONSULTING, INC",1982.0,,https://en.wikipedia.org/wiki/FTI_Consulting,,verified
FCPT,1650132.0,"Four Corners Property Trust, Inc.",2015.0,,https://www.sec.gov/Archives/edgar/data/1650132/000165013218000025/fcpt201710-k.htm,,verified
FCX,831259.0,Freeport-McMoRan,1912.0,,,1987.0,business_kept_holdco_separated
FD,794367.0,Federated Department Stores,1929.0,,"https://en.wikipedia.org/wiki/Macy%27s,_Inc.",,verified
FDC,883980.0,First Data Corporation,1971.0,,https://en.wikipedia.org/wiki/First_Data,,verified
FDO,34408.0,,1959.0,November,https://en.wikipedia.org/wiki/Family_Dollar,,verified
FDS,1013237.0,FactSet,1978.0,September,https://investor.factset.com/static-files/0856f3dc-1c5c-4615-812e-ec642ce74cef,,verified
FDX,1048911.0,FedEx,1971.0,,https://investors.fedex.com/company-overview/Acquisition-History/,,verified
FDXF,2082247.0,FedEx Freight,,,,,unresolved_blank
FE,1031296.0,FirstEnergy,1996.0,,https://www.firstenergycorp.com/content/dam/investor/files/10-K/2010_FirstEnergy_Corp._10-K.pdf,,corrected_earlier
FFIV,1048695.0,"F5, Inc.",1996.0,,https://www.f5.com/content/dam/f5/corp/global/pdf/financial-reports/2001-annual-report.pdf,,verified
FG,1934850.0,"F&G Annuities & Life, Inc.",1959.0,,https://en.wikipedia.org/wiki/F%26G,,verified
FHN,36966.0,FIRST HORIZON CORP,1864.0,March,https://en.wikipedia.org/wiki/First_Horizon_Bank,,verified
FI,,,1984.0,,https://en.wikipedia.org/wiki/Fiserv,,verified
FICO,814547.0,Fair Isaac,1956.0,,https://www.sec.gov/Archives/edgar/data/814547/000081454725000008/fico-20241231.htm,,verified
FII,1056288.0,,1955.0,,https://en.wikipedia.org/wiki/Federated_Hermes,,verified
FIS,1136893.0,Fidelity National Information Services,1968.0,,https://digital.fidelity.com/prgw/digital/research/quote/dashboard/summary?symbol=fis,,verified
FISV,798354.0,Fiserv,1984.0,7,https://www.sec.gov/Archives/edgar/data/0001063167/000093176303002024/ddefr14a.htm,,verified
FITB,35527.0,Fifth Third Bancorp,1858.0,June,https://www.53.com/content/dam/fifth-third/museum/fifth-third-timeline.pdf,,verified
FIX,1035983.0,Comfort Systems USA,1996.0,,https://investors.comfortsystemsusa.com/static-files/f38923b3-d2ca-4725-9a22-25b666732bca,,corrected_earlier
FJ,,Fort James Corporation,1997.0,,https://www.referenceforbusiness.com/history2/15/Fort-James-Corporation.html,,verified
FL,850209.0,"Foot Locker, Inc.",1879.0,,https://en.wikipedia.org/wiki/Foot_Locker,1974.0,business_kept_holdco_separated
FLIR,354908.0,,1978.0,,https://en.wikipedia.org/wiki/Teledyne_FLIR,,verified
FLMIQ,,"Fleming Companies, Inc.",1915.0,,https://en.wikipedia.org/wiki/Fleming_Companies,,verified
FLR,1124198.0,FLUOR CORP,1912.0,,https://en.wikipedia.org/wiki/Fluor_Corporation,,verified
FLS,30625.0,FLOWSERVE CORP,1790.0,,https://en.wikipedia.org/wiki/Flowserve,1997.0,business_kept_holdco_separated
FLT,,,1986.0,,https://en.wikipedia.org/wiki/Corpay,,verified
FLTWQ,771298.0,"Fruit of the Loom, Inc.",1851.0,,https://en.wikipedia.org/wiki/Fruit_of_the_Loom,,verified
FMC,37785.0,FMC CORP,1883.0,,https://en.wikipedia.org/wiki/FMC_Corporation,,verified
FMCC,1026214.0,FEDERAL HOME LOAN MORTGAGE CORP,1970.0,,https://en.wikipedia.org/wiki/Freddie_Mac,,verified
FMY,1319183.0,FIRST TRUST MORTGAGE INCOME FUND,2005.0,February,https://www.sec.gov/Archives/edgar/data/1319183/000144554625004643/fmy_ncsrs.htm,,verified
FNMA,310522.0,FEDERAL NATIONAL MORTGAGE ASSOCIATION FANNIE MAE,1938.0,,https://en.wikipedia.org/wiki/Fannie_Mae,,verified
FOSL,883569.0,"Fossil Group, Inc.",1984.0,,https://en.wikipedia.org/wiki/Fossil_Group,,verified
FOX,1754301.0,Fox Corporation (Class B),2018.0,May,https://www.sec.gov/Archives/edgar/data/1754301/000162828023002786/foxa-20221231x10qex31.htm,,corrected_earlier
FOXA,1754301.0,Fox Corporation (Class A),2018.0,May,https://www.sec.gov/Archives/edgar/data/1754301/000162828023002786/foxa-20221231x10qex31.htm,,corrected_earlier
FPC,,,1899.0,,https://en.wikipedia.org/wiki/Progress_Energy_Inc,2000.0,business_kept_holdco_separated
FRC,,,1985.0,February,https://en.wikipedia.org/wiki/First_Republic_Bank,,verified
FRO,913290.0,Frontline plc,1985.0,,https://en.wikipedia.org/wiki/Frontline_plc,,verified
FRT,34903.0,Federal Realty Investment Trust,1962.0,,https://www.sec.gov/Archives/edgar/data/34903/000003490319000013/frt-1231201810k.htm,,verified
FRX,38074.0,,1956.0,,https://en.wikipedia.org/wiki/Forest_Laboratories,,verified
FSH,880430.0,,1902.0,,https://en.wikipedia.org/wiki/Fisher_Scientific,,verified
FSL,1272547.0,,2004.0,,https://en.wikipedia.org/wiki/Freescale_Semiconductor,,verified
FSLR,1274494.0,First Solar,1999.0,,https://www.sec.gov/Archives/edgar/data/1274494/000095015308000367/p75017e10vk.htm,,verified
FTI,1681459.0,TechnipFMC plc,1883.0,,https://en.wikipedia.org/wiki/FMC_Corporation,2017.0,business_kept_holdco_separated
FTL.A,,"Fruit of the Loom, Inc.",1851.0,,https://en.wikipedia.org/wiki/Fruit_of_the_Loom,,verified
FTNT,1262039.0,Fortinet,2000.0,,https://www.fortinet.com/content/dam/fortinet/assets/brochures/fortinet-ov-brochure-Q4-2020.pdf,,verified
FTR,20520.0,,1935.0,,https://en.wikipedia.org/wiki/Frontier_Communications,,verified
FTV,1659166.0,Fortive,2015.0,,https://investors.fortive.com/sec-filings/all-sec-filings/content/0001659166-21-000062/ftv-20201231.htm,,corrected_earlier
FWLT,38321.0,Foster Wheeler Corporation,1927.0,,https://en.wikipedia.org/wiki/Foster_Wheeler,,verified
G,1398659.0,Genpact LTD,1997.0,,https://en.wikipedia.org/wiki/Genpact,,verified
GAPTQ,43300.0,Great Atlantic & Pacific Tea Company,1859.0,,https://en.wikipedia.org/wiki/A%26P,,verified
GAS,1004155.0,AGL Resources Inc.,1856.0,,https://en.wikipedia.org/wiki/Atlanta_Gas_Light_Company,1995.0,business_kept_holdco_separated
GD,40533.0,General Dynamics,1899.0,,,1952.0,business_kept_holdco_separated
GDDY,1609711.0,GoDaddy,1997.0,,https://aboutus.godaddy.net/newsroom/history-and-milestones/default.aspx,,verified
GDT,929987.0,Guidant Corporation,1994.0,,https://en.wikipedia.org/wiki/Guidant,,verified
GDW,42293.0,Golden West Financial Corporation,1963.0,,https://en.wikipedia.org/wiki/Golden_West_Financial,,verified
GE,40545.0,GE Aerospace,1892.0,,,2024.0,business_kept_holdco_separated
GEHC,1932393.0,GE HealthCare,1994.0,,,2022.0,business_kept_holdco_separated
GEN,849399.0,Gen Digital,1982.0,,,2022.0,business_kept_holdco_separated
GENZ,732485.0,,1981.0,,https://en.wikipedia.org/wiki/Genzyme,,verified
GEV,1996810.0,GE Vernova,2023.0,,https://www.sec.gov/Archives/edgar/data/1996810/000199681024000008/gev-20240331.htm,,corrected_earlier
GFS.A,1709048.0,GlobalFoundries Inc.,2009.0,March,https://en.wikipedia.org/wiki/GlobalFoundries,,verified
GGP,1496048.0,,1954.0,,https://en.wikipedia.org/wiki/GGP_(company),,verified
GHC,104889.0,Graham Holdings Co,1877.0,,https://en.wikipedia.org/wiki/Graham_Holdings,1947.0,business_kept_holdco_separated
GIDL,,"Giddings & Lewis, Inc.",1859.0,,https://www.fundinguniverse.com/company-histories/giddings-lewis-inc-history/,,verified
GILD,882095.0,Gilead Sciences,1987.0,,https://www.gilead.com/en-hk/company/message-from-the-general-manager,,verified
GIS,40704.0,General Mills,1856.0,,,1866.0,business_kept_holdco_separated
GL,320335.0,Globe Life,1900.0,,,1979.0,business_kept_holdco_separated
GLD,1222333.0,SPDR GOLD TRUST,2004.0,November,https://en.wikipedia.org/wiki/SPDR_Gold_Shares,,verified
GLK,43362.0,Great Lakes Chemical Corporation,1936.0,,https://en.wikipedia.org/wiki/Great_Lakes_Chemical_Corporation,,verified
GLW,24741.0,Corning Inc.,1851.0,,https://www.sec.gov/Archives/edgar/data/24741/000002474119000016/glw-20181231x10k.htm,,verified
GM,1467858.0,General Motors,1908.0,,https://www.gm.com/heritage,,verified
GMCR,909954.0,,1979.0,November,https://en.wikipedia.org/wiki/Keurig_Dr_Pepper,,verified
GME,1326380.0,GameStop Corp.,1984.0,,https://en.wikipedia.org/wiki/GameStop,,verified
GNRC,1474735.0,Generac,1959.0,,https://www.sec.gov/Archives/edgar/data/1474735/000143774926004568/gnrc20251231_10k.htm,,verified
GNT,1438893.0,"GAMCO Natural Resources, Gold & Income Trust",2008.0,June,https://www.sec.gov/Archives/edgar/data/1438893/000182912625007149/gnt_ncsrs.htm,,corrected_earlier
GNW,1276520.0,GENWORTH FINANCIAL INC,1871.0,,https://en.wikipedia.org/wiki/Genworth_Financial,,verified
GOOG,1652044.0,Alphabet Inc. (Class C),1998.0,,https://www.sec.gov/Archives/edgar/data/1652044/000165204426000018/goog-20251231.htm,,verified
GOOGL,1652044.0,Alphabet Inc. (Class A),1998.0,,https://www.sec.gov/Archives/edgar/data/1652044/000165204426000018/goog-20251231.htm,,verified
GP,1584547.0,GREENPOWER MOTOR Co INC.,2010.0,,https://en.wikipedia.org/wiki/GreenPower_Motor_Company,,verified
GPC,40987.0,Genuine Parts Company,1925.0,,,1928.0,business_kept_holdco_separated
GPN,1123360.0,Global Payments,2000.0,,https://www.sec.gov/Archives/edgar/data/1123360/000112336019000008/gpn20181231-10k.htm,,verified
GPS,39911.0,Gap Inc.,1969.0,,https://en.wikipedia.org/wiki/Gap_Inc.,,verified
GPU,40779.0,GPU Inc. (General Public Utilities),1946.0,January,https://www.sec.gov/files/1945.pdf,,verified
GR,42542.0,Goodrich Corporation (B.F. Goodrich),1870.0,,https://en.wikipedia.org/wiki/Goodrich_Corporation,,verified
GRA,1045309.0,W. R. Grace and Company,1854.0,,https://en.wikipedia.org/wiki/W._R._Grace_and_Company,,verified
GRMN,1121788.0,Garmin,1989.0,,https://www8.garmin.com/aboutGarmin/invRelations/documents/Corporate_Responsibility_Report_2019.pdf,,verified
GRN,312070.0,BARCLAYS BANK PLC,1690.0,November,https://en.wikipedia.org/wiki/Barclays,,verified
GS,886982.0,Goldman Sachs,1869.0,,https://www.goldmansachs.com/pdfs/migrated/our-firm/history/a-brief-history-of-gs.pdf,,verified
GSX,,General Signal Corporation,1904.0,,https://en.wikipedia.org/wiki/General_Signal,1965.0,business_kept_holdco_separated
GT,42582.0,GOODYEAR TIRE & RUBBER CO /OH/,1898.0,,https://en.wikipedia.org/wiki/Goodyear_Tire_and_Rubber_Company,,verified
GTE,1273441.0,GRAN TIERRA ENERGY INC.,2005.0,June,https://en.wikipedia.org/wiki/Gran_Tierra_Energy,,verified
GTW,895812.0,,1985.0,September,"https://en.wikipedia.org/wiki/Gateway,_Inc.",,verified
GWF,,Golden West Financial Corporation,1963.0,,https://en.wikipedia.org/wiki/Golden_West_Financial,,verified
GWW,277135.0,W. W. Grainger,1927.0,,https://invest.grainger.com/investor-news/news-details/2024/Construction-begins-on-massive-Grainger-distribution-center/default.aspx,,verified
GX,1061322.0,,1997.0,March,https://en.wikipedia.org/wiki/Global_Crossing,,verified
H,1468174.0,Hyatt Hotels Corp,1957.0,September,https://en.wikipedia.org/wiki/Hyatt,,verified
HAL,45012.0,Halliburton,1919.0,,https://www.sec.gov/Archives/edgar/data/45012/000004501222000065/hal-20221025.htm,,verified
HAR,800459.0,,1980.0,,https://en.wikipedia.org/wiki/Harman_International,,verified
HAS,46080.0,Hasbro,1923.0,,https://assets-us-01.kc-usercontent.com/500e0a65-283d-00ef-33b2-7f1f20488fe2/b51bdea8-2ee8-41a1-bd09-da5838e671fb/2024-Corp-Fact-Sheet.pdf,,verified
HBAN,49196.0,Huntington Bancshares,1866.0,,https://d1io3yog0oux5.cloudfront.net/_d35f8aff9f4d47e2453ebb7cb78c7915/huntington/db/2737/27431/proxy_statement/HBAN003_Huntington-Bancshares_2024-Proxy-Statement_Bookmarked_Standard.pdf,,verified
HBI,1359841.0,,1901.0,,https://en.wikipedia.org/wiki/Hanesbrands,,verified
HBOC,,,,,,,unresolved_blank
HCA,860730.0,HCA Healthcare,1968.0,,https://investor.hcahealthcare.com/news/news-details/2011/HCA-Named-to-Hospitals--Health-Networks-Most-Wired-List/default.aspx,,verified
HCBK,921847.0,,1868.0,March,https://en.wikipedia.org/wiki/Hudson_City_Bancorp,,verified
HCP,765880.0,,1985.0,,https://en.wikipedia.org/wiki/Healthpeak_Properties,,verified
HCR,878736.0,,1959.0,,https://en.wikipedia.org/wiki/ProMedica_Senior_Care,,verified
HD,354950.0,Home Depot (The),1978.0,,https://corporate.homedepot.com/page/about-us,,verified
HDLM,,Handleman Company,1934.0,,https://www.sec.gov/Archives/edgar/data/314727/000119312512313871/d384876d10k.htm,,verified
HES,4447.0,Hess Corporation,1933.0,,https://en.wikipedia.org/wiki/Hess_Corporation,,verified
HET,858339.0,Harrah's Entertainment,1937.0,October,https://en.wikipedia.org/wiki/Harrah%27s_Entertainment,,verified
HFC,48039.0,,1947.0,,https://en.wikipedia.org/wiki/HollyFrontier,2011.0,business_kept_holdco_separated
HFS,,HFS Incorporated,1990.0,,https://www.encyclopedia.com/books/politics-and-business-magazines/hospitality-franchise-systems-inc,,verified
HI,354964.0,Household International,1878.0,,https://en.wikipedia.org/wiki/Household_Finance_Corporation,1981.0,business_kept_holdco_separated
HIG,874766.0,Hartford (The),1810.0,,,1985.0,business_kept_holdco_separated
HII,1501585.0,Huntington Ingalls Industries,2011.0,,https://www.hii.com/history,,verified
HLT,1585689.0,Hilton Worldwide,1919.0,May,https://stories.hilton.com/emea/releases/hilton-the-worlds-first-global-hospitality-company-celebrates-100-years-with-a-dynamic-launch-into-its-next-century,,verified
HM,743872.0,Homestake Mining Company,1877.0,,https://en.wikipedia.org/wiki/Homestake_Mining_Company,,verified
HMA,792985.0,,1977.0,,https://www.encyclopedia.com/books/politics-and-business-magazines/health-management-associates-inc,,verified
HNZ,46640.0,H. J. Heinz Company,1869.0,January,https://en.wikipedia.org/wiki/H._J._Heinz_Company,,verified
HOG,793952.0,"HARLEY-DAVIDSON, INC.",1903.0,,https://en.wikipedia.org/wiki/Harley-Davidson,,verified
HOLX,859737.0,,1985.0,,https://en.wikipedia.org/wiki/Hologic,,verified
HON,773840.0,Honeywell,1906.0,,,1985.0,business_kept_holdco_separated
HOOD,1783879.0,Robinhood Markets,2013.0,November,https://www.sec.gov/Archives/edgar/data/1783879/000178387924000054/hood-20231231.htm,,verified
HOT,316206.0,,1969.0,,https://en.wikipedia.org/wiki/Starwood_Hotels_and_Resorts,,verified
HP,46765.0,"Helmerich & Payne, Inc.",1920.0,,https://en.wikipedia.org/wiki/Helmerich_%26_Payne,,verified
HPC,46989.0,Hercules Inc.,1912.0,,https://en.wikipedia.org/wiki/Hercules_Inc.,,verified
HPE,1645590.0,Hewlett Packard Enterprise,2015.0,February,https://www.sec.gov/Archives/edgar/data/1645590/000164559024000020/hpe-20240209.htm,,verified
HPH,,Harnischfeger Industries,1884.0,,https://en.wikipedia.org/wiki/Harnischfeger,,verified
HPQ,47217.0,HP Inc.,1939.0,,https://en.wikipedia.org/wiki/Hewlett-Packard,,verified
HRB,12659.0,H&R BLOCK INC,1955.0,,https://en.wikipedia.org/wiki/H%26R_Block,,verified
HRL,48465.0,Hormel Foods,1891.0,,https://www.hormelfoods.com/wp-content/uploads/HRL-2016-Inside-Magazine-Summer-150.pdf,,verified
HRS,202058.0,Harris Corporation,1895.0,,https://en.wikipedia.org/wiki/Harris_Corporation,,verified
HSH,23666.0,Hillshire Brands (Sara Lee),1939.0,,https://en.wikipedia.org/wiki/Sara_Lee_Corporation,,verified
HSIC,1000228.0,Henry Schein,1932.0,,https://news.henryschein.com/press-releases/press-release-details/2020/Henry-Schein-to-Ring-the-Nasdaq-Stock-Market-Opening-Bell-12-14-2020/default.aspx,,verified
HSP,1274057.0,,2004.0,May,https://en.wikipedia.org/wiki/Hospira,,verified
HST,1070750.0,Host Hotels & Resorts,1993.0,,,1998.0,business_kept_holdco_separated
HSY,47111.0,Hershey Company (The),1894.0,,,1927.0,business_kept_holdco_separated
HUBB,48898.0,Hubbell Incorporated,1888.0,,https://hubbellcdn.com/literature/HPS_GlobalBrochure_Aug2011.pdf,,verified
HUM,49071.0,Humana,1961.0,,https://www.sec.gov/Archives/edgar/data/1720420/000114036118009823/s001969x6_f1.htm,,verified
HWM,4281.0,Howmet Aerospace,1888.0,,https://www.sec.gov/Archives/edgar/data/4281/000000428126000012/hwm-20251231.htm,,verified
I,,First Interstate Bancorp,1958.0,July,https://en.wikipedia.org/wiki/First_Interstate_Bancorp,,verified
IAC,1800227.0,People Inc,,,,,unresolved_blank
IBKR,1381197.0,Interactive Brokers,1977.0,,https://www.sec.gov/Archives/edgar/data/1381197/000138119723000014/ibkr-20221231x10k.htm,,verified
IBM,51143.0,IBM,1911.0,,https://www.ibm.com/case-studies/ibm-supply-chain,,verified
ICE,1571949.0,Intercontinental Exchange,2000.0,,https://www.sec.gov/files/rules/other/2016/ice-trade-vault/ice-trade-vault-form-sdr-ex-c.1.pdf,,verified
IDXX,874716.0,Idexx Laboratories,1983.0,,https://www.idexx.com/files/2017-idexx-annual-report.pdf,,verified
IEX,832101.0,IDEX Corporation,1988.0,,https://idexcorp.com/about-idex/who-we-are,,verified
IFF,51253.0,International Flavors & Fragrances,1889.0,,https://en.wikipedia.org/wiki/International_Flavors_%26_Fragrances,,verified
IGT,353944.0,,1975.0,,https://en.wikipedia.org/wiki/International_Game_Technology_(1975%E2%80%932015),,verified
IKN,3370.0,IKON Office Solutions,1952.0,,https://www.fundinguniverse.com/company-histories/ikon-office-solutions-inc-history/,,verified
ILMN,1110803.0,"ILLUMINA, INC.",1998.0,April,"https://en.wikipedia.org/wiki/Illumina,_Inc.",,verified
IMNX,719529.0,,1981.0,,https://www.fundinguniverse.com/company-histories/immunex-corporation-history/,,verified
INCLF,49996.0,Inco Limited,1902.0,,https://en.wikipedia.org/wiki/Inco,,verified
INCY,879169.0,Incyte,1991.0,,https://www.sec.gov/Archives/edgar/data/879169/000110465906013846/a05-20227_210k.htm,,verified
INFO,1598014.0,,1959.0,,https://en.wikipedia.org/wiki/IHS_Markit,,verified
INGR,1046257.0,Ingredion Inc,1906.0,,https://en.wikipedia.org/wiki/Ingredion,,verified
INTC,50863.0,Intel,1968.0,,https://www.intel.com/content/dam/www/central-libraries/us/en/documents/semiconductors-and-intel-introduction.pdf,,verified
INTU,896878.0,Intuit,1983.0,,https://www.sec.gov/Archives/edgar/data/896878/000095013407020001/f33044e10vk.htm,,verified
INVH,1687229.0,Invitation Homes,2012.0,,https://www.sec.gov/Archives/edgar/data/1687229/000168722917000005/a123116ihallfs10k.htm,,verified
IP,51434.0,International Paper,1898.0,,https://www.internationalpaus.com/about.html,,verified
IPG,51644.0,Interpublic Group,1902.0,,https://en.wikipedia.org/wiki/The_Interpublic_Group_of_Companies,1930.0,business_kept_holdco_separated
IPGP,1111928.0,IPG PHOTONICS CORP,1990.0,,https://en.wikipedia.org/wiki/IPG_Photonics,,verified
IQV,1478242.0,IQVIA,1982.0,,,2009.0,business_kept_holdco_separated
IR,1699150.0,Ingersoll Rand,1859.0,,,2013.0,business_kept_holdco_separated
IRM,1020569.0,Iron Mountain,1951.0,,https://www.sec.gov/Archives/edgar/data/1020569/000102056926000024/irm_2025annualreport.pdf,,verified
ISRG,1035267.0,Intuitive Surgical,1995.0,,https://isrg.intuitive.com/static-files/e9ed7c14-f042-4923-b7cc-a1458e11e67b,,verified
IT,749251.0,Gartner,1979.0,,https://www.sec.gov/Archives/edgar/vprr/1001/10011956.pdf,,verified
ITT,216228.0,ITT INC.,1920.0,,https://en.wikipedia.org/wiki/ITT_Inc.,,verified
ITW,49826.0,Illinois Tool Works,1912.0,,https://www.sec.gov/Archives/edgar/data/49826/000119312526127630/2026_ars_filing.pdf,,verified
IVZ,914208.0,Invesco,1935.0,,https://www.invesco.com/corporate/en/home.html,,verified
J,52988.0,Jacobs Solutions,1947.0,,https://www.jacobs.com/locations/americas/united-states,,verified
JAVA,709519.0,"Sun Microsystems, Inc.",1982.0,February,https://en.wikipedia.org/wiki/Sun_Microsystems,,verified
JBHT,728535.0,J.B. Hunt,1961.0,,https://www.jbhunt.com/our-company/newsroom/2026/08/jb-hunt-65-years-moving-freight-forward,,verified
JBL,898293.0,Jabil,1966.0,,https://www.jabil.com/about-us/jabil-history.html,,verified
JCI,833444.0,Johnson Controls,1885.0,,https://www.johnsoncontrols.com/about-us/history,,verified
JCP,1166126.0,J. C. Penney Company,1902.0,April,https://en.wikipedia.org/wiki/JCPenney,,verified
JEC,52988.0,,1947.0,,https://en.wikipedia.org/wiki/Jacobs_Solutions,,verified
JEF,96223.0,Jefferies Financial Group Inc.,1962.0,,https://en.wikipedia.org/wiki/Jefferies_Group,,verified
JH,,John H. Harland Company,1923.0,,https://en.wikipedia.org/wiki/John_H._Harland_Company,,verified
JHF,736260.0,,1862.0,,https://en.wikipedia.org/wiki/John_Hancock_Financial,,verified
JKHY,779152.0,Jack Henry & Associates,1976.0,June,https://www.jackhenry.com/fintalk/45-years-in-business-a-look-back-at-where-it-all-started-and-where-we-are-today,,verified
JNJ,200406.0,Johnson & Johnson,1886.0,,https://www.jnj.com/sites/default/files/pdf/Johnson-Johnson_Factsheet_May%25202013.pdf,,verified
JNPR,1043604.0,,1996.0,February,https://en.wikipedia.org/wiki/Juniper_Networks,,verified
JNS,1065865.0,,1969.0,,https://en.wikipedia.org/wiki/Janus_Henderson,,verified
JNY,874016.0,,1970.0,,https://en.wikipedia.org/wiki/Nine_West_Holdings,,verified
JOS,54050.0,Jos. A. Bank Clothiers,1905.0,,https://en.wikipedia.org/wiki/Jos._A._Bank,,verified
JOY,801898.0,,1884.0,December,https://en.wikipedia.org/wiki/Joy_Global,,verified
JP,53347.0,Jefferson-Pilot Corporation,1907.0,,https://www.fundinguniverse.com/company-histories/jefferson-pilot-corporation-history/,,verified
JPM,19617.0,JPMorgan Chase,1799.0,,https://en.wikipedia.org/wiki/JPMorgan_Chase,2000.0,business_kept_holdco_separated
JWN,72333.0,"Nordstrom, Inc.",1901.0,,https://en.wikipedia.org/wiki/Nordstrom,,verified
K,55067.0,Kellogg Company (Kellanova),1906.0,,https://en.wikipedia.org/wiki/Kellanova,2023.0,business_kept_holdco_separated
KATE,352363.0,Kate Spade & Company (Liz Claiborne),1976.0,,https://en.wikipedia.org/wiki/Kate_Spade_%26_Company,,verified
KBH,795266.0,KB HOME,1957.0,,https://en.wikipedia.org/wiki/KB_Home,,verified
KDP,1418135.0,Keurig Dr Pepper,1981.0,,,2018.0,business_kept_holdco_separated
KEY,91576.0,KeyCorp,1825.0,,,1958.0,business_kept_holdco_separated
KEYS,1601046.0,Keysight Technologies,1939.0,,https://www.keysight.com/us/en/about/keysight-technologies-history.html/1000,2013.0,business_kept_holdco_separated
KG,2055116.0,Kestrel Group Ltd,2022.0,,https://www.prnewswire.com/news-releases/terry-ledbetter-and-luke-ledbetter-announce-the-formation-of-kestrel-group-301614027.html,,verified
KHC,1637459.0,Kraft Heinz,1869.0,,https://en.wikipedia.org/wiki/H._J._Heinz_Company,2015.0,business_kept_holdco_separated
KIM,879101.0,Kimco Realty,1958.0,,https://www.sec.gov/Archives/edgar/data/879101/000120677426000197/kim4498121-def14a.htm,,verified
KKR,1404912.0,KKR & Co.,1976.0,,https://www.sec.gov/file/ia-4131pdf,,verified
KLAC,319201.0,KLA Corporation,1975.0,,https://en.wikipedia.org/wiki/KLA_Corporation,1997.0,business_kept_holdco_separated
KM,56824.0,Kmart Corp. (S.S. Kresge),1899.0,July,https://en.wikipedia.org/wiki/Kmart,,verified
KMB,55785.0,Kimberly-Clark,1872.0,,https://www.kimberly-clark.com/-/media/kimberly/pdf/Modern%20Slavery%20Disclosure%20FY%202023%202024%20sub%20%20UK%20Pub%20010724.pdf,,verified
KMG,1141185.0,Kerr-McGee Corporation,1929.0,,https://en.wikipedia.org/wiki/Kerr-McGee,,verified
KMG_B,1141185.0,Kerr-McGee Corporation,1929.0,,https://en.wikipedia.org/wiki/Kerr-McGee,,verified
KMI,1506307.0,Kinder Morgan,1997.0,,https://www.kindermorgan.com/About-Us/Management,,verified
KMX,1170010.0,CARMAX INC,1993.0,September,https://en.wikipedia.org/wiki/CarMax,,verified
KO,21344.0,Coca-Cola Company (The),1886.0,,,1892.0,business_kept_holdco_separated
KORS,,,1981.0,,https://en.wikipedia.org/wiki/Capri_Holdings,,verified
KR,56873.0,Kroger,1883.0,,https://www.sec.gov/Archives/edgar/data/56873/000110465926037723/kr-20260131x10k.htm,,verified
KRB,870517.0,MBNA Corporation,1982.0,,https://en.wikipedia.org/wiki/MBNA,,verified
KRFT,1545158.0,,1903.0,,https://en.wikipedia.org/wiki/Kraft_Foods_Inc.,2012.0,business_kept_holdco_separated
KRI,205520.0,"Knight Ridder, Inc.",1974.0,July,https://en.wikipedia.org/wiki/Knight_Ridder,,verified
KSE,1062379.0,,1895.0,,https://en.wikipedia.org/wiki/KeySpan,1998.0,business_kept_holdco_separated
KSS,885639.0,KOHLS Corp,1962.0,September,https://en.wikipedia.org/wiki/Kohl%27s,,verified
KSU,54480.0,,1887.0,,https://en.wikipedia.org/wiki/Kansas_City_Southern_(company),,verified
KVUE,1944048.0,Kenvue,1886.0,,https://en.wikipedia.org/wiki/Kenvue,2022.0,business_kept_holdco_separated
KWP,,King World Productions,1964.0,,https://en.wikipedia.org/wiki/King_World,,verified
L,60086.0,Loews Corporation,1959.0,,,1969.0,business_kept_holdco_separated
LB,1995807.0,LandBridge Co LLC,2021.0,,https://stockanalysis.com/stocks/lb/company/,2023.0,business_kept_holdco_separated
LDG,764762.0,Longs Drug Stores Corporation,1938.0,,https://www.fundinguniverse.com/company-histories/longs-drug-stores-corporation-history/,,verified
LDOS,1336920.0,Leidos,1969.0,,https://www.leidos.com/sites/leidos/files/2019-06/An%20Integrated%20Approach%20for%20a%20Revitalized%20Nuclear%20Deterrence%20Mission_Leidos-Exchange%20Monitor_020619_0.pdf,,verified
LDW.B,,Laidlaw Inc.,1924.0,,https://en.wikipedia.org/wiki/Laidlaw,,verified
LEG,58492.0,LEGGETT & PLATT INC,1883.0,,https://en.wikipedia.org/wiki/Leggett_%26_Platt,,verified
LEHMQ,806085.0,,1850.0,,https://en.wikipedia.org/wiki/Lehman_Brothers,,verified
LEN,920760.0,Lennar,1954.0,,https://investors.lennar.com/,,verified
LH,920148.0,Labcorp,1978.0,,,1994.0,business_kept_holdco_separated
LHX,202058.0,L3Harris,1895.0,,https://en.wikipedia.org/wiki/Harris_Corporation,,verified
LIFE,1788451.0,Ethos Technologies Inc.,,,,,unresolved_blank
LII,1069202.0,Lennox International,1895.0,,https://www.sec.gov/Archives/edgar/data/1069202/000106920226000048/lii-20251231x10kxfinal.pdf,,verified
LIN,1707925.0,Linde plc,1879.0,,,2017.0,business_kept_holdco_separated
LITE,1633978.0,Lumentum,2015.0,2,https://www.sec.gov/Archives/edgar/data/1633978/000130817923001000/llite2023_ars.pdf,,verified
LKQ,1065696.0,LKQ CORP,1998.0,February,https://en.wikipedia.org/wiki/LKQ_Corporation,,verified
LLL,1056239.0,,1997.0,February,https://en.wikipedia.org/wiki/L3_Technologies,,verified
LLTC,791907.0,,1981.0,,https://en.wikipedia.org/wiki/Linear_Technology,,verified
LLX,,Louisiana Land and Exploration Company,1926.0,,https://www.fundinguniverse.com/company-histories/the-louisiana-land-and-exploration-company-history/,,corrected_earlier
LLY,59478.0,Lilly (Eli),1876.0,,https://www.lilly.com/eu/about-lilly,,verified
LM,704051.0,,1899.0,,https://en.wikipedia.org/wiki/Legg_Mason,,verified
LMT,936468.0,Lockheed Martin,1995.0,,https://www.sec.gov/Archives/edgar/data/936468/000119312506040986/d10k.htm,,verified
LNC,59558.0,LINCOLN NATIONAL CORP,1905.0,,https://en.wikipedia.org/wiki/Lincoln_National_Corporation,1968.0,business_kept_holdco_separated
LNT,352541.0,Alliant Energy,1917.0,,,1981.0,business_kept_holdco_separated
LO,1424847.0,,1760.0,,https://en.wikipedia.org/wiki/Lorillard_Tobacco_Company,,verified
LOR,,Loral Corporation,1948.0,,https://en.wikipedia.org/wiki/Loral_Corporation,,verified
LOW,60667.0,Lowe's,1921.0,March,https://en.wikipedia.org/wiki/Lowe%27s,,verified
LPX,60519.0,LOUISIANA-PACIFIC CORP,1972.0,,https://en.wikipedia.org/wiki/Louisiana-Pacific,1973.0,business_kept_holdco_separated
LRCX,707549.0,Lam Research,1980.0,,https://investor.lamresearch.com/download/AR2006.pdf,,verified
LSI,703360.0,LSI Logic Corporation,1980.0,November,https://en.wikipedia.org/wiki/LSI_Logic,,corrected_earlier
LU,1816007.0,Lufax Holding Ltd,2011.0,September,https://en.wikipedia.org/wiki/Lufax,,verified
LUB,,"Luby's, Inc.",1947.0,,https://en.wikipedia.org/wiki/Luby%27s,,verified
LULU,1397187.0,Lululemon Athletica,1998.0,,https://corporate.lululemon.com/~/media/Files/L/Lululemon/investors/annual-reports/2011_annual_report.pdf,,verified
LUMN,18926.0,"Lumen Technologies, Inc.",1930.0,,https://en.wikipedia.org/wiki/Lumen_Technologies,,verified
LUV,92380.0,Southwest Airlines,1967.0,,https://history.southwest.com/our-stories/herb-rollin-the-birth-of-southwest-airlines/,,verified
LVLT,794323.0,,1985.0,,https://en.wikipedia.org/wiki/Level_3_Communications,,verified
LVS,1300514.0,Las Vegas Sands,1988.0,,https://www.sec.gov/Archives/edgar/data/1300514/000130817920000113/llvs2020_def14a.htm,,verified
LW,1679273.0,"Lamb Weston Holdings, Inc.",1950.0,,https://en.wikipedia.org/wiki/Lamb_Weston,,verified
LXK,1001288.0,,1991.0,March,https://en.wikipedia.org/wiki/Lexmark,,verified
LYB,1489393.0,LyondellBasell,2007.0,,,2009.0,business_kept_holdco_separated
LYV,1335258.0,Live Nation Entertainment,2005.0,,https://www.sec.gov/Archives/edgar/data/1335258/000133525818000023/lyv-20171231x10k.htm,,corrected_earlier
M,794367.0,"Macy's, Inc.",1858.0,,https://en.wikipedia.org/wiki/Macy%27s,,verified
MA,1141391.0,Mastercard,1966.0,,https://www.justice.gov/sites/default/files/atr/legacy/2006/11/03/p-1012.pdf,,verified
MAA,912595.0,Mid-America Apartment Communities,1977.0,,,1994.0,business_kept_holdco_separated
MAC,912242.0,MACERICH CO,1964.0,,https://en.wikipedia.org/wiki/Macerich,,verified
MAR,1048286.0,Marriott International,1927.0,,,1929.0,business_kept_holdco_separated
MAS,62996.0,Masco,1929.0,December,https://masco.com/about-us/historical-timeline/,,verified
MAT,63276.0,MATTEL INC /DE/,1945.0,,https://corporate.mattel.com/news/mattel-publishing-accelerates-growth-with-new-global-partnerships-audio-titles-and-manga-inspired-graphic-novels-as-the-company-celebrates-80-years-of-innovation,,verified
MAY,63416.0,May Department Stores Company,1877.0,,https://en.wikipedia.org/wiki/The_May_Department_Stores_Company,,verified
MBI,814585.0,MBIA INC,1973.0,,https://en.wikipedia.org/wiki/MBIA,,verified
MCD,63908.0,McDonald's,1940.0,,https://corporate.mcdonalds.com/corpmcd/our-company/who-we-are/our-history.html?os=vb_,,verified
MCHP,827054.0,Microchip Technology,1989.0,,https://ww1.microchip.com/downloads/en/Market_Communication/fact.pdf,,verified
MCIC,,MCI Communications Corporation,1963.0,October,https://en.wikipedia.org/wiki/MCI_Communications,,verified
MCK,927653.0,McKesson Corporation,1833.0,,https://www.sec.gov/Archives/edgar/data/927653/000092765321000039/mck-20210331.htm,,verified
MCO,1059556.0,Moody's Corporation,1909.0,,https://www.moodys.com/web/en/us/ai-information.html,,verified
MD,893949.0,"Pediatrix Medical Group, Inc.",1979.0,,https://mednax.gcs-web.com/,,verified
MDLZ,1103982.0,Mondelez International,2012.0,10,https://www.mondelezinternational.com/about-us/who-we-are/our-history/,,verified
MDP,65011.0,Meredith Corporation,1902.0,,https://en.wikipedia.org/wiki/Meredith_Corporation,,verified
MDR,708819.0,McDermott International,1923.0,,https://en.wikipedia.org/wiki/McDermott_International,,verified
MDT,1613103.0,Medtronic,1949.0,,https://www.sec.gov/Archives/edgar/data/1613103/000119312526098523/d122374ds3asr.htm,,verified
MEA,64394.0,Mead Corporation,1846.0,,https://www.encyclopedia.com/social-sciences-and-law/economics-business-and-labor/businesses-and-occupations/mead-corp,,verified
MEDI,873591.0,,1988.0,,https://en.wikipedia.org/wiki/MedImmune,,verified
MEE,37748.0,Massey Energy Company,1920.0,,https://en.wikipedia.org/wiki/Massey_Energy,,verified
MEL,64782.0,Mellon Financial Corporation,1869.0,,https://en.wikipedia.org/wiki/Mellon_Financial,1870.0,business_kept_holdco_separated
MER,65100.0,Merrill Lynch & Co.,1914.0,January,https://en.wikipedia.org/wiki/Merrill_Lynch_%26_Co.,,verified
MERQ,867058.0,,1989.0,,https://en.wikipedia.org/wiki/Mercury_Interactive,,verified
MET,1099219.0,MetLife,1868.0,,https://investments.metlife.co.uk/content/dam/metlifecom/us/sustainability/Sustainability-2024/sustainability-evergreen-microsite/pdf/corporate-responsibility-report.pdf,,verified
META,1326801.0,Meta Platforms,2004.0,,https://investor.atmeta.com/resources/default.aspx,,verified
MFE,890801.0,,1987.0,,https://en.wikipedia.org/wiki/McAfee,,verified
MGM,789570.0,MGM Resorts,1986.0,,https://www.sec.gov/Archives/edgar/data/789570/000119312523077916/d719283dars.pdf,,verified
MHK,851968.0,MOHAWK INDUSTRIES INC,1878.0,,https://en.wikipedia.org/wiki/Mohawk_Industries,,verified
MHS,1170650.0,,1983.0,,https://en.wikipedia.org/wiki/Medco_Health_Solutions,,verified
MI,1958713.0,NFT Ltd,1847.0,,https://en.wikipedia.org/wiki/Marshall_%26_Ilsley,,verified
MII,,"Morton International, Inc.",1848.0,,https://www.encyclopedia.com/books/politics-and-business-magazines/morton-international-inc,,verified
MIL,66479.0,Millipore Corporation,1954.0,,https://www.fundinguniverse.com/company-histories/millipore-corporation-history/,,verified
MIR,1809987.0,"Mirion Technologies, Inc.",,,,,unresolved_blank
MJN,1452575.0,,1905.0,,https://www.meadjohnson.com/sites/corp/files/Fact%20Sheet%202016%201.pdf,,verified
MKC,63754.0,McCormick & Company,1889.0,,https://www.sec.gov/Archives/edgar/data/63754/000006375426000270/mkcreportsstrongsecondqu.htm,,verified
MKG,51396.0,Mallinckrodt,1867.0,,https://en.wikipedia.org/wiki/Mallinckrodt,,verified
MKTX,1278021.0,MARKETAXESS HOLDINGS INC,2000.0,,https://en.wikipedia.org/wiki/MarketAxess,,verified
MLM,916076.0,Martin Marietta Materials,1993.0,,https://www.sec.gov/Archives/edgar/data/916076/000119312526157089/2025_mlm_annual_report.pdf,,verified
MMC,62709.0,Marsh & McLennan Companies,1905.0,,https://en.wikipedia.org/wiki/Marsh_McLennan,,verified
MMI,1578732.0,"Marcus & Millichap, Inc.",1971.0,,https://en.wikipedia.org/wiki/Marcus_%26_Millichap,,verified
MMM,66740.0,3M,1902.0,,https://multimedia.3m.com/mws/media/1905257O/zz-archive-familiarization-broacher-for-directors-2020.pdf,,verified
MNK,1567892.0,,1867.0,,https://en.wikipedia.org/wiki/Mallinckrodt,,verified
MNR,1980088.0,MACH NATURAL RESOURCES LP,2017.0,,https://stockanalysis.com/stocks/mnr/company/,2023.0,business_kept_holdco_separated
MNST,865752.0,Monster Beverage,1935.0,,https://en.wikipedia.org/wiki/Hansen_Natural,,verified
MO,764180.0,Altria,1985.0,,https://www.sec.gov/Archives/edgar/data/764180/000076418018000028/a2017form10-kq4.htm,,verified
MOB,1898643.0,Mobilicom Ltd,,,,,unresolved_blank
MOH,1179929.0,"MOLINA HEALTHCARE, INC.",1980.0,,https://en.wikipedia.org/wiki/Molina_Healthcare,,verified
MOLX,67472.0,,1938.0,,https://en.wikipedia.org/wiki/Molex,,verified
MON,1110783.0,,1901.0,,https://en.wikipedia.org/wiki/Monsanto,,verified
MOS,1285785.0,Mosaic Company (The),2004.0,October,https://en.wikipedia.org/wiki/The_Mosaic_Company,,verified
MPC,1510295.0,Marathon Petroleum,1887.0,,https://en.wikipedia.org/wiki/Marathon_Oil,2011.0,business_kept_holdco_separated
MPWR,1280452.0,Monolithic Power Systems,1997.0,,https://www.sec.gov/Archives/edgar/data/1280452/000143774926003191/ex_886151.htm,,verified
MRK,310158.0,Merck & Co.,1891.0,,,1970.0,business_kept_holdco_separated
MRNA,1682852.0,Moderna,2010.0,,https://www.sec.gov/Archives/edgar/data/1682852/000119312518341958/d611137ds1a.htm,,verified
MRO,101778.0,Marathon Oil Corporation,1887.0,August,https://en.wikipedia.org/wiki/Marathon_Oil,,verified
MRSH,62709.0,Marsh McLennan,1905.0,,,1969.0,business_kept_holdco_separated
MS,895421.0,Morgan Stanley,1935.0,,https://advisor.morganstanley.com/the-triad-group/documents/field/t/tr/triad-group/Morgan_Stanley_-_About_the_Firm.pdf,,verified
MSCI,1408198.0,MSCI Inc.,1969.0,,https://ir.msci.com/static-files/92cdd3bb-a743-483d-9b1c-1b9a2f80a7cf,,verified
MSFT,789019.0,Microsoft,1975.0,,https://www.microsoft.com/investor/reports/ar13/financial-review/business-description/index.html,,verified
MSI,68505.0,Motorola Solutions,1928.0,,https://en.wikipedia.org/wiki/Motorola_Solutions,2011.0,business_kept_holdco_separated
MST,,Mercantile Stores Company,1914.0,,"https://en.wikipedia.org/wiki/Mercantile_Stores_Company,_Inc.",,verified
MTB,36270.0,M&T Bank,1856.0,,https://www.sec.gov/Archives/edgar/data/36270/000119312526099298/d74790ddef14a.htm,,verified
MTCH,891103.0,"Match Group, Inc.",1995.0,,https://en.wikipedia.org/wiki/Match.com,2009.0,business_kept_holdco_separated
MTD,1037646.0,Mettler Toledo,1945.0,,,1991.0,business_kept_holdco_separated
MTG,876437.0,MGIC INVESTMENT CORP,1957.0,,https://en.wikipedia.org/wiki/MGIC_Investment_Corporation,,verified
MTL,,,2003.0,,https://en.wikipedia.org/wiki/Mechel,,verified
MTLQQ,40730.0,Motors Liquidation (old GM),1908.0,,https://en.wikipedia.org/wiki/Motors_Liquidation_Company,,verified
MTW,61986.0,MANITOWOC CO INC,1902.0,,https://en.wikipedia.org/wiki/The_Manitowoc_Company,,verified
MU,723125.0,Micron Technology,1978.0,,https://www.micron.com/about/company/company-timeline,,verified
MUR,717423.0,MURPHY OIL CORP,1944.0,,https://en.wikipedia.org/wiki/Murphy_Oil,,verified
MWI,,MWI Veterinary Supply,1976.0,,https://www.encyclopedia.com/books/politics-and-business-magazines/mwi-veterinary-supply-inc,,verified
MWV,1159297.0,MeadWestvaco,1846.0,,https://en.wikipedia.org/wiki/MeadWestvaco,2002.0,business_kept_holdco_separated
MWW,1020416.0,,1967.0,,https://en.wikipedia.org/wiki/Monster_Worldwide,,verified
MXIM,743316.0,,1983.0,April,https://en.wikipedia.org/wiki/Maxim_Integrated,,verified
MYG,63541.0,Maytag Corporation,1893.0,,https://en.wikipedia.org/wiki/Maytag,,verified
MYL,69499.0,,1961.0,,https://en.wikipedia.org/wiki/Mylan,,verified
MZIAQ,716823.0,Mirant Corporation,1981.0,,https://en.wikipedia.org/wiki/Mirant,1993.0,business_kept_holdco_separated
NAE,,NorAm Energy Corp (Arkla),,,,,unresolved_blank
NAV,51303.0,Navistar International,1902.0,,https://en.wikipedia.org/wiki/International_Harvester,1986.0,business_kept_holdco_separated
NAVI,1593538.0,NAVIENT CORP,2014.0,April,https://en.wikipedia.org/wiki/Navient,,verified
NBL,72207.0,,1932.0,,https://en.wikipedia.org/wiki/Noble_Energy,,verified
NBR,1163739.0,NABORS INDUSTRIES LTD,1952.0,May,https://en.wikipedia.org/wiki/Nabors_Industries,,verified
NC,789933.0,NACCO INDUSTRIES INC,1913.0,,https://en.wikipedia.org/wiki/NACCO_Industries,,verified
NCC,69970.0,National City Corporation,1845.0,,https://en.wikipedia.org/wiki/National_City_Corp.,,verified
NCE,,,,,,,unresolved_blank
NCLH,1513761.0,Norwegian Cruise Line Holdings,1966.0,,https://en.wikipedia.org/wiki/Norwegian_Cruise_Line,2011.0,business_kept_holdco_separated
NCR,70866.0,,1884.0,,https://en.wikipedia.org/wiki/NCR_Corporation,,verified
NDAQ,1120193.0,"Nasdaq, Inc.",1971.0,,https://www.sec.gov/Archives/edgar/data/1120193/000112019318000003/ndaq1231201710-k.htm,,verified
NDSN,72331.0,Nordson Corporation,1935.0,,,1954.0,business_kept_holdco_separated
NE,1895262.0,Noble Corp plc,1921.0,,https://en.wikipedia.org/wiki/Noble_Corporation,1985.0,business_kept_holdco_separated
NEE,753308.0,NextEra Energy,1925.0,,https://www.nexteraenergy.com/about-us/our-history.html,,verified
NEM,1164727.0,Newmont,1921.0,,https://www.sec.gov/Archives/edgar/data/1164727/000110465923098309/tm2314601-4_defm14a.htm,,verified
NFB,352510.0,,1905.0,,https://www.fundinguniverse.com/company-histories/north-fork-bancorporation-inc-history/,,verified
NFLX,1065280.0,Netflix,1997.0,,https://about.netflix.com/en/news/first-online-dvd-rental-store-opens,,verified
NFX,912750.0,,1988.0,,https://en.wikipedia.org/wiki/Newfield_Exploration,,verified
NGH,,,1898.0,June,https://en.wikipedia.org/wiki/Nabisco,,verified
NI,1111711.0,NiSource,1912.0,,,2000.0,business_kept_holdco_separated
NKE,320187.0,"Nike, Inc.",1964.0,,,1967.0,business_kept_holdco_separated
NKTR,906709.0,NEKTAR THERAPEUTICS,1990.0,,https://en.wikipedia.org/wiki/Nektar_Therapeutics,,verified
NLC,,Nalco Holding Company,1928.0,,https://en.wikipedia.org/wiki/Nalco_Water,2003.0,business_kept_holdco_separated
NLOK,,,1982.0,,https://en.wikipedia.org/wiki/Symantec_Corporation,,verified
NLSN,1492633.0,,1923.0,August,https://en.wikipedia.org/wiki/Nielsen_Holdings,,verified
NLV,,,,,,,unresolved_blank
NMK,71932.0,Niagara Mohawk Power Corporation,1929.0,,https://en.wikipedia.org/wiki/Niagara_Mohawk_Power_Corporation,,verified
NOC,1133421.0,Northrop Grumman,1939.0,,https://en.wikipedia.org/wiki/Northrop_Corporation,1994.0,business_kept_holdco_separated
NOV,1021860.0,NOV Inc.,1862.0,,https://en.wikipedia.org/wiki/NOV_Inc.,2005.0,business_kept_holdco_separated
NOVL,758004.0,Novell,1980.0,August,https://en.wikipedia.org/wiki/Novell,,verified
NOW,1373715.0,ServiceNow,2003.0,,,2004.0,business_kept_holdco_separated
NRG,1013871.0,NRG Energy,1992.0,,https://www.sec.gov/Archives/edgar/data/1013871/000110465925043394/tm2513364d1_ex3-1.htm,,verified
NRTLQ,72911.0,Nortel Networks,1895.0,December,https://en.wikipedia.org/wiki/Nortel,,verified
NSC,702165.0,Norfolk Southern,1980.0,July,https://en.wikipedia.org/wiki/Norfolk_Southern,,corrected_earlier
NSI,70538.0,National Service Industries,1919.0,,https://www.encyclopedia.com/social-sciences-and-law/economics-business-and-labor/businesses-and-occupations/national-service-industries-inc,,verified
NSM,70530.0,National Semiconductor,1959.0,May,https://en.wikipedia.org/wiki/National_Semiconductor,,verified
NTAP,1002047.0,NetApp,1992.0,,https://www.sec.gov/Archives/edgar/data/1002047/000095013407014094/f31128e10vk.htm,,verified
NTRS,73124.0,Northern Trust,1889.0,August,https://www.northerntrust.com/united-kingdom/about-us/our-history,,verified
NUE,73309.0,Nucor,1940.0,,,1958.0,business_kept_holdco_separated
NVDA,1045810.0,Nvidia,1993.0,April,https://www.nvidia.com/en-gb/about-nvidia/corporate-timeline/,,verified
NVLS,836106.0,,1984.0,,https://en.wikipedia.org/wiki/Novellus_Systems,,verified
NVR,906163.0,"NVR, Inc.",1980.0,,https://www.sec.gov/Archives/edgar/data/906163/000090616326000018/nvr-20251231.htm,,verified
NWL,814453.0,NEWELL BRANDS INC.,1903.0,,https://en.wikipedia.org/wiki/Newell_Brands,,verified
NWS,1564708.0,News Corp (Class B),2013.0,June,https://en.wikipedia.org/wiki/News_Corp,,verified
NWSA,1564708.0,News Corp (Class A),2013.0,June,https://en.wikipedia.org/wiki/News_Corp,,verified
NXPI,1413447.0,NXP Semiconductors,1953.0,,,2006.0,business_kept_holdco_separated
NXTL,824169.0,,1987.0,,https://en.wikipedia.org/wiki/Nextel,,verified
NYN,,NYNEX,1984.0,January,https://en.wikipedia.org/wiki/NYNEX,,verified
NYT,71691.0,NEW YORK TIMES CO,1851.0,September,https://en.wikipedia.org/wiki/The_New_York_Times_Company,,verified
NYX,1368007.0,,1792.0,,https://en.wikipedia.org/wiki/New_York_Stock_Exchange,,verified
O,726728.0,Realty Income,1969.0,,https://www.sec.gov/Archives/edgar/data/726728/000072672824000066/o-20231231ars.pdf,,verified
OAT,,Quaker Oats Company,1877.0,,https://en.wikipedia.org/wiki/Quaker_Oats_Company,,verified
ODFL,878927.0,Old Dominion,1934.0,,https://www.sec.gov/Archives/edgar/data/878927/000095017023013010/odfl_2022_annual_report.pdf,,verified
ODP,800240.0,,1986.0,October,https://en.wikipedia.org/wiki/Office_Depot,,verified
OGN,1821825.0,Organon & Co.,1923.0,,https://en.wikipedia.org/wiki/Organon_(company),2020.0,business_kept_holdco_separated
OI,812074.0,"O-I Glass, Inc. /DE/",1903.0,,https://en.wikipedia.org/wiki/Owens-Illinois,2019.0,business_kept_holdco_separated
OK,,Old Kent Financial Corporation,1853.0,,https://www.encyclopedia.com/books/politics-and-business-magazines/old-kent-financial-corp,,verified
OKE,1039684.0,Oneok,1906.0,,https://ir.oneok.com/~/media/Files/O/ONEOK-IR-V3/documents/annual-reports/annual-report-2011.pdf,,verified
OM,1484612.0,"Outset Medical, Inc.",2003.0,,https://en.wikipedia.org/wiki/Outset_Medical,,verified
OMC,29989.0,Omnicom Group,1986.0,,https://en.wikipedia.org/wiki/Omnicom_Group,,verified
OMX,12978.0,OfficeMax,1988.0,,https://en.wikipedia.org/wiki/OfficeMax,,verified
ON,1097864.0,ON Semiconductor,1999.0,,https://en.wikipedia.org/wiki/ON_Semiconductor,,verified
ONE,1067092.0,Bank One Corporation,1968.0,,https://en.wikipedia.org/wiki/Bank_One,,verified
ORCL,1341439.0,Oracle Corporation,1977.0,June,https://en.wikipedia.org/wiki/Oracle_Corporation,,verified
ORLY,898173.0,O’Reilly Automotive,1957.0,,https://www.sec.gov/Archives/edgar/data/898173/000089817326000018/orly-20251231xars.pdf,,verified
ORX,,Oryx Energy Company,1988.0,,https://en.wikipedia.org/wiki/Kerr-McGee,,verified
OTIS,1781335.0,Otis Worldwide,1853.0,,https://en.wikipedia.org/wiki/Otis_Worldwide,,verified
OWENQ,75234.0,Owens Corning,1938.0,,https://en.wikipedia.org/wiki/Owens_Corning,,verified
OXY,797468.0,Occidental Petroleum,1920.0,,,1986.0,business_kept_holdco_separated
PAC,1347557.0,Pacific Airport Group,1998.0,November,https://en.wikipedia.org/wiki/Grupo_Aeroportuario_del_Pac%C3%ADfico,,verified
PALM,1100389.0,,1992.0,,"https://en.wikipedia.org/wiki/Palm,_Inc.",,verified
PANW,1327567.0,Palo Alto Networks,2005.0,,https://media.paloaltonetworks.com/documents/Palo_Alto_Networks_Corp_Backgrounder.pdf,,verified
PARA,813828.0,,,,,,unresolved_blank
PAS,,"PepsiAmericas, Inc.",1851.0,,https://en.wikipedia.org/wiki/PepsiAmericas,1986.0,business_kept_holdco_separated
PAYC,1590955.0,"Paycom Software, Inc.",1998.0,,https://en.wikipedia.org/wiki/Paycom,,verified
PAYX,723531.0,Paychex,1971.0,,https://en.wikipedia.org/wiki/Paychex,,verified
PBCT,1378946.0,,1842.0,,https://en.wikipedia.org/wiki/People%27s_United_Financial,,verified
PBG,1076405.0,,1999.0,,https://en.wikipedia.org/wiki/Pepsi_Bottling_Group,,verified
PBI,78814.0,PITNEY BOWES INC /DE/,1920.0,April,https://en.wikipedia.org/wiki/Pitney_Bowes,,verified
PBY,77449.0,Pep Boys,1921.0,August,https://en.wikipedia.org/wiki/Pep_Boys,,verified
PCAR,75362.0,Paccar,1905.0,,https://investors.paccar.com/financial-news/news-details/2025/PACCAR-Achieves-Strong-Annual-Revenues-and-Net-Income/default.aspx,,verified
PCG,1004980.0,PG&E Corporation,1905.0,,,1995.0,business_kept_holdco_separated
PCH,79716.0,Potlatch (PotlatchDeltic),1903.0,,https://en.wikipedia.org/wiki/PotlatchDeltic,,verified
PCL,849213.0,,1989.0,,https://en.wikipedia.org/wiki/Plum_Creek_Timber,,verified
PCP,79958.0,,1953.0,,https://en.wikipedia.org/wiki/Precision_Castparts_Corp.,,verified
PCS,101830.0,,1994.0,,https://en.wikipedia.org/wiki/MetroPCS,,verified
PD,1568100.0,"PagerDuty, Inc.",2009.0,,https://en.wikipedia.org/wiki/PagerDuty,,verified
PDCO,891024.0,,1877.0,,https://en.wikipedia.org/wiki/Patterson_Companies,,verified
PDG,,Placer Dome Inc.,1987.0,August,https://en.wikipedia.org/wiki/Placer_Dome,,verified
PEAK,,,,,,,unresolved_blank
PEG,788784.0,Public Service Enterprise Group,1903.0,,https://corporate.pseg.com/aboutpseg/companyinformation,,verified
PEL,,Panhandle Eastern Pipe Line Co.,1929.0,,https://en.wikipedia.org/wiki/Panhandle_Eastern,,verified
PENN,921738.0,"PENN Entertainment, Inc.",1968.0,,https://en.wikipedia.org/wiki/Penn_Entertainment,1982.0,business_kept_holdco_separated
PEP,77476.0,PepsiCo,1898.0,,,1965.0,business_kept_holdco_separated
PET,,Pet Incorporated,1885.0,,"https://en.wikipedia.org/wiki/Pet,_Incorporated",,verified
PETM,863157.0,,1986.0,,https://en.wikipedia.org/wiki/PetSmart,,verified
PFE,78003.0,Pfizer,1849.0,,https://www.sec.gov/Archives/edgar/data/5187/000119312509011186/dex991.htm,,verified
PFG,1126328.0,Principal Financial Group,1879.0,,https://www.sec.gov/comments/s7-14-10/s71410-243.pdf,,verified
PG,80424.0,Procter & Gamble,1837.0,,https://www.sec.gov/Archives/edgar/data/80424/000008042424000083/pg-20240630.htm,,verified
PGL,77385.0,Peoples Energy Corp,1849.0,,https://en.wikipedia.org/wiki/Peoples_Energy,,verified
PGN,1094093.0,Progress Energy Inc.,,,,,unresolved_blank
PGR,80661.0,Progressive Corporation,1937.0,,https://investors.progressive.com/financials/financial-news-releases/news-details/2026/Progressive-Announces-Investor-Relations-Call/default.aspx,,verified
PH,76334.0,Parker Hannifin,1917.0,,https://en.wikipedia.org/wiki/Parker_Hannifin,,verified
PHA,67686.0,Pharmacia Corporation,1911.0,,https://en.wikipedia.org/wiki/Pharmacia,,verified
PHB,,Pioneer Hi-Bred International,1926.0,,https://en.wikipedia.org/wiki/Pioneer_Hi_Bred_International,,verified
PHM,822416.0,PulteGroup,1950.0,,https://www.pultegroupinc.com/investor-relations/news/news-details/2018/PulteGroup-Announces-Passing-of-Company-Founder-William-Bill-Pulte/default.aspx,,corrected_earlier
PKG,75677.0,Packaging Corporation of America,1959.0,,,1999.0,business_kept_holdco_separated
PKI,31791.0,"PerkinElmer, Inc. (EG&G)",1937.0,April,https://en.wikipedia.org/wiki/PerkinElmer,,verified
PLD,1045609.0,Prologis,1983.0,,https://www.prologis.com/annual-report/2021,,verified
PLL,75829.0,Pall Corporation,1946.0,,https://en.wikipedia.org/wiki/Pall_Corporation,,verified
PLTR,1321655.0,Palantir Technologies,2003.0,,https://www.palantir.com/assets/xrfr7uokpv1b/4Py6TmK7OUgYAuwD8OFWLg/6c5724703c87afca09e81cda2eba8e97/AIP_Now_Privacy_Statement.pdf,,verified
PM,1413329.0,Philip Morris International,1847.0,,https://en.wikipedia.org/wiki/Philip_Morris_International,2008.0,business_kept_holdco_separated
PMCS,767920.0,,1984.0,,https://en.wikipedia.org/wiki/PMC-Sierra,,verified
PMI,2030617.0,"Picard Medical, Inc.",2001.0,,https://picardmedical.com,2021.0,business_kept_holdco_separated
PNC,713676.0,PNC Financial Services,1845.0,,,1983.0,business_kept_holdco_separated
PNR,77360.0,Pentair,1966.0,,https://www.pentair.com/content/dam/extranet/enterprise/resources/brand-content/Pentair_History_2022.pdf,,verified
PNU,,Pharmacia & Upjohn Inc.,1886.0,,https://en.wikipedia.org/wiki/Upjohn,,verified
PNW,764622.0,Pinnacle West Capital,1985.0,February,https://www.sec.gov/Archives/edgar/data/764622/000095012405001084/p70259uv3av2.htm,,verified
PODD,1145197.0,Insulet Corporation,2000.0,,https://investor.insulet.com/overview/,,verified
POM,1877971.0,POMDOCTOR Ltd,,,,,unresolved_blank
POOL,945841.0,Pool Corporation,1993.0,,https://www.sec.gov/Archives/edgar/data/945841/000094584121000022/pool-20201231.htm,,verified
PPG,79879.0,PPG Industries,1883.0,,https://news.ppg.com/Press-Releases/news-details/2018/PPG-Marks-135th-Anniversary-of-Its-Founding-With-NYSE-Closing-Bell-Ceremony/default.aspx,,verified
PPL,922224.0,PPL Corporation,1920.0,June,https://www.pplweb.com/about-us/affordability/timeline/,,verified
PPW,,PacifiCorp,1910.0,,https://en.wikipedia.org/wiki/PacifiCorp,,verified
PRD,79326.0,Polaroid Corporation,1937.0,,https://en.wikipedia.org/wiki/Polaroid_Corporation,,verified
PRGO,1585364.0,PERRIGO Co plc,1887.0,,https://en.wikipedia.org/wiki/Perrigo,,verified
PRU,1137774.0,Prudential Financial,1875.0,,https://news.prudential.com/files/doc_news/fact_sheets/2021/Prudential_RTW_Resource-Guide.pdf,,verified
PSA,1393311.0,Public Storage,1972.0,,https://investors.publicstorage.com/news-events/press-releases/news-details/2022/Public-Storage-to-Celebrate-its-50th-Anniversary-by-Ringing-the-NYSE-Opening-Bell/default.aspx,,verified
PSFT,875570.0,,1987.0,,https://en.wikipedia.org/wiki/PeopleSoft,,verified
PSKY,2041610.0,Paramount Skydance Corporation,1912.0,,https://en.wikipedia.org/wiki/Paramount_Pictures,2024.0,business_kept_holdco_separated
PSX,1534701.0,Phillips 66,1917.0,,https://en.wikipedia.org/wiki/Phillips_66,2012.0,business_kept_holdco_separated
PTC,857005.0,PTC Inc.,1985.0,May,https://en.wikipedia.org/wiki/Parametric_Technology_Corporation,,verified
PTV,1089976.0,,,,,,unresolved_blank
PVH,78239.0,PVH CORP. /DE/,1881.0,,https://en.wikipedia.org/wiki/PVH_(company),,verified
PVN,1035713.0,Providian Financial Corporation,1981.0,,https://en.wikipedia.org/wiki/Providian,1997.0,business_kept_holdco_separated
PVT,,"Provident Companies, Inc.",,,,,unresolved_blank
PWER,1042825.0,,,,,,unresolved_blank
PWJ,,Paine Webber Group Inc,1880.0,,https://en.wikipedia.org/wiki/Paine_Webber,,verified
PWR,1050915.0,Quanta Services,1997.0,,https://www.sec.gov/Archives/edgar/data/1050915/000095012905005887/h25965exv99w2.htm,,verified
PX,884905.0,"Praxair, Inc.",1907.0,,https://en.wikipedia.org/wiki/Praxair,,verified
PXD,1038357.0,,1997.0,,https://en.wikipedia.org/wiki/Pioneer_Natural_Resources,,verified
PYPL,1633917.0,PayPal,1998.0,,https://www.paypalobjects.com/webstatic/en_US/mktg/pages/stories/pdf/paypal_infogrpahic_-_key_milestones.pdf,,verified
PZE,,Pennzoil Company,1913.0,,https://en.wikipedia.org/wiki/Pennzoil,,verified
Q,2058873.0,Qnity Electronics,2024.0,December,https://www.sec.gov/Archives/edgar/data/2058873/000119312525261603/d65598dex32.htm,,corrected_earlier
QCOM,804328.0,Qualcomm,1985.0,,https://www.qualcomm.com/content/dam/qcomm-martech/dm-assets/documents/2017-07-06_complaint.pdf,,verified
QEP,1108827.0,,,,,,unresolved_blank
QLGC,918386.0,,1992.0,,https://en.wikipedia.org/wiki/QLogic,,verified
QRVO,1604778.0,"Qorvo, Inc.",2015.0,,https://en.wikipedia.org/wiki/Qorvo,,verified
QTRN,919623.0,,1982.0,,https://en.wikipedia.org/wiki/Quintiles,,verified
R,85961.0,RYDER SYSTEM INC,1933.0,,https://en.wikipedia.org/wiki/Ryder,,verified
RAD,84129.0,Rite Aid Corporation,1962.0,September,https://en.wikipedia.org/wiki/Rite_Aid,,verified
RAI,1275283.0,,1875.0,,https://en.wikipedia.org/wiki/R._J._Reynolds_Tobacco_Company,,verified
RAI_B,1275283.0,Reynolds American Inc.,,,,,unresolved_blank
RAL,2041385.0,Ralliant Corp,1894.0,,https://en.wikipedia.org/wiki/Ralston_Purina,2024.0,business_kept_holdco_separated
RATL,722056.0,,1981.0,,https://en.wikipedia.org/wiki/Rational_Software,,verified
RBD,,Rubbermaid Incorporated,1920.0,May,https://en.wikipedia.org/wiki/Rubbermaid,,verified
RBK,770949.0,Reebok International Ltd,1958.0,,https://en.wikipedia.org/wiki/Reebok,,verified
RCL,884887.0,Royal Caribbean Group,1968.0,,https://www.sec.gov/Archives/edgar/data/884887/000088488726000007/rcl-20251231.htm,,corrected_earlier
RDC,85408.0,Rowan Companies,1923.0,,https://en.wikipedia.org/wiki/Rowan_Companies,,verified
RDS.A,,Royal Dutch Shell,1907.0,,https://en.wikipedia.org/wiki/Shell_plc,,verified
RE,,,1973.0,,https://en.wikipedia.org/wiki/Everest_Group,,verified
REG,910606.0,Regency Centers,1963.0,,https://investors.regencycenters.com/static-files/4dd2aaa7-aec1-46da-a4a0-9b4261ab8161,,verified
REGN,872589.0,Regeneron Pharmaceuticals,1988.0,,https://newsroom.regeneron.com/static-files/c1be21c5-bd18-45e4-b8ba-e09e3755fdf5,,verified
RF,1281761.0,Regions Financial Corporation,,,,,unresolved_blank
RHI,315213.0,ROBERT HALF INC.,1948.0,,https://en.wikipedia.org/wiki/Robert_Half,,verified
RHT,1087423.0,,1993.0,,https://en.wikipedia.org/wiki/Red_Hat,,verified
RIG,1451505.0,Transocean Ltd.,1953.0,,https://en.wikipedia.org/wiki/Transocean,2008.0,business_kept_holdco_separated
RJF,720005.0,Raymond James Financial,1962.0,,https://www.raymondjames.com/-/media/rj/corporate-sites/branch-sites/memphis-branch/files/memphis_complex_fall_newsletter.pdf,,verified
RL,1037038.0,Ralph Lauren Corporation,1967.0,,https://investor.ralphlauren.com/static-files/6ad0d855-a135-486f-b00c-f159a5865c64,,verified
RLM,,Reynolds Metals Company,1919.0,,https://en.wikipedia.org/wiki/Reynolds_Metals_Company,,verified
RMD,943819.0,ResMed,1989.0,,https://investor.resmed.com/sec-filings/all-sec-filings/content/0000943819-24-000019/0000943819-24-000019.pdf,,verified
RML,85812.0,Russell Corporation,1902.0,,https://en.wikipedia.org/wiki/Russell_Brands,,verified
RNB,,Republic New York Corporation,1966.0,,https://en.wikipedia.org/wiki/Republic_New_York,,verified
ROH,84792.0,Rohm and Haas,1909.0,September,https://en.wikipedia.org/wiki/Rohm_and_Haas,,verified
ROK,1024478.0,Rockwell Automation,1903.0,,https://www.rockwellautomation.com/en-us/company/about-us/our-history.html,,verified
ROL,84839.0,"Rollins, Inc.",1948.0,,https://www.rollins.com/investors/financial-information/sec-filings/content/0001171200-17-000077/0001171200-17-000077.pdf,,verified
ROP,882835.0,Roper Technologies,1981.0,,https://www.sec.gov/Archives/edgar/data/882835/000088283523000016/rop-20221231.htm,,verified
ROST,745732.0,Ross Stores,1982.0,,https://investors.rossstores.com/static-files/77b062a5-7476-466a-a421-a9d11f7ad28d,,verified
RRC,315852.0,RANGE RESOURCES CORP,1976.0,,https://en.wikipedia.org/wiki/Range_Resources,,verified
RRD,29669.0,R.R. Donnelley & Sons,1864.0,,https://en.wikipedia.org/wiki/RR_Donnelley,,verified
RSG,1060391.0,Republic Services,1981.0,,https://en.wikipedia.org/wiki/Republic_Services,,verified
RSHCQ,96289.0,RadioShack Corporation,1921.0,,https://en.wikipedia.org/wiki/RadioShack,,verified
RTN,1047122.0,Raytheon Company,1922.0,July,https://en.wikipedia.org/wiki/Raytheon,,verified
RTX,101829.0,RTX Corporation,1922.0,,,2020.0,business_kept_holdco_separated
RVTY,31791.0,Revvity,,,,,unresolved_blank
RX,1058083.0,IMS Health,1954.0,,https://en.wikipedia.org/wiki/IMS_Health,,verified
RYAN,1849253.0,"RYAN SPECIALTY HOLDINGS, INC.",2010.0,,https://en.wikipedia.org/wiki/Ryan_Specialty,,verified
RYC,,Raychem Corporation,1957.0,,https://en.wikipedia.org/wiki/Raychem,,verified
RYI,,Ryerson Holding Corporation,1842.0,,https://en.wikipedia.org/wiki/Ryerson_(company),,verified
S,1583708.0,"SentinelOne, Inc.",2013.0,,https://en.wikipedia.org/wiki/SentinelOne,,verified
SAF,86104.0,Safeco,1923.0,,https://en.wikipedia.org/wiki/Safeco,,verified
SAI,,,1969.0,,https://en.wikipedia.org/wiki/Science_Applications_International_Corporation,,verified
SANM,897723.0,SANMINA CORP,1980.0,,https://en.wikipedia.org/wiki/Sanmina_Corporation,,verified
SAPE,1008817.0,,1990.0,,https://en.wikipedia.org/wiki/Publicis_Sapient,,verified
SATS,1415404.0,EchoStar,2007.0,October,https://www.sec.gov/Archives/edgar/data/1415404/000155837025003814/tmb-20241231xars.pdf,,corrected_earlier
SB,1434754.0,"SAFE BULKERS, INC.",2007.0,,https://en.wikipedia.org/wiki/Safe_Bulkers,,verified
SBAC,1034054.0,SBA Communications,1989.0,,https://www.sec.gov/Archives/edgar/data/1034054/000119312526149656/d98181ddef14a1.pdf,,verified
SBL,278352.0,,1973.0,,https://en.wikipedia.org/wiki/Symbol_Technologies,,verified
SBNY,,,2001.0,,https://en.wikipedia.org/wiki/Signature_Bank,,verified
SBUX,829224.0,Starbucks,1971.0,,https://investor.starbucks.com/files/doc_financials/2018/FY18-Annual-Letter-to-Shareholders.pdf,,verified
SCG,754737.0,,1924.0,,https://en.wikipedia.org/wiki/SCANA,,verified
SCHW,316709.0,Charles Schwab Corporation,1971.0,,https://www.sec.gov/Archives/edgar/data/316709/000119312526142826/d930509ddef14a.htm,,verified
SCI,89089.0,SERVICE CORP INTERNATIONAL,1962.0,,https://en.wikipedia.org/wiki/Service_Corporation_International,,verified
SDS,789388.0,,1983.0,,https://en.wikipedia.org/wiki/SunGard,,verified
SE,1703399.0,Sea Ltd,2009.0,,https://en.wikipedia.org/wiki/Sea_Ltd,2017.0,business_kept_holdco_separated
SEBL,,,1993.0,,https://en.wikipedia.org/wiki/Siebel_Systems,,verified
SEDG,1419612.0,"SOLAREDGE TECHNOLOGIES, INC.",2006.0,,https://en.wikipedia.org/wiki/SolarEdge,,verified
SEE,1012100.0,,1960.0,,https://en.wikipedia.org/wiki/Sealed_Air,,verified
SEG,2009684.0,Seaport Entertainment Group Inc.,2024.0,,https://www.sec.gov/Archives/edgar/data/2009684/000110465926056380/R7.htm,,verified
SFA,87777.0,Scientific-Atlanta,1951.0,,https://en.wikipedia.org/wiki/Scientific_Atlanta,,verified
SFS,,Smith's Food & Drug Centers,1911.0,,https://en.wikipedia.org/wiki/Smith%27s_Food_and_Drug,,verified
SGID,802301.0,"Silicon Graphics, Inc.",1981.0,,https://en.wikipedia.org/wiki/Silicon_Graphics,,verified
SGP,1778922.0,"SpyGlass Pharma, Inc.",2019.0,January,https://www.sec.gov/Archives/edgar/data/1778922/000177892226000020/sgp-20251231.htm,,verified
SHLD,1310067.0,,1892.0,,https://en.wikipedia.org/wiki/Sears,,corrected_earlier
SHN,,"Shoney's, Inc.",1947.0,,https://en.wikipedia.org/wiki/Shoney%27s,,verified
SHW,89800.0,Sherwin-Williams,1866.0,,https://investors.sherwin-williams.com/investor-home/,,verified
SIAL,90185.0,Sigma-Aldrich,1975.0,August,https://en.wikipedia.org/wiki/Sigma-Aldrich,,verified
SIG,832988.0,SIGNET JEWELERS LTD,1949.0,,https://en.wikipedia.org/wiki/Signet_Jewelers,,verified
SII,1512920.0,SPROTT INC.,1981.0,,https://finance.yahoo.com/quote/SII/profile/,2008.0,business_kept_holdco_separated
SIVB,719739.0,,1983.0,,https://en.wikipedia.org/wiki/Silicon_Valley_Bank,,verified
SJM,91419.0,J.M. Smucker Company (The),1897.0,,https://www.jmsmucker.com/faq,,verified
SK,,Safety-Kleen,1963.0,,https://en.wikipedia.org/wiki/Safety-Kleen,,verified
SLB,87347.0,Schlumberger,1926.0,,https://investorcenter.slb.com/investor-resources/investor-faqs/,,verified
SLG,1040971.0,SL GREEN REALTY CORP,1997.0,,https://en.wikipedia.org/wiki/SL_Green_Realty,,verified
SLM,1032033.0,SLM Corp,1972.0,,https://en.wikipedia.org/wiki/Sallie_Mae,,verified
SLR,835541.0,,,,,,unresolved_blank
SMCI,1375365.0,Supermicro,1993.0,,https://www.supermicro.com/about/,,verified
SMI,93102.0,"Springs Industries, Inc.",1887.0,,https://www.scencyclopedia.org/sce/entries/springs-industries/,,verified
SMS,,Shared Medical Systems Corporation,1968.0,,https://www.encyclopedia.com/books/politics-and-business-magazines/shared-medical-systems-corporation,,verified
SNA,91440.0,Snap-on,1920.0,,https://www.snapon.com/EN/Our-Company?docid=96,,verified
SNDK,2023554.0,Sandisk,1988.0,,,2024.0,business_kept_holdco_separated
SNI,1430602.0,,2008.0,,https://en.wikipedia.org/wiki/Scripps_Networks_Interactive,,verified
SNPS,883241.0,Synopsys,1986.0,,https://investor.synopsys.com/resources/investor-faqs/default.aspx,,verified
SNT,1993727.0,Senstar Technologies Corp,1969.0,,https://en.wikipedia.org/wiki/Senstar,,verified
SNV,18349.0,,1888.0,,https://en.wikipedia.org/wiki/Synovus,,verified
SO,92122.0,Southern Company,1945.0,,https://www.sec.gov/Archives/edgar/data/92122/000009212206000153/g99802e10vk.htm,,verified
SOLS,2064953.0,Solstice Advanced Materials Inc.,2025.0,,https://en.wikipedia.org/wiki/Solstice_Advanced_Materials,,verified
SOLV,1964738.0,Solventum,2023.0,January,https://www.sec.gov/Archives/edgar/data/1964738/000162828024014887/exhibit31-8xk.htm,,verified
SOTR,,,1887.0,,https://en.wikipedia.org/wiki/SouthTrust_(1887%E2%80%932005),,verified
SOV,811830.0,,,,,,unresolved_blank
SPG,1063761.0,Simon Property Group,1993.0,,https://www.sec.gov/Archives/edgar/data/1063761/000155837025004238/spg-20250514xdef14a.htm,,corrected_earlier
SPGI,64040.0,S&P Global,1917.0,,,1925.0,business_kept_holdco_separated
SPLS,791519.0,,1986.0,,https://en.wikipedia.org/wiki/Staples_Inc.,,verified
SRCL,861878.0,,1989.0,,https://en.wikipedia.org/wiki/Stericycle,,verified
SRE,1032208.0,Sempra,1998.0,,https://www.sempra.com/our-business,,verified
SRR,,Stride Rite Corporation,1919.0,,https://en.wikipedia.org/wiki/Stride_Rite_Corporation,,verified
SSP,832428.0,E.W. SCRIPPS Co,1878.0,,https://en.wikipedia.org/wiki/The_E._W._Scripps_Company,,verified
STE,1757898.0,Steris,1985.0,,https://www.steris.com/-/media/documents/pdfs/sustainability/corporate-responsibility-fact-sheet-2025.pdf,,verified
STI,1881551.0,Solidion Technology Inc.,,,,,unresolved_blank
STJ,203077.0,St. Jude Medical,1976.0,,https://en.wikipedia.org/wiki/St._Jude_Medical,,verified
STLD,1022671.0,Steel Dynamics,1993.0,,https://www.sec.gov/Archives/edgar/data/1022671/000110465924040561/tm249986d1_ars.pdf,,verified
STO,,Stone Container Corporation,1926.0,,https://en.wikipedia.org/wiki/Stone_Container,,verified
STR,751652.0,,1922.0,,https://en.wikipedia.org/wiki/Questar_Corporation_(gas_company),1928.0,business_kept_holdco_separated
STT,93751.0,State Street Corporation,1792.0,,https://www.sec.gov/Archives/edgar/data/93751/000119312511147949/dex991.htm,,verified
STX,1137789.0,Seagate Technology,1979.0,,https://www.seagate.com/files/www-content/product-content/_cross-product/en-us/docs/seagate-storage-and-application-guide-apac.pdf,,verified
STZ,16918.0,Constellation Brands,1945.0,,https://ir.cbrands.com/sec-filings/annual-reports/content/0000950152-08-003169/0000950152-08-003169.pdf,,verified
SUB,,,,,,,unresolved_blank
SUN,1552275.0,Sunoco LP,1886.0,,https://en.wikipedia.org/wiki/Sunoco,,verified
SUNEQ,945436.0,,1959.0,,https://en.wikipedia.org/wiki/SunEdison,,verified
SVU,95521.0,SuperValu,1926.0,,https://en.wikipedia.org/wiki/Supervalu_Inc.,,verified
SW,2005951.0,Smurfit Westrock,1934.0,,,2024.0,business_kept_holdco_separated
SWK,93556.0,Stanley Black & Decker,1843.0,,https://www.sec.gov/Archives/edgar/vprr/1100/11006048.pdf,,verified
SWKS,4127.0,Skyworks Solutions,1962.0,,https://www.sec.gov/Archives/edgar/data/4127/000000412725000073/exhibit31-restatedcertific.htm,,corrected_earlier
SWN,7332.0,,1929.0,,https://en.wikipedia.org/wiki/Southwestern_Energy,,verified
SWY,86144.0,,1915.0,,https://en.wikipedia.org/wiki/Safeway,,verified
SXCL,709804.0,,,,,,unresolved_blank
SYF,1601712.0,Synchrony Financial,2003.0,,https://investors.synchrony.com/filings-regulatory/sec-filings/all-sec-filings/content/0001193125-14-260649/0001193125-14-260649.pdf,,verified
SYK,310764.0,Stryker Corporation,1941.0,,https://stryker.com/2013/pdf/Stryker_AR_2013_Form-10K.pdf,,verified
SYMC,849399.0,,1982.0,,https://en.wikipedia.org/wiki/Gen_Digital,,verified
SYY,96021.0,Sysco,1969.0,,https://investors.sysco.com/~/media/Files/S/Sysco-IR/documents/annual-reports/annual-report-2011.pdf,,verified
T,732717.0,AT&T,1885.0,,https://en.wikipedia.org/wiki/AT%26T,1983.0,business_kept_holdco_separated
TA,,Transamerica Corporation,1928.0,,https://en.wikipedia.org/wiki/Transamerica_Corporation,,verified
TAP,24545.0,Molson Coors Beverage Company,1786.0,,https://en.wikipedia.org/wiki/Molson_Coors,2005.0,business_kept_holdco_separated
TCOMA,,Tele-Communications Inc.,1968.0,,https://en.wikipedia.org/wiki/Tele-Communications_Inc.,,verified
TDC,816761.0,TERADATA CORP /DE/,1979.0,,https://en.wikipedia.org/wiki/Teradata,,verified
TDG,1260221.0,TransDigm Group,1993.0,,,2003.0,business_kept_holdco_separated
TDM,,Tandem Computers,1974.0,,https://en.wikipedia.org/wiki/Tandem_Computers,,verified
TDY,1094285.0,Teledyne Technologies,1960.0,,,1999.0,business_kept_holdco_separated
TE,1992243.0,T1 Energy Inc.,2018.0,,https://www.sec.gov/Archives/edgar/data/1844224/000121390021059499/ea150600-424b3_freyrbattery.htm,2023.0,business_kept_holdco_separated
TECH,842023.0,Bio-Techne,1976.0,,https://investors.bio-techne.com/10k-filings/content/0001308179-24-000705/0001308179-24-000705.pdf,,verified
TEG,916863.0,,2007.0,,https://en.wikipedia.org/wiki/Integrys_Energy_Group,,verified
TEK,96879.0,Tektronix,1946.0,,https://en.wikipedia.org/wiki/Tektronix,,verified
TEL,1385157.0,TE Connectivity,,,,,unresolved_blank
TEN,1166663.0,TSAKOS ENERGY NAVIGATION LTD,1993.0,,https://en.wikipedia.org/wiki/Tsakos_Energy_Navigation,,verified
TER,97210.0,Teradyne,1960.0,,https://investors.teradyne.com/sec-filings/all-sec-filings/content/0001193125-26-059002/ter-20251231.htm,,verified
TEX,97216.0,TEREX CORP,1933.0,,https://en.wikipedia.org/wiki/Terex,,verified
TFC,92230.0,Truist Financial,1872.0,,,1968.0,business_kept_holdco_separated
TFX,96943.0,TELEFLEX INC,1943.0,,https://en.wikipedia.org/wiki/Teleflex,,verified
TGNA,39899.0,TEGNA Inc. (Gannett),1906.0,,https://en.wikipedia.org/wiki/Gannett_(1906%E2%80%932015),1972.0,business_kept_holdco_separated
TGT,27419.0,Target Corporation,1902.0,,https://www.sec.gov/Archives/edgar/data/27419/000104746912002714/a2207838z10-k.htm,,verified
THC,70318.0,TENET HEALTHCARE CORP,1969.0,,https://en.wikipedia.org/wiki/Tenet_Healthcare,,verified
THY,,,,,,,unresolved_blank
TIE,1011657.0,,1950.0,,https://en.wikipedia.org/wiki/Titanium_Metals_Corporation,,verified
TIF,98246.0,,1837.0,,https://en.wikipedia.org/wiki/Tiffany_%26_Co.,,verified
TIN,731939.0,Temple-Inland Inc.,1893.0,,http://www.fundinguniverse.com/company-histories/temple-inland-inc-history/,,verified
TJX,109198.0,TJX Companies,1962.0,April,https://www.sec.gov/Archives/edgar/data/109198/000162828019003834/tjx-20190202exhibit3i1.htm,,corrected_earlier
TKO,1973266.0,TKO Group Holdings,2023.0,,https://www.sec.gov/Archives/edgar/data/1973266/000119312526173856/d908037dars.pdf,,verified
TKR,98362.0,TIMKEN CO,1899.0,,https://en.wikipedia.org/wiki/Timken_Company,,verified
TLAB,317771.0,"Tellabs, Inc.",1974.0,,https://en.wikipedia.org/wiki/Tellabs,,verified
TMC,1798562.0,TMC the metals Co Inc.,2011.0,,https://en.wikipedia.org/wiki/The_Metals_Company,,verified
TMC.A,1798562.0,TMC the metals Company Inc.,2011.0,,https://en.wikipedia.org/wiki/The_Metals_Company,,verified
TMK,320335.0,Torchmark Corp / Globe Life,1900.0,,https://en.wikipedia.org/wiki/Globe_Life,1979.0,business_kept_holdco_separated
TMO,97745.0,Thermo Fisher Scientific,1956.0,,https://en.wikipedia.org/wiki/Thermo_Fisher_Scientific,,verified
TMUS,1283699.0,T-Mobile US,1994.0,,,2013.0,business_kept_holdco_separated
TNB,97854.0,Thomas & Betts Corporation,1898.0,,https://en.wikipedia.org/wiki/Thomas_%26_Betts,,verified
TOS,74091.0,Tosco Corporation,1955.0,,https://en.wikipedia.org/wiki/Tosco_Corporation,,verified
TOY,1005414.0,"Toys ""R"" Us",1948.0,April,https://en.wikipedia.org/wiki/Toys_R_Us,,verified
TPL,1811074.0,Texas Pacific Land Corporation,1888.0,,,2020.0,business_kept_holdco_separated
TPR,1116132.0,"Tapestry, Inc.",1941.0,,https://www.sec.gov/Archives/edgar/data/1116132/000111613224000018/tpr-20240629.htm,,corrected_earlier
TRB,726513.0,Tribune Company,1847.0,,https://en.wikipedia.org/wiki/Tribune_Media,,verified
TRGP,1389170.0,Targa Resources,2005.0,,https://www.sec.gov/Archives/edgar/data/1389170/000095017024015841/trgp-20231231.htm,,verified
TRIP,1526520.0,"TripAdvisor, Inc.",2000.0,,https://en.wikipedia.org/wiki/Tripadvisor,,verified
TRMB,864749.0,Trimble Inc.,1978.0,,https://smartdelivery.trimble.com/pdf/White-Paper_First-Class-Delivery_Trimble-Smartdelivery.pdf,,verified
TROW,1113169.0,T. Rowe Price,1937.0,,https://investors.troweprice.com/,,verified
TRV,86312.0,Travelers Companies (The),1853.0,,,1864.0,business_kept_holdco_separated
TRW,100030.0,TRW Inc.,1901.0,,https://en.wikipedia.org/wiki/TRW_Inc.,,verified
TSCO,916365.0,Tractor Supply,1938.0,,https://corporate.tractorsupply.com/company-overview/history/default.aspx,,verified
TSG,1020265.0,,2001.0,,https://en.wikipedia.org/wiki/The_Stars_Group,,verified
TSLA,1318605.0,"Tesla, Inc.",2003.0,,https://www.tesla.com/sites/default/files/blog_attachments/elon_musk_ceo_of_the_year.pdf,,verified
TSN,100493.0,Tyson Foods,1935.0,,https://www.tysonfoods.com/investors,,verified
TSS,721683.0,,,,,,unresolved_blank
TT,1466258.0,Trane Technologies,1871.0,,,2009.0,business_kept_holdco_separated
TTD,1671933.0,Trade Desk (The),2009.0,,https://www.sec.gov/Archives/edgar/data/1671933/000156459021006726/ttd-10k_20201231.htm,,verified
TTWO,946581.0,Take-Two Interactive,1993.0,September,https://ir.take2games.com/static-files/863edafe-3083-474b-935c-265b19554be6,,verified
TUP,1008654.0,Tupperware Brands Corporation,1938.0,,https://en.wikipedia.org/wiki/Tupperware_Brands,,verified
TWC,1377013.0,,,,,,unresolved_blank
TWTR,1418091.0,,2006.0,,https://en.wikipedia.org/wiki/Twitter,,verified
TWX,1105705.0,Time Warner Inc. (Time Inc.),1922.0,,https://en.wikipedia.org/wiki/Time_Inc.,,verified
TX,1342874.0,Ternium S.A.,2005.0,,https://en.wikipedia.org/wiki/Ternium,,verified
TXN,97476.0,Texas Instruments,1930.0,,https://www.ti.com/about-ti.html,,verified
TXT,217346.0,Textron,1923.0,,https://www.sec.gov/Archives/edgar/data/217346/000110465920024773/txt-20200104x10k00cfc1.htm,,verified
TXU,1023291.0,TXU Corp / Texas Utilities,1912.0,,https://en.wikipedia.org/wiki/Texas_Utilities,,verified
TYL,860731.0,Tyler Technologies,1966.0,,https://www.sec.gov/Archives/edgar/data/860731/000119312512075092/d297185d10k.htm,,verified
UA,1336917.0,"Under Armour, Inc.",1996.0,,https://ttabvue.uspto.gov/ttabvue/ttabvue-91273118-OPP-36.pdf,,verified
UAA,1336917.0,"Under Armour, Inc.",1996.0,,https://ttabvue.uspto.gov/ttabvue/ttabvue-91273118-OPP-36.pdf,,verified
UAL,100517.0,United Airlines Holdings,1967.0,,,1968.0,business_kept_holdco_separated
UAWGQ,100517.0,United Airlines (UAL Corp),1926.0,,https://en.wikipedia.org/wiki/United_Airlines,1968.0,business_kept_holdco_separated
UBER,1543151.0,Uber,2009.0,,https://www.sec.gov/Archives/edgar/data/1543151/000154315123000010/uber-20221231.htm,,verified
UCC,,Union Carbide Corporation,1917.0,,https://en.wikipedia.org/wiki/Union_Carbide,,verified
UCL,1775898.0,uCloudlink Group Inc.,2014.0,,https://en.wikipedia.org/wiki/UCloudlink,,verified
UCM,,Unicom Corporation (ComEd),1907.0,,https://en.wikipedia.org/wiki/Commonwealth_Edison,,verified
UDR,74208.0,"UDR, Inc.",1972.0,,https://www.sec.gov/Archives/edgar/data/74208/000007420826000013/udr-20251231x10k.htm,,verified
UHS,352915.0,Universal Health Services,1979.0,,https://www.uhs.com/wp-content/uploads/2021/11/21524342_CORP_PR_524229_2020_Annual_Report_Company_Overview_v4.pdf,,verified
UIS,746838.0,UNISYS CORP,,,,,unresolved_blank
UK,1821424.0,Ucommune International Ltd,2015.0,,https://en.wikipedia.org/wiki/Ucommune,,verified
ULTA,1403568.0,Ulta Beauty,1990.0,,https://www.sec.gov/Archives/edgar/data/1403568/000110465925038002/tm2512916d1_ars.pdf,,verified
UMG,,Universal Music Group,,,,,unresolved_blank
UN,,Unilever N.V.,1930.0,,https://en.wikipedia.org/wiki/Unilever,,verified
UNH,731766.0,UnitedHealth Group,1977.0,,https://www.sec.gov/Archives/edgar/data/731766/000091205701505867/a2041963z10-k.htm,,verified
UNM,5513.0,Unum Group,1848.0,,https://en.wikipedia.org/wiki/Unum,,verified
UNP,100885.0,Union Pacific Corporation,1862.0,,https://www.up.com/heritage/history/,,verified
UPC,1809616.0,Universe Pharmaceuticals INC,1998.0,,https://stockanalysis.com/stocks/upc/company/,2019.0,business_kept_holdco_separated
UPR,,Union Pacific Resources Group,,,,,unresolved_blank
UPS,1090727.0,United Parcel Service,1907.0,,https://investors.ups.com/sec-filings/all-sec-filings/content/0000950144-04-002063/g86647e10vk.htm,,verified
URBN,912615.0,URBAN OUTFITTERS INC,1970.0,,https://en.wikipedia.org/wiki/Urban_Outfitters,,verified
URI,1067701.0,United Rentals,1997.0,,https://www.sec.gov/Archives/edgar/data/1342287/000134228721000030/ex99-5.pdf,,verified
USB,36104.0,U.S. Bancorp,1863.0,,https://www.usbank.com/about-us-bank/history.html,,corrected_earlier
USBC,1074828.0,"USBC, Inc.",,,,,unresolved_blank
USH,,USLIFE Corporation,,,,,unresolved_blank
USHC,,"U.S. Healthcare, Inc.",1977.0,,"https://en.wikipedia.org/wiki/U.S._Healthcare,_Inc.",,verified
USS,,United States Surgical Corporation,1964.0,,https://en.wikipedia.org/wiki/United_States_Surgical_Corporation,,verified
UST,811669.0,UST Inc. / U.S. Smokeless Tobacco,1822.0,,https://en.wikipedia.org/wiki/U.S._Smokeless_Tobacco_Company,,verified
USW,68622.0,"US West, Inc.",1983.0,,https://en.wikipedia.org/wiki/Qwest,,verified
UTX,101829.0,United Technologies Corporation,1934.0,,https://en.wikipedia.org/wiki/United_Technologies_Corporation,,verified
UVN,1017008.0,,1962.0,,https://en.wikipedia.org/wiki/Univision,,verified
V,1403161.0,Visa Inc.,1958.0,,,2007.0,business_kept_holdco_separated
VAR,203527.0,,1948.0,,https://en.wikipedia.org/wiki/Varian_Medical_Systems,,verified
VAT,2109801.0,"VARSAL TECH, INC.",,,,,unresolved_blank
VEEV,1393052.0,Veeva Systems,2007.0,,https://ir.veeva.com/files/doc_financials/annual/2015-Annual-Report-Bookmarked.pdf,,verified
VFC,103379.0,V F CORP,1899.0,,https://en.wikipedia.org/wiki/VF_Corporation,,verified
VIAB,1339947.0,,1952.0,,https://en.wikipedia.org/wiki/Viacom_(1952%E2%80%932005),,verified
VIAC,813828.0,,,,,,unresolved_blank
VIAV,912093.0,VIAVI SOLUTIONS INC.,1979.0,,https://en.wikipedia.org/wiki/Viavi_Solutions,1993.0,business_kept_holdco_separated
VICI,1705696.0,Vici Properties,2016.0,7,https://www.sec.gov/Archives/edgar/data/1705696/000170569626000034/vici-20251231.htm,,corrected_earlier
VLO,1035002.0,Valero Energy,1980.0,,,1981.0,business_kept_holdco_separated
VLTO,1967680.0,Veralto,2022.0,,https://www.sec.gov/Archives/edgar/data/1967680/000196768026000032/vlto-20260528.htm,,corrected_earlier
VMC,1396009.0,Vulcan Materials Company,1909.0,,,2007.0,business_kept_holdco_separated
VNO,899689.0,VORNADO REALTY TRUST,1982.0,,https://en.wikipedia.org/wiki/Vornado_Realty_Trust,,verified
VNT,1786842.0,Vontier Corp,2020.0,,https://en.wikipedia.org/wiki/Vontier,,verified
VO,,Vornado (Two Guys),,,,,unresolved_blank
VRSK,1442145.0,Verisk Analytics,1971.0,,,2008.0,business_kept_holdco_separated
VRSN,1014473.0,Verisign,1995.0,,https://investor.verisign.com/static-files/af063fd9-02cf-4e1e-be0a-6c47ab988ca7,,verified
VRT,1674101.0,Vertiv,2016.0,4,https://www.sec.gov/Archives/edgar/data/1674101/000110465920094527/tm2026104-6_424b1.htm,,verified
VRTS,883237.0,"VIRTUS INVESTMENT PARTNERS, INC.",1995.0,,https://en.wikipedia.org/wiki/Virtus_Investment_Partners,,verified
VRTX,875320.0,Vertex Pharmaceuticals,1989.0,,https://www.sec.gov/Archives/edgar/data/875320/000087532026000256/ex-991_q22026.htm,,verified
VST,1692819.0,Vistra Corp.,2016.0,10,https://www.sec.gov/Archives/edgar/data/1692819/000119312525112869/d786785dex31.htm,,verified
VSTNQ,1111335.0,,2000.0,,https://en.wikipedia.org/wiki/Visteon,,verified
VTR,740260.0,Ventas,1983.0,,https://www.sec.gov/Archives/edgar/vprr/1300/13000370.pdf,,corrected_earlier
VTRS,1792044.0,Viatris,1961.0,,,2020.0,business_kept_holdco_separated
VTSS,880446.0,,1984.0,,https://en.wikipedia.org/wiki/Vitesse_Semiconductor,,verified
VZ,732712.0,Verizon,1983.0,,https://en.wikipedia.org/wiki/Verizon,2000.0,business_kept_holdco_separated
WAB,943452.0,Wabtec,1869.0,,https://en.wikipedia.org/wiki/Wabtec,,verified
WAI,1938865.0,Top KingWin Ltd,,,,,unresolved_blank
WAMUQ,933136.0,,1889.0,,https://en.wikipedia.org/wiki/Washington_Mutual,,verified
WAT,1000697.0,Waters Corporation,1958.0,,,1991.0,business_kept_holdco_separated
WB,1595761.0,WEIBO Corp,2009.0,,https://en.wikipedia.org/wiki/Weibo,,verified
WBA,104207.0,Walgreens,1901.0,,https://en.wikipedia.org/wiki/Walgreens,,verified
WBD,1437107.0,Warner Bros. Discovery,1923.0,,https://en.wikipedia.org/wiki/Warner_Bros.,,verified
WCG,1279363.0,,1985.0,,https://en.wikipedia.org/wiki/WellCare,,verified
WCOEQ,723527.0,WorldCom (LDDS),1983.0,,https://en.wikipedia.org/wiki/MCI_Inc.,,verified
WDAY,1327811.0,"Workday, Inc.",2005.0,,https://investor.workday.com/resource/faqs/default.aspx,,verified
WDC,106040.0,Western Digital,1970.0,,https://www.sec.gov/Archives/edgar/data/0000106040/000162828025044302/wdc_10-kx2025xwo8xwrxtrd98.pdf,,verified
WEC,783325.0,WEC Energy Group,1896.0,,,1981.0,business_kept_holdco_separated
WELL,766704.0,Welltower,1970.0,,https://www.sec.gov/Archives/edgar/data/766704/000076670417000012/10-k.htm,,verified
WEN,30697.0,Wendy's Co,1969.0,,https://en.wikipedia.org/wiki/Wendy%27s,,verified
WFC,72971.0,Wells Fargo,1852.0,,,1929.0,business_kept_holdco_separated
WFM,865436.0,,1980.0,,https://en.wikipedia.org/wiki/Whole_Foods_Market,,verified
WFT,1170565.0,,,,,,unresolved_blank
WHR,106640.0,WHIRLPOOL CORP /DE/,1911.0,,https://en.wikipedia.org/wiki/Whirlpool_Corporation,,verified
WIN,1282266.0,,2006.0,,https://en.wikipedia.org/wiki/Windstream_Holdings,,verified
WLA,,Warner-Lambert,1856.0,,https://en.wikipedia.org/wiki/Warner%E2%80%93Lambert,,verified
WLL,107189.0,Whiting Petroleum Corporation,1980.0,,https://en.wikipedia.org/wiki/Whiting_Petroleum,,verified
WLP,1013220.0,,,,,,unresolved_blank
WLTW,,,2016.0,,https://en.wikipedia.org/wiki/Willis_Towers_Watson,,verified
WM,823768.0,Waste Management,1968.0,,https://wastemanagement.gcs-web.com/static-files/e6ee342a-1cfe-4db9-ba2c-31241f0f8ec6,,verified
WMB,107263.0,Williams Companies,1908.0,,https://www.sec.gov/Archives/edgar/data/107263/000010726323000007/wmb-20221231.htm,,verified
WMT,104169.0,Walmart,1962.0,,https://corporate.walmart.com/news/2006/08/17/walmart-out-in-front,,verified
WMX,,"Waste Management, Inc.",1968.0,,https://en.wikipedia.org/wiki/Waste_Management_(company),,verified
WNDXQ,107681.0,"Winn-Dixie Stores, Inc.",1925.0,,https://en.wikipedia.org/wiki/Winn-Dixie,,verified
WOR,108516.0,"WORTHINGTON ENTERPRISES, INC.",1955.0,,https://en.wikipedia.org/wiki/Worthington_Industries,,verified
WPX,1518832.0,,2011.0,,https://en.wikipedia.org/wiki/WPX_Energy,,verified
WRB,11544.0,W. R. Berkley Corporation,1967.0,,https://ir.berkley.com/financials/quarterly-results/default.aspx,,verified
WRK,1732845.0,,2015.0,,https://en.wikipedia.org/wiki/WestRock,,verified
WSM,719955.0,"Williams-Sonoma, Inc.",1956.0,,https://ir.williams-sonomainc.com/investor-information/news-releases/news-release-details/2015/WILLIAMS-SONOMA-CELEBRATES-THE-ONE-HUNDRED-YEAR-LEGACY-OF-FOUNDER-AND-CULINARY-ICON-CHUCK-WILLIAMS/default.aspx,,verified
WST,105770.0,West Pharmaceutical Services,1923.0,,https://www.sec.gov/Archives/edgar/data/105770/000010577008000021/exh991.htm,,verified
WTW,1140536.0,Willis Towers Watson,2009.0,September,https://www.sec.gov/Archives/edgar/data/1140536/000095012310018538/u08176e10vk.htm,,corrected_earlier
WU,1365135.0,Western Union CO,1851.0,,https://ir.westernunion.com/news/archived-press-releases/press-release-details/2012/Western-Union-Reaches-500000-Agent-Location-Milestone/default.aspx,,verified
WWY,108601.0,Wm. Wrigley Jr. Company,1891.0,,https://en.wikipedia.org/wiki/Wrigley_Company,,verified
WY,106535.0,Weyerhaeuser,1900.0,,https://www.sec.gov/Archives/edgar/data/106535/000119312521101895/d65450ddef14a.htm,,verified
WYE,5187.0,Wyeth (John Wyeth and Brother),1860.0,,https://en.wikipedia.org/wiki/Wyeth,,verified
WYND,1361658.0,,,,,,unresolved_blank
WYNN,1174922.0,Wynn Resorts,2002.0,,https://investors.wynnresorts.com/static-files/8cb59e82-5eaa-4057-bc02-b5cc5bf347fa,,verified
X,1163302.0,United States Steel Corporation,1901.0,,https://en.wikipedia.org/wiki/U.S._Steel,,verified
XEC,1168054.0,,2002.0,,https://en.wikipedia.org/wiki/Cimarex_Energy,,verified
XEL,72903.0,Xcel Energy,1909.0,,,2000.0,business_kept_holdco_separated
XL,875159.0,,1986.0,,https://en.wikipedia.org/wiki/XL_Group,,verified
XLNX,743988.0,,1984.0,,https://en.wikipedia.org/wiki/Xilinx,,verified
XOM,34088.0,ExxonMobil,1882.0,August,https://www.sec.gov/Archives/edgar/vprr/0802/08024838.pdf,,corrected_earlier
XRAY,818479.0,DENTSPLY SIRONA Inc.,1889.0,,https://en.wikipedia.org/wiki/Dentsply_Sirona,1983.0,business_kept_holdco_separated
XRX,1770450.0,Xerox Holdings Corp,1906.0,,https://en.wikipedia.org/wiki/Xerox,,verified
XTO,868809.0,,1986.0,,https://en.wikipedia.org/wiki/XTO_Energy,,verified
XYL,1524472.0,Xylem Inc.,2011.0,,https://www.sec.gov/Archives/edgar/data/1524472/000152447218000006/xyl1231201710k.htm,,verified
XYZ,1512673.0,"Block, Inc.",2009.0,,https://www.sec.gov/Archives/edgar/data/1512673/000119312525097009/d884397dars.pdf,,verified
YNR,,,1923.0,,https://en.wikipedia.org/wiki/Young_and_Rubicam,,verified
YRCW,,Yellow Corporation (YRC),1924.0,,https://en.wikipedia.org/wiki/Yellow_Corporation,,verified
YUM,1041061.0,Yum! Brands,1997.0,,https://www.sec.gov/Archives/edgar/data/1041061/000104106107000140/form10k06.htm,,verified
ZBH,1136869.0,Zimmer Biomet,1927.0,,https://investor.zimmerbiomet.com/,,verified
ZBRA,877212.0,Zebra Technologies,1969.0,,https://www.sec.gov/Archives/edgar/data/877212/000119312508043327/d10k.htm,,verified
ZION,109380.0,"ZIONS BANCORPORATION, NATIONAL ASSOCIATION /UT/",1873.0,,https://en.wikipedia.org/wiki/Zions_Bancorporation,,verified
ZTS,1555280.0,Zoetis,1952.0,,https://www.zoetis.com/our-company/our-story/history,,verified
