company_number,company_name,ticker,former_names,companies_house_url,field,current_value,status,current_source,source_type,internal_crosscheck_value,internal_crosscheck_source,appears_in_files,consolidated_rows_affected,replacement_source_url,replacement_value,agrees_with_current,replacement_source_type,notes
01142830,3i Group,III,,https://find-and-update.company-information.service.gov.uk/company/01142830,ftse_entry_date,1994-09-19,needs_replacement_source,"LSEG, FTSE 100 Historic Additions and Deletions, April 2026",licensed_pdf_no_public_url,1994-09-19; 2009-06-22; 2014-06-23,"FTSE100_CANONICAL_DATABASE (internal, not publishable)",deliverables/ftse/ftse_spine.csv; deliverables/consolidated/FTSE100_consolidated.csv,30,,,,,
01142830,3i Group,III,,https://find-and-update.company-information.service.gov.uk/company/01142830,ftse_exit_date,2011-09-19,needs_replacement_source,"LSEG, FTSE 100 Historic Additions and Deletions, April 2026",licensed_pdf_no_public_url,2009-03-23; 2011-09-19,"FTSE100_CANONICAL_DATABASE (internal, not publishable)",deliverables/ftse/ftse_spine.csv; deliverables/consolidated/FTSE100_consolidated.csv,30,,,,,
00710383,Abbey Life,ABL,,https://find-and-update.company-information.service.gov.uk/company/00710383,ftse_entry_date,1985-07-01,needs_replacement_source,"LSEG, FTSE 100 Historic Additions and Deletions, April 2026",licensed_pdf_no_public_url,1985-07-01; 1988-07-07,"FTSE100_CANONICAL_DATABASE (internal, not publishable)",deliverables/ftse/ftse_spine.csv; deliverables/consolidated/FTSE100_consolidated.csv,1,,,,,
00710383,Abbey Life,ABL,,https://find-and-update.company-information.service.gov.uk/company/00710383,ftse_exit_date,1988-12-21,needs_replacement_source,"LSEG, FTSE 100 Historic Additions and Deletions, April 2026",licensed_pdf_no_public_url,1986-07-01; 1988-12-21,"FTSE100_CANONICAL_DATABASE (internal, not publishable)",deliverables/ftse/ftse_spine.csv; deliverables/consolidated/FTSE100_consolidated.csv,1,,,,,
02294747,Abbey National,ANL,,https://find-and-update.company-information.service.gov.uk/company/02294747,ftse_entry_date,1989-07-17,needs_replacement_source,"LSEG, FTSE 100 Historic Additions and Deletions, April 2026",licensed_pdf_no_public_url,1989-07-17,"FTSE100_CANONICAL_DATABASE (internal, not publishable)",deliverables/ftse/ftse_spine.csv; deliverables/consolidated/FTSE100_consolidated.csv,15,,,,,
02294747,Abbey National,ANL,,https://find-and-update.company-information.service.gov.uk/company/02294747,ftse_exit_date,2004-11-16,needs_replacement_source,"LSEG, FTSE 100 Historic Additions and Deletions, April 2026",licensed_pdf_no_public_url,2004-11-16,"FTSE100_CANONICAL_DATABASE (internal, not publishable)",deliverables/ftse/ftse_spine.csv; deliverables/consolidated/FTSE100_consolidated.csv,15,,,,,
16133984,Aberdeen Asset Management,ABDN,,https://find-and-update.company-information.service.gov.uk/company/16133984,ftse_entry_date,1984-01-02,needs_replacement_source,"LSEG, FTSE 100 Historic Additions and Deletions, April 2026",licensed_pdf_no_public_url,,,deliverables/ftse/ftse_spine.csv; deliverables/consolidated/FTSE100_consolidated.csv,13,,,,,
16133984,Aberdeen Asset Management,ABDN,,https://find-and-update.company-information.service.gov.uk/company/16133984,ftse_exit_date,2016-03-21,needs_replacement_source,"LSEG, FTSE 100 Historic Additions and Deletions, April 2026",licensed_pdf_no_public_url,,,deliverables/ftse/ftse_spine.csv; deliverables/consolidated/FTSE100_consolidated.csv,13,,,,,
03849958,Admiral Group,ADM,,https://find-and-update.company-information.service.gov.uk/company/03849958,ftse_entry_date,2007-12-24,needs_replacement_source,"LSEG, FTSE 100 Historic Additions and Deletions, April 2026",licensed_pdf_no_public_url,2007-12-24,"FTSE100_CANONICAL_DATABASE (internal, not publishable)",deliverables/ftse/ftse_spine.csv; deliverables/consolidated/FTSE100_consolidated.csv,19,,,,,
SC177553,Aggreko,AGK,,https://find-and-update.company-information.service.gov.uk/company/SC177553,ftse_entry_date,2009-12-21,needs_replacement_source,"LSEG, FTSE 100 Historic Additions and Deletions, April 2026",licensed_pdf_no_public_url,2009-12-21,"FTSE100_CANONICAL_DATABASE (internal, not publishable)",deliverables/ftse/ftse_spine.csv; deliverables/consolidated/FTSE100_consolidated.csv,6,,,,,
SC177553,Aggreko,AGK,,https://find-and-update.company-information.service.gov.uk/company/SC177553,ftse_exit_date,2015-06-22,needs_replacement_source,"LSEG, FTSE 100 Historic Additions and Deletions, April 2026",licensed_pdf_no_public_url,2015-06-22,"FTSE100_CANONICAL_DATABASE (internal, not publishable)",deliverables/ftse/ftse_spine.csv; deliverables/consolidated/FTSE100_consolidated.csv,6,,,,,
11462215,Airtel Africa,AAF,,https://find-and-update.company-information.service.gov.uk/company/11462215,ftse_entry_date,2022-01-31,needs_replacement_source,"LSEG, FTSE 100 Historic Additions and Deletions, April 2026",licensed_pdf_no_public_url,2022-01-31,"FTSE100_CANONICAL_DATABASE (internal, not publishable)",deliverables/ftse/ftse_spine.csv; deliverables/consolidated/FTSE100_consolidated.csv,5,,,,,
03263713,Alliance & Leicester,AL,,https://find-and-update.company-information.service.gov.uk/company/03263713,ftse_entry_date,1997-06-23,needs_replacement_source,"LSEG, FTSE 100 Historic Additions and Deletions, April 2026",licensed_pdf_no_public_url,1997-06-23,"FTSE100_CANONICAL_DATABASE (internal, not publishable)",deliverables/ftse/ftse_spine.csv; deliverables/consolidated/FTSE100_consolidated.csv,11,,,,,
03263713,Alliance & Leicester,AL,,https://find-and-update.company-information.service.gov.uk/company/03263713,ftse_exit_date,2008-06-23,needs_replacement_source,"LSEG, FTSE 100 Historic Additions and Deletions, April 2026",licensed_pdf_no_public_url,2008-06-23,"FTSE100_CANONICAL_DATABASE (internal, not publishable)",deliverables/ftse/ftse_spine.csv; deliverables/consolidated/FTSE100_consolidated.csv,11,,,,,
04452715,Alliance Boots,AB.,,https://find-and-update.company-information.service.gov.uk/company/04452715,ftse_exit_date,2007-06-26,needs_replacement_source,"LSEG, FTSE 100 Historic Additions and Deletions, April 2026",licensed_pdf_no_public_url,2007-06-26,"FTSE100_CANONICAL_DATABASE (internal, not publishable)",deliverables/ftse/ftse_spine.csv; deliverables/consolidated/FTSE100_consolidated.csv,1,,,,,
SC001731,Alliance Trust,ALW,,https://find-and-update.company-information.service.gov.uk/company/SC001731,ftse_entry_date,2008-02-07,needs_replacement_source,"LSEG, FTSE 100 Historic Additions and Deletions, April 2026",licensed_pdf_no_public_url,2008-02-07; 2024-12-23,"FTSE100_CANONICAL_DATABASE (internal, not publishable)",deliverables/ftse/ftse_spine.csv; deliverables/consolidated/FTSE100_consolidated.csv,8,,,,,
SC001731,Alliance Trust,ALW,,https://find-and-update.company-information.service.gov.uk/company/SC001731,ftse_exit_date,2011-03-21,needs_replacement_source,"LSEG, FTSE 100 Historic Additions and Deletions, April 2026",licensed_pdf_no_public_url,2011-03-21,"FTSE100_CANONICAL_DATABASE (internal, not publishable)",deliverables/ftse/ftse_spine.csv; deliverables/consolidated/FTSE100_consolidated.csv,8,,,,,
03771147,Allied Domecq,ALLD,,https://find-and-update.company-information.service.gov.uk/company/03771147,ftse_entry_date,1984-01-02,needs_replacement_source,"LSEG, FTSE 100 Historic Additions and Deletions, April 2026",licensed_pdf_no_public_url,2000-05-12,"FTSE100_CANONICAL_DATABASE (internal, not publishable)",deliverables/ftse/ftse_spine.csv; deliverables/consolidated/FTSE100_consolidated.csv,11,,,,,
03771147,Allied Domecq,ALLD,,https://find-and-update.company-information.service.gov.uk/company/03771147,ftse_exit_date,2005-07-26,needs_replacement_source,"LSEG, FTSE 100 Historic Additions and Deletions, April 2026",licensed_pdf_no_public_url,2005-07-26,"FTSE100_CANONICAL_DATABASE (internal, not publishable)",deliverables/ftse/ftse_spine.csv; deliverables/consolidated/FTSE100_consolidated.csv,11,,,,,
03525388,Allied Zurich,AZU,,https://find-and-update.company-information.service.gov.uk/company/03525388,ftse_entry_date,1998-09-08,needs_replacement_source,"LSEG, FTSE 100 Historic Additions and Deletions, April 2026",licensed_pdf_no_public_url,1998-09-08,"FTSE100_CANONICAL_DATABASE (internal, not publishable)",deliverables/ftse/ftse_spine.csv; deliverables/consolidated/FTSE100_consolidated.csv,2,,,,,
03525388,Allied Zurich,AZU,,https://find-and-update.company-information.service.gov.uk/company/03525388,ftse_exit_date,2000-10-17,needs_replacement_source,"LSEG, FTSE 100 Historic Additions and Deletions, April 2026",licensed_pdf_no_public_url,2000-10-17,"FTSE100_CANONICAL_DATABASE (internal, not publishable)",deliverables/ftse/ftse_spine.csv; deliverables/consolidated/FTSE100_consolidated.csv,2,,,,,
09496208,AMEC,,,https://find-and-update.company-information.service.gov.uk/company/09496208,ftse_entry_date,2007-12-20,needs_replacement_source,"LSEG, FTSE 100 Historic Additions and Deletions, April 2026",licensed_pdf_no_public_url,,,deliverables/ftse/ftse_spine.csv; deliverables/consolidated/FTSE100_consolidated.csv,7,,,,,
09496208,AMEC,,,https://find-and-update.company-information.service.gov.uk/company/09496208,ftse_exit_date,2014-03-24,needs_replacement_source,"LSEG, FTSE 100 Historic Additions and Deletions, April 2026",licensed_pdf_no_public_url,,,deliverables/ftse/ftse_spine.csv; deliverables/consolidated/FTSE100_consolidated.csv,7,,,,,
00308372,Amvescap,AVZ,,https://find-and-update.company-information.service.gov.uk/company/00308372,ftse_entry_date,1997-12-22,needs_replacement_source,"LSEG, FTSE 100 Historic Additions and Deletions, April 2026",licensed_pdf_no_public_url,1997-12-22; 2007-05-08,"FTSE100_CANONICAL_DATABASE (internal, not publishable)",deliverables/ftse/ftse_spine.csv; deliverables/consolidated/FTSE100_consolidated.csv,10,,,,,
00308372,Amvescap,AVZ,,https://find-and-update.company-information.service.gov.uk/company/00308372,ftse_exit_date,,value_missing_source_cited,"LSEG, FTSE 100 Historic Additions and Deletions, April 2026",licensed_pdf_no_public_url,2007-05-08; 2007-12-04,"FTSE100_CANONICAL_DATABASE (internal, not publishable)",deliverables/ftse/ftse_spine.csv; deliverables/consolidated/FTSE100_consolidated.csv,10,,,,,
07476767,Anglian Water,,,https://find-and-update.company-information.service.gov.uk/company/07476767,ftse_entry_date,1990-10-01,needs_replacement_source,"LSEG, FTSE 100 Historic Additions and Deletions, April 2026",licensed_pdf_no_public_url,,,deliverables/ftse/ftse_spine.csv; deliverables/consolidated/FTSE100_consolidated.csv,4,,,,,
07476767,Anglian Water,,,https://find-and-update.company-information.service.gov.uk/company/07476767,ftse_exit_date,1994-03-21,needs_replacement_source,"LSEG, FTSE 100 Historic Additions and Deletions, April 2026",licensed_pdf_no_public_url,,,deliverables/ftse/ftse_spine.csv; deliverables/consolidated/FTSE100_consolidated.csv,4,,,,,
03564138,Anglo American,AAL,,https://find-and-update.company-information.service.gov.uk/company/03564138,ftse_entry_date,1999-06-21,needs_replacement_source,"LSEG, FTSE 100 Historic Additions and Deletions, April 2026",licensed_pdf_no_public_url,1999-06-21,"FTSE100_CANONICAL_DATABASE (internal, not publishable)",deliverables/ftse/ftse_spine.csv; deliverables/consolidated/FTSE100_consolidated.csv,27,,,,,
01627889,Antofagasta,ANTO,,https://find-and-update.company-information.service.gov.uk/company/01627889,ftse_entry_date,2004-03-08,needs_replacement_source,"LSEG, FTSE 100 Historic Additions and Deletions, April 2026",licensed_pdf_no_public_url,2004-03-08,"FTSE100_CANONICAL_DATABASE (internal, not publishable)",deliverables/ftse/ftse_spine.csv; deliverables/consolidated/FTSE100_consolidated.csv,22,,,,,
01081551,Argos plc,ARG.L,,https://find-and-update.company-information.service.gov.uk/company/01081551,ftse_entry_date,1995-12-18,needs_replacement_source,"LSEG, FTSE 100 Historic Additions and Deletions, April 2026",licensed_pdf_no_public_url,1995-12-18,"FTSE100_CANONICAL_DATABASE (internal, not publishable)",deliverables/ftse/ftse_spine.csv; deliverables/consolidated/FTSE100_consolidated.csv,2,,,,,
01081551,Argos plc,ARG.L,,https://find-and-update.company-information.service.gov.uk/company/01081551,ftse_exit_date,1997-03-24,needs_replacement_source,"LSEG, FTSE 100 Historic Additions and Deletions, April 2026",licensed_pdf_no_public_url,1997-03-24,"FTSE100_CANONICAL_DATABASE (internal, not publishable)",deliverables/ftse/ftse_spine.csv; deliverables/consolidated/FTSE100_consolidated.csv,2,,,,,
SC544125,Argyll Group,,,https://find-and-update.company-information.service.gov.uk/company/SC544125,ftse_entry_date,1985-01-02,needs_replacement_source,"LSEG, FTSE 100 Historic Additions and Deletions, April 2026",licensed_pdf_no_public_url,,,deliverables/ftse/ftse_spine.csv; deliverables/consolidated/FTSE100_consolidated.csv,11,,,,,
SC544125,Argyll Group,,,https://find-and-update.company-information.service.gov.uk/company/SC544125,ftse_exit_date,1987-01-02,needs_replacement_source,"LSEG, FTSE 100 Historic Additions and Deletions, April 2026",licensed_pdf_no_public_url,,,deliverables/ftse/ftse_spine.csv; deliverables/consolidated/FTSE100_consolidated.csv,11,,,,,
11299879,ARM Holdings,,,https://find-and-update.company-information.service.gov.uk/company/11299879,ftse_entry_date,1984-01-02,needs_replacement_source,"LSEG, FTSE 100 Historic Additions and Deletions, April 2026",licensed_pdf_no_public_url,,,deliverables/ftse/ftse_spine.csv; deliverables/consolidated/FTSE100_consolidated.csv,9,,,,,
11299879,ARM Holdings,,,https://find-and-update.company-information.service.gov.uk/company/11299879,ftse_exit_date,2016-09-05,needs_replacement_source,"LSEG, FTSE 100 Historic Additions and Deletions, April 2026",licensed_pdf_no_public_url,,,deliverables/ftse/ftse_spine.csv; deliverables/consolidated/FTSE100_consolidated.csv,9,,,,,
01396513,ASDA Group (formerly Associated,ASDA,ASDA Group (formerly Associated Dairies Group),https://find-and-update.company-information.service.gov.uk/company/01396513,ftse_exit_date,1999-07-28,needs_replacement_source,"LSEG, FTSE 100 Historic Additions and Deletions, April 2026",licensed_pdf_no_public_url,1992-01-02; 1999-07-28,"FTSE100_CANONICAL_DATABASE (internal, not publishable)",deliverables/ftse/ftse_spine.csv; deliverables/consolidated/FTSE100_consolidated.csv,15,,,,,
03675683,Ashmore Group,ASHM,,https://find-and-update.company-information.service.gov.uk/company/03675683,ftse_entry_date,2011-09-19,needs_replacement_source,"LSEG, FTSE 100 Historic Additions and Deletions, April 2026",licensed_pdf_no_public_url,2011-09-19,"FTSE100_CANONICAL_DATABASE (internal, not publishable)",deliverables/ftse/ftse_spine.csv; deliverables/consolidated/FTSE100_consolidated.csv,1,,,,,
03675683,Ashmore Group,ASHM,,https://find-and-update.company-information.service.gov.uk/company/03675683,ftse_exit_date,2012-09-24,needs_replacement_source,"LSEG, FTSE 100 Historic Additions and Deletions, April 2026",licensed_pdf_no_public_url,2012-09-24,"FTSE100_CANONICAL_DATABASE (internal, not publishable)",deliverables/ftse/ftse_spine.csv; deliverables/consolidated/FTSE100_consolidated.csv,1,,,,,
01807982,Ashtead Group,AHT,,https://find-and-update.company-information.service.gov.uk/company/01807982,ftse_entry_date,2013-12-23,needs_replacement_source,"LSEG, FTSE 100 Historic Additions and Deletions, April 2026",licensed_pdf_no_public_url,2013-12-23,"FTSE100_CANONICAL_DATABASE (internal, not publishable)",deliverables/ftse/ftse_spine.csv; deliverables/consolidated/FTSE100_consolidated.csv,12,,,,,
01807982,Ashtead Group,AHT,,https://find-and-update.company-information.service.gov.uk/company/01807982,ftse_exit_date,2026-03-02,needs_replacement_source,"LSEG, FTSE 100 Historic Additions and Deletions, April 2026",licensed_pdf_no_public_url,2026-03-02,"FTSE100_CANONICAL_DATABASE (internal, not publishable)",deliverables/ftse/ftse_spine.csv; deliverables/consolidated/FTSE100_consolidated.csv,12,,,,,
00293262,Associated British Foods,ABF,,https://find-and-update.company-information.service.gov.uk/company/00293262,ftse_exit_date,2000-09-18,needs_replacement_source,"LSEG, FTSE 100 Historic Additions and Deletions, April 2026",licensed_pdf_no_public_url,2000-03-20; 2000-09-18,"FTSE100_CANONICAL_DATABASE (internal, not publishable)",deliverables/ftse/ftse_spine.csv; deliverables/consolidated/FTSE100_consolidated.csv,43,,,,,
09439967,Auto Trader Group,AUTO,,https://find-and-update.company-information.service.gov.uk/company/09439967,ftse_entry_date,2018-12-31,needs_replacement_source,"LSEG, FTSE 100 Historic Additions and Deletions, April 2026",licensed_pdf_no_public_url,2018-12-31,"FTSE100_CANONICAL_DATABASE (internal, not publishable)",deliverables/ftse/ftse_spine.csv; deliverables/consolidated/FTSE100_consolidated.csv,9,,,,,
07118170,Avast,AVST,,https://find-and-update.company-information.service.gov.uk/company/07118170,ftse_entry_date,2020-06-22,needs_replacement_source,"LSEG, FTSE 100 Historic Additions and Deletions, April 2026",licensed_pdf_no_public_url,2020-06-22,"FTSE100_CANONICAL_DATABASE (internal, not publishable)",deliverables/ftse/ftse_spine.csv; deliverables/consolidated/FTSE100_consolidated.csv,2,,,,,
07118170,Avast,AVST,,https://find-and-update.company-information.service.gov.uk/company/07118170,ftse_exit_date,2022-09-12,needs_replacement_source,"LSEG, FTSE 100 Historic Additions and Deletions, April 2026",licensed_pdf_no_public_url,2022-09-12,"FTSE100_CANONICAL_DATABASE (internal, not publishable)",deliverables/ftse/ftse_spine.csv; deliverables/consolidated/FTSE100_consolidated.csv,2,,,,,
02937296,Aveva Group,AVV,,https://find-and-update.company-information.service.gov.uk/company/02937296,ftse_entry_date,2019-06-24,needs_replacement_source,"LSEG, FTSE 100 Historic Additions and Deletions, April 2026",licensed_pdf_no_public_url,2019-06-24,"FTSE100_CANONICAL_DATABASE (internal, not publishable)",deliverables/ftse/ftse_spine.csv; deliverables/consolidated/FTSE100_consolidated.csv,4,,,,,
02937296,Aveva Group,AVV,,https://find-and-update.company-information.service.gov.uk/company/02937296,ftse_exit_date,2023-01-18,needs_replacement_source,"LSEG, FTSE 100 Historic Additions and Deletions, April 2026",licensed_pdf_no_public_url,2023-01-18,"FTSE100_CANONICAL_DATABASE (internal, not publishable)",deliverables/ftse/ftse_spine.csv; deliverables/consolidated/FTSE100_consolidated.csv,4,,,,,
00233112,B.A.T. Industries Plc,BATS,,https://find-and-update.company-information.service.gov.uk/company/00233112,ftse_exit_date,1998-09-08,needs_replacement_source,"LSEG, FTSE 100 Historic Additions and Deletions, April 2026",licensed_pdf_no_public_url,1998-09-08,"FTSE100_CANONICAL_DATABASE (internal, not publishable)",deliverables/ftse/ftse_spine.csv; deliverables/consolidated/FTSE100_consolidated.csv,15,,,,,
05757208,BAA,,,https://find-and-update.company-information.service.gov.uk/company/05757208,ftse_entry_date,1987-10-01,needs_replacement_source,"LSEG, FTSE 100 Historic Additions and Deletions, April 2026",licensed_pdf_no_public_url,,,deliverables/ftse/ftse_spine.csv; deliverables/consolidated/FTSE100_consolidated.csv,19,,,,,
05757208,BAA,,,https://find-and-update.company-information.service.gov.uk/company/05757208,ftse_exit_date,2006-06-30,needs_replacement_source,"LSEG, FTSE 100 Historic Additions and Deletions, April 2026",licensed_pdf_no_public_url,,,deliverables/ftse/ftse_spine.csv; deliverables/consolidated/FTSE100_consolidated.csv,19,,,,,
02342138,Babcock International Group,BAB,,https://find-and-update.company-information.service.gov.uk/company/02342138,ftse_entry_date,1984-01-02,needs_replacement_source,"LSEG, FTSE 100 Historic Additions and Deletions, April 2026",licensed_pdf_no_public_url,2012-06-18; 2025-03-24,"FTSE100_CANONICAL_DATABASE (internal, not publishable)",deliverables/ftse/ftse_spine.csv; deliverables/consolidated/FTSE100_consolidated.csv,10,,,,,
02342138,Babcock International Group,BAB,,https://find-and-update.company-information.service.gov.uk/company/02342138,ftse_exit_date,2017-12-18,needs_replacement_source,"LSEG, FTSE 100 Historic Additions and Deletions, April 2026",licensed_pdf_no_public_url,2017-12-18,"FTSE100_CANONICAL_DATABASE (internal, not publishable)",deliverables/ftse/ftse_spine.csv; deliverables/consolidated/FTSE100_consolidated.csv,10,,,,,
SC327000,Bank of Scotland,,,https://find-and-update.company-information.service.gov.uk/company/SC327000,ftse_entry_date,1985-08-06,needs_replacement_source,"LSEG, FTSE 100 Historic Additions and Deletions, April 2026",licensed_pdf_no_public_url,,,deliverables/ftse/ftse_spine.csv; deliverables/consolidated/FTSE100_consolidated.csv,12,,,,,
SC327000,Bank of Scotland,,,https://find-and-update.company-information.service.gov.uk/company/SC327000,ftse_exit_date,2001-09-10,needs_replacement_source,"LSEG, FTSE 100 Historic Additions and Deletions, April 2026",licensed_pdf_no_public_url,,,deliverables/ftse/ftse_spine.csv; deliverables/consolidated/FTSE100_consolidated.csv,12,,,,,
00604574,Barratt Developments,BTRW,Barratt Development,https://find-and-update.company-information.service.gov.uk/company/00604574,ftse_exit_date,,value_missing_source_cited,"LSEG, FTSE 100 Historic Additions and Deletions, April 2026",licensed_pdf_no_public_url,1984-07-02; 2007-12-24; 2014-09-22; 2024-10-07,"FTSE100_CANONICAL_DATABASE (internal, not publishable)",deliverables/ftse/ftse_spine.csv; deliverables/consolidated/FTSE100_consolidated.csv,1,,,,,
09763575,Beazley,BEZ,,https://find-and-update.company-information.service.gov.uk/company/09763575,ftse_entry_date,2022-12-19,needs_replacement_source,"LSEG, FTSE 100 Historic Additions and Deletions, April 2026",licensed_pdf_no_public_url,2022-12-19,"FTSE100_CANONICAL_DATABASE (internal, not publishable)",deliverables/ftse/ftse_spine.csv; deliverables/consolidated/FTSE100_consolidated.csv,5,,,,,
00227531,Beecham Group,BCH,,https://find-and-update.company-information.service.gov.uk/company/00227531,ftse_exit_date,1989-07-27,needs_replacement_source,"LSEG, FTSE 100 Historic Additions and Deletions, April 2026",licensed_pdf_no_public_url,1989-07-27,"FTSE100_CANONICAL_DATABASE (internal, not publishable)",deliverables/ftse/ftse_spine.csv; deliverables/consolidated/FTSE100_consolidated.csv,6,,,,,
05172586,Berkeley Group Holdings,BKG,,https://find-and-update.company-information.service.gov.uk/company/05172586,ftse_entry_date,,value_missing_source_cited,"LSEG, FTSE 100 Historic Additions and Deletions, April 2026",licensed_pdf_no_public_url,2015-09-21; 2017-09-18,"FTSE100_CANONICAL_DATABASE (internal, not publishable)",deliverables/ftse/ftse_spine.csv; deliverables/consolidated/FTSE100_consolidated.csv,9,,,,,
05172586,Berkeley Group Holdings,BKG,,https://find-and-update.company-information.service.gov.uk/company/05172586,ftse_exit_date,,value_missing_source_cited,"LSEG, FTSE 100 Historic Additions and Deletions, April 2026",licensed_pdf_no_public_url,2016-09-19,"FTSE100_CANONICAL_DATABASE (internal, not publishable)",deliverables/ftse/ftse_spine.csv; deliverables/consolidated/FTSE100_consolidated.csv,9,,,,,
03196209,BHP Group Plc,BHP,Billiton | BHP Billiton,https://find-and-update.company-information.service.gov.uk/company/03196209,ftse_entry_date,1984-01-02,needs_replacement_source,"LSEG, FTSE 100 Historic Additions and Deletions, April 2026",licensed_pdf_no_public_url,1997-09-22,"FTSE100_CANONICAL_DATABASE (internal, not publishable)",deliverables/ftse/ftse_spine.csv; deliverables/consolidated/FTSE100_consolidated.csv,4,,,,,
03196209,BHP Group Plc,BHP,Billiton | BHP Billiton,https://find-and-update.company-information.service.gov.uk/company/03196209,ftse_exit_date,2022-01-31,needs_replacement_source,"LSEG, FTSE 100 Historic Additions and Deletions, April 2026",licensed_pdf_no_public_url,2022-01-31,"FTSE100_CANONICAL_DATABASE (internal, not publishable)",deliverables/ftse/ftse_spine.csv; deliverables/consolidated/FTSE100_consolidated.csv,4,,,,,
16237399,BICC,,,https://find-and-update.company-information.service.gov.uk/company/16237399,ftse_exit_date,1992-01-02,needs_replacement_source,"LSEG, FTSE 100 Historic Additions and Deletions, April 2026",licensed_pdf_no_public_url,,,deliverables/ftse/ftse_spine.csv; deliverables/consolidated/FTSE100_consolidated.csv,6,,,,,
07767799,Blue Arrow,,,https://find-and-update.company-information.service.gov.uk/company/07767799,ftse_entry_date,1987-10-01,needs_replacement_source,"LSEG, FTSE 100 Historic Additions and Deletions, April 2026",licensed_pdf_no_public_url,,,deliverables/ftse/ftse_spine.csv; deliverables/consolidated/FTSE100_consolidated.csv,1,,,,,
07767799,Blue Arrow,,,https://find-and-update.company-information.service.gov.uk/company/07767799,ftse_exit_date,1988-10-03,needs_replacement_source,"LSEG, FTSE 100 Historic Additions and Deletions, April 2026",licensed_pdf_no_public_url,,,deliverables/ftse/ftse_spine.csv; deliverables/consolidated/FTSE100_consolidated.csv,1,,,,,
00147271,BPB,BPB,,https://find-and-update.company-information.service.gov.uk/company/00147271,ftse_exit_date,2005-12-08,needs_replacement_source,"LSEG, FTSE 100 Historic Additions and Deletions, April 2026",licensed_pdf_no_public_url,1991-01-02; 2005-12-08,"FTSE100_CANONICAL_DATABASE (internal, not publishable)",deliverables/ftse/ftse_spine.csv; deliverables/consolidated/FTSE100_consolidated.csv,8,,,,,
03938288,Bradford & Bingley,BBY,,https://find-and-update.company-information.service.gov.uk/company/03938288,ftse_entry_date,2002-07-02,needs_replacement_source,"LSEG, FTSE 100 Historic Additions and Deletions, April 2026",licensed_pdf_no_public_url,2002-07-02; 2006-09-05,"FTSE100_CANONICAL_DATABASE (internal, not publishable)",deliverables/ftse/ftse_spine.csv; deliverables/consolidated/FTSE100_consolidated.csv,3,,,,,
03938288,Bradford & Bingley,BBY,,https://find-and-update.company-information.service.gov.uk/company/03938288,ftse_exit_date,2007-06-18,needs_replacement_source,"LSEG, FTSE 100 Historic Additions and Deletions, April 2026",licensed_pdf_no_public_url,2004-09-20; 2007-06-18,"FTSE100_CANONICAL_DATABASE (internal, not publishable)",deliverables/ftse/ftse_spine.csv; deliverables/consolidated/FTSE100_consolidated.csv,3,,,,,
01470151,British Aerospace,BA,British Aerospace,https://find-and-update.company-information.service.gov.uk/company/01470151,ftse_exit_date,1992-09-21,needs_replacement_source,"LSEG, FTSE 100 Historic Additions and Deletions, April 2026",licensed_pdf_no_public_url,1992-09-21,"FTSE100_CANONICAL_DATABASE (internal, not publishable)",deliverables/ftse/ftse_spine.csv; deliverables/consolidated/FTSE100_consolidated.csv,42,,,,,
01777777,British Airways,BAY,,https://find-and-update.company-information.service.gov.uk/company/01777777,ftse_entry_date,1987-04-01,needs_replacement_source,"LSEG, FTSE 100 Historic Additions and Deletions, April 2026",licensed_pdf_no_public_url,1987-04-01; 2002-12-23; 2003-12-22,"FTSE100_CANONICAL_DATABASE (internal, not publishable)",deliverables/ftse/ftse_spine.csv; deliverables/consolidated/FTSE100_consolidated.csv,24,,,,,
03407696,British American Tobacco,BATS,,https://find-and-update.company-information.service.gov.uk/company/03407696,ftse_entry_date,1998-09-08,needs_replacement_source,"LSEG, FTSE 100 Historic Additions and Deletions, April 2026",licensed_pdf_no_public_url,1998-09-08,"FTSE100_CANONICAL_DATABASE (internal, not publishable)",deliverables/ftse/ftse_spine.csv; deliverables/consolidated/FTSE100_consolidated.csv,28,,,,,
SC270184,British Energy,BGY,,https://find-and-update.company-information.service.gov.uk/company/SC270184,ftse_entry_date,1997-12-22,needs_replacement_source,"LSEG, FTSE 100 Historic Additions and Deletions, April 2026",licensed_pdf_no_public_url,2006-01-26; 2007-06-26,"FTSE100_CANONICAL_DATABASE (internal, not publishable)",deliverables/ftse/ftse_spine.csv; deliverables/consolidated/FTSE100_consolidated.csv,4,,,,,
08811254,British Gas,,,https://find-and-update.company-information.service.gov.uk/company/08811254,ftse_entry_date,1986-12-09,needs_replacement_source,"LSEG, FTSE 100 Historic Additions and Deletions, April 2026",licensed_pdf_no_public_url,,,deliverables/ftse/ftse_spine.csv; deliverables/consolidated/FTSE100_consolidated.csv,11,,,,,
00621920,British Land,BLND,,https://find-and-update.company-information.service.gov.uk/company/00621920,ftse_entry_date,1997-03-24,needs_replacement_source,"LSEG, FTSE 100 Historic Additions and Deletions, April 2026",licensed_pdf_no_public_url,1997-03-24; 2001-09-24; 2024-10-01; 2025-12-22,"FTSE100_CANONICAL_DATABASE (internal, not publishable)",deliverables/ftse/ftse_spine.csv; deliverables/consolidated/FTSE100_consolidated.csv,27,,,,,
00621920,British Land,BLND,,https://find-and-update.company-information.service.gov.uk/company/00621920,ftse_exit_date,2025-12-22,needs_replacement_source,"LSEG, FTSE 100 Historic Additions and Deletions, April 2026",licensed_pdf_no_public_url,1998-12-21; 2023-06-19; 2025-03-24,"FTSE100_CANONICAL_DATABASE (internal, not publishable)",deliverables/ftse/ftse_spine.csv; deliverables/consolidated/FTSE100_consolidated.csv,27,,,,,
12303256,British Steel,,,https://find-and-update.company-information.service.gov.uk/company/12303256,ftse_entry_date,1988-12-21,needs_replacement_source,"LSEG, FTSE 100 Historic Additions and Deletions, April 2026",licensed_pdf_no_public_url,,,deliverables/ftse/ftse_spine.csv; deliverables/consolidated/FTSE100_consolidated.csv,10,,,,,
12303256,British Steel,,,https://find-and-update.company-information.service.gov.uk/company/12303256,ftse_exit_date,1999-10-06,needs_replacement_source,"LSEG, FTSE 100 Historic Additions and Deletions, April 2026",licensed_pdf_no_public_url,,,deliverables/ftse/ftse_spine.csv; deliverables/consolidated/FTSE100_consolidated.csv,10,,,,,
01800000,British Telecom,BT-A,British Telecom,https://find-and-update.company-information.service.gov.uk/company/01800000,ftse_entry_date,1984-12-04,needs_replacement_source,"LSEG, FTSE 100 Historic Additions and Deletions, April 2026",licensed_pdf_no_public_url,1984-12-04,"FTSE100_CANONICAL_DATABASE (internal, not publishable)",deliverables/ftse/ftse_spine.csv; deliverables/consolidated/FTSE100_consolidated.csv,17,,,,,
01800000,British Telecom,BT-A,British Telecom,https://find-and-update.company-information.service.gov.uk/company/01800000,ftse_exit_date,2001-11-19,needs_replacement_source,"LSEG, FTSE 100 Historic Additions and Deletions, April 2026",licensed_pdf_no_public_url,2001-11-19,"FTSE100_CANONICAL_DATABASE (internal, not publishable)",deliverables/ftse/ftse_spine.csv; deliverables/consolidated/FTSE100_consolidated.csv,17,,,,,
SC077750,Britoil,BRIT,,https://find-and-update.company-information.service.gov.uk/company/SC077750,ftse_exit_date,1988-02-25,needs_replacement_source,"LSEG, FTSE 100 Historic Additions and Deletions, April 2026",licensed_pdf_no_public_url,1988-02-25,"FTSE100_CANONICAL_DATABASE (internal, not publishable)",deliverables/ftse/ftse_spine.csv; deliverables/consolidated/FTSE100_consolidated.csv,5,,,,,
04190816,BT Group,BT.A,,https://find-and-update.company-information.service.gov.uk/company/04190816,ftse_entry_date,2001-11-19,needs_replacement_source,"LSEG, FTSE 100 Historic Additions and Deletions, April 2026",licensed_pdf_no_public_url,2001-11-19,"FTSE100_CANONICAL_DATABASE (internal, not publishable)",deliverables/ftse/ftse_spine.csv; deliverables/consolidated/FTSE100_consolidated.csv,28,,,,,
00166023,BTR Siebe,SBE,BTR Siebe,https://find-and-update.company-information.service.gov.uk/company/00166023,ftse_entry_date,1999-02-04,needs_replacement_source,"LSEG, FTSE 100 Historic Additions and Deletions, April 2026",licensed_pdf_no_public_url,1989-09-11; 1992-04-01; 1999-02-04; 2008-06-23,"FTSE100_CANONICAL_DATABASE (internal, not publishable)",deliverables/ftse/ftse_spine.csv; deliverables/consolidated/FTSE100_consolidated.csv,7,,,,,
00166023,BTR Siebe,SBE,BTR Siebe,https://find-and-update.company-information.service.gov.uk/company/00166023,ftse_exit_date,2011-05-25,needs_replacement_source,"LSEG, FTSE 100 Historic Additions and Deletions, April 2026",licensed_pdf_no_public_url,1990-01-02; 1999-02-04; 2003-03-24; 2011-05-25,"FTSE100_CANONICAL_DATABASE (internal, not publishable)",deliverables/ftse/ftse_spine.csv; deliverables/consolidated/FTSE100_consolidated.csv,7,,,,,
00358948,Bunzl,BNZL,,https://find-and-update.company-information.service.gov.uk/company/00358948,ftse_entry_date,1986-10-01,needs_replacement_source,"LSEG, FTSE 100 Historic Additions and Deletions, April 2026",licensed_pdf_no_public_url,1986-10-01; 2002-06-24; 2008-04-30; 2011-09-19,"FTSE100_CANONICAL_DATABASE (internal, not publishable)",deliverables/ftse/ftse_spine.csv; deliverables/consolidated/FTSE100_consolidated.csv,23,,,,,
00358948,Bunzl,BNZL,,https://find-and-update.company-information.service.gov.uk/company/00358948,ftse_exit_date,2011-03-21,needs_replacement_source,"LSEG, FTSE 100 Historic Additions and Deletions, April 2026",licensed_pdf_no_public_url,1988-04-05; 2005-06-20; 2011-03-21,"FTSE100_CANONICAL_DATABASE (internal, not publishable)",deliverables/ftse/ftse_spine.csv; deliverables/consolidated/FTSE100_consolidated.csv,23,,,,,
03458224,Burberry Group,BRBY,,https://find-and-update.company-information.service.gov.uk/company/03458224,ftse_entry_date,2009-09-10,needs_replacement_source,"LSEG, FTSE 100 Historic Additions and Deletions, April 2026",licensed_pdf_no_public_url,2009-09-10; 2025-09-22,"FTSE100_CANONICAL_DATABASE (internal, not publishable)",deliverables/ftse/ftse_spine.csv; deliverables/consolidated/FTSE100_consolidated.csv,18,,,,,
03458224,Burberry Group,BRBY,,https://find-and-update.company-information.service.gov.uk/company/03458224,ftse_exit_date,2024-09-23,needs_replacement_source,"LSEG, FTSE 100 Historic Additions and Deletions, April 2026",licensed_pdf_no_public_url,2024-09-23,"FTSE100_CANONICAL_DATABASE (internal, not publishable)",deliverables/ftse/ftse_spine.csv; deliverables/consolidated/FTSE100_consolidated.csv,18,,,,,
06208775,Burmah Oil,,,https://find-and-update.company-information.service.gov.uk/company/06208775,ftse_entry_date,1986-07-01,needs_replacement_source,"LSEG, FTSE 100 Historic Additions and Deletions, April 2026",licensed_pdf_no_public_url,,,deliverables/ftse/ftse_spine.csv; deliverables/consolidated/FTSE100_consolidated.csv,3,,,,,
06208775,Burmah Oil,,,https://find-and-update.company-information.service.gov.uk/company/06208775,ftse_exit_date,1991-04-02,needs_replacement_source,"LSEG, FTSE 100 Historic Additions and Deletions, April 2026",licensed_pdf_no_public_url,,,deliverables/ftse/ftse_spine.csv; deliverables/consolidated/FTSE100_consolidated.csv,3,,,,,
SC787001,Cairn Energy,,,https://find-and-update.company-information.service.gov.uk/company/SC787001,ftse_entry_date,2004-09-20,needs_replacement_source,"LSEG, FTSE 100 Historic Additions and Deletions, April 2026",licensed_pdf_no_public_url,,,deliverables/ftse/ftse_spine.csv; deliverables/consolidated/FTSE100_consolidated.csv,8,,,,,
SC787001,Cairn Energy,,,https://find-and-update.company-information.service.gov.uk/company/SC787001,ftse_exit_date,2012-03-19,needs_replacement_source,"LSEG, FTSE 100 Historic Additions and Deletions, April 2026",licensed_pdf_no_public_url,,,deliverables/ftse/ftse_spine.csv; deliverables/consolidated/FTSE100_consolidated.csv,8,,,,,
04191122,Canary Wharf Group,CWG,,https://find-and-update.company-information.service.gov.uk/company/04191122,ftse_entry_date,2000-10-17,needs_replacement_source,"LSEG, FTSE 100 Historic Additions and Deletions, April 2026",licensed_pdf_no_public_url,,,deliverables/ftse/ftse_spine.csv; deliverables/consolidated/FTSE100_consolidated.csv,3,,,,,
02081330,Capita Group,CPI,,https://find-and-update.company-information.service.gov.uk/company/02081330,ftse_entry_date,2000-03-20,needs_replacement_source,"LSEG, FTSE 100 Historic Additions and Deletions, April 2026",licensed_pdf_no_public_url,2000-03-20; 2004-06-21,"FTSE100_CANONICAL_DATABASE (internal, not publishable)",deliverables/ftse/ftse_spine.csv; deliverables/consolidated/FTSE100_consolidated.csv,16,,,,,
02081330,Capita Group,CPI,,https://find-and-update.company-information.service.gov.uk/company/02081330,ftse_exit_date,2017-03-20,needs_replacement_source,"LSEG, FTSE 100 Historic Additions and Deletions, April 2026",licensed_pdf_no_public_url,2003-06-23; 2017-03-20,"FTSE100_CANONICAL_DATABASE (internal, not publishable)",deliverables/ftse/ftse_spine.csv; deliverables/consolidated/FTSE100_consolidated.csv,16,,,,,
12966997,Caradon PLC,,,https://find-and-update.company-information.service.gov.uk/company/12966997,ftse_entry_date,1993-11-05,needs_replacement_source,"LSEG, FTSE 100 Historic Additions and Deletions, April 2026",licensed_pdf_no_public_url,,,deliverables/ftse/ftse_spine.csv; deliverables/consolidated/FTSE100_consolidated.csv,2,,,,,
12966997,Caradon PLC,,,https://find-and-update.company-information.service.gov.uk/company/12966997,ftse_exit_date,1995-09-18,needs_replacement_source,"LSEG, FTSE 100 Historic Additions and Deletions, April 2026",licensed_pdf_no_public_url,,,deliverables/ftse/ftse_spine.csv; deliverables/consolidated/FTSE100_consolidated.csv,2,,,,,
00348312,Carlton Communications,CCM,Carlton Communication,https://find-and-update.company-information.service.gov.uk/company/00348312,ftse_entry_date,1989-04-03,needs_replacement_source,"LSEG, FTSE 100 Historic Additions and Deletions, April 2026",licensed_pdf_no_public_url,1989-04-03; 1992-06-22,"FTSE100_CANONICAL_DATABASE (internal, not publishable)",deliverables/ftse/ftse_spine.csv; deliverables/consolidated/FTSE100_consolidated.csv,10,,,,,
00348312,Carlton Communications,CCM,Carlton Communication,https://find-and-update.company-information.service.gov.uk/company/00348312,ftse_exit_date,2001-09-24,needs_replacement_source,"LSEG, FTSE 100 Historic Additions and Deletions, April 2026",licensed_pdf_no_public_url,1990-10-01; 2001-09-24,"FTSE100_CANONICAL_DATABASE (internal, not publishable)",deliverables/ftse/ftse_spine.csv; deliverables/consolidated/FTSE100_consolidated.csv,10,,,,,
06534088,Carphone Warehouse,,,https://find-and-update.company-information.service.gov.uk/company/06534088,ftse_entry_date,2007-09-24,needs_replacement_source,"LSEG, FTSE 100 Historic Additions and Deletions, April 2026",licensed_pdf_no_public_url,,,deliverables/ftse/ftse_spine.csv; deliverables/consolidated/FTSE100_consolidated.csv,1,,,,,
06534088,Carphone Warehouse,,,https://find-and-update.company-information.service.gov.uk/company/06534088,ftse_exit_date,2008-09-22,needs_replacement_source,"LSEG, FTSE 100 Historic Additions and Deletions, April 2026",licensed_pdf_no_public_url,,,deliverables/ftse/ftse_spine.csv; deliverables/consolidated/FTSE100_consolidated.csv,1,,,,,
02159282,Celltech Group,CTE,,https://find-and-update.company-information.service.gov.uk/company/02159282,ftse_entry_date,2000-03-20,needs_replacement_source,"LSEG, FTSE 100 Historic Additions and Deletions, April 2026",licensed_pdf_no_public_url,2000-03-20,"FTSE100_CANONICAL_DATABASE (internal, not publishable)",deliverables/ftse/ftse_spine.csv; deliverables/consolidated/FTSE100_consolidated.csv,2,,,,,
02159282,Celltech Group,CTE,,https://find-and-update.company-information.service.gov.uk/company/02159282,ftse_exit_date,2002-03-18,needs_replacement_source,"LSEG, FTSE 100 Historic Additions and Deletions, April 2026",licensed_pdf_no_public_url,2002-03-18,"FTSE100_CANONICAL_DATABASE (internal, not publishable)",deliverables/ftse/ftse_spine.csv; deliverables/consolidated/FTSE100_consolidated.csv,2,,,,,
03033654,Centrica,CNA,,https://find-and-update.company-information.service.gov.uk/company/03033654,ftse_entry_date,1997-02-14,needs_replacement_source,"LSEG, FTSE 100 Historic Additions and Deletions, April 2026",licensed_pdf_no_public_url,1997-02-14; 2022-06-20,"FTSE100_CANONICAL_DATABASE (internal, not publishable)",deliverables/ftse/ftse_spine.csv; deliverables/consolidated/FTSE100_consolidated.csv,28,,,,,
03033654,Centrica,CNA,,https://find-and-update.company-information.service.gov.uk/company/03033654,ftse_exit_date,2020-06-22,needs_replacement_source,"LSEG, FTSE 100 Historic Additions and Deletions, April 2026",licensed_pdf_no_public_url,2020-06-22,"FTSE100_CANONICAL_DATABASE (internal, not publishable)",deliverables/ftse/ftse_spine.csv; deliverables/consolidated/FTSE100_consolidated.csv,28,,,,,
00930965,CMG,CMG,,https://find-and-update.company-information.service.gov.uk/company/00930965,ftse_entry_date,1999-12-20,needs_replacement_source,"LSEG, FTSE 100 Historic Additions and Deletions, April 2026",licensed_pdf_no_public_url,1999-12-20,"FTSE100_CANONICAL_DATABASE (internal, not publishable)",deliverables/ftse/ftse_spine.csv; deliverables/consolidated/FTSE100_consolidated.csv,2,,,,,
00930965,CMG,CMG,,https://find-and-update.company-information.service.gov.uk/company/00930965,ftse_exit_date,2001-09-24,needs_replacement_source,"LSEG, FTSE 100 Historic Additions and Deletions, April 2026",licensed_pdf_no_public_url,2001-09-24,"FTSE100_CANONICAL_DATABASE (internal, not publishable)",deliverables/ftse/ftse_spine.csv; deliverables/consolidated/FTSE100_consolidated.csv,2,,,,,
00030470,Cobham,COB,,https://find-and-update.company-information.service.gov.uk/company/00030470,ftse_entry_date,,value_missing_source_cited,"LSEG, FTSE 100 Historic Additions and Deletions, April 2026",licensed_pdf_no_public_url,2008-03-26,"FTSE100_CANONICAL_DATABASE (internal, not publishable)",deliverables/ftse/ftse_spine.csv; deliverables/consolidated/FTSE100_consolidated.csv,2,,,,,
00030470,Cobham,COB,,https://find-and-update.company-information.service.gov.uk/company/00030470,ftse_exit_date,,value_missing_source_cited,"LSEG, FTSE 100 Historic Additions and Deletions, April 2026",licensed_pdf_no_public_url,2010-12-20,"FTSE100_CANONICAL_DATABASE (internal, not publishable)",deliverables/ftse/ftse_spine.csv; deliverables/consolidated/FTSE100_consolidated.csv,2,,,,,
09717350,Coca-Cola Europacific,CCEP,,https://find-and-update.company-information.service.gov.uk/company/09717350,ftse_entry_date,2025-03-24,needs_replacement_source,"LSEG, FTSE 100 Historic Additions and Deletions, April 2026",licensed_pdf_no_public_url,2025-03-24,"FTSE100_CANONICAL_DATABASE (internal, not publishable)",deliverables/ftse/ftse_spine.csv; deliverables/consolidated/FTSE100_consolidated.csv,5,,,,,
04083914,Compass Group,CPG,,https://find-and-update.company-information.service.gov.uk/company/04083914,ftse_entry_date,2001-02-02,needs_replacement_source,"LSEG, FTSE 100 Historic Additions and Deletions, April 2026",licensed_pdf_no_public_url,2001-02-02,"FTSE100_CANONICAL_DATABASE (internal, not publishable)",deliverables/ftse/ftse_spine.csv; deliverables/consolidated/FTSE100_consolidated.csv,28,,,,,
10361298,ConvaTec Group,CTEC,,https://find-and-update.company-information.service.gov.uk/company/10361298,ftse_entry_date,2016-12-19,needs_replacement_source,"LSEG, FTSE 100 Historic Additions and Deletions, April 2026",licensed_pdf_no_public_url,2016-12-19; 2022-09-19,"FTSE100_CANONICAL_DATABASE (internal, not publishable)",deliverables/ftse/ftse_spine.csv; deliverables/consolidated/FTSE100_consolidated.csv,6,,,,,
10361298,ConvaTec Group,CTEC,,https://find-and-update.company-information.service.gov.uk/company/10361298,ftse_exit_date,2017-12-18,needs_replacement_source,"LSEG, FTSE 100 Historic Additions and Deletions, April 2026",licensed_pdf_no_public_url,2017-12-18,"FTSE100_CANONICAL_DATABASE (internal, not publishable)",deliverables/ftse/ftse_spine.csv; deliverables/consolidated/FTSE100_consolidated.csv,6,,,,,
16793203,Cookson Group,,,https://find-and-update.company-information.service.gov.uk/company/16793203,ftse_entry_date,1986-04-01,needs_replacement_source,"LSEG, FTSE 100 Historic Additions and Deletions, April 2026",licensed_pdf_no_public_url,,,deliverables/ftse/ftse_spine.csv; deliverables/consolidated/FTSE100_consolidated.csv,5,,,,,
16793203,Cookson Group,,,https://find-and-update.company-information.service.gov.uk/company/16793203,ftse_exit_date,1996-08-17,needs_replacement_source,"LSEG, FTSE 100 Historic Additions and Deletions, April 2026",licensed_pdf_no_public_url,,,deliverables/ftse/ftse_spine.csv; deliverables/consolidated/FTSE100_consolidated.csv,5,,,,,
03811373,Corus Group,CORU,,https://find-and-update.company-information.service.gov.uk/company/03811373,ftse_entry_date,1999-10-06,needs_replacement_source,"LSEG, FTSE 100 Historic Additions and Deletions, April 2026",licensed_pdf_no_public_url,1999-10-06; 2002-03-18; 2004-11-16; 2006-03-09,"FTSE100_CANONICAL_DATABASE (internal, not publishable)",deliverables/ftse/ftse_spine.csv; deliverables/consolidated/FTSE100_consolidated.csv,3,,,,,
03811373,Corus Group,CORU,,https://find-and-update.company-information.service.gov.uk/company/03811373,ftse_exit_date,2007-03-30,needs_replacement_source,"LSEG, FTSE 100 Historic Additions and Deletions, April 2026",licensed_pdf_no_public_url,2000-09-18; 2002-12-23; 2005-06-20; 2007-03-30,"FTSE100_CANONICAL_DATABASE (internal, not publishable)",deliverables/ftse/ftse_spine.csv; deliverables/consolidated/FTSE100_consolidated.csv,3,,,,,
00206132,Croda International,CRDA,,https://find-and-update.company-information.service.gov.uk/company/00206132,ftse_entry_date,1984-01-02,needs_replacement_source,"LSEG, FTSE 100 Historic Additions and Deletions, April 2026",licensed_pdf_no_public_url,2012-03-19; 2016-10-05,"FTSE100_CANONICAL_DATABASE (internal, not publishable)",deliverables/ftse/ftse_spine.csv; deliverables/consolidated/FTSE100_consolidated.csv,11,,,,,
00206132,Croda International,CRDA,,https://find-and-update.company-information.service.gov.uk/company/00206132,ftse_exit_date,2013-12-23,needs_replacement_source,"LSEG, FTSE 100 Historic Additions and Deletions, April 2026",licensed_pdf_no_public_url,2013-12-23,"FTSE100_CANONICAL_DATABASE (internal, not publishable)",deliverables/ftse/ftse_spine.csv; deliverables/consolidated/FTSE100_consolidated.csv,11,,,,,
00184594,Daily Mail & General Trust,DMGT,,https://find-and-update.company-information.service.gov.uk/company/00184594,ftse_entry_date,1999-02-04,needs_replacement_source,"LSEG, FTSE 100 Historic Additions and Deletions, April 2026",licensed_pdf_no_public_url,1999-02-04; 2007-03-19,"FTSE100_CANONICAL_DATABASE (internal, not publishable)",deliverables/ftse/ftse_spine.csv; deliverables/consolidated/FTSE100_consolidated.csv,7,,,,,
00184594,Daily Mail & General Trust,DMGT,,https://find-and-update.company-information.service.gov.uk/company/00184594,ftse_exit_date,2007-12-24,needs_replacement_source,"LSEG, FTSE 100 Historic Additions and Deletions, April 2026",licensed_pdf_no_public_url,2006-06-19; 2007-12-24,"FTSE100_CANONICAL_DATABASE (internal, not publishable)",deliverables/ftse/ftse_spine.csv; deliverables/consolidated/FTSE100_consolidated.csv,7,,,,,
10274117,Dalgety,,,https://find-and-update.company-information.service.gov.uk/company/10274117,ftse_exit_date,1991-04-02,needs_replacement_source,"LSEG, FTSE 100 Historic Additions and Deletions, April 2026",licensed_pdf_no_public_url,,,deliverables/ftse/ftse_spine.csv; deliverables/consolidated/FTSE100_consolidated.csv,3,,,,,
04709270,DCC,DCC,,https://find-and-update.company-information.service.gov.uk/company/04709270,ftse_entry_date,2015-12-21,needs_replacement_source,"LSEG, FTSE 100 Historic Additions and Deletions, April 2026",licensed_pdf_no_public_url,2015-12-21,"FTSE100_CANONICAL_DATABASE (internal, not publishable)",deliverables/ftse/ftse_spine.csv; deliverables/consolidated/FTSE100_consolidated.csv,12,,,,,
03834125,De La Rue,,,https://find-and-update.company-information.service.gov.uk/company/03834125,ftse_entry_date,1992-09-21,needs_replacement_source,"LSEG, FTSE 100 Historic Additions and Deletions, April 2026",licensed_pdf_no_public_url,,,deliverables/ftse/ftse_spine.csv; deliverables/consolidated/FTSE100_consolidated.csv,2,,,,,
03834125,De La Rue,,,https://find-and-update.company-information.service.gov.uk/company/03834125,ftse_exit_date,1995-12-18,needs_replacement_source,"LSEG, FTSE 100 Historic Additions and Deletions, April 2026",licensed_pdf_no_public_url,,,deliverables/ftse/ftse_spine.csv; deliverables/consolidated/FTSE100_consolidated.csv,2,,,,,
03369634,Dechra Pharmaceuticals,DPH,,https://find-and-update.company-information.service.gov.uk/company/03369634,ftse_entry_date,2021-12-20,needs_replacement_source,"LSEG, FTSE 100 Historic Additions and Deletions, April 2026",licensed_pdf_no_public_url,2021-12-20; 2023-09-18,"FTSE100_CANONICAL_DATABASE (internal, not publishable)",deliverables/ftse/ftse_spine.csv; deliverables/consolidated/FTSE100_consolidated.csv,2,,,,,
03369634,Dechra Pharmaceuticals,DPH,,https://find-and-update.company-information.service.gov.uk/company/03369634,ftse_exit_date,2024-01-16,needs_replacement_source,"LSEG, FTSE 100 Historic Additions and Deletions, April 2026",licensed_pdf_no_public_url,2022-12-19; 2024-01-16,"FTSE100_CANONICAL_DATABASE (internal, not publishable)",deliverables/ftse/ftse_spine.csv; deliverables/consolidated/FTSE100_consolidated.csv,2,,,,,
00023307,Diageo,DGE,,https://find-and-update.company-information.service.gov.uk/company/00023307,ftse_entry_date,1997-12-17,needs_replacement_source,"LSEG, FTSE 100 Historic Additions and Deletions, April 2026",licensed_pdf_no_public_url,1997-12-17,"FTSE100_CANONICAL_DATABASE (internal, not publishable)",deliverables/ftse/ftse_spine.csv; deliverables/consolidated/FTSE100_consolidated.csv,30,,,,,
03704278,Dimension Data Holdings,DDT,,https://find-and-update.company-information.service.gov.uk/company/03704278,ftse_entry_date,2000-09-18,needs_replacement_source,"LSEG, FTSE 100 Historic Additions and Deletions, April 2026",licensed_pdf_no_public_url,2000-09-18,"FTSE100_CANONICAL_DATABASE (internal, not publishable)",deliverables/ftse/ftse_spine.csv; deliverables/consolidated/FTSE100_consolidated.csv,1,,,,,
03704278,Dimension Data Holdings,DDT,,https://find-and-update.company-information.service.gov.uk/company/03704278,ftse_exit_date,2001-08-07,needs_replacement_source,"LSEG, FTSE 100 Historic Additions and Deletions, April 2026",licensed_pdf_no_public_url,2001-08-07,"FTSE100_CANONICAL_DATABASE (internal, not publishable)",deliverables/ftse/ftse_spine.csv; deliverables/consolidated/FTSE100_consolidated.csv,1,,,,,
03899848,Diploma,DPLM,,https://find-and-update.company-information.service.gov.uk/company/03899848,ftse_entry_date,2023-09-18,needs_replacement_source,"LSEG, FTSE 100 Historic Additions and Deletions, April 2026",licensed_pdf_no_public_url,2023-09-18,"FTSE100_CANONICAL_DATABASE (internal, not publishable)",deliverables/ftse/ftse_spine.csv; deliverables/consolidated/FTSE100_consolidated.csv,5,,,,,
02280426,Direct Line Insurance Group,DLG,,https://find-and-update.company-information.service.gov.uk/company/02280426,ftse_entry_date,2014-09-22,needs_replacement_source,"LSEG, FTSE 100 Historic Additions and Deletions, April 2026",licensed_pdf_no_public_url,2014-09-22,"FTSE100_CANONICAL_DATABASE (internal, not publishable)",deliverables/ftse/ftse_spine.csv; deliverables/consolidated/FTSE100_consolidated.csv,5,,,,,
02280426,Direct Line Insurance Group,DLG,,https://find-and-update.company-information.service.gov.uk/company/02280426,ftse_exit_date,2019-09-23,needs_replacement_source,"LSEG, FTSE 100 Historic Additions and Deletions, April 2026",licensed_pdf_no_public_url,2019-09-23,"FTSE100_CANONICAL_DATABASE (internal, not publishable)",deliverables/ftse/ftse_spine.csv; deliverables/consolidated/FTSE100_consolidated.csv,5,,,,,
12620781,Dixons Group,,,https://find-and-update.company-information.service.gov.uk/company/12620781,ftse_entry_date,1985-01-02,needs_replacement_source,"LSEG, FTSE 100 Historic Additions and Deletions, April 2026",licensed_pdf_no_public_url,,,deliverables/ftse/ftse_spine.csv; deliverables/consolidated/FTSE100_consolidated.csv,13,,,,,
05562053,Drax Group,DRX,,https://find-and-update.company-information.service.gov.uk/company/05562053,ftse_entry_date,2006-06-19,needs_replacement_source,"LSEG, FTSE 100 Historic Additions and Deletions, April 2026",licensed_pdf_no_public_url,2006-06-19; 2008-06-23,"FTSE100_CANONICAL_DATABASE (internal, not publishable)",deliverables/ftse/ftse_spine.csv; deliverables/consolidated/FTSE100_consolidated.csv,2,,,,,
05562053,Drax Group,DRX,,https://find-and-update.company-information.service.gov.uk/company/05562053,ftse_exit_date,2009-06-22,needs_replacement_source,"LSEG, FTSE 100 Historic Additions and Deletions, April 2026",licensed_pdf_no_public_url,2007-09-24; 2009-06-22,"FTSE100_CANONICAL_DATABASE (internal, not publishable)",deliverables/ftse/ftse_spine.csv; deliverables/consolidated/FTSE100_consolidated.csv,2,,,,,
03959649,Easyjet,EZJ,,https://find-and-update.company-information.service.gov.uk/company/03959649,ftse_entry_date,2013-03-18,needs_replacement_source,"LSEG, FTSE 100 Historic Additions and Deletions, April 2026",licensed_pdf_no_public_url,2013-03-18; 2019-12-23; 2024-03-18,"FTSE100_CANONICAL_DATABASE (internal, not publishable)",deliverables/ftse/ftse_spine.csv; deliverables/consolidated/FTSE100_consolidated.csv,8,,,,,
03959649,Easyjet,EZJ,,https://find-and-update.company-information.service.gov.uk/company/03959649,ftse_exit_date,2026-03-23,needs_replacement_source,"LSEG, FTSE 100 Historic Additions and Deletions, April 2026",licensed_pdf_no_public_url,2019-06-24; 2020-06-22; 2026-03-23,"FTSE100_CANONICAL_DATABASE (internal, not publishable)",deliverables/ftse/ftse_spine.csv; deliverables/consolidated/FTSE100_consolidated.csv,8,,,,,
SC034993,Edinburgh Investment Trust,EDIN,,https://find-and-update.company-information.service.gov.uk/company/SC034993,ftse_exit_date,1984-07-02,needs_replacement_source,"LSEG, FTSE 100 Historic Additions and Deletions, April 2026",licensed_pdf_no_public_url,1984-07-02,"FTSE100_CANONICAL_DATABASE (internal, not publishable)",deliverables/ftse/ftse_spine.csv; deliverables/consolidated/FTSE100_consolidated.csv,1,,,,,
00647788,Electrocomponents,RS1,,https://find-and-update.company-information.service.gov.uk/company/00647788,ftse_entry_date,2021-12-20,needs_replacement_source,"LSEG, FTSE 100 Historic Additions and Deletions, April 2026",licensed_pdf_no_public_url,2000-09-18; 2021-12-20; 2022-03-15,"FTSE100_CANONICAL_DATABASE (internal, not publishable)",deliverables/ftse/ftse_spine.csv; deliverables/consolidated/FTSE100_consolidated.csv,2,,,,,
00647788,Electrocomponents,RS1,,https://find-and-update.company-information.service.gov.uk/company/00647788,ftse_exit_date,2024-06-24,needs_replacement_source,"LSEG, FTSE 100 Historic Additions and Deletions, April 2026",licensed_pdf_no_public_url,2002-06-24; 2022-03-15; 2024-06-24,"FTSE100_CANONICAL_DATABASE (internal, not publishable)",deliverables/ftse/ftse_spine.csv; deliverables/consolidated/FTSE100_consolidated.csv,2,,,,,
14696069,EMAP,,,https://find-and-update.company-information.service.gov.uk/company/14696069,ftse_entry_date,1999-03-22,needs_replacement_source,"LSEG, FTSE 100 Historic Additions and Deletions, April 2026",licensed_pdf_no_public_url,,,deliverables/ftse/ftse_spine.csv; deliverables/consolidated/FTSE100_consolidated.csv,3,,,,,
14696069,EMAP,,,https://find-and-update.company-information.service.gov.uk/company/14696069,ftse_exit_date,2005-09-19,needs_replacement_source,"LSEG, FTSE 100 Historic Additions and Deletions, April 2026",licensed_pdf_no_public_url,,,deliverables/ftse/ftse_spine.csv; deliverables/consolidated/FTSE100_consolidated.csv,3,,,,,
00229231,EMI Group plc,EMI,,https://find-and-update.company-information.service.gov.uk/company/00229231,ftse_exit_date,2002-09-23,needs_replacement_source,"LSEG, FTSE 100 Historic Additions and Deletions, April 2026",licensed_pdf_no_public_url,1996-08-17; 2002-09-23,"FTSE100_CANONICAL_DATABASE (internal, not publishable)",deliverables/ftse/ftse_spine.csv; deliverables/consolidated/FTSE100_consolidated.csv,6,,,,,
13280545,Endeavour Mining,EDV,,https://find-and-update.company-information.service.gov.uk/company/13280545,ftse_entry_date,2022-03-21,needs_replacement_source,"LSEG, FTSE 100 Historic Additions and Deletions, April 2026",licensed_pdf_no_public_url,2022-03-21; 2024-07-08,"FTSE100_CANONICAL_DATABASE (internal, not publishable)",deliverables/ftse/ftse_spine.csv; deliverables/consolidated/FTSE100_consolidated.csv,5,,,,,
13280545,Endeavour Mining,EDV,,https://find-and-update.company-information.service.gov.uk/company/13280545,ftse_exit_date,2024-03-18,needs_replacement_source,"LSEG, FTSE 100 Historic Additions and Deletions, April 2026",licensed_pdf_no_public_url,2024-03-18,"FTSE100_CANONICAL_DATABASE (internal, not publishable)",deliverables/ftse/ftse_spine.csv; deliverables/consolidated/FTSE100_consolidated.csv,5,,,,,
03438871,Energis,ENG,,https://find-and-update.company-information.service.gov.uk/company/03438871,ftse_entry_date,1999-03-22,needs_replacement_source,"LSEG, FTSE 100 Historic Additions and Deletions, April 2026",licensed_pdf_no_public_url,1999-03-22,"FTSE100_CANONICAL_DATABASE (internal, not publishable)",deliverables/ftse/ftse_spine.csv; deliverables/consolidated/FTSE100_consolidated.csv,2,,,,,
03438871,Energis,ENG,,https://find-and-update.company-information.service.gov.uk/company/03438871,ftse_exit_date,2001-09-24,needs_replacement_source,"LSEG, FTSE 100 Historic Additions and Deletions, April 2026",licensed_pdf_no_public_url,2001-09-24,"FTSE100_CANONICAL_DATABASE (internal, not publishable)",deliverables/ftse/ftse_spine.csv; deliverables/consolidated/FTSE100_consolidated.csv,2,,,,,
00154236,English China Clays,ECC,ECC Group; English China Clays,https://find-and-update.company-information.service.gov.uk/company/00154236,ftse_exit_date,1993-06-01,needs_replacement_source,"LSEG, FTSE 100 Historic Additions and Deletions, April 2026",licensed_pdf_no_public_url,1990-04-02; 1993-06-01,"FTSE100_CANONICAL_DATABASE (internal, not publishable)",deliverables/ftse/ftse_spine.csv; deliverables/consolidated/FTSE100_consolidated.csv,8,,,,,
10517727,Enterprise Inns,,,https://find-and-update.company-information.service.gov.uk/company/10517727,ftse_entry_date,2004-03-22,needs_replacement_source,"LSEG, FTSE 100 Historic Additions and Deletions, April 2026",licensed_pdf_no_public_url,,,deliverables/ftse/ftse_spine.csv; deliverables/consolidated/FTSE100_consolidated.csv,4,,,,,
10517727,Enterprise Inns,,,https://find-and-update.company-information.service.gov.uk/company/10517727,ftse_exit_date,2008-09-22,needs_replacement_source,"LSEG, FTSE 100 Historic Additions and Deletions, April 2026",licensed_pdf_no_public_url,,,deliverables/ftse/ftse_spine.csv; deliverables/consolidated/FTSE100_consolidated.csv,4,,,,,
01682048,Enterprise Oil,ETP,,https://find-and-update.company-information.service.gov.uk/company/01682048,ftse_entry_date,1984-07-19,needs_replacement_source,"LSEG, FTSE 100 Historic Additions and Deletions, April 2026",licensed_pdf_no_public_url,1984-07-19; 1988-02-25; 2001-09-24,"FTSE100_CANONICAL_DATABASE (internal, not publishable)",deliverables/ftse/ftse_spine.csv; deliverables/consolidated/FTSE100_consolidated.csv,12,,,,,
01682048,Enterprise Oil,ETP,,https://find-and-update.company-information.service.gov.uk/company/01682048,ftse_exit_date,2002-05-10,needs_replacement_source,"LSEG, FTSE 100 Historic Additions and Deletions, April 2026",licensed_pdf_no_public_url,1985-04-01; 1998-09-21; 2002-05-10,"FTSE100_CANONICAL_DATABASE (internal, not publishable)",deliverables/ftse/ftse_spine.csv; deliverables/consolidated/FTSE100_consolidated.csv,12,,,,,
07108619,Essar energy,ESSR,,https://find-and-update.company-information.service.gov.uk/company/07108619,ftse_entry_date,2010-06-21,needs_replacement_source,"LSEG, FTSE 100 Historic Additions and Deletions, April 2026",licensed_pdf_no_public_url,2010-06-21,"FTSE100_CANONICAL_DATABASE (internal, not publishable)",deliverables/ftse/ftse_spine.csv; deliverables/consolidated/FTSE100_consolidated.csv,2,,,,,
07108619,Essar energy,ESSR,,https://find-and-update.company-information.service.gov.uk/company/07108619,ftse_exit_date,2012-03-19,needs_replacement_source,"LSEG, FTSE 100 Historic Additions and Deletions, April 2026",licensed_pdf_no_public_url,2012-03-19,"FTSE100_CANONICAL_DATABASE (internal, not publishable)",deliverables/ftse/ftse_spine.csv; deliverables/consolidated/FTSE100_consolidated.csv,2,,,,,
06023510,Eurasian Natural Resources Corporation,ENRC,,https://find-and-update.company-information.service.gov.uk/company/06023510,ftse_entry_date,,value_missing_source_cited,"LSEG, FTSE 100 Historic Additions and Deletions, April 2026",licensed_pdf_no_public_url,2008-03-26,"FTSE100_CANONICAL_DATABASE (internal, not publishable)",deliverables/ftse/ftse_spine.csv; deliverables/consolidated/FTSE100_consolidated.csv,5,,,,,
06023510,Eurasian Natural Resources Corporation,ENRC,,https://find-and-update.company-information.service.gov.uk/company/06023510,ftse_exit_date,,value_missing_source_cited,"LSEG, FTSE 100 Historic Additions and Deletions, April 2026",licensed_pdf_no_public_url,2013-09-23,"FTSE100_CANONICAL_DATABASE (internal, not publishable)",deliverables/ftse/ftse_spine.csv; deliverables/consolidated/FTSE100_consolidated.csv,5,,,,,
03583610,Eurotunnel,,,https://find-and-update.company-information.service.gov.uk/company/03583610,ftse_entry_date,1991-01-02,needs_replacement_source,"LSEG, FTSE 100 Historic Additions and Deletions, April 2026",licensed_pdf_no_public_url,,,deliverables/ftse/ftse_spine.csv; deliverables/consolidated/FTSE100_consolidated.csv,1,,,,,
03583610,Eurotunnel,,,https://find-and-update.company-information.service.gov.uk/company/03583610,ftse_exit_date,1992-06-22,needs_replacement_source,"LSEG, FTSE 100 Historic Additions and Deletions, April 2026",licensed_pdf_no_public_url,,,deliverables/ftse/ftse_spine.csv; deliverables/consolidated/FTSE100_consolidated.csv,1,,,,,
07784342,Evraz,EVR,,https://find-and-update.company-information.service.gov.uk/company/07784342,ftse_entry_date,2011-12-19,needs_replacement_source,"LSEG, FTSE 100 Historic Additions and Deletions, April 2026",licensed_pdf_no_public_url,2011-12-19; 2018-01-15,"FTSE100_CANONICAL_DATABASE (internal, not publishable)",deliverables/ftse/ftse_spine.csv; deliverables/consolidated/FTSE100_consolidated.csv,6,,,,,
07784342,Evraz,EVR,,https://find-and-update.company-information.service.gov.uk/company/07784342,ftse_exit_date,2022-03-21,needs_replacement_source,"LSEG, FTSE 100 Historic Additions and Deletions, April 2026",licensed_pdf_no_public_url,2013-06-24; 2022-03-21,"FTSE100_CANONICAL_DATABASE (internal, not publishable)",deliverables/ftse/ftse_spine.csv; deliverables/consolidated/FTSE100_consolidated.csv,6,,,,,
03720393,Experian Group,EXPN,,https://find-and-update.company-information.service.gov.uk/company/03720393,ftse_entry_date,2006-10-11,needs_replacement_source,"LSEG, FTSE 100 Historic Additions and Deletions, April 2026",licensed_pdf_no_public_url,2006-10-11,"FTSE100_CANONICAL_DATABASE (internal, not publishable)",deliverables/ftse/ftse_spine.csv; deliverables/consolidated/FTSE100_consolidated.csv,21,,,,,
SC246627,Ferguson,FERG,Wolseley,https://find-and-update.company-information.service.gov.uk/company/SC246627,ftse_entry_date,1984-01-02,needs_replacement_source,"LSEG, FTSE 100 Historic Additions and Deletions, April 2026",licensed_pdf_no_public_url,2009-06-22,"FTSE100_CANONICAL_DATABASE (internal, not publishable)",deliverables/ftse/ftse_spine.csv; deliverables/consolidated/FTSE100_consolidated.csv,5,,,,,
SC246627,Ferguson,FERG,Wolseley,https://find-and-update.company-information.service.gov.uk/company/SC246627,ftse_exit_date,2022-05-12,needs_replacement_source,"LSEG, FTSE 100 Historic Additions and Deletions, April 2026",licensed_pdf_no_public_url,2022-05-12,"FTSE100_CANONICAL_DATABASE (internal, not publishable)",deliverables/ftse/ftse_spine.csv; deliverables/consolidated/FTSE100_consolidated.csv,5,,,,,
00044687,Fisons,FISO,,https://find-and-update.company-information.service.gov.uk/company/00044687,ftse_exit_date,1995-10-23,needs_replacement_source,"LSEG, FTSE 100 Historic Additions and Deletions, April 2026",licensed_pdf_no_public_url,1993-06-21; 1995-10-23,"FTSE100_CANONICAL_DATABASE (internal, not publishable)",deliverables/ftse/ftse_spine.csv; deliverables/consolidated/FTSE100_consolidated.csv,10,,,,,
00012901,Foreign & Col Inv Trust,FCIT,Foreign & Col Inv Trust; Foreign & Colonial Invest Trust; Foreign & Colonial Investment Trust,https://find-and-update.company-information.service.gov.uk/company/00012901,ftse_entry_date,1984-01-02,needs_replacement_source,"LSEG, FTSE 100 Historic Additions and Deletions, April 2026",licensed_pdf_no_public_url,1995-12-18; 2003-03-24; 2009-03-23; 2022-09-19,"FTSE100_CANONICAL_DATABASE (internal, not publishable)",deliverables/ftse/ftse_spine.csv; deliverables/consolidated/FTSE100_consolidated.csv,7,,,,,
00012901,Foreign & Col Inv Trust,FCIT,Foreign & Col Inv Trust; Foreign & Colonial Invest Trust; Foreign & Colonial Investment Trust,https://find-and-update.company-information.service.gov.uk/company/00012901,ftse_exit_date,2009-09-21,needs_replacement_source,"LSEG, FTSE 100 Historic Additions and Deletions, April 2026",licensed_pdf_no_public_url,1996-06-24; 2004-03-22; 2009-09-21,"FTSE100_CANONICAL_DATABASE (internal, not publishable)",deliverables/ftse/ftse_spine.csv; deliverables/consolidated/FTSE100_consolidated.csv,7,,,,,
06035106,Frasers Group,FRAS,,https://find-and-update.company-information.service.gov.uk/company/06035106,ftse_entry_date,2022-09-13,needs_replacement_source,"LSEG, FTSE 100 Historic Additions and Deletions, April 2026",licensed_pdf_no_public_url,2013-09-23; 2022-09-13,"FTSE100_CANONICAL_DATABASE (internal, not publishable)",deliverables/ftse/ftse_spine.csv; deliverables/consolidated/FTSE100_consolidated.csv,2,,,,,
06035106,Frasers Group,FRAS,,https://find-and-update.company-information.service.gov.uk/company/06035106,ftse_exit_date,2024-12-23,needs_replacement_source,"LSEG, FTSE 100 Historic Additions and Deletions, April 2026",licensed_pdf_no_public_url,2016-03-21; 2024-12-23,"FTSE100_CANONICAL_DATABASE (internal, not publishable)",deliverables/ftse/ftse_spine.csv; deliverables/consolidated/FTSE100_consolidated.csv,2,,,,,
06344120,Fresnillo,FRES,,https://find-and-update.company-information.service.gov.uk/company/06344120,ftse_entry_date,2008-09-22,needs_replacement_source,"LSEG, FTSE 100 Historic Additions and Deletions, April 2026",licensed_pdf_no_public_url,2008-09-22; 2009-03-23; 2020-03-23,"FTSE100_CANONICAL_DATABASE (internal, not publishable)",deliverables/ftse/ftse_spine.csv; deliverables/consolidated/FTSE100_consolidated.csv,16,,,,,
06344120,Fresnillo,FRES,,https://find-and-update.company-information.service.gov.uk/company/06344120,ftse_exit_date,2019-12-23,needs_replacement_source,"LSEG, FTSE 100 Historic Additions and Deletions, April 2026",licensed_pdf_no_public_url,2008-12-22; 2019-12-23,"FTSE100_CANONICAL_DATABASE (internal, not publishable)",deliverables/ftse/ftse_spine.csv; deliverables/consolidated/FTSE100_consolidated.csv,16,,,,,
04992207,G4S,GFS,,https://find-and-update.company-information.service.gov.uk/company/04992207,ftse_entry_date,2007-12-24,needs_replacement_source,"LSEG, FTSE 100 Historic Additions and Deletions, April 2026",licensed_pdf_no_public_url,2007-12-24; 2017-06-19,"FTSE100_CANONICAL_DATABASE (internal, not publishable)",deliverables/ftse/ftse_spine.csv; deliverables/consolidated/FTSE100_consolidated.csv,9,,,,,
04992207,G4S,GFS,,https://find-and-update.company-information.service.gov.uk/company/04992207,ftse_exit_date,2018-06-18,needs_replacement_source,"LSEG, FTSE 100 Historic Additions and Deletions, April 2026",licensed_pdf_no_public_url,2015-12-21; 2018-06-18,"FTSE100_CANONICAL_DATABASE (internal, not publishable)",deliverables/ftse/ftse_spine.csv; deliverables/consolidated/FTSE100_consolidated.csv,9,,,,,
03299793,Gallaher Group,GLH,,https://find-and-update.company-information.service.gov.uk/company/03299793,ftse_entry_date,1998-12-21,needs_replacement_source,"LSEG, FTSE 100 Historic Additions and Deletions, April 2026",licensed_pdf_no_public_url,1998-12-21; 2001-09-10,"FTSE100_CANONICAL_DATABASE (internal, not publishable)",deliverables/ftse/ftse_spine.csv; deliverables/consolidated/FTSE100_consolidated.csv,7,,,,,
03299793,Gallaher Group,GLH,,https://find-and-update.company-information.service.gov.uk/company/03299793,ftse_exit_date,2007-04-17,needs_replacement_source,"LSEG, FTSE 100 Historic Additions and Deletions, April 2026",licensed_pdf_no_public_url,1999-03-22; 2007-04-17,"FTSE100_CANONICAL_DATABASE (internal, not publishable)",deliverables/ftse/ftse_spine.csv; deliverables/consolidated/FTSE100_consolidated.csv,7,,,,,
02670969,Games Workshop Group,GAW,,https://find-and-update.company-information.service.gov.uk/company/02670969,ftse_entry_date,2024-12-23,needs_replacement_source,"LSEG, FTSE 100 Historic Additions and Deletions, April 2026",licensed_pdf_no_public_url,2024-12-23,"FTSE100_CANONICAL_DATABASE (internal, not publishable)",deliverables/ftse/ftse_spine.csv; deliverables/consolidated/FTSE100_consolidated.csv,5,,,,,
04191106,GKN,,,https://find-and-update.company-information.service.gov.uk/company/04191106,ftse_exit_date,2018-04-24,needs_replacement_source,"LSEG, FTSE 100 Historic Additions and Deletions, April 2026",licensed_pdf_no_public_url,,,deliverables/ftse/ftse_spine.csv; deliverables/consolidated/FTSE100_consolidated.csv,20,,,,,
00480080,Glaxo Wellcome,GLXO,,https://find-and-update.company-information.service.gov.uk/company/00480080,ftse_exit_date,2000-12-27,needs_replacement_source,"LSEG, FTSE 100 Historic Additions and Deletions, April 2026",licensed_pdf_no_public_url,1995-03-23; 2000-12-27,"FTSE100_CANONICAL_DATABASE (internal, not publishable)",deliverables/ftse/ftse_spine.csv; deliverables/consolidated/FTSE100_consolidated.csv,5,,,,,
03962410,Granada,GAA,,https://find-and-update.company-information.service.gov.uk/company/03962410,ftse_entry_date,2001-02-02,needs_replacement_source,"LSEG, FTSE 100 Historic Additions and Deletions, April 2026",licensed_pdf_no_public_url,2000-07-27,"FTSE100_CANONICAL_DATABASE (internal, not publishable)",deliverables/ftse/ftse_spine.csv; deliverables/consolidated/FTSE100_consolidated.csv,3,,,,,
03962410,Granada,GAA,,https://find-and-update.company-information.service.gov.uk/company/03962410,ftse_exit_date,,value_missing_source_cited,"LSEG, FTSE 100 Historic Additions and Deletions, April 2026",licensed_pdf_no_public_url,2001-02-02,"FTSE100_CANONICAL_DATABASE (internal, not publishable)",deliverables/ftse/ftse_spine.csv; deliverables/consolidated/FTSE100_consolidated.csv,3,,,,,
00290076,Granada Group,GAA,,https://find-and-update.company-information.service.gov.uk/company/00290076,ftse_entry_date,1984-10-01,needs_replacement_source,"LSEG, FTSE 100 Historic Additions and Deletions, April 2026",licensed_pdf_no_public_url,1984-10-01; 1992-06-22; 2001-02-02,"FTSE100_CANONICAL_DATABASE (internal, not publishable)",deliverables/ftse/ftse_spine.csv; deliverables/consolidated/FTSE100_consolidated.csv,14,,,,,
03106798,Granada Media,GMG,,https://find-and-update.company-information.service.gov.uk/company/03106798,ftse_entry_date,2000-09-18,needs_replacement_source,"LSEG, FTSE 100 Historic Additions and Deletions, April 2026",licensed_pdf_no_public_url,2000-09-18,"FTSE100_CANONICAL_DATABASE (internal, not publishable)",deliverables/ftse/ftse_spine.csv; deliverables/consolidated/FTSE100_consolidated.csv,1,,,,,
03106798,Granada Media,GMG,,https://find-and-update.company-information.service.gov.uk/company/03106798,ftse_exit_date,2001-02-02,needs_replacement_source,"LSEG, FTSE 100 Historic Additions and Deletions, April 2026",licensed_pdf_no_public_url,2001-02-02,"FTSE100_CANONICAL_DATABASE (internal, not publishable)",deliverables/ftse/ftse_spine.csv; deliverables/consolidated/FTSE100_consolidated.csv,1,,,,,
00291848,Grand Metropolitan,GMT,,https://find-and-update.company-information.service.gov.uk/company/00291848,ftse_exit_date,1997-12-17,needs_replacement_source,"LSEG, FTSE 100 Historic Additions and Deletions, April 2026",licensed_pdf_no_public_url,1997-12-17,"FTSE100_CANONICAL_DATABASE (internal, not publishable)",deliverables/ftse/ftse_spine.csv; deliverables/consolidated/FTSE100_consolidated.csv,14,,,,,
00510607,Guinness (Arthur) & Son,GNS,Guinness,https://find-and-update.company-information.service.gov.uk/company/00510607,ftse_entry_date,1985-04-01,needs_replacement_source,"LSEG, FTSE 100 Historic Additions and Deletions, April 2026",licensed_pdf_no_public_url,1985-04-01,"FTSE100_CANONICAL_DATABASE (internal, not publishable)",deliverables/ftse/ftse_spine.csv; deliverables/consolidated/FTSE100_consolidated.csv,12,,,,,
00510607,Guinness (Arthur) & Son,GNS,Guinness,https://find-and-update.company-information.service.gov.uk/company/00510607,ftse_exit_date,1997-12-17,needs_replacement_source,"LSEG, FTSE 100 Historic Additions and Deletions, April 2026",licensed_pdf_no_public_url,1997-12-17,"FTSE100_CANONICAL_DATABASE (internal, not publishable)",deliverables/ftse/ftse_spine.csv; deliverables/consolidated/FTSE100_consolidated.csv,12,,,,,
FC037925,GVC Holdings,ENT,,https://find-and-update.company-information.service.gov.uk/company/FC037925,ftse_entry_date,,value_missing_source_cited,"LSEG, FTSE 100 Historic Additions and Deletions, April 2026",licensed_pdf_no_public_url,2020-06-22; 2020-12-21,"FTSE100_CANONICAL_DATABASE (internal, not publishable)",deliverables/ftse/ftse_spine.csv; deliverables/consolidated/FTSE100_consolidated.csv,7,,,,,
07034919,Habitat Mothercare,,,https://find-and-update.company-information.service.gov.uk/company/07034919,ftse_entry_date,1985-10-01,needs_replacement_source,"LSEG, FTSE 100 Historic Additions and Deletions, April 2026",licensed_pdf_no_public_url,,,deliverables/ftse/ftse_spine.csv; deliverables/consolidated/FTSE100_consolidated.csv,1,,,,,
07034919,Habitat Mothercare,,,https://find-and-update.company-information.service.gov.uk/company/07034919,ftse_exit_date,1986-01-08,needs_replacement_source,"LSEG, FTSE 100 Historic Additions and Deletions, April 2026",licensed_pdf_no_public_url,,,deliverables/ftse/ftse_spine.csv; deliverables/consolidated/FTSE100_consolidated.csv,1,,,,,
13691224,Haleon,HLN,,https://find-and-update.company-information.service.gov.uk/company/13691224,ftse_entry_date,2022-07-18,needs_replacement_source,"LSEG, FTSE 100 Historic Additions and Deletions, April 2026",licensed_pdf_no_public_url,2022-07-18,"FTSE100_CANONICAL_DATABASE (internal, not publishable)",deliverables/ftse/ftse_spine.csv; deliverables/consolidated/FTSE100_consolidated.csv,5,,,,,
00040932,Halma,HLMA,,https://find-and-update.company-information.service.gov.uk/company/00040932,ftse_entry_date,2017-12-18,needs_replacement_source,"LSEG, FTSE 100 Historic Additions and Deletions, April 2026",licensed_pdf_no_public_url,2017-12-18,"FTSE100_CANONICAL_DATABASE (internal, not publishable)",deliverables/ftse/ftse_spine.csv; deliverables/consolidated/FTSE100_consolidated.csv,10,,,,,
00360632,Hammerson Property,HMSO,Hammerson Properties; Hammerson Property,https://find-and-update.company-information.service.gov.uk/company/00360632,ftse_exit_date,2018-03-19,needs_replacement_source,"LSEG, FTSE 100 Historic Additions and Deletions, April 2026",licensed_pdf_no_public_url,1987-04-01; 1991-07-01; 2018-03-19,"FTSE100_CANONICAL_DATABASE (internal, not publishable)",deliverables/ftse/ftse_spine.csv; deliverables/consolidated/FTSE100_consolidated.csv,13,,,,,
02122142,Hargreaves Lansdown,HL.,,https://find-and-update.company-information.service.gov.uk/company/02122142,ftse_entry_date,2011-03-21,needs_replacement_source,"LSEG, FTSE 100 Historic Additions and Deletions, April 2026",licensed_pdf_no_public_url,2011-03-21; 2024-05-31,"FTSE100_CANONICAL_DATABASE (internal, not publishable)",deliverables/ftse/ftse_spine.csv; deliverables/consolidated/FTSE100_consolidated.csv,13,,,,,
02122142,Hargreaves Lansdown,HL.,,https://find-and-update.company-information.service.gov.uk/company/02122142,ftse_exit_date,2023-12-18,needs_replacement_source,"LSEG, FTSE 100 Historic Additions and Deletions, April 2026",licensed_pdf_no_public_url,2023-12-18; 2025-03-24,"FTSE100_CANONICAL_DATABASE (internal, not publishable)",deliverables/ftse/ftse_spine.csv; deliverables/consolidated/FTSE100_consolidated.csv,13,,,,,
05998739,Harrisons & Crosfield,,,https://find-and-update.company-information.service.gov.uk/company/05998739,ftse_exit_date,1991-07-01,needs_replacement_source,"LSEG, FTSE 100 Historic Additions and Deletions, April 2026",licensed_pdf_no_public_url,,,deliverables/ftse/ftse_spine.csv; deliverables/consolidated/FTSE100_consolidated.csv,4,,,,,
00068237,Hawker Siddeley,HAWK,,https://find-and-update.company-information.service.gov.uk/company/00068237,ftse_exit_date,1991-11-26,needs_replacement_source,"LSEG, FTSE 100 Historic Additions and Deletions, April 2026",licensed_pdf_no_public_url,1991-11-26,"FTSE100_CANONICAL_DATABASE (internal, not publishable)",deliverables/ftse/ftse_spine.csv; deliverables/consolidated/FTSE100_consolidated.csv,8,,,,,
02150950,Hays,HAS,,https://find-and-update.company-information.service.gov.uk/company/02150950,ftse_entry_date,1996-12-23,needs_replacement_source,"LSEG, FTSE 100 Historic Additions and Deletions, April 2026",licensed_pdf_no_public_url,1996-12-23; 2003-12-22,"FTSE100_CANONICAL_DATABASE (internal, not publishable)",deliverables/ftse/ftse_spine.csv; deliverables/consolidated/FTSE100_consolidated.csv,9,,,,,
02150950,Hays,HAS,,https://find-and-update.company-information.service.gov.uk/company/02150950,ftse_exit_date,2005-09-19,needs_replacement_source,"LSEG, FTSE 100 Historic Additions and Deletions, April 2026",licensed_pdf_no_public_url,2003-06-23; 2005-09-19,"FTSE100_CANONICAL_DATABASE (internal, not publishable)",deliverables/ftse/ftse_spine.csv; deliverables/consolidated/FTSE100_consolidated.csv,9,,,,,
SC218813,HBOS,HBOS,,https://find-and-update.company-information.service.gov.uk/company/SC218813,ftse_entry_date,2001-09-10,needs_replacement_source,"LSEG, FTSE 100 Historic Additions and Deletions, April 2026",licensed_pdf_no_public_url,2001-09-10,"FTSE100_CANONICAL_DATABASE (internal, not publishable)",deliverables/ftse/ftse_spine.csv; deliverables/consolidated/FTSE100_consolidated.csv,8,,,,,
11408139,Hillsdown Holdings,,,https://find-and-update.company-information.service.gov.uk/company/11408139,ftse_entry_date,1987-01-02,needs_replacement_source,"LSEG, FTSE 100 Historic Additions and Deletions, April 2026",licensed_pdf_no_public_url,,,deliverables/ftse/ftse_spine.csv; deliverables/consolidated/FTSE100_consolidated.csv,5,,,,,
11408139,Hillsdown Holdings,,,https://find-and-update.company-information.service.gov.uk/company/11408139,ftse_exit_date,1992-09-21,needs_replacement_source,"LSEG, FTSE 100 Historic Additions and Deletions, April 2026",licensed_pdf_no_public_url,,,deliverables/ftse/ftse_spine.csv; deliverables/consolidated/FTSE100_consolidated.csv,5,,,,,
02837811,Hiscox,HSX,,https://find-and-update.company-information.service.gov.uk/company/02837811,ftse_entry_date,2018-12-24,needs_replacement_source,"LSEG, FTSE 100 Historic Additions and Deletions, April 2026",licensed_pdf_no_public_url,2018-12-24; 2023-01-18; 2024-09-23,"FTSE100_CANONICAL_DATABASE (internal, not publishable)",deliverables/ftse/ftse_spine.csv; deliverables/consolidated/FTSE100_consolidated.csv,6,,,,,
02837811,Hiscox,HSX,,https://find-and-update.company-information.service.gov.uk/company/02837811,ftse_exit_date,2023-09-18,needs_replacement_source,"LSEG, FTSE 100 Historic Additions and Deletions, April 2026",licensed_pdf_no_public_url,2019-12-23; 2023-09-18,"FTSE100_CANONICAL_DATABASE (internal, not publishable)",deliverables/ftse/ftse_spine.csv; deliverables/consolidated/FTSE100_consolidated.csv,6,,,,,
05863533,Home Retail Group,HOME,,https://find-and-update.company-information.service.gov.uk/company/05863533,ftse_entry_date,2006-10-11,needs_replacement_source,"LSEG, FTSE 100 Historic Additions and Deletions, April 2026",licensed_pdf_no_public_url,2006-10-11; 2008-12-22,"FTSE100_CANONICAL_DATABASE (internal, not publishable)",deliverables/ftse/ftse_spine.csv; deliverables/consolidated/FTSE100_consolidated.csv,4,,,,,
05863533,Home Retail Group,HOME,,https://find-and-update.company-information.service.gov.uk/company/05863533,ftse_exit_date,2010-09-20,needs_replacement_source,"LSEG, FTSE 100 Historic Additions and Deletions, April 2026",licensed_pdf_no_public_url,2008-06-23; 2010-09-20,"FTSE100_CANONICAL_DATABASE (internal, not publishable)",deliverables/ftse/ftse_spine.csv; deliverables/consolidated/FTSE100_consolidated.csv,4,,,,,
02648297,Homeserve,HSV,,https://find-and-update.company-information.service.gov.uk/company/02648297,ftse_entry_date,2020-06-22,needs_replacement_source,"LSEG, FTSE 100 Historic Additions and Deletions, April 2026",licensed_pdf_no_public_url,2020-06-22; 2022-09-12,"FTSE100_CANONICAL_DATABASE (internal, not publishable)",deliverables/ftse/ftse_spine.csv; deliverables/consolidated/FTSE100_consolidated.csv,1,,,,,
02648297,Homeserve,HSV,,https://find-and-update.company-information.service.gov.uk/company/02648297,ftse_exit_date,2023-01-04,needs_replacement_source,"LSEG, FTSE 100 Historic Additions and Deletions, April 2026",licensed_pdf_no_public_url,2020-12-21; 2023-01-04,"FTSE100_CANONICAL_DATABASE (internal, not publishable)",deliverables/ftse/ftse_spine.csv; deliverables/consolidated/FTSE100_consolidated.csv,1,,,,,
10686681,House of Fraser,,,https://find-and-update.company-information.service.gov.uk/company/10686681,ftse_exit_date,1985-04-01,needs_replacement_source,"LSEG, FTSE 100 Historic Additions and Deletions, April 2026",licensed_pdf_no_public_url,,,deliverables/ftse/ftse_spine.csv; deliverables/consolidated/FTSE100_consolidated.csv,2,,,,,
02128710,Howden Joinery Group,HWDN,,https://find-and-update.company-information.service.gov.uk/company/02128710,ftse_entry_date,2022-03-21,needs_replacement_source,"LSEG, FTSE 100 Historic Additions and Deletions, April 2026",licensed_pdf_no_public_url,2022-03-21; 2023-09-25,"FTSE100_CANONICAL_DATABASE (internal, not publishable)",deliverables/ftse/ftse_spine.csv; deliverables/consolidated/FTSE100_consolidated.csv,5,,,,,
02128710,Howden Joinery Group,HWDN,,https://find-and-update.company-information.service.gov.uk/company/02128710,ftse_exit_date,2022-09-19,needs_replacement_source,"LSEG, FTSE 100 Historic Additions and Deletions, April 2026",licensed_pdf_no_public_url,2022-09-19,"FTSE100_CANONICAL_DATABASE (internal, not publishable)",deliverables/ftse/ftse_spine.csv; deliverables/consolidated/FTSE100_consolidated.csv,5,,,,,
00617987,HSBC Holdings,HSBA,,https://find-and-update.company-information.service.gov.uk/company/00617987,ftse_entry_date,1992-07-13,needs_replacement_source,"LSEG, FTSE 100 Historic Additions and Deletions, April 2026",licensed_pdf_no_public_url,1992-07-13,"FTSE100_CANONICAL_DATABASE (internal, not publishable)",deliverables/ftse/ftse_spine.csv; deliverables/consolidated/FTSE100_consolidated.csv,34,,,,,
04677092,IG Group Holdings,IGG,,https://find-and-update.company-information.service.gov.uk/company/04677092,ftse_entry_date,2026-03-23,needs_replacement_source,"LSEG, FTSE 100 Historic Additions and Deletions, April 2026",licensed_pdf_no_public_url,2026-03-23,"FTSE100_CANONICAL_DATABASE (internal, not publishable)",deliverables/ftse/ftse_spine.csv; deliverables/consolidated/FTSE100_consolidated.csv,4,,,,,
00714275,IMI,IMI,,https://find-and-update.company-information.service.gov.uk/company/00714275,ftse_entry_date,2010-12-20,needs_replacement_source,"LSEG, FTSE 100 Historic Additions and Deletions, April 2026",licensed_pdf_no_public_url,2010-12-20; 2023-06-19,"FTSE100_CANONICAL_DATABASE (internal, not publishable)",deliverables/ftse/ftse_spine.csv; deliverables/consolidated/FTSE100_consolidated.csv,8,,,,,
00714275,IMI,IMI,,https://find-and-update.company-information.service.gov.uk/company/00714275,ftse_exit_date,2014-12-22,needs_replacement_source,"LSEG, FTSE 100 Historic Additions and Deletions, April 2026",licensed_pdf_no_public_url,2014-12-22,"FTSE100_CANONICAL_DATABASE (internal, not publishable)",deliverables/ftse/ftse_spine.csv; deliverables/consolidated/FTSE100_consolidated.csv,8,,,,,
00218019,Imperial Chemical Industries,ICI,,https://find-and-update.company-information.service.gov.uk/company/00218019,ftse_exit_date,2007-12-20,needs_replacement_source,"LSEG, FTSE 100 Historic Additions and Deletions, April 2026",licensed_pdf_no_public_url,2007-12-20,"FTSE100_CANONICAL_DATABASE (internal, not publishable)",deliverables/ftse/ftse_spine.csv; deliverables/consolidated/FTSE100_consolidated.csv,24,,,,,
00511276,Imperial Group,IMB,,https://find-and-update.company-information.service.gov.uk/company/00511276,ftse_exit_date,,value_missing_source_cited,"LSEG, FTSE 100 Historic Additions and Deletions, April 2026",licensed_pdf_no_public_url,1986-04-21,"FTSE100_CANONICAL_DATABASE (internal, not publishable)",deliverables/ftse/ftse_spine.csv; deliverables/consolidated/FTSE100_consolidated.csv,13,,,,,
00073800,Imperial Tobacco Group,,,https://find-and-update.company-information.service.gov.uk/company/00073800,ftse_entry_date,1996-09-30,needs_replacement_source,"LSEG, FTSE 100 Historic Additions and Deletions, April 2026",licensed_pdf_no_public_url,,,deliverables/ftse/ftse_spine.csv; deliverables/consolidated/FTSE100_consolidated.csv,19,,,,,
00073800,Imperial Tobacco Group,,,https://find-and-update.company-information.service.gov.uk/company/00073800,ftse_exit_date,2000-03-20,needs_replacement_source,"LSEG, FTSE 100 Historic Additions and Deletions, April 2026",licensed_pdf_no_public_url,,,deliverables/ftse/ftse_spine.csv; deliverables/consolidated/FTSE100_consolidated.csv,19,,,,,
00609782,Inchcape,INCH,,https://find-and-update.company-information.service.gov.uk/company/00609782,ftse_entry_date,1991-07-01,needs_replacement_source,"LSEG, FTSE 100 Historic Additions and Deletions, April 2026",licensed_pdf_no_public_url,1991-07-01,"FTSE100_CANONICAL_DATABASE (internal, not publishable)",deliverables/ftse/ftse_spine.csv; deliverables/consolidated/FTSE100_consolidated.csv,4,,,,,
00609782,Inchcape,INCH,,https://find-and-update.company-information.service.gov.uk/company/00609782,ftse_exit_date,1995-12-11,needs_replacement_source,"LSEG, FTSE 100 Historic Additions and Deletions, April 2026",licensed_pdf_no_public_url,1995-12-11,"FTSE100_CANONICAL_DATABASE (internal, not publishable)",deliverables/ftse/ftse_spine.csv; deliverables/consolidated/FTSE100_consolidated.csv,4,,,,,
08860726,Informa,INF,,https://find-and-update.company-information.service.gov.uk/company/08860726,ftse_entry_date,2016-03-21,needs_replacement_source,"LSEG, FTSE 100 Historic Additions and Deletions, April 2026",licensed_pdf_no_public_url,2016-03-21,"FTSE100_CANONICAL_DATABASE (internal, not publishable)",deliverables/ftse/ftse_spine.csv; deliverables/consolidated/FTSE100_consolidated.csv,10,,,,,
04886115,Inmarsat,,,https://find-and-update.company-information.service.gov.uk/company/04886115,ftse_entry_date,2008-09-22,needs_replacement_source,"LSEG, FTSE 100 Historic Additions and Deletions, April 2026",licensed_pdf_no_public_url,,,deliverables/ftse/ftse_spine.csv; deliverables/consolidated/FTSE100_consolidated.csv,4,,,,,
04886115,Inmarsat,,,https://find-and-update.company-information.service.gov.uk/company/04886115,ftse_exit_date,2016-06-20,needs_replacement_source,"LSEG, FTSE 100 Historic Additions and Deletions, April 2026",licensed_pdf_no_public_url,,,deliverables/ftse/ftse_spine.csv; deliverables/consolidated/FTSE100_consolidated.csv,4,,,,,
14840880,Intermediate Capital Group,ICG,,https://find-and-update.company-information.service.gov.uk/company/14840880,ftse_entry_date,2023-12-18,needs_replacement_source,"LSEG, FTSE 100 Historic Additions and Deletions, April 2026",licensed_pdf_no_public_url,,,deliverables/ftse/ftse_spine.csv; deliverables/consolidated/FTSE100_consolidated.csv,7,,,,,
14840880,Intermediate Capital Group,ICG,,https://find-and-update.company-information.service.gov.uk/company/14840880,ftse_exit_date,,value_missing_source_cited,"LSEG, FTSE 100 Historic Additions and Deletions, April 2026",licensed_pdf_no_public_url,,,deliverables/ftse/ftse_spine.csv; deliverables/consolidated/FTSE100_consolidated.csv,7,,,,,
05186841,International Power,,,https://find-and-update.company-information.service.gov.uk/company/05186841,ftse_exit_date,2012-06-29,needs_replacement_source,"LSEG, FTSE 100 Historic Additions and Deletions, April 2026",licensed_pdf_no_public_url,,,deliverables/ftse/ftse_spine.csv; deliverables/consolidated/FTSE100_consolidated.csv,9,,,,,
04267576,Intertek Group,ITRK,,https://find-and-update.company-information.service.gov.uk/company/04267576,ftse_entry_date,2009-03-23,needs_replacement_source,"LSEG, FTSE 100 Historic Additions and Deletions, April 2026",licensed_pdf_no_public_url,2009-03-23,"FTSE100_CANONICAL_DATABASE (internal, not publishable)",deliverables/ftse/ftse_spine.csv; deliverables/consolidated/FTSE100_consolidated.csv,17,,,,,
03685527,Intu Properties,LII,Capital Shopping Centres Group,https://find-and-update.company-information.service.gov.uk/company/03685527,ftse_entry_date,1984-01-02,needs_replacement_source,"LSEG, FTSE 100 Historic Additions and Deletions, April 2026",licensed_pdf_no_public_url,2002-12-23; 2010-05-07; 2014-06-23,"FTSE100_CANONICAL_DATABASE (internal, not publishable)",deliverables/ftse/ftse_spine.csv; deliverables/consolidated/FTSE100_consolidated.csv,3,,,,,
03685527,Intu Properties,LII,Capital Shopping Centres Group,https://find-and-update.company-information.service.gov.uk/company/03685527,ftse_exit_date,2017-06-19,needs_replacement_source,"LSEG, FTSE 100 Historic Additions and Deletions, April 2026",licensed_pdf_no_public_url,2010-05-07; 2013-03-18; 2017-06-19,"FTSE100_CANONICAL_DATABASE (internal, not publishable)",deliverables/ftse/ftse_spine.csv; deliverables/consolidated/FTSE100_consolidated.csv,3,,,,,
03633621,Investec,INVP,,https://find-and-update.company-information.service.gov.uk/company/03633621,ftse_entry_date,1984-01-02,needs_replacement_source,"LSEG, FTSE 100 Historic Additions and Deletions, April 2026",licensed_pdf_no_public_url,2010-03-22,"FTSE100_CANONICAL_DATABASE (internal, not publishable)",deliverables/ftse/ftse_spine.csv; deliverables/consolidated/FTSE100_consolidated.csv,6,,,,,
03633621,Investec,INVP,,https://find-and-update.company-information.service.gov.uk/company/03633621,ftse_exit_date,2011-12-19,needs_replacement_source,"LSEG, FTSE 100 Historic Additions and Deletions, April 2026",licensed_pdf_no_public_url,2011-12-19,"FTSE100_CANONICAL_DATABASE (internal, not publishable)",deliverables/ftse/ftse_spine.csv; deliverables/consolidated/FTSE100_consolidated.csv,6,,,,,
04967001,ITV,ITV,,https://find-and-update.company-information.service.gov.uk/company/04967001,ftse_exit_date,2022-06-20,needs_replacement_source,"LSEG, FTSE 100 Historic Additions and Deletions, April 2026",licensed_pdf_no_public_url,2008-09-22; 2020-09-21; 2022-06-20,"FTSE100_CANONICAL_DATABASE (internal, not publishable)",deliverables/ftse/ftse_spine.csv; deliverables/consolidated/FTSE100_consolidated.csv,14,,,,,
15049410,Jaguar,,,https://find-and-update.company-information.service.gov.uk/company/15049410,ftse_entry_date,1985-02-01,needs_replacement_source,"LSEG, FTSE 100 Historic Additions and Deletions, April 2026",licensed_pdf_no_public_url,,,deliverables/ftse/ftse_spine.csv; deliverables/consolidated/FTSE100_consolidated.csv,3,,,,,
15049410,Jaguar,,,https://find-and-update.company-information.service.gov.uk/company/15049410,ftse_exit_date,1988-01-04,needs_replacement_source,"LSEG, FTSE 100 Historic Additions and Deletions, April 2026",licensed_pdf_no_public_url,,,deliverables/ftse/ftse_spine.csv; deliverables/consolidated/FTSE100_consolidated.csv,3,,,,,
01888425,JD Sports Fashion,JD,,https://find-and-update.company-information.service.gov.uk/company/01888425,ftse_entry_date,2019-06-24,needs_replacement_source,"LSEG, FTSE 100 Historic Additions and Deletions, April 2026",licensed_pdf_no_public_url,2019-06-24,"FTSE100_CANONICAL_DATABASE (internal, not publishable)",deliverables/ftse/ftse_spine.csv; deliverables/consolidated/FTSE100_consolidated.csv,8,,,,,
00033774,Johnson Matthey,JMAT,,https://find-and-update.company-information.service.gov.uk/company/00033774,ftse_exit_date,2023-09-18,needs_replacement_source,"LSEG, FTSE 100 Historic Additions and Deletions, April 2026",licensed_pdf_no_public_url,1984-12-04; 2021-12-20; 2023-09-18,"FTSE100_CANONICAL_DATABASE (internal, not publishable)",deliverables/ftse/ftse_spine.csv; deliverables/consolidated/FTSE100_consolidated.csv,20,,,,,
06947854,Just Eat,JE.,,https://find-and-update.company-information.service.gov.uk/company/06947854,ftse_entry_date,2017-12-18,needs_replacement_source,"LSEG, FTSE 100 Historic Additions and Deletions, April 2026",licensed_pdf_no_public_url,2017-12-18; 2019-03-18; 2019-12-23; 2020-02-05,"FTSE100_CANONICAL_DATABASE (internal, not publishable)",deliverables/ftse/ftse_spine.csv; deliverables/consolidated/FTSE100_consolidated.csv,3,,,,,
06947854,Just Eat,JE.,,https://find-and-update.company-information.service.gov.uk/company/06947854,ftse_exit_date,2021-09-20,needs_replacement_source,"LSEG, FTSE 100 Historic Additions and Deletions, April 2026",licensed_pdf_no_public_url,2018-12-24; 2019-10-23; 2020-02-05; 2021-09-20,"FTSE100_CANONICAL_DATABASE (internal, not publishable)",deliverables/ftse/ftse_spine.csv; deliverables/consolidated/FTSE100_consolidated.csv,3,,,,,
09132358,Kazakhmys,,,https://find-and-update.company-information.service.gov.uk/company/09132358,ftse_entry_date,2005-12-19,needs_replacement_source,"LSEG, FTSE 100 Historic Additions and Deletions, April 2026",licensed_pdf_no_public_url,,,deliverables/ftse/ftse_spine.csv; deliverables/consolidated/FTSE100_consolidated.csv,8,,,,,
09132358,Kazakhmys,,,https://find-and-update.company-information.service.gov.uk/company/09132358,ftse_exit_date,2013-03-18,needs_replacement_source,"LSEG, FTSE 100 Historic Additions and Deletions, April 2026",licensed_pdf_no_public_url,,,deliverables/ftse/ftse_spine.csv; deliverables/consolidated/FTSE100_consolidated.csv,8,,,,,
02366627,Kelda Group,KEL,,https://find-and-update.company-information.service.gov.uk/company/02366627,ftse_entry_date,2003-03-24,needs_replacement_source,"LSEG, FTSE 100 Historic Additions and Deletions, April 2026",licensed_pdf_no_public_url,2003-03-24; 2005-07-26; 2007-12-24,"FTSE100_CANONICAL_DATABASE (internal, not publishable)",deliverables/ftse/ftse_spine.csv; deliverables/consolidated/FTSE100_consolidated.csv,3,,,,,
02366627,Kelda Group,KEL,,https://find-and-update.company-information.service.gov.uk/company/02366627,ftse_exit_date,2008-02-07,needs_replacement_source,"LSEG, FTSE 100 Historic Additions and Deletions, April 2026",licensed_pdf_no_public_url,2003-09-22; 2007-09-24; 2008-02-07,"FTSE100_CANONICAL_DATABASE (internal, not publishable)",deliverables/ftse/ftse_spine.csv; deliverables/consolidated/FTSE100_consolidated.csv,3,,,,,
01664812,Kingfisher,KGF,Woolworths,https://find-and-update.company-information.service.gov.uk/company/01664812,ftse_entry_date,1984-01-02,needs_replacement_source,"LSEG, FTSE 100 Historic Additions and Deletions, April 2026",licensed_pdf_no_public_url,1984-07-02; 2020-06-22,"FTSE100_CANONICAL_DATABASE (internal, not publishable)",deliverables/ftse/ftse_spine.csv; deliverables/consolidated/FTSE100_consolidated.csv,38,,,,,
01664812,Kingfisher,KGF,Woolworths,https://find-and-update.company-information.service.gov.uk/company/01664812,ftse_exit_date,2020-03-23,needs_replacement_source,"LSEG, FTSE 100 Historic Additions and Deletions, April 2026",licensed_pdf_no_public_url,2020-03-23,"FTSE100_CANONICAL_DATABASE (internal, not publishable)",deliverables/ftse/ftse_spine.csv; deliverables/consolidated/FTSE100_consolidated.csv,38,,,,,
03900804,Lattice Group PLC,NGG,,https://find-and-update.company-information.service.gov.uk/company/03900804,ftse_entry_date,2000-10-23,needs_replacement_source,"LSEG, FTSE 100 Historic Additions and Deletions, April 2026",licensed_pdf_no_public_url,2000-10-23,"FTSE100_CANONICAL_DATABASE (internal, not publishable)",deliverables/ftse/ftse_spine.csv; deliverables/consolidated/FTSE100_consolidated.csv,2,,,,,
03900804,Lattice Group PLC,NGG,,https://find-and-update.company-information.service.gov.uk/company/03900804,ftse_exit_date,2002-10-21,needs_replacement_source,"LSEG, FTSE 100 Historic Additions and Deletions, April 2026",licensed_pdf_no_public_url,2002-10-21,"FTSE100_CANONICAL_DATABASE (internal, not publishable)",deliverables/ftse/ftse_spine.csv; deliverables/consolidated/FTSE100_consolidated.csv,2,,,,,
14236527,Liberty International,,,https://find-and-update.company-information.service.gov.uk/company/14236527,ftse_entry_date,2002-12-23,needs_replacement_source,"LSEG, FTSE 100 Historic Additions and Deletions, April 2026",licensed_pdf_no_public_url,,,deliverables/ftse/ftse_spine.csv; deliverables/consolidated/FTSE100_consolidated.csv,8,,,,,
10917019,Lion Finance Group,BGEO,,https://find-and-update.company-information.service.gov.uk/company/10917019,ftse_entry_date,2026-03-23,needs_replacement_source,"LSEG, FTSE 100 Historic Additions and Deletions, April 2026",licensed_pdf_no_public_url,2026-03-23,"FTSE100_CANONICAL_DATABASE (internal, not publishable)",deliverables/ftse/ftse_spine.csv; deliverables/consolidated/FTSE100_consolidated.csv,5,,,,,
SC095000,Lloyds Banking Group,LLOY,,https://find-and-update.company-information.service.gov.uk/company/SC095000,ftse_entry_date,1984-01-02,needs_replacement_source,"LSEG, FTSE 100 Historic Additions and Deletions, April 2026",licensed_pdf_no_public_url,1987-01-02,"FTSE100_CANONICAL_DATABASE (internal, not publishable)",deliverables/ftse/ftse_spine.csv; deliverables/consolidated/FTSE100_consolidated.csv,43,,,,,
SC095000,Lloyds Banking Group,LLOY,,https://find-and-update.company-information.service.gov.uk/company/SC095000,ftse_exit_date,,value_missing_source_cited,"LSEG, FTSE 100 Historic Additions and Deletions, April 2026",licensed_pdf_no_public_url,1995-12-28,"FTSE100_CANONICAL_DATABASE (internal, not publishable)",deliverables/ftse/ftse_spine.csv; deliverables/consolidated/FTSE100_consolidated.csv,43,,,,,
01631639,Logica Plc,LOG,,https://find-and-update.company-information.service.gov.uk/company/01631639,ftse_entry_date,1999-11-11,needs_replacement_source,"LSEG, FTSE 100 Historic Additions and Deletions, April 2026",licensed_pdf_no_public_url,1999-11-11,"FTSE100_CANONICAL_DATABASE (internal, not publishable)",deliverables/ftse/ftse_spine.csv; deliverables/consolidated/FTSE100_consolidated.csv,3,,,,,
01631639,Logica Plc,LOG,,https://find-and-update.company-information.service.gov.uk/company/01631639,ftse_exit_date,2002-06-24,needs_replacement_source,"LSEG, FTSE 100 Historic Additions and Deletions, April 2026",licensed_pdf_no_public_url,2002-06-24,"FTSE100_CANONICAL_DATABASE (internal, not publishable)",deliverables/ftse/ftse_spine.csv; deliverables/consolidated/FTSE100_consolidated.csv,3,,,,,
01008965,London and Scottish Marine,LSO,,https://find-and-update.company-information.service.gov.uk/company/01008965,ftse_entry_date,1988-10-03,needs_replacement_source,"LSEG, FTSE 100 Historic Additions and Deletions, April 2026",licensed_pdf_no_public_url,1988-10-03; 1995-09-18,"FTSE100_CANONICAL_DATABASE (internal, not publishable)",deliverables/ftse/ftse_spine.csv; deliverables/consolidated/FTSE100_consolidated.csv,8,,,,,
01008965,London and Scottish Marine,LSO,,https://find-and-update.company-information.service.gov.uk/company/01008965,ftse_exit_date,1998-09-08,needs_replacement_source,"LSEG, FTSE 100 Historic Additions and Deletions, April 2026",licensed_pdf_no_public_url,1993-06-21; 1998-09-08,"FTSE100_CANONICAL_DATABASE (internal, not publishable)",deliverables/ftse/ftse_spine.csv; deliverables/consolidated/FTSE100_consolidated.csv,8,,,,,
02075721,London Stock Exchange,LSEG,,https://find-and-update.company-information.service.gov.uk/company/02075721,operating_birth_year,1801,low_priority_public_page,https://www.londonstockexchange.com/discover/lseg/our-history,public_web_page_low_risk,,,deliverables/ftse/ftse_birth.csv; deliverables/consolidated/ftse_birth_audited.csv,0,,,,,"LOW PRIORITY - LSEG's own public corporate-history page, not licensed market data. Replace only if citing lseg.com at all is unwanted."
05369106,London Stock Exchange Group,LSEG,,https://find-and-update.company-information.service.gov.uk/company/05369106,ftse_entry_date,1984-01-02,needs_replacement_source,"LSEG, FTSE 100 Historic Additions and Deletions, April 2026",licensed_pdf_no_public_url,,,deliverables/ftse/ftse_spine.csv; deliverables/consolidated/FTSE100_consolidated.csv,16,,,,,
05369106,London Stock Exchange Group,LSEG,,https://find-and-update.company-information.service.gov.uk/company/05369106,ftse_exit_date,2010-06-21,needs_replacement_source,"LSEG, FTSE 100 Historic Additions and Deletions, April 2026",licensed_pdf_no_public_url,,,deliverables/ftse/ftse_spine.csv; deliverables/consolidated/FTSE100_consolidated.csv,16,,,,,
07124797,LondonMetric Property,LMP,,https://find-and-update.company-information.service.gov.uk/company/07124797,ftse_entry_date,2024-06-24,needs_replacement_source,"LSEG, FTSE 100 Historic Additions and Deletions, April 2026",licensed_pdf_no_public_url,2024-06-24,"FTSE100_CANONICAL_DATABASE (internal, not publishable)",deliverables/ftse/ftse_spine.csv; deliverables/consolidated/FTSE100_consolidated.csv,5,,,,,
02805337,Lonrho,,,https://find-and-update.company-information.service.gov.uk/company/02805337,ftse_entry_date,1984-04-02,needs_replacement_source,"LSEG, FTSE 100 Historic Additions and Deletions, April 2026",licensed_pdf_no_public_url,,,deliverables/ftse/ftse_spine.csv; deliverables/consolidated/FTSE100_consolidated.csv,6,,,,,
02805337,Lonrho,,,https://find-and-update.company-information.service.gov.uk/company/02805337,ftse_exit_date,1992-04-01,needs_replacement_source,"LSEG, FTSE 100 Historic Additions and Deletions, April 2026",licensed_pdf_no_public_url,,,deliverables/ftse/ftse_spine.csv; deliverables/consolidated/FTSE100_consolidated.csv,6,,,,,
03207774,LucasVarity,LVA,,https://find-and-update.company-information.service.gov.uk/company/03207774,ftse_entry_date,1996-09-23,needs_replacement_source,"LSEG, FTSE 100 Historic Additions and Deletions, April 2026",licensed_pdf_no_public_url,1996-09-23,"FTSE100_CANONICAL_DATABASE (internal, not publishable)",deliverables/ftse/ftse_spine.csv; deliverables/consolidated/FTSE100_consolidated.csv,3,,,,,
03207774,LucasVarity,LVA,,https://find-and-update.company-information.service.gov.uk/company/03207774,ftse_exit_date,1999-03-29,needs_replacement_source,"LSEG, FTSE 100 Historic Additions and Deletions, April 2026",licensed_pdf_no_public_url,1999-03-29,"FTSE100_CANONICAL_DATABASE (internal, not publishable)",deliverables/ftse/ftse_spine.csv; deliverables/consolidated/FTSE100_consolidated.csv,3,,,,,
02953047,Magnet & Southerns,,,https://find-and-update.company-information.service.gov.uk/company/02953047,ftse_exit_date,1984-04-02,needs_replacement_source,"LSEG, FTSE 100 Historic Additions and Deletions, April 2026",licensed_pdf_no_public_url,,,deliverables/ftse/ftse_spine.csv; deliverables/consolidated/FTSE100_consolidated.csv,1,,,,,
SC639139,Marconi,,,https://find-and-update.company-information.service.gov.uk/company/SC639139,ftse_entry_date,1999-11-30,needs_replacement_source,"LSEG, FTSE 100 Historic Additions and Deletions, April 2026",licensed_pdf_no_public_url,,,deliverables/ftse/ftse_spine.csv; deliverables/consolidated/FTSE100_consolidated.csv,2,,,,,
SC639139,Marconi,,,https://find-and-update.company-information.service.gov.uk/company/SC639139,ftse_exit_date,2001-09-24,needs_replacement_source,"LSEG, FTSE 100 Historic Additions and Deletions, April 2026",licensed_pdf_no_public_url,,,deliverables/ftse/ftse_spine.csv; deliverables/consolidated/FTSE100_consolidated.csv,2,,,,,
04256886,Marks and Spencer Group,MKS,,https://find-and-update.company-information.service.gov.uk/company/04256886,ftse_entry_date,1984-01-02,needs_replacement_source,"LSEG, FTSE 100 Historic Additions and Deletions, April 2026",licensed_pdf_no_public_url,2023-09-18,"FTSE100_CANONICAL_DATABASE (internal, not publishable)",deliverables/ftse/ftse_spine.csv; deliverables/consolidated/FTSE100_consolidated.csv,22,,,,,
04256886,Marks and Spencer Group,MKS,,https://find-and-update.company-information.service.gov.uk/company/04256886,ftse_exit_date,2019-09-23,needs_replacement_source,"LSEG, FTSE 100 Historic Additions and Deletions, April 2026",licensed_pdf_no_public_url,,,deliverables/ftse/ftse_spine.csv; deliverables/consolidated/FTSE100_consolidated.csv,22,,,,,
08338604,Mediclinic International plc,MDC,,https://find-and-update.company-information.service.gov.uk/company/08338604,ftse_entry_date,2016-03-21,needs_replacement_source,"LSEG, FTSE 100 Historic Additions and Deletions, April 2026",licensed_pdf_no_public_url,2016-03-21,"FTSE100_CANONICAL_DATABASE (internal, not publishable)",deliverables/ftse/ftse_spine.csv; deliverables/consolidated/FTSE100_consolidated.csv,2,,,,,
08338604,Mediclinic International plc,MDC,,https://find-and-update.company-information.service.gov.uk/company/08338604,ftse_exit_date,2018-06-18,needs_replacement_source,"LSEG, FTSE 100 Historic Additions and Deletions, April 2026",licensed_pdf_no_public_url,2018-06-18,"FTSE100_CANONICAL_DATABASE (internal, not publishable)",deliverables/ftse/ftse_spine.csv; deliverables/consolidated/FTSE100_consolidated.csv,2,,,,,
00432989,Meggitt,MGGT,,https://find-and-update.company-information.service.gov.uk/company/00432989,ftse_entry_date,2011-10-07,needs_replacement_source,"LSEG, FTSE 100 Historic Additions and Deletions, April 2026",licensed_pdf_no_public_url,2011-10-07; 2019-09-23; 2021-09-20,"FTSE100_CANONICAL_DATABASE (internal, not publishable)",deliverables/ftse/ftse_spine.csv; deliverables/consolidated/FTSE100_consolidated.csv,6,,,,,
00432989,Meggitt,MGGT,,https://find-and-update.company-information.service.gov.uk/company/00432989,ftse_exit_date,2022-09-13,needs_replacement_source,"LSEG, FTSE 100 Historic Additions and Deletions, April 2026",licensed_pdf_no_public_url,2015-12-21; 2020-06-22; 2022-09-13,"FTSE100_CANONICAL_DATABASE (internal, not publishable)",deliverables/ftse/ftse_spine.csv; deliverables/consolidated/FTSE100_consolidated.csv,6,,,,,
09800044,Melrose Industries,MRO,,https://find-and-update.company-information.service.gov.uk/company/09800044,ftse_entry_date,1984-01-02,needs_replacement_source,"LSEG, FTSE 100 Historic Additions and Deletions, April 2026",licensed_pdf_no_public_url,2018-04-24,"FTSE100_CANONICAL_DATABASE (internal, not publishable)",deliverables/ftse/ftse_spine.csv; deliverables/consolidated/FTSE100_consolidated.csv,10,,,,,
05514581,MEPC,,,https://find-and-update.company-information.service.gov.uk/company/05514581,ftse_exit_date,1995-09-18,needs_replacement_source,"LSEG, FTSE 100 Historic Additions and Deletions, April 2026",licensed_pdf_no_public_url,,,deliverables/ftse/ftse_spine.csv; deliverables/consolidated/FTSE100_consolidated.csv,11,,,,,
08700412,Merlin Entertainments,MERL,,https://find-and-update.company-information.service.gov.uk/company/08700412,ftse_entry_date,2015-04-13,needs_replacement_source,"LSEG, FTSE 100 Historic Additions and Deletions, April 2026",licensed_pdf_no_public_url,2015-04-13,"FTSE100_CANONICAL_DATABASE (internal, not publishable)",deliverables/ftse/ftse_spine.csv; deliverables/consolidated/FTSE100_consolidated.csv,2,,,,,
08700412,Merlin Entertainments,MERL,,https://find-and-update.company-information.service.gov.uk/company/08700412,ftse_exit_date,2017-12-18,needs_replacement_source,"LSEG, FTSE 100 Historic Additions and Deletions, April 2026",licensed_pdf_no_public_url,2017-12-18,"FTSE100_CANONICAL_DATABASE (internal, not publishable)",deliverables/ftse/ftse_spine.csv; deliverables/consolidated/FTSE100_consolidated.csv,2,,,,,
15944520,Metlen Energy & Metals,MTLN,,https://find-and-update.company-information.service.gov.uk/company/15944520,ftse_entry_date,2025-09-22,needs_replacement_source,"LSEG, FTSE 100 Historic Additions and Deletions, April 2026",licensed_pdf_no_public_url,2025-09-22,"FTSE100_CANONICAL_DATABASE (internal, not publishable)",deliverables/ftse/ftse_spine.csv; deliverables/consolidated/FTSE100_consolidated.csv,4,,,,,
05134647,Micro Focus International,MCRO,,https://find-and-update.company-information.service.gov.uk/company/05134647,ftse_entry_date,2016-09-05,needs_replacement_source,"LSEG, FTSE 100 Historic Additions and Deletions, April 2026",licensed_pdf_no_public_url,2016-09-05,"FTSE100_CANONICAL_DATABASE (internal, not publishable)",deliverables/ftse/ftse_spine.csv; deliverables/consolidated/FTSE100_consolidated.csv,3,,,,,
05134647,Micro Focus International,MCRO,,https://find-and-update.company-information.service.gov.uk/company/05134647,ftse_exit_date,2019-09-23,needs_replacement_source,"LSEG, FTSE 100 Historic Additions and Deletions, April 2026",licensed_pdf_no_public_url,2019-09-23,"FTSE100_CANONICAL_DATABASE (internal, not publishable)",deliverables/ftse/ftse_spine.csv; deliverables/consolidated/FTSE100_consolidated.csv,3,,,,,
04190833,mmO2,OOM,mmO2,https://find-and-update.company-information.service.gov.uk/company/04190833,ftse_entry_date,2001-11-19,needs_replacement_source,"LSEG, FTSE 100 Historic Additions and Deletions, April 2026",licensed_pdf_no_public_url,2001-11-19,"FTSE100_CANONICAL_DATABASE (internal, not publishable)",deliverables/ftse/ftse_spine.csv; deliverables/consolidated/FTSE100_consolidated.csv,5,,,,,
04190833,mmO2,OOM,mmO2,https://find-and-update.company-information.service.gov.uk/company/04190833,ftse_exit_date,2006-01-26,needs_replacement_source,"LSEG, FTSE 100 Historic Additions and Deletions, April 2026",licensed_pdf_no_public_url,2006-01-26,"FTSE100_CANONICAL_DATABASE (internal, not publishable)",deliverables/ftse/ftse_spine.csv; deliverables/consolidated/FTSE100_consolidated.csv,5,,,,,
06209386,Mondi,MNDI,,https://find-and-update.company-information.service.gov.uk/company/06209386,ftse_entry_date,2013-09-23,needs_replacement_source,"LSEG, FTSE 100 Historic Additions and Deletions, April 2026",licensed_pdf_no_public_url,2013-09-23,"FTSE100_CANONICAL_DATABASE (internal, not publishable)",deliverables/ftse/ftse_spine.csv; deliverables/consolidated/FTSE100_consolidated.csv,12,,,,,
00358949,Morrison (Wm.),MRW,Morrison,https://find-and-update.company-information.service.gov.uk/company/00358949,ftse_entry_date,2001-04-10,needs_replacement_source,"LSEG, FTSE 100 Historic Additions and Deletions, April 2026",licensed_pdf_no_public_url,2001-04-10; 2016-03-21; 2021-09-20,"FTSE100_CANONICAL_DATABASE (internal, not publishable)",deliverables/ftse/ftse_spine.csv; deliverables/consolidated/FTSE100_consolidated.csv,19,,,,,
00358949,Morrison (Wm.),MRW,Morrison,https://find-and-update.company-information.service.gov.uk/company/00358949,ftse_exit_date,2021-10-27,needs_replacement_source,"LSEG, FTSE 100 Historic Additions and Deletions, April 2026",licensed_pdf_no_public_url,2015-12-21; 2021-03-22; 2021-10-27,"FTSE100_CANONICAL_DATABASE (internal, not publishable)",deliverables/ftse/ftse_spine.csv; deliverables/consolidated/FTSE100_consolidated.csv,19,,,,,
04031152,National Grid Group plc,NG,,https://find-and-update.company-information.service.gov.uk/company/04031152,ftse_entry_date,1995-12-11,needs_replacement_source,"LSEG, FTSE 100 Historic Additions and Deletions, April 2026",licensed_pdf_no_public_url,,,deliverables/ftse/ftse_spine.csv; deliverables/consolidated/FTSE100_consolidated.csv,32,,,,,
12818602,National Power,,,https://find-and-update.company-information.service.gov.uk/company/12818602,ftse_entry_date,1991-04-02,needs_replacement_source,"LSEG, FTSE 100 Historic Additions and Deletions, April 2026",licensed_pdf_no_public_url,,,deliverables/ftse/ftse_spine.csv; deliverables/consolidated/FTSE100_consolidated.csv,9,,,,,
00929027,NatWest,,National Westminster Bank,https://find-and-update.company-information.service.gov.uk/company/00929027,ftse_exit_date,,value_missing_source_cited,"LSEG, FTSE 100 Historic Additions and Deletions, April 2026",licensed_pdf_no_public_url,2000-03-20,"FTSE100_CANONICAL_DATABASE (internal, not publishable)",deliverables/ftse/ftse_spine.csv; deliverables/consolidated/FTSE100_consolidated.csv,17,,,,,
11785532,NatWest,NWG,,https://find-and-update.company-information.service.gov.uk/company/11785532,ftse_exit_date,,value_missing_source_cited,"LSEG, FTSE 100 Historic Additions and Deletions, April 2026",licensed_pdf_no_public_url,,,deliverables/ftse/ftse_spine.csv; deliverables/consolidated/FTSE100_consolidated.csv,5,,,,,
04412362,Next,NXT,,https://find-and-update.company-information.service.gov.uk/company/04412362,ftse_entry_date,1987-04-27,needs_replacement_source,"LSEG, FTSE 100 Historic Additions and Deletions, April 2026",licensed_pdf_no_public_url,,,deliverables/ftse/ftse_spine.csv; deliverables/consolidated/FTSE100_consolidated.csv,5,,,,,
04412362,Next,NXT,,https://find-and-update.company-information.service.gov.uk/company/04412362,ftse_exit_date,1999-06-21,needs_replacement_source,"LSEG, FTSE 100 Historic Additions and Deletions, April 2026",licensed_pdf_no_public_url,,,deliverables/ftse/ftse_spine.csv; deliverables/consolidated/FTSE100_consolidated.csv,5,,,,,
16271657,NFC,,,https://find-and-update.company-information.service.gov.uk/company/16271657,ftse_entry_date,1991-11-26,needs_replacement_source,"LSEG, FTSE 100 Historic Additions and Deletions, April 2026",licensed_pdf_no_public_url,,,deliverables/ftse/ftse_spine.csv; deliverables/consolidated/FTSE100_consolidated.csv,2,,,,,
16271657,NFC,,,https://find-and-update.company-information.service.gov.uk/company/16271657,ftse_exit_date,1994-09-19,needs_replacement_source,"LSEG, FTSE 100 Historic Additions and Deletions, April 2026",licensed_pdf_no_public_url,,,deliverables/ftse/ftse_spine.csv; deliverables/consolidated/FTSE100_consolidated.csv,2,,,,,
07712220,NMC Health,NMC,,https://find-and-update.company-information.service.gov.uk/company/07712220,ftse_entry_date,1984-01-02,needs_replacement_source,"LSEG, FTSE 100 Historic Additions and Deletions, April 2026",licensed_pdf_no_public_url,2017-09-18,"FTSE100_CANONICAL_DATABASE (internal, not publishable)",deliverables/ftse/ftse_spine.csv; deliverables/consolidated/FTSE100_consolidated.csv,3,,,,,
07712220,NMC Health,NMC,,https://find-and-update.company-information.service.gov.uk/company/07712220,ftse_exit_date,2020-04-27,needs_replacement_source,"LSEG, FTSE 100 Historic Additions and Deletions, April 2026",licensed_pdf_no_public_url,2020-04-27,"FTSE100_CANONICAL_DATABASE (internal, not publishable)",deliverables/ftse/ftse_spine.csv; deliverables/consolidated/FTSE100_consolidated.csv,3,,,,,
00471864,Northern Foods,NFDS,,https://find-and-update.company-information.service.gov.uk/company/00471864,ftse_exit_date,1993-12-20,needs_replacement_source,"LSEG, FTSE 100 Historic Additions and Deletions, April 2026",licensed_pdf_no_public_url,1986-12-09; 1993-12-20,"FTSE100_CANONICAL_DATABASE (internal, not publishable)",deliverables/ftse/ftse_spine.csv; deliverables/consolidated/FTSE100_consolidated.csv,5,,,,,
16351760,Northern Rock,,,https://find-and-update.company-information.service.gov.uk/company/16351760,ftse_entry_date,2001-09-24,needs_replacement_source,"LSEG, FTSE 100 Historic Additions and Deletions, April 2026",licensed_pdf_no_public_url,,,deliverables/ftse/ftse_spine.csv; deliverables/consolidated/FTSE100_consolidated.csv,6,,,,,
16351760,Northern Rock,,,https://find-and-update.company-information.service.gov.uk/company/16351760,ftse_exit_date,2007-12-24,needs_replacement_source,"LSEG, FTSE 100 Historic Additions and Deletions, April 2026",licensed_pdf_no_public_url,,,deliverables/ftse/ftse_spine.csv; deliverables/consolidated/FTSE100_consolidated.csv,6,,,,,
09406669,Nycomed Amersham,,,https://find-and-update.company-information.service.gov.uk/company/09406669,ftse_entry_date,2000-03-20,needs_replacement_source,"LSEG, FTSE 100 Historic Additions and Deletions, April 2026",licensed_pdf_no_public_url,,,deliverables/ftse/ftse_spine.csv; deliverables/consolidated/FTSE100_consolidated.csv,3,,,,,
09406669,Nycomed Amersham,,,https://find-and-update.company-information.service.gov.uk/company/09406669,ftse_exit_date,2004-04-08,needs_replacement_source,"LSEG, FTSE 100 Historic Additions and Deletions, April 2026",licensed_pdf_no_public_url,,,deliverables/ftse/ftse_spine.csv; deliverables/consolidated/FTSE100_consolidated.csv,3,,,,,
07098618,Ocado Group,OCDO,,https://find-and-update.company-information.service.gov.uk/company/07098618,ftse_entry_date,2018-06-18,needs_replacement_source,"LSEG, FTSE 100 Historic Additions and Deletions, April 2026",licensed_pdf_no_public_url,2018-06-18,"FTSE100_CANONICAL_DATABASE (internal, not publishable)",deliverables/ftse/ftse_spine.csv; deliverables/consolidated/FTSE100_consolidated.csv,6,,,,,
07098618,Ocado Group,OCDO,,https://find-and-update.company-information.service.gov.uk/company/07098618,ftse_exit_date,2024-06-24,needs_replacement_source,"LSEG, FTSE 100 Historic Additions and Deletions, April 2026",licensed_pdf_no_public_url,2024-06-24,"FTSE100_CANONICAL_DATABASE (internal, not publishable)",deliverables/ftse/ftse_spine.csv; deliverables/consolidated/FTSE100_consolidated.csv,6,,,,,
00073975,Ocean Group (now Exel),EXL,Ocean Group (now Exel),https://find-and-update.company-information.service.gov.uk/company/00073975,ftse_entry_date,2000-06-19,needs_replacement_source,"LSEG, FTSE 100 Historic Additions and Deletions, April 2026",licensed_pdf_no_public_url,2000-06-19; 2002-05-10,"FTSE100_CANONICAL_DATABASE (internal, not publishable)",deliverables/ftse/ftse_spine.csv; deliverables/consolidated/FTSE100_consolidated.csv,4,,,,,
00073975,Ocean Group (now Exel),EXL,Ocean Group (now Exel),https://find-and-update.company-information.service.gov.uk/company/00073975,ftse_exit_date,2005-12-13,needs_replacement_source,"LSEG, FTSE 100 Historic Additions and Deletions, April 2026",licensed_pdf_no_public_url,2001-03-19; 2005-12-13,"FTSE100_CANONICAL_DATABASE (internal, not publishable)",deliverables/ftse/ftse_spine.csv; deliverables/consolidated/FTSE100_consolidated.csv,4,,,,,
12670975,Orange,,,https://find-and-update.company-information.service.gov.uk/company/12670975,ftse_entry_date,1996-06-24,needs_replacement_source,"LSEG, FTSE 100 Historic Additions and Deletions, April 2026",licensed_pdf_no_public_url,,,deliverables/ftse/ftse_spine.csv; deliverables/consolidated/FTSE100_consolidated.csv,3,,,,,
12670975,Orange,,,https://find-and-update.company-information.service.gov.uk/company/12670975,ftse_exit_date,1999-11-24,needs_replacement_source,"LSEG, FTSE 100 Historic Additions and Deletions, April 2026",licensed_pdf_no_public_url,,,deliverables/ftse/ftse_spine.csv; deliverables/consolidated/FTSE100_consolidated.csv,3,,,,,
03902746,P & O Princess Cruises PLC,PNO,,https://find-and-update.company-information.service.gov.uk/company/03902746,ftse_entry_date,2000-10-23,needs_replacement_source,"LSEG, FTSE 100 Historic Additions and Deletions, April 2026",licensed_pdf_no_public_url,2000-10-23; 2001-12-24,"FTSE100_CANONICAL_DATABASE (internal, not publishable)",deliverables/ftse/ftse_spine.csv; deliverables/consolidated/FTSE100_consolidated.csv,2,,,,,
02366640,Pennon Group,PNN,,https://find-and-update.company-information.service.gov.uk/company/02366640,ftse_exit_date,2021-03-22,needs_replacement_source,"LSEG, FTSE 100 Historic Additions and Deletions, April 2026",licensed_pdf_no_public_url,2009-09-21; 2012-12-24; 2021-03-22,"FTSE100_CANONICAL_DATABASE (internal, not publishable)",deliverables/ftse/ftse_spine.csv; deliverables/consolidated/FTSE100_consolidated.csv,1,,,,,
05525338,Persimmon,PSN,,https://find-and-update.company-information.service.gov.uk/company/05525338,ftse_entry_date,2005-12-19,needs_replacement_source,"LSEG, FTSE 100 Historic Additions and Deletions, April 2026",licensed_pdf_no_public_url,2005-12-19; 2013-06-24; 2024-01-16,"FTSE100_CANONICAL_DATABASE (internal, not publishable)",deliverables/ftse/ftse_spine.csv; deliverables/consolidated/FTSE100_consolidated.csv,16,,,,,
05525338,Persimmon,PSN,,https://find-and-update.company-information.service.gov.uk/company/05525338,ftse_exit_date,2023-09-18,needs_replacement_source,"LSEG, FTSE 100 Historic Additions and Deletions, April 2026",licensed_pdf_no_public_url,2008-06-23; 2023-09-18,"FTSE100_CANONICAL_DATABASE (internal, not publishable)",deliverables/ftse/ftse_spine.csv; deliverables/consolidated/FTSE100_consolidated.csv,16,,,,,
16051356,Petrofac,,,https://find-and-update.company-information.service.gov.uk/company/16051356,ftse_entry_date,2008-06-23,needs_replacement_source,"LSEG, FTSE 100 Historic Additions and Deletions, April 2026",licensed_pdf_no_public_url,,,deliverables/ftse/ftse_spine.csv; deliverables/consolidated/FTSE100_consolidated.csv,5,,,,,
16051356,Petrofac,,,https://find-and-update.company-information.service.gov.uk/company/16051356,ftse_exit_date,2014-12-22,needs_replacement_source,"LSEG, FTSE 100 Historic Additions and Deletions, April 2026",licensed_pdf_no_public_url,,,deliverables/ftse/ftse_spine.csv; deliverables/consolidated/FTSE100_consolidated.csv,5,,,,,
10691596,Phoenix Group Holdings,PHNX,,https://find-and-update.company-information.service.gov.uk/company/10691596,ftse_entry_date,2019-03-18,needs_replacement_source,"LSEG, FTSE 100 Historic Additions and Deletions, April 2026",licensed_pdf_no_public_url,2019-03-18,"FTSE100_CANONICAL_DATABASE (internal, not publishable)",deliverables/ftse/ftse_spine.csv; deliverables/consolidated/FTSE100_consolidated.csv,6,,,,,
00041495,Pilkington,PILK,Pilkington,https://find-and-update.company-information.service.gov.uk/company/00041495,ftse_exit_date,1996-12-23,needs_replacement_source,"LSEG, FTSE 100 Historic Additions and Deletions, April 2026",licensed_pdf_no_public_url,1992-09-21; 1996-12-23,"FTSE100_CANONICAL_DATABASE (internal, not publishable)",deliverables/ftse/ftse_spine.csv; deliverables/consolidated/FTSE100_consolidated.csv,10,,,,,
03224867,Polar Capital Technology Trust,PCT,,https://find-and-update.company-information.service.gov.uk/company/03224867,ftse_entry_date,1984-01-02,needs_replacement_source,"LSEG, FTSE 100 Historic Additions and Deletions, April 2026",licensed_pdf_no_public_url,2025-02-03,"FTSE100_CANONICAL_DATABASE (internal, not publishable)",deliverables/ftse/ftse_spine.csv; deliverables/consolidated/FTSE100_consolidated.csv,5,,,,,
03586615,PowerGen,PWG,,https://find-and-update.company-information.service.gov.uk/company/03586615,ftse_entry_date,1991-04-02,needs_replacement_source,"LSEG, FTSE 100 Historic Additions and Deletions, April 2026",licensed_pdf_no_public_url,2000-07-12,"FTSE100_CANONICAL_DATABASE (internal, not publishable)",deliverables/ftse/ftse_spine.csv; deliverables/consolidated/FTSE100_consolidated.csv,11,,,,,
03586615,PowerGen,PWG,,https://find-and-update.company-information.service.gov.uk/company/03586615,ftse_exit_date,2002-07-02,needs_replacement_source,"LSEG, FTSE 100 Historic Additions and Deletions, April 2026",licensed_pdf_no_public_url,2002-07-02,"FTSE100_CANONICAL_DATABASE (internal, not publishable)",deliverables/ftse/ftse_spine.csv; deliverables/consolidated/FTSE100_consolidated.csv,11,,,,,
09220362,Racal Electronics,,,https://find-and-update.company-information.service.gov.uk/company/09220362,ftse_exit_date,1991-09-16,needs_replacement_source,"LSEG, FTSE 100 Historic Additions and Deletions, April 2026",licensed_pdf_no_public_url,,,deliverables/ftse/ftse_spine.csv; deliverables/consolidated/FTSE100_consolidated.csv,8,,,,,
00137294,Redland,RED,,https://find-and-update.company-information.service.gov.uk/company/00137294,ftse_exit_date,1997-02-24,needs_replacement_source,"LSEG, FTSE 100 Historic Additions and Deletions, April 2026",licensed_pdf_no_public_url,1997-02-24,"FTSE100_CANONICAL_DATABASE (internal, not publishable)",deliverables/ftse/ftse_spine.csv; deliverables/consolidated/FTSE100_consolidated.csv,14,,,,,
00218107,Rentokil,RTO,,https://find-and-update.company-information.service.gov.uk/company/00218107,ftse_entry_date,1991-07-01,needs_replacement_source,"LSEG, FTSE 100 Historic Additions and Deletions, April 2026",licensed_pdf_no_public_url,1991-07-01,"FTSE100_CANONICAL_DATABASE (internal, not publishable)",deliverables/ftse/ftse_spine.csv; deliverables/consolidated/FTSE100_consolidated.csv,15,,,,,
00218107,Rentokil,RTO,,https://find-and-update.company-information.service.gov.uk/company/00218107,ftse_exit_date,2006-09-18,needs_replacement_source,"LSEG, FTSE 100 Historic Additions and Deletions, April 2026",licensed_pdf_no_public_url,2006-09-18,"FTSE100_CANONICAL_DATABASE (internal, not publishable)",deliverables/ftse/ftse_spine.csv; deliverables/consolidated/FTSE100_consolidated.csv,15,,,,,
05393279,Rentokil Initial,RTO,,https://find-and-update.company-information.service.gov.uk/company/05393279,ftse_entry_date,2007-08-22,needs_replacement_source,"LSEG, FTSE 100 Historic Additions and Deletions, April 2026",licensed_pdf_no_public_url,2007-08-22; 2009-09-21; 2017-03-20,"FTSE100_CANONICAL_DATABASE (internal, not publishable)",deliverables/ftse/ftse_spine.csv; deliverables/consolidated/FTSE100_consolidated.csv,10,,,,,
05393279,Rentokil Initial,RTO,,https://find-and-update.company-information.service.gov.uk/company/05393279,ftse_exit_date,2009-12-21,needs_replacement_source,"LSEG, FTSE 100 Historic Additions and Deletions, April 2026",licensed_pdf_no_public_url,2008-03-26; 2009-12-21,"FTSE100_CANONICAL_DATABASE (internal, not publishable)",deliverables/ftse/ftse_spine.csv; deliverables/consolidated/FTSE100_consolidated.csv,10,,,,,
03477402,Reuters,,,https://find-and-update.company-information.service.gov.uk/company/03477402,ftse_entry_date,1984-07-02,needs_replacement_source,"LSEG, FTSE 100 Historic Additions and Deletions, April 2026",licensed_pdf_no_public_url,,,deliverables/ftse/ftse_spine.csv; deliverables/consolidated/FTSE100_consolidated.csv,24,,,,,
00191285,REXAM (formerly Bowater Group),BWTR,Bowater,https://find-and-update.company-information.service.gov.uk/company/00191285,ftse_exit_date,2016-06-27,needs_replacement_source,"LSEG, FTSE 100 Historic Additions and Deletions, April 2026",licensed_pdf_no_public_url,1984-07-19; 1996-06-24; 2014-09-22; 2016-06-27,"FTSE100_CANONICAL_DATABASE (internal, not publishable)",deliverables/ftse/ftse_spine.csv; deliverables/consolidated/FTSE100_consolidated.csv,13,,,,,
06426485,Rightmove,RMV,,https://find-and-update.company-information.service.gov.uk/company/06426485,ftse_entry_date,2018-06-28,needs_replacement_source,"LSEG, FTSE 100 Historic Additions and Deletions, April 2026",licensed_pdf_no_public_url,2018-06-28,"FTSE100_CANONICAL_DATABASE (internal, not publishable)",deliverables/ftse/ftse_spine.csv; deliverables/consolidated/FTSE100_consolidated.csv,7,,,,,
09909380,RMC Group,,,https://find-and-update.company-information.service.gov.uk/company/09909380,ftse_exit_date,1998-09-21,needs_replacement_source,"LSEG, FTSE 100 Historic Additions and Deletions, April 2026",licensed_pdf_no_public_url,,,deliverables/ftse/ftse_spine.csv; deliverables/consolidated/FTSE100_consolidated.csv,11,,,,,
01003142,Rolls Royce,RR,,https://find-and-update.company-information.service.gov.uk/company/01003142,ftse_entry_date,1987-07-01,needs_replacement_source,"LSEG, FTSE 100 Historic Additions and Deletions, April 2026",licensed_pdf_no_public_url,1987-07-01; 1993-09-20; 2000-12-18; 2003-06-23,"FTSE100_CANONICAL_DATABASE (internal, not publishable)",deliverables/ftse/ftse_spine.csv; deliverables/consolidated/FTSE100_consolidated.csv,38,,,,,
01003142,Rolls Royce,RR,,https://find-and-update.company-information.service.gov.uk/company/01003142,ftse_exit_date,2003-03-24,needs_replacement_source,"LSEG, FTSE 100 Historic Additions and Deletions, April 2026",licensed_pdf_no_public_url,1992-12-21; 2000-09-18; 2003-03-24,"FTSE100_CANONICAL_DATABASE (internal, not publishable)",deliverables/ftse/ftse_spine.csv; deliverables/consolidated/FTSE100_consolidated.csv,38,,,,,
03045251,Rothmans International,,,https://find-and-update.company-information.service.gov.uk/company/03045251,ftse_entry_date,1987-10-01,needs_replacement_source,"LSEG, FTSE 100 Historic Additions and Deletions, April 2026",licensed_pdf_no_public_url,,,deliverables/ftse/ftse_spine.csv; deliverables/consolidated/FTSE100_consolidated.csv,6,,,,,
03045251,Rothmans International,,,https://find-and-update.company-information.service.gov.uk/company/03045251,ftse_exit_date,1993-10-25,needs_replacement_source,"LSEG, FTSE 100 Historic Additions and Deletions, April 2026",licensed_pdf_no_public_url,,,deliverables/ftse/ftse_spine.csv; deliverables/consolidated/FTSE100_consolidated.csv,6,,,,,
02339826,Royal & Sun Alliance,RSA,Royal & Sun Alliance,https://find-and-update.company-information.service.gov.uk/company/02339826,ftse_entry_date,2003-06-23,needs_replacement_source,"LSEG, FTSE 100 Historic Additions and Deletions, April 2026",licensed_pdf_no_public_url,1996-07-18; 2003-06-23,"FTSE100_CANONICAL_DATABASE (internal, not publishable)",deliverables/ftse/ftse_spine.csv; deliverables/consolidated/FTSE100_consolidated.csv,13,,,,,
02339826,Royal & Sun Alliance,RSA,Royal & Sun Alliance,https://find-and-update.company-information.service.gov.uk/company/02339826,ftse_exit_date,2021-05-28,needs_replacement_source,"LSEG, FTSE 100 Historic Additions and Deletions, April 2026",licensed_pdf_no_public_url,2003-03-24; 2021-05-28,"FTSE100_CANONICAL_DATABASE (internal, not publishable)",deliverables/ftse/ftse_spine.csv; deliverables/consolidated/FTSE100_consolidated.csv,13,,,,,
01516396,Royal Insurance,RINS,,https://find-and-update.company-information.service.gov.uk/company/01516396,ftse_exit_date,1996-07-18,needs_replacement_source,"LSEG, FTSE 100 Historic Additions and Deletions, April 2026",licensed_pdf_no_public_url,1992-04-01; 1992-09-21; 1996-07-18,"FTSE100_CANONICAL_DATABASE (internal, not publishable)",deliverables/ftse/ftse_spine.csv; deliverables/consolidated/FTSE100_consolidated.csv,13,,,,,
14240638,Royal Mail,,,https://find-and-update.company-information.service.gov.uk/company/14240638,ftse_entry_date,2013-12-23,needs_replacement_source,"LSEG, FTSE 100 Historic Additions and Deletions, April 2026",licensed_pdf_no_public_url,,,deliverables/ftse/ftse_spine.csv; deliverables/consolidated/FTSE100_consolidated.csv,5,,,,,
14240638,Royal Mail,,,https://find-and-update.company-information.service.gov.uk/company/14240638,ftse_exit_date,2022-06-20,needs_replacement_source,"LSEG, FTSE 100 Historic Additions and Deletions, April 2026",licensed_pdf_no_public_url,,,deliverables/ftse/ftse_spine.csv; deliverables/consolidated/FTSE100_consolidated.csv,5,,,,,
00231824,Saatchi & Saatchi,SAA,,https://find-and-update.company-information.service.gov.uk/company/00231824,ftse_entry_date,1986-07-01,needs_replacement_source,"LSEG, FTSE 100 Historic Additions and Deletions, April 2026",licensed_pdf_no_public_url,1986-07-01,"FTSE100_CANONICAL_DATABASE (internal, not publishable)",deliverables/ftse/ftse_spine.csv; deliverables/consolidated/FTSE100_consolidated.csv,1,,,,,
00231824,Saatchi & Saatchi,SAA,,https://find-and-update.company-information.service.gov.uk/company/00231824,ftse_exit_date,1987-10-01,needs_replacement_source,"LSEG, FTSE 100 Historic Additions and Deletions, April 2026",licensed_pdf_no_public_url,1987-10-01,"FTSE100_CANONICAL_DATABASE (internal, not publishable)",deliverables/ftse/ftse_spine.csv; deliverables/consolidated/FTSE100_consolidated.csv,1,,,,,
01299733,Safeway,AGY.L,Argyll Group,https://find-and-update.company-information.service.gov.uk/company/01299733,ftse_entry_date,1984-01-02,needs_replacement_source,"LSEG, FTSE 100 Historic Additions and Deletions, April 2026",licensed_pdf_no_public_url,1985-01-02; 1987-04-01; 2000-12-18,"FTSE100_CANONICAL_DATABASE (internal, not publishable)",deliverables/ftse/ftse_spine.csv; deliverables/consolidated/FTSE100_consolidated.csv,7,,,,,
01299733,Safeway,AGY.L,Argyll Group,https://find-and-update.company-information.service.gov.uk/company/01299733,ftse_exit_date,2004-03-08,needs_replacement_source,"LSEG, FTSE 100 Historic Additions and Deletions, April 2026",licensed_pdf_no_public_url,1987-01-02; 1999-03-22; 2004-03-08,"FTSE100_CANONICAL_DATABASE (internal, not publishable)",deliverables/ftse/ftse_spine.csv; deliverables/consolidated/FTSE100_consolidated.csv,7,,,,,
02231246,Sage Group,SGE,,https://find-and-update.company-information.service.gov.uk/company/02231246,ftse_entry_date,1999-09-20,needs_replacement_source,"LSEG, FTSE 100 Historic Additions and Deletions, April 2026",licensed_pdf_no_public_url,1999-09-20,"FTSE100_CANONICAL_DATABASE (internal, not publishable)",deliverables/ftse/ftse_spine.csv; deliverables/consolidated/FTSE100_consolidated.csv,27,,,,,
03909886,Schroders,SDR,,https://find-and-update.company-information.service.gov.uk/company/03909886,ftse_entry_date,1993-09-20,needs_replacement_source,"LSEG, FTSE 100 Historic Additions and Deletions, April 2026",licensed_pdf_no_public_url,2007-03-30,"FTSE100_CANONICAL_DATABASE (internal, not publishable)",deliverables/ftse/ftse_spine.csv; deliverables/consolidated/FTSE100_consolidated.csv,32,,,,,
03909886,Schroders,SDR,,https://find-and-update.company-information.service.gov.uk/company/03909886,ftse_exit_date,2006-09-18,needs_replacement_source,"LSEG, FTSE 100 Historic Additions and Deletions, April 2026",licensed_pdf_no_public_url,,,deliverables/ftse/ftse_spine.csv; deliverables/consolidated/FTSE100_consolidated.csv,32,,,,,
SC007058,Scottish Mortgage Investment,SMT,,https://find-and-update.company-information.service.gov.uk/company/SC007058,ftse_entry_date,2017-03-20,needs_replacement_source,"LSEG, FTSE 100 Historic Additions and Deletions, April 2026",licensed_pdf_no_public_url,2017-03-20,"FTSE100_CANONICAL_DATABASE (internal, not publishable)",deliverables/ftse/ftse_spine.csv; deliverables/consolidated/FTSE100_consolidated.csv,10,,,,,
00120271,Sears plc,SRS.L,,https://find-and-update.company-information.service.gov.uk/company/00120271,ftse_exit_date,1995-12-18,needs_replacement_source,"LSEG, FTSE 100 Historic Additions and Deletions, April 2026",licensed_pdf_no_public_url,1995-12-18,"FTSE100_CANONICAL_DATABASE (internal, not publishable)",deliverables/ftse/ftse_spine.csv; deliverables/consolidated/FTSE100_consolidated.csv,12,,,,,
00057379,Securicor,SCR,,https://find-and-update.company-information.service.gov.uk/company/00057379,ftse_entry_date,1998-09-21,needs_replacement_source,"LSEG, FTSE 100 Historic Additions and Deletions, April 2026",licensed_pdf_no_public_url,1998-09-21,"FTSE100_CANONICAL_DATABASE (internal, not publishable)",deliverables/ftse/ftse_spine.csv; deliverables/consolidated/FTSE100_consolidated.csv,1,,,,,
00057379,Securicor,SCR,,https://find-and-update.company-information.service.gov.uk/company/00057379,ftse_exit_date,1999-11-11,needs_replacement_source,"LSEG, FTSE 100 Historic Additions and Deletions, April 2026",licensed_pdf_no_public_url,1999-11-11,"FTSE100_CANONICAL_DATABASE (internal, not publishable)",deliverables/ftse/ftse_spine.csv; deliverables/consolidated/FTSE100_consolidated.csv,1,,,,,
13246881,Segro,SGRO,,https://find-and-update.company-information.service.gov.uk/company/13246881,ftse_entry_date,1984-01-02,needs_replacement_source,"LSEG, FTSE 100 Historic Additions and Deletions, April 2026",licensed_pdf_no_public_url,,,deliverables/ftse/ftse_spine.csv; deliverables/consolidated/FTSE100_consolidated.csv,10,,,,,
13246881,Segro,SGRO,,https://find-and-update.company-information.service.gov.uk/company/13246881,ftse_exit_date,2010-09-20,needs_replacement_source,"LSEG, FTSE 100 Historic Additions and Deletions, April 2026",licensed_pdf_no_public_url,,,deliverables/ftse/ftse_spine.csv; deliverables/consolidated/FTSE100_consolidated.csv,10,,,,,
16640835,Sema Group,,,https://find-and-update.company-information.service.gov.uk/company/16640835,ftse_entry_date,1998-09-21,needs_replacement_source,"LSEG, FTSE 100 Historic Additions and Deletions, April 2026",licensed_pdf_no_public_url,,,deliverables/ftse/ftse_spine.csv; deliverables/consolidated/FTSE100_consolidated.csv,1,,,,,
16640835,Sema Group,,,https://find-and-update.company-information.service.gov.uk/company/16640835,ftse_exit_date,2000-12-18,needs_replacement_source,"LSEG, FTSE 100 Historic Additions and Deletions, April 2026",licensed_pdf_no_public_url,,,deliverables/ftse/ftse_spine.csv; deliverables/consolidated/FTSE100_consolidated.csv,1,,,,,
02048608,Serco Group,SRP,,https://find-and-update.company-information.service.gov.uk/company/02048608,ftse_entry_date,2008-12-22,needs_replacement_source,"LSEG, FTSE 100 Historic Additions and Deletions, April 2026",licensed_pdf_no_public_url,2008-12-22,"FTSE100_CANONICAL_DATABASE (internal, not publishable)",deliverables/ftse/ftse_spine.csv; deliverables/consolidated/FTSE100_consolidated.csv,5,,,,,
02048608,Serco Group,SRP,,https://find-and-update.company-information.service.gov.uk/company/02048608,ftse_exit_date,2013-09-23,needs_replacement_source,"LSEG, FTSE 100 Historic Additions and Deletions, April 2026",licensed_pdf_no_public_url,2013-09-23,"FTSE100_CANONICAL_DATABASE (internal, not publishable)",deliverables/ftse/ftse_spine.csv; deliverables/consolidated/FTSE100_consolidated.csv,5,,,,,
02366619,Severn Trent,SVT,,https://find-and-update.company-information.service.gov.uk/company/02366619,ftse_entry_date,1990-10-01,needs_replacement_source,"LSEG, FTSE 100 Historic Additions and Deletions, April 2026",licensed_pdf_no_public_url,1990-10-01; 2001-09-24,"FTSE100_CANONICAL_DATABASE (internal, not publishable)",deliverables/ftse/ftse_spine.csv; deliverables/consolidated/FTSE100_consolidated.csv,35,,,,,
02366619,Severn Trent,SVT,,https://find-and-update.company-information.service.gov.uk/company/02366619,ftse_exit_date,1999-12-20,needs_replacement_source,"LSEG, FTSE 100 Historic Additions and Deletions, April 2026",licensed_pdf_no_public_url,1999-12-20,"FTSE100_CANONICAL_DATABASE (internal, not publishable)",deliverables/ftse/ftse_spine.csv; deliverables/consolidated/FTSE100_consolidated.csv,35,,,,,
00054485,Shell Transport & Trading Co,SHEL,,https://find-and-update.company-information.service.gov.uk/company/00054485,ftse_exit_date,2005-07-20,needs_replacement_source,"LSEG, FTSE 100 Historic Additions and Deletions, April 2026",licensed_pdf_no_public_url,2005-07-20,"FTSE100_CANONICAL_DATABASE (internal, not publishable)",deliverables/ftse/ftse_spine.csv; deliverables/consolidated/FTSE100_consolidated.csv,43,,,,,
02247735,Sky PLC,SKY,British Sky Broadcasting Group,https://find-and-update.company-information.service.gov.uk/company/02247735,ftse_entry_date,,value_missing_source_cited,"LSEG, FTSE 100 Historic Additions and Deletions, April 2026",licensed_pdf_no_public_url,1995-09-18,"FTSE100_CANONICAL_DATABASE (internal, not publishable)",deliverables/ftse/ftse_spine.csv; deliverables/consolidated/FTSE100_consolidated.csv,23,,,,,
02247735,Sky PLC,SKY,British Sky Broadcasting Group,https://find-and-update.company-information.service.gov.uk/company/02247735,ftse_exit_date,,value_missing_source_cited,"LSEG, FTSE 100 Historic Additions and Deletions, April 2026",licensed_pdf_no_public_url,2018-10-12,"FTSE100_CANONICAL_DATABASE (internal, not publishable)",deliverables/ftse/ftse_spine.csv; deliverables/consolidated/FTSE100_consolidated.csv,23,,,,,
00324357,Smith & Nephew,SN,Smith & Nephew Associated Companies,https://find-and-update.company-information.service.gov.uk/company/00324357,ftse_exit_date,1997-06-23,needs_replacement_source,"LSEG, FTSE 100 Historic Additions and Deletions, April 2026",licensed_pdf_no_public_url,1997-06-23,"FTSE100_CANONICAL_DATABASE (internal, not publishable)",deliverables/ftse/ftse_spine.csv; deliverables/consolidated/FTSE100_consolidated.csv,54,,,,,
01377658,Smith (DS),SMDS,,https://find-and-update.company-information.service.gov.uk/company/01377658,ftse_entry_date,2017-12-18,needs_replacement_source,"LSEG, FTSE 100 Historic Additions and Deletions, April 2026",licensed_pdf_no_public_url,2017-12-18,"FTSE100_CANONICAL_DATABASE (internal, not publishable)",deliverables/ftse/ftse_spine.csv; deliverables/consolidated/FTSE100_consolidated.csv,8,,,,,
01377658,Smith (DS),SMDS,,https://find-and-update.company-information.service.gov.uk/company/01377658,ftse_exit_date,,value_missing_source_cited,"LSEG, FTSE 100 Historic Additions and Deletions, April 2026",licensed_pdf_no_public_url,2025-02-03,"FTSE100_CANONICAL_DATABASE (internal, not publishable)",deliverables/ftse/ftse_spine.csv; deliverables/consolidated/FTSE100_consolidated.csv,8,,,,,
05202036,Smith (W.H.),,,https://find-and-update.company-information.service.gov.uk/company/05202036,ftse_entry_date,1991-12-04,needs_replacement_source,"LSEG, FTSE 100 Historic Additions and Deletions, April 2026",licensed_pdf_no_public_url,,,deliverables/ftse/ftse_spine.csv; deliverables/consolidated/FTSE100_consolidated.csv,2,,,,,
05202036,Smith (W.H.),,,https://find-and-update.company-information.service.gov.uk/company/05202036,ftse_exit_date,1993-03-22,needs_replacement_source,"LSEG, FTSE 100 Historic Additions and Deletions, April 2026",licensed_pdf_no_public_url,,,deliverables/ftse/ftse_spine.csv; deliverables/consolidated/FTSE100_consolidated.csv,2,,,,,
02337959,SmithKline Beecham,SB.,,https://find-and-update.company-information.service.gov.uk/company/02337959,ftse_entry_date,1989-07-27,needs_replacement_source,"LSEG, FTSE 100 Historic Additions and Deletions, April 2026",licensed_pdf_no_public_url,1989-07-27,"FTSE100_CANONICAL_DATABASE (internal, not publishable)",deliverables/ftse/ftse_spine.csv; deliverables/consolidated/FTSE100_consolidated.csv,11,,,,,
02337959,SmithKline Beecham,SB.,,https://find-and-update.company-information.service.gov.uk/company/02337959,ftse_exit_date,2000-12-27,needs_replacement_source,"LSEG, FTSE 100 Historic Additions and Deletions, April 2026",licensed_pdf_no_public_url,2000-12-27,"FTSE100_CANONICAL_DATABASE (internal, not publishable)",deliverables/ftse/ftse_spine.csv; deliverables/consolidated/FTSE100_consolidated.csv,11,,,,,
00137013,Smiths Group,SMIN,,https://find-and-update.company-information.service.gov.uk/company/00137013,ftse_entry_date,2000-12-18,needs_replacement_source,"LSEG, FTSE 100 Historic Additions and Deletions, April 2026",licensed_pdf_no_public_url,2000-12-18; 2016-06-27,"FTSE100_CANONICAL_DATABASE (internal, not publishable)",deliverables/ftse/ftse_spine.csv; deliverables/consolidated/FTSE100_consolidated.csv,31,,,,,
00137013,Smiths Group,SMIN,,https://find-and-update.company-information.service.gov.uk/company/00137013,ftse_exit_date,2016-03-21,needs_replacement_source,"LSEG, FTSE 100 Historic Additions and Deletions, April 2026",licensed_pdf_no_public_url,2016-03-21,"FTSE100_CANONICAL_DATABASE (internal, not publishable)",deliverables/ftse/ftse_spine.csv; deliverables/consolidated/FTSE100_consolidated.csv,31,,,,,
SC117119,Southern Electric,SSE,Scottish & Southern Energy; Scottish Hydro,https://find-and-update.company-information.service.gov.uk/company/SC117119,ftse_entry_date,1992-09-21,needs_replacement_source,"LSEG, FTSE 100 Historic Additions and Deletions, April 2026",licensed_pdf_no_public_url,1992-09-21; 1993-12-20; 1998-12-16,"FTSE100_CANONICAL_DATABASE (internal, not publishable)",deliverables/ftse/ftse_spine.csv; deliverables/consolidated/FTSE100_consolidated.csv,35,,,,,
SC117119,Southern Electric,SSE,Scottish & Southern Energy; Scottish Hydro,https://find-and-update.company-information.service.gov.uk/company/SC117119,ftse_exit_date,1998-12-16,needs_replacement_source,"LSEG, FTSE 100 Historic Additions and Deletions, April 2026",licensed_pdf_no_public_url,1993-09-20; 1994-03-21,"FTSE100_CANONICAL_DATABASE (internal, not publishable)",deliverables/ftse/ftse_spine.csv; deliverables/consolidated/FTSE100_consolidated.csv,35,,,,,
00720989,Spirent,SPT,,https://find-and-update.company-information.service.gov.uk/company/00720989,ftse_entry_date,2000-09-18,needs_replacement_source,"LSEG, FTSE 100 Historic Additions and Deletions, April 2026",licensed_pdf_no_public_url,2000-09-18,"FTSE100_CANONICAL_DATABASE (internal, not publishable)",deliverables/ftse/ftse_spine.csv; deliverables/consolidated/FTSE100_consolidated.csv,1,,,,,
00720989,Spirent,SPT,,https://find-and-update.company-information.service.gov.uk/company/00720989,ftse_exit_date,2001-09-24,needs_replacement_source,"LSEG, FTSE 100 Historic Additions and Deletions, April 2026",licensed_pdf_no_public_url,2001-09-24,"FTSE100_CANONICAL_DATABASE (internal, not publishable)",deliverables/ftse/ftse_spine.csv; deliverables/consolidated/FTSE100_consolidated.csv,1,,,,,
11775757,Sports Direct International,,,https://find-and-update.company-information.service.gov.uk/company/11775757,ftse_entry_date,2013-09-23,needs_replacement_source,"LSEG, FTSE 100 Historic Additions and Deletions, April 2026",licensed_pdf_no_public_url,,,deliverables/ftse/ftse_spine.csv; deliverables/consolidated/FTSE100_consolidated.csv,3,,,,,
11775757,Sports Direct International,,,https://find-and-update.company-information.service.gov.uk/company/11775757,ftse_exit_date,2016-03-21,needs_replacement_source,"LSEG, FTSE 100 Historic Additions and Deletions, April 2026",licensed_pdf_no_public_url,,,deliverables/ftse/ftse_spine.csv; deliverables/consolidated/FTSE100_consolidated.csv,3,,,,,
03183415,St. James's Place,STJ,,https://find-and-update.company-information.service.gov.uk/company/03183415,ftse_entry_date,2014-03-24,needs_replacement_source,"LSEG, FTSE 100 Historic Additions and Deletions, April 2026",licensed_pdf_no_public_url,2014-03-24; 2024-12-23,"FTSE100_CANONICAL_DATABASE (internal, not publishable)",deliverables/ftse/ftse_spine.csv; deliverables/consolidated/FTSE100_consolidated.csv,12,,,,,
03183415,St. James's Place,STJ,,https://find-and-update.company-information.service.gov.uk/company/03183415,ftse_exit_date,2024-06-24,needs_replacement_source,"LSEG, FTSE 100 Historic Additions and Deletions, April 2026",licensed_pdf_no_public_url,2024-06-24,"FTSE100_CANONICAL_DATABASE (internal, not publishable)",deliverables/ftse/ftse_spine.csv; deliverables/consolidated/FTSE100_consolidated.csv,12,,,,,
SC212093,Stagecoach Holdings,,,https://find-and-update.company-information.service.gov.uk/company/SC212093,ftse_entry_date,1998-06-22,needs_replacement_source,"LSEG, FTSE 100 Historic Additions and Deletions, April 2026",licensed_pdf_no_public_url,,,deliverables/ftse/ftse_spine.csv; deliverables/consolidated/FTSE100_consolidated.csv,1,,,,,
SC212093,Stagecoach Holdings,,,https://find-and-update.company-information.service.gov.uk/company/SC212093,ftse_exit_date,1999-09-20,needs_replacement_source,"LSEG, FTSE 100 Historic Additions and Deletions, April 2026",licensed_pdf_no_public_url,,,deliverables/ftse/ftse_spine.csv; deliverables/consolidated/FTSE100_consolidated.csv,1,,,,,
00966425,Standard Chartered,STAN,Standard & Chartered; Standard Chartered Bank,https://find-and-update.company-information.service.gov.uk/company/00966425,ftse_exit_date,1991-01-02,needs_replacement_source,"LSEG, FTSE 100 Historic Additions and Deletions, April 2026",licensed_pdf_no_public_url,1988-04-05; 1991-01-02,"FTSE100_CANONICAL_DATABASE (internal, not publishable)",deliverables/ftse/ftse_spine.csv; deliverables/consolidated/FTSE100_consolidated.csv,41,,,,,
11606773,Standard Life,SDLF,,https://find-and-update.company-information.service.gov.uk/company/11606773,ftse_entry_date,2006-09-18,needs_replacement_source,"LSEG, FTSE 100 Historic Additions and Deletions, April 2026",licensed_pdf_no_public_url,,,deliverables/ftse/ftse_spine.csv; deliverables/consolidated/FTSE100_consolidated.csv,16,,,,,
00776273,Sun Life Assurance Society,SLP,,https://find-and-update.company-information.service.gov.uk/company/00776273,ftse_exit_date,1986-04-01,needs_replacement_source,"LSEG, FTSE 100 Historic Additions and Deletions, April 2026",licensed_pdf_no_public_url,1986-04-01,"FTSE100_CANONICAL_DATABASE (internal, not publishable)",deliverables/ftse/ftse_spine.csv; deliverables/consolidated/FTSE100_consolidated.csv,3,,,,,
00296805,Taylor Wimpey,TWOD,,https://find-and-update.company-information.service.gov.uk/company/00296805,ftse_entry_date,2007-09-24,needs_replacement_source,"LSEG, FTSE 100 Historic Additions and Deletions, April 2026",licensed_pdf_no_public_url,1989-04-03; 2007-09-24; 2014-12-22,"FTSE100_CANONICAL_DATABASE (internal, not publishable)",deliverables/ftse/ftse_spine.csv; deliverables/consolidated/FTSE100_consolidated.csv,12,,,,,
00296805,Taylor Wimpey,TWOD,,https://find-and-update.company-information.service.gov.uk/company/00296805,ftse_exit_date,2025-09-22,needs_replacement_source,"LSEG, FTSE 100 Historic Additions and Deletions, April 2026",licensed_pdf_no_public_url,1990-10-01; 2008-03-26; 2025-09-22,"FTSE100_CANONICAL_DATABASE (internal, not publishable)",deliverables/ftse/ftse_spine.csv; deliverables/consolidated/FTSE100_consolidated.csv,12,,,,,
SC080891,Telewest Communications,TWT,,https://find-and-update.company-information.service.gov.uk/company/SC080891,ftse_entry_date,1998-09-21,needs_replacement_source,"LSEG, FTSE 100 Historic Additions and Deletions, April 2026",licensed_pdf_no_public_url,1998-09-21,"FTSE100_CANONICAL_DATABASE (internal, not publishable)",deliverables/ftse/ftse_spine.csv; deliverables/consolidated/FTSE100_consolidated.csv,3,,,,,
SC080891,Telewest Communications,TWT,,https://find-and-update.company-information.service.gov.uk/company/SC080891,ftse_exit_date,2001-09-24,needs_replacement_source,"LSEG, FTSE 100 Historic Additions and Deletions, April 2026",licensed_pdf_no_public_url,2001-09-24,"FTSE100_CANONICAL_DATABASE (internal, not publishable)",deliverables/ftse/ftse_spine.csv; deliverables/consolidated/FTSE100_consolidated.csv,3,,,,,
02366623,Thames Water,TW.L,,https://find-and-update.company-information.service.gov.uk/company/02366623,ftse_entry_date,1990-01-02,needs_replacement_source,"LSEG, FTSE 100 Historic Additions and Deletions, April 2026",licensed_pdf_no_public_url,1990-01-02,"FTSE100_CANONICAL_DATABASE (internal, not publishable)",deliverables/ftse/ftse_spine.csv; deliverables/consolidated/FTSE100_consolidated.csv,10,,,,,
02366623,Thames Water,TW.L,,https://find-and-update.company-information.service.gov.uk/company/02366623,ftse_exit_date,2000-03-20,needs_replacement_source,"LSEG, FTSE 100 Historic Additions and Deletions, April 2026",licensed_pdf_no_public_url,2000-03-20,"FTSE100_CANONICAL_DATABASE (internal, not publishable)",deliverables/ftse/ftse_spine.csv; deliverables/consolidated/FTSE100_consolidated.csv,10,,,,,
06091951,Thomas Cook Group,TCG,,https://find-and-update.company-information.service.gov.uk/company/06091951,ftse_entry_date,2007-12-24,needs_replacement_source,"LSEG, FTSE 100 Historic Additions and Deletions, April 2026",licensed_pdf_no_public_url,2007-12-24,"FTSE100_CANONICAL_DATABASE (internal, not publishable)",deliverables/ftse/ftse_spine.csv; deliverables/consolidated/FTSE100_consolidated.csv,3,,,,,
06091951,Thomas Cook Group,TCG,,https://find-and-update.company-information.service.gov.uk/company/06091951,ftse_exit_date,2010-06-21,needs_replacement_source,"LSEG, FTSE 100 Historic Additions and Deletions, April 2026",licensed_pdf_no_public_url,2010-06-21,"FTSE100_CANONICAL_DATABASE (internal, not publishable)",deliverables/ftse/ftse_spine.csv; deliverables/consolidated/FTSE100_consolidated.csv,3,,,,,
01679046,Thomson Reuters,TRI,,https://find-and-update.company-information.service.gov.uk/company/01679046,ftse_exit_date,,value_missing_source_cited,"LSEG, FTSE 100 Historic Additions and Deletions, April 2026",licensed_pdf_no_public_url,2009-09-10,"FTSE100_CANONICAL_DATABASE (internal, not publishable)",deliverables/ftse/ftse_spine.csv; deliverables/consolidated/FTSE100_consolidated.csv,1,,,,,
12664251,Tomkins,,,https://find-and-update.company-information.service.gov.uk/company/12664251,ftse_entry_date,1992-01-02,needs_replacement_source,"LSEG, FTSE 100 Historic Additions and Deletions, April 2026",licensed_pdf_no_public_url,,,deliverables/ftse/ftse_spine.csv; deliverables/consolidated/FTSE100_consolidated.csv,9,,,,,
16570860,Trafalgar House,,,https://find-and-update.company-information.service.gov.uk/company/16570860,ftse_exit_date,1992-04-01,needs_replacement_source,"LSEG, FTSE 100 Historic Additions and Deletions, April 2026",licensed_pdf_no_public_url,,,deliverables/ftse/ftse_spine.csv; deliverables/consolidated/FTSE100_consolidated.csv,9,,,,,
00824821,Travis Perkins,TPK,,https://find-and-update.company-information.service.gov.uk/company/00824821,ftse_entry_date,2013-06-24,needs_replacement_source,"LSEG, FTSE 100 Historic Additions and Deletions, April 2026",licensed_pdf_no_public_url,2013-06-24,"FTSE100_CANONICAL_DATABASE (internal, not publishable)",deliverables/ftse/ftse_spine.csv; deliverables/consolidated/FTSE100_consolidated.csv,3,,,,,
00824821,Travis Perkins,TPK,,https://find-and-update.company-information.service.gov.uk/company/00824821,ftse_exit_date,2016-12-19,needs_replacement_source,"LSEG, FTSE 100 Historic Additions and Deletions, April 2026",licensed_pdf_no_public_url,2016-12-19,"FTSE100_CANONICAL_DATABASE (internal, not publishable)",deliverables/ftse/ftse_spine.csv; deliverables/consolidated/FTSE100_consolidated.csv,3,,,,,
08215888,Tritax Big Box REIT,BBOX,,https://find-and-update.company-information.service.gov.uk/company/08215888,ftse_entry_date,2026-03-02,needs_replacement_source,"LSEG, FTSE 100 Historic Additions and Deletions, April 2026",licensed_pdf_no_public_url,2026-03-02,"FTSE100_CANONICAL_DATABASE (internal, not publishable)",deliverables/ftse/ftse_spine.csv; deliverables/consolidated/FTSE100_consolidated.csv,5,,,,,
06072876,TUI Travel,TT.,,https://find-and-update.company-information.service.gov.uk/company/06072876,ftse_entry_date,2007-12-24,needs_replacement_source,"LSEG, FTSE 100 Historic Additions and Deletions, April 2026",licensed_pdf_no_public_url,2007-12-24; 2012-12-24,"FTSE100_CANONICAL_DATABASE (internal, not publishable)",deliverables/ftse/ftse_spine.csv; deliverables/consolidated/FTSE100_consolidated.csv,6,,,,,
06072876,TUI Travel,TT.,,https://find-and-update.company-information.service.gov.uk/company/06072876,ftse_exit_date,2014-12-17,needs_replacement_source,"LSEG, FTSE 100 Historic Additions and Deletions, April 2026",licensed_pdf_no_public_url,2011-06-20; 2014-12-17,"FTSE100_CANONICAL_DATABASE (internal, not publishable)",deliverables/ftse/ftse_spine.csv; deliverables/consolidated/FTSE100_consolidated.csv,6,,,,,
03919249,Tullow Oil,TLW,,https://find-and-update.company-information.service.gov.uk/company/03919249,ftse_entry_date,2007-09-24,needs_replacement_source,"LSEG, FTSE 100 Historic Additions and Deletions, April 2026",licensed_pdf_no_public_url,2007-09-24,"FTSE100_CANONICAL_DATABASE (internal, not publishable)",deliverables/ftse/ftse_spine.csv; deliverables/consolidated/FTSE100_consolidated.csv,8,,,,,
03919249,Tullow Oil,TLW,,https://find-and-update.company-information.service.gov.uk/company/03919249,ftse_exit_date,2015-03-20,needs_replacement_source,"LSEG, FTSE 100 Historic Additions and Deletions, April 2026",licensed_pdf_no_public_url,2015-03-20,"FTSE100_CANONICAL_DATABASE (internal, not publishable)",deliverables/ftse/ftse_spine.csv; deliverables/consolidated/FTSE100_consolidated.csv,8,,,,,
08169000,United Biscuits,,,https://find-and-update.company-information.service.gov.uk/company/08169000,ftse_exit_date,1995-09-18,needs_replacement_source,"LSEG, FTSE 100 Historic Additions and Deletions, April 2026",licensed_pdf_no_public_url,,,deliverables/ftse/ftse_spine.csv; deliverables/consolidated/FTSE100_consolidated.csv,12,,,,,
04740415,Vedanta Resources,VED,,https://find-and-update.company-information.service.gov.uk/company/04740415,ftse_entry_date,2006-06-19,needs_replacement_source,"LSEG, FTSE 100 Historic Additions and Deletions, April 2026",licensed_pdf_no_public_url,2006-06-19,"FTSE100_CANONICAL_DATABASE (internal, not publishable)",deliverables/ftse/ftse_spine.csv; deliverables/consolidated/FTSE100_consolidated.csv,7,,,,,
04740415,Vedanta Resources,VED,,https://find-and-update.company-information.service.gov.uk/company/04740415,ftse_exit_date,2013-12-23,needs_replacement_source,"LSEG, FTSE 100 Historic Additions and Deletions, April 2026",licensed_pdf_no_public_url,2013-12-23,"FTSE100_CANONICAL_DATABASE (internal, not publishable)",deliverables/ftse/ftse_spine.csv; deliverables/consolidated/FTSE100_consolidated.csv,7,,,,,
01833679,Vodafone Group,VOD,,https://find-and-update.company-information.service.gov.uk/company/01833679,ftse_entry_date,1991-09-16,needs_replacement_source,"LSEG, FTSE 100 Historic Additions and Deletions, April 2026",licensed_pdf_no_public_url,1991-09-16,"FTSE100_CANONICAL_DATABASE (internal, not publishable)",deliverables/ftse/ftse_spine.csv; deliverables/consolidated/FTSE100_consolidated.csv,36,,,,,
SC002934,Weir Group,WEIR,,https://find-and-update.company-information.service.gov.uk/company/SC002934,ftse_entry_date,2010-09-20,needs_replacement_source,"LSEG, FTSE 100 Historic Additions and Deletions, April 2026",licensed_pdf_no_public_url,2010-09-20; 2021-03-22; 2022-12-19,"FTSE100_CANONICAL_DATABASE (internal, not publishable)",deliverables/ftse/ftse_spine.csv; deliverables/consolidated/FTSE100_consolidated.csv,10,,,,,
SC002934,Weir Group,WEIR,,https://find-and-update.company-information.service.gov.uk/company/SC002934,ftse_exit_date,2021-09-20,needs_replacement_source,"LSEG, FTSE 100 Historic Additions and Deletions, April 2026",licensed_pdf_no_public_url,2015-09-21; 2021-09-20,"FTSE100_CANONICAL_DATABASE (internal, not publishable)",deliverables/ftse/ftse_spine.csv; deliverables/consolidated/FTSE100_consolidated.csv,10,,,,,
01955498,Wellcome,WEL,,https://find-and-update.company-information.service.gov.uk/company/01955498,ftse_entry_date,1986-04-01,needs_replacement_source,"LSEG, FTSE 100 Historic Additions and Deletions, April 2026",licensed_pdf_no_public_url,1986-04-01,"FTSE100_CANONICAL_DATABASE (internal, not publishable)",deliverables/ftse/ftse_spine.csv; deliverables/consolidated/FTSE100_consolidated.csv,9,,,,,
01955498,Wellcome,WEL,,https://find-and-update.company-information.service.gov.uk/company/01955498,ftse_exit_date,1995-03-17,needs_replacement_source,"LSEG, FTSE 100 Historic Additions and Deletions, April 2026",licensed_pdf_no_public_url,1995-03-17,"FTSE100_CANONICAL_DATABASE (internal, not publishable)",deliverables/ftse/ftse_spine.csv; deliverables/consolidated/FTSE100_consolidated.csv,9,,,,,
04120344,Whitbread,WTB,,https://find-and-update.company-information.service.gov.uk/company/04120344,ftse_entry_date,1984-01-02,needs_replacement_source,"LSEG, FTSE 100 Historic Additions and Deletions, April 2026",licensed_pdf_no_public_url,2002-12-23; 2006-12-18; 2009-09-21,"FTSE100_CANONICAL_DATABASE (internal, not publishable)",deliverables/ftse/ftse_spine.csv; deliverables/consolidated/FTSE100_consolidated.csv,18,,,,,
04120344,Whitbread,WTB,,https://find-and-update.company-information.service.gov.uk/company/04120344,ftse_exit_date,2009-06-22,needs_replacement_source,"LSEG, FTSE 100 Historic Additions and Deletions, April 2026",licensed_pdf_no_public_url,2005-12-19; 2009-06-22,"FTSE100_CANONICAL_DATABASE (internal, not publishable)",deliverables/ftse/ftse_spine.csv; deliverables/consolidated/FTSE100_consolidated.csv,18,,,,,
00029423,Whitbread & Co. 'A',WTB,Whitbread,https://find-and-update.company-information.service.gov.uk/company/00029423,ftse_exit_date,,value_missing_source_cited,"LSEG, FTSE 100 Historic Additions and Deletions, April 2026",licensed_pdf_no_public_url,2000-03-20,"FTSE100_CANONICAL_DATABASE (internal, not publishable)",deliverables/ftse/ftse_spine.csv; deliverables/consolidated/FTSE100_consolidated.csv,23,,,,,
00968654,Wiggins Teape Appleton,AWAP,,https://find-and-update.company-information.service.gov.uk/company/00968654,ftse_entry_date,1990-07-13,needs_replacement_source,"LSEG, FTSE 100 Historic Additions and Deletions, April 2026",licensed_pdf_no_public_url,1990-07-13,"FTSE100_CANONICAL_DATABASE (internal, not publishable)",deliverables/ftse/ftse_spine.csv; deliverables/consolidated/FTSE100_consolidated.csv,1,,,,,
04212563,William Hill,WMH,,https://find-and-update.company-information.service.gov.uk/company/04212563,ftse_entry_date,1984-01-02,needs_replacement_source,"LSEG, FTSE 100 Historic Additions and Deletions, April 2026",licensed_pdf_no_public_url,2004-04-08; 2013-05-01,"FTSE100_CANONICAL_DATABASE (internal, not publishable)",deliverables/ftse/ftse_spine.csv; deliverables/consolidated/FTSE100_consolidated.csv,2,,,,,
04212563,William Hill,WMH,,https://find-and-update.company-information.service.gov.uk/company/04212563,ftse_exit_date,2014-06-23,needs_replacement_source,"LSEG, FTSE 100 Historic Additions and Deletions, April 2026",licensed_pdf_no_public_url,2005-12-19; 2014-06-23,"FTSE100_CANONICAL_DATABASE (internal, not publishable)",deliverables/ftse/ftse_spine.csv; deliverables/consolidated/FTSE100_consolidated.csv,2,,,,,
01386469,Willis Faber,WFC,,https://find-and-update.company-information.service.gov.uk/company/01386469,ftse_entry_date,1984-10-01,needs_replacement_source,"LSEG, FTSE 100 Historic Additions and Deletions, April 2026",licensed_pdf_no_public_url,1984-10-01; 1991-01-02,"FTSE100_CANONICAL_DATABASE (internal, not publishable)",deliverables/ftse/ftse_spine.csv; deliverables/consolidated/FTSE100_consolidated.csv,3,,,,,
01386469,Willis Faber,WFC,,https://find-and-update.company-information.service.gov.uk/company/01386469,ftse_exit_date,1987-04-01,needs_replacement_source,"LSEG, FTSE 100 Historic Additions and Deletions, April 2026",licensed_pdf_no_public_url,1987-04-01; 1992-09-21,"FTSE100_CANONICAL_DATABASE (internal, not publishable)",deliverables/ftse/ftse_spine.csv; deliverables/consolidated/FTSE100_consolidated.csv,3,,,,,
00029846,Wolseley,WOS,,https://find-and-update.company-information.service.gov.uk/company/00029846,ftse_entry_date,1993-06-21,needs_replacement_source,"LSEG, FTSE 100 Historic Additions and Deletions, April 2026",licensed_pdf_no_public_url,1993-06-21; 1999-11-24; 2001-09-24,"FTSE100_CANONICAL_DATABASE (internal, not publishable)",deliverables/ftse/ftse_spine.csv; deliverables/consolidated/FTSE100_consolidated.csv,22,,,,,
00029846,Wolseley,WOS,,https://find-and-update.company-information.service.gov.uk/company/00029846,ftse_exit_date,2013-06-24,needs_replacement_source,"LSEG, FTSE 100 Historic Additions and Deletions, April 2026",licensed_pdf_no_public_url,1998-06-22; 2000-03-20; 2009-03-23,"FTSE100_CANONICAL_DATABASE (internal, not publishable)",deliverables/ftse/ftse_spine.csv; deliverables/consolidated/FTSE100_consolidated.csv,22,,,,,
SC278251,Wood Group (John),WG,,https://find-and-update.company-information.service.gov.uk/company/SC278251,ftse_entry_date,1984-01-02,needs_replacement_source,"LSEG, FTSE 100 Historic Additions and Deletions, April 2026",licensed_pdf_no_public_url,2008-04-28; 2011-03-21; 2012-09-24; 2018-10-12,"FTSE100_CANONICAL_DATABASE (internal, not publishable)",deliverables/ftse/ftse_spine.csv; deliverables/consolidated/FTSE100_consolidated.csv,2,,,,,
SC278251,Wood Group (John),WG,,https://find-and-update.company-information.service.gov.uk/company/SC278251,ftse_exit_date,2019-03-18,needs_replacement_source,"LSEG, FTSE 100 Historic Additions and Deletions, April 2026",licensed_pdf_no_public_url,2008-12-22; 2011-09-19; 2013-09-23; 2019-03-18,"FTSE100_CANONICAL_DATABASE (internal, not publishable)",deliverables/ftse/ftse_spine.csv; deliverables/consolidated/FTSE100_consolidated.csv,2,,,,,
15712439,Woolwich,,,https://find-and-update.company-information.service.gov.uk/company/15712439,ftse_entry_date,1997-09-22,needs_replacement_source,"LSEG, FTSE 100 Historic Additions and Deletions, April 2026",licensed_pdf_no_public_url,,,deliverables/ftse/ftse_spine.csv; deliverables/consolidated/FTSE100_consolidated.csv,3,,,,,
15712439,Woolwich,,,https://find-and-update.company-information.service.gov.uk/company/15712439,ftse_exit_date,2000-10-26,needs_replacement_source,"LSEG, FTSE 100 Historic Additions and Deletions, April 2026",licensed_pdf_no_public_url,,,deliverables/ftse/ftse_spine.csv; deliverables/consolidated/FTSE100_consolidated.csv,3,,,,,
08762327,Worldpay Group,WPG,,https://find-and-update.company-information.service.gov.uk/company/08762327,ftse_entry_date,,value_missing_source_cited,"LSEG, FTSE 100 Historic Additions and Deletions, April 2026",licensed_pdf_no_public_url,2015-12-21,"FTSE100_CANONICAL_DATABASE (internal, not publishable)",deliverables/ftse/ftse_spine.csv; deliverables/consolidated/FTSE100_consolidated.csv,3,,,,,
08762327,Worldpay Group,WPG,,https://find-and-update.company-information.service.gov.uk/company/08762327,ftse_exit_date,,value_missing_source_cited,"LSEG, FTSE 100 Historic Additions and Deletions, April 2026",licensed_pdf_no_public_url,2018-01-15,"FTSE100_CANONICAL_DATABASE (internal, not publishable)",deliverables/ftse/ftse_spine.csv; deliverables/consolidated/FTSE100_consolidated.csv,3,,,,,
04345939,Xstrata,XTA,,https://find-and-update.company-information.service.gov.uk/company/04345939,ftse_entry_date,2002-06-24,needs_replacement_source,"LSEG, FTSE 100 Historic Additions and Deletions, April 2026",licensed_pdf_no_public_url,2002-06-24,"FTSE100_CANONICAL_DATABASE (internal, not publishable)",deliverables/ftse/ftse_spine.csv; deliverables/consolidated/FTSE100_consolidated.csv,11,,,,,
08815102,Yell Group,,,https://find-and-update.company-information.service.gov.uk/company/08815102,ftse_entry_date,2003-09-22,needs_replacement_source,"LSEG, FTSE 100 Historic Additions and Deletions, April 2026",licensed_pdf_no_public_url,,,deliverables/ftse/ftse_spine.csv; deliverables/consolidated/FTSE100_consolidated.csv,5,,,,,
08815102,Yell Group,,,https://find-and-update.company-information.service.gov.uk/company/08815102,ftse_exit_date,2008-03-26,needs_replacement_source,"LSEG, FTSE 100 Historic Additions and Deletions, April 2026",licensed_pdf_no_public_url,,,deliverables/ftse/ftse_spine.csv; deliverables/consolidated/FTSE100_consolidated.csv,5,,,,,
02723534,Zeneca Group,AZN,,https://find-and-update.company-information.service.gov.uk/company/02723534,ftse_entry_date,1993-06-01,needs_replacement_source,"LSEG, FTSE 100 Historic Additions and Deletions, April 2026",licensed_pdf_no_public_url,1993-06-01; 1999-04-06,"FTSE100_CANONICAL_DATABASE (internal, not publishable)",deliverables/ftse/ftse_spine.csv; deliverables/consolidated/FTSE100_consolidated.csv,33,,,,,
02723534,Zeneca Group,AZN,,https://find-and-update.company-information.service.gov.uk/company/02723534,ftse_exit_date,1999-04-06,needs_replacement_source,"LSEG, FTSE 100 Historic Additions and Deletions, April 2026",licensed_pdf_no_public_url,1999-04-06,"FTSE100_CANONICAL_DATABASE (internal, not publishable)",deliverables/ftse/ftse_spine.csv; deliverables/consolidated/FTSE100_consolidated.csv,33,,,,,
,,,,https://find-and-update.company-information.service.gov.uk/company/,ftse_exit_date,,orphan_row_no_identity,"LSEG, FTSE 100 Historic Additions and Deletions, April 2026",licensed_pdf_no_public_url,,,deliverables/ftse/ftse_spine.csv; deliverables/consolidated/FTSE100_consolidated.csv,819,,,,,"Empty row in ftse_spine.csv (line 76): no company number, name or date - only the source columns are populated. Data artifact, not a real data point; no replacement source needed. Worth deleting from the spine."
